ISO-10303-21;
HEADER;
/* Generated by software containing ST-Developer
 * from STEP Tools, Inc. (www.steptools.com) 
 */

FILE_DESCRIPTION(
/* description */ (''),
/* implementation_level */ '2;1');

FILE_NAME(
/* name */ 'hnac kolo.step',
/* time_stamp */ '2026-04-14T03:10:47+02:00',
/* author */ (''),
/* organization */ (''),
/* preprocessor_version */ 'ST-DEVELOPER v20.1',
/* originating_system */ 'Autodesk Translation Framework v14.24.0.0',
/* authorisation */ '');

FILE_SCHEMA (('AUTOMOTIVE_DESIGN { 1 0 10303 214 3 1 1 }'));
ENDSEC;

DATA;
#10=MECHANICAL_DESIGN_GEOMETRIC_PRESENTATION_REPRESENTATION('',(#13),#7797);
#11=SHAPE_REPRESENTATION_RELATIONSHIP('SRR','None',#7804,#12);
#12=ADVANCED_BREP_SHAPE_REPRESENTATION('',(#14),#7796);
#13=STYLED_ITEM('',(#7813),#14);
#14=MANIFOLD_SOLID_BREP('T\X2\011B\X0\leso2',#3817);
#15=SPHERICAL_SURFACE('',#4142,0.5);
#16=SPHERICAL_SURFACE('',#4145,0.5);
#17=SPHERICAL_SURFACE('',#4151,0.500000000000002);
#18=SPHERICAL_SURFACE('',#4155,0.499999999999999);
#19=SPHERICAL_SURFACE('',#4164,0.499999999999998);
#20=SPHERICAL_SURFACE('',#4167,0.499999999999998);
#21=SPHERICAL_SURFACE('',#4173,0.500000000000001);
#22=SPHERICAL_SURFACE('',#4177,0.499999999999989);
#23=SPHERICAL_SURFACE('',#4186,0.5);
#24=SPHERICAL_SURFACE('',#4190,0.5);
#25=SPHERICAL_SURFACE('',#4196,0.500000000000002);
#26=SPHERICAL_SURFACE('',#4200,0.499999999999999);
#27=SPHERICAL_SURFACE('',#4207,0.499999999999998);
#28=SPHERICAL_SURFACE('',#4211,0.499999999999998);
#29=SPHERICAL_SURFACE('',#4217,0.500000000000001);
#30=SPHERICAL_SURFACE('',#4221,0.499999999999989);
#31=SPHERICAL_SURFACE('',#4228,0.5);
#32=SPHERICAL_SURFACE('',#4232,0.5);
#33=SPHERICAL_SURFACE('',#4236,0.500000000000002);
#34=SPHERICAL_SURFACE('',#4242,0.499999999999999);
#35=SPHERICAL_SURFACE('',#4250,0.499999999999998);
#36=SPHERICAL_SURFACE('',#4254,0.5);
#37=SPHERICAL_SURFACE('',#4258,0.500000000000002);
#38=SPHERICAL_SURFACE('',#4264,0.499999999999989);
#39=SPHERICAL_SURFACE('',#4272,0.5);
#40=SPHERICAL_SURFACE('',#4276,0.5);
#41=SPHERICAL_SURFACE('',#4280,0.500000000000002);
#42=SPHERICAL_SURFACE('',#4286,0.499999999999999);
#43=SPHERICAL_SURFACE('',#4303,0.499999999999999);
#44=SPHERICAL_SURFACE('',#4307,0.500000000000007);
#45=SPHERICAL_SURFACE('',#4312,0.500000000000002);
#46=SPHERICAL_SURFACE('',#4316,0.499999999999989);
#47=B_SPLINE_SURFACE_WITH_KNOTS('',3,3,((#6314,#6315,#6316,#6317,#6318),
(#6319,#6320,#6321,#6322,#6323),(#6324,#6325,#6326,#6327,#6328),(#6329,
#6330,#6331,#6332,#6333),(#6334,#6335,#6336,#6337,#6338)),.UNSPECIFIED.,
 .F.,.F.,.F.,(4,1,4),(4,1,4),(0.,0.5,1.),(-0.844954815260619,-0.228675212635402,
0.593030924198221),.UNSPECIFIED.);
#48=B_SPLINE_SURFACE_WITH_KNOTS('',3,3,((#6348,#6349,#6350,#6351,#6352),
(#6353,#6354,#6355,#6356,#6357),(#6358,#6359,#6360,#6361,#6362),(#6363,
#6364,#6365,#6366,#6367),(#6368,#6369,#6370,#6371,#6372)),.UNSPECIFIED.,
 .F.,.F.,.F.,(4,1,4),(4,1,4),(0.,0.5,1.),(-0.593030924198219,0.228675212635401,
0.844954815260616),.UNSPECIFIED.);
#49=B_SPLINE_SURFACE_WITH_KNOTS('',3,3,((#6380,#6381,#6382,#6383,#6384),
(#6385,#6386,#6387,#6388,#6389),(#6390,#6391,#6392,#6393,#6394),(#6395,
#6396,#6397,#6398,#6399),(#6400,#6401,#6402,#6403,#6404)),.UNSPECIFIED.,
 .F.,.F.,.F.,(4,1,4),(4,1,4),(0.,0.5,1.),(-0.84495481526062,-0.0232486784269993,
0.593030924198217),.UNSPECIFIED.);
#50=B_SPLINE_SURFACE_WITH_KNOTS('',3,3,((#6412,#6413,#6414,#6415,#6416),
(#6417,#6418,#6419,#6420,#6421),(#6422,#6423,#6424,#6425,#6426),(#6427,
#6428,#6429,#6430,#6431),(#6432,#6433,#6434,#6435,#6436)),.UNSPECIFIED.,
 .F.,.F.,.F.,(4,1,4),(4,1,4),(0.,0.5,1.),(-0.593030924198222,0.228675212635402,
0.844954815260619),.UNSPECIFIED.);
#51=B_SPLINE_SURFACE_WITH_KNOTS('',3,3,((#6460,#6461,#6462,#6463,#6464),
(#6465,#6466,#6467,#6468,#6469),(#6470,#6471,#6472,#6473,#6474),(#6475,
#6476,#6477,#6478,#6479),(#6480,#6481,#6482,#6483,#6484)),.UNSPECIFIED.,
 .F.,.F.,.F.,(4,1,4),(4,1,4),(0.,0.5,1.),(-0.844954815260611,-0.228675212635401,
0.593030924198212),.UNSPECIFIED.);
#52=B_SPLINE_SURFACE_WITH_KNOTS('',3,3,((#6494,#6495,#6496,#6497,#6498),
(#6499,#6500,#6501,#6502,#6503),(#6504,#6505,#6506,#6507,#6508),(#6509,
#6510,#6511,#6512,#6513),(#6514,#6515,#6516,#6517,#6518)),.UNSPECIFIED.,
 .F.,.F.,.F.,(4,1,4),(4,1,4),(0.,0.5,1.),(-0.593030924198218,0.0232486784269962,
0.844954815260615),.UNSPECIFIED.);
#53=B_SPLINE_SURFACE_WITH_KNOTS('',3,3,((#6526,#6527,#6528,#6529,#6530),
(#6531,#6532,#6533,#6534,#6535),(#6536,#6537,#6538,#6539,#6540),(#6541,
#6542,#6543,#6544,#6545),(#6546,#6547,#6548,#6549,#6550)),.UNSPECIFIED.,
 .F.,.F.,.F.,(4,1,4),(4,1,4),(0.,0.5,1.),(-0.844954815260614,-0.228675212635403,
0.593030924198212),.UNSPECIFIED.);
#54=B_SPLINE_SURFACE_WITH_KNOTS('',3,3,((#6558,#6559,#6560,#6561,#6562),
(#6563,#6564,#6565,#6566,#6567),(#6568,#6569,#6570,#6571,#6572),(#6573,
#6574,#6575,#6576,#6577),(#6578,#6579,#6580,#6581,#6582)),.UNSPECIFIED.,
 .F.,.F.,.F.,(4,1,4),(4,1,4),(0.,0.5,1.),(-0.593030924198208,0.228675212635405,
0.844954815260615),.UNSPECIFIED.);
#55=B_SPLINE_SURFACE_WITH_KNOTS('',3,3,((#6606,#6607,#6608,#6609,#6610),
(#6611,#6612,#6613,#6614,#6615),(#6616,#6617,#6618,#6619,#6620),(#6621,
#6622,#6623,#6624,#6625),(#6626,#6627,#6628,#6629,#6630)),.UNSPECIFIED.,
 .F.,.F.,.F.,(4,1,4),(4,1,4),(0.,0.5,1.),(-0.844954815260625,-0.228675212635412,
0.593030924198206),.UNSPECIFIED.);
#56=B_SPLINE_SURFACE_WITH_KNOTS('',3,3,((#6640,#6641,#6642,#6643,#6644),
(#6645,#6646,#6647,#6648,#6649),(#6650,#6651,#6652,#6653,#6654),(#6655,
#6656,#6657,#6658,#6659),(#6660,#6661,#6662,#6663,#6664)),.UNSPECIFIED.,
 .F.,.F.,.F.,(4,1,4),(4,1,4),(0.,0.5,1.),(-0.593030924198212,0.228675212635402,
0.844954815260613),.UNSPECIFIED.);
#57=B_SPLINE_SURFACE_WITH_KNOTS('',3,3,((#6672,#6673,#6674,#6675,#6676),
(#6677,#6678,#6679,#6680,#6681),(#6682,#6683,#6684,#6685,#6686),(#6687,
#6688,#6689,#6690,#6691),(#6692,#6693,#6694,#6695,#6696)),.UNSPECIFIED.,
 .F.,.F.,.F.,(4,1,4),(4,1,4),(0.,0.5,1.),(-0.844954815260623,-0.228675212635408,
0.593030924198211),.UNSPECIFIED.);
#58=B_SPLINE_SURFACE_WITH_KNOTS('',3,3,((#6704,#6705,#6706,#6707,#6708),
(#6709,#6710,#6711,#6712,#6713),(#6714,#6715,#6716,#6717,#6718),(#6719,
#6720,#6721,#6722,#6723),(#6724,#6725,#6726,#6727,#6728)),.UNSPECIFIED.,
 .F.,.F.,.F.,(4,1,4),(4,1,4),(0.,0.5,1.),(-0.593030924198216,0.228675212635406,
0.844954815260622),.UNSPECIFIED.);
#59=B_SPLINE_SURFACE_WITH_KNOTS('',3,3,((#6752,#6753,#6754,#6755,#6756),
(#6757,#6758,#6759,#6760,#6761),(#6762,#6763,#6764,#6765,#6766),(#6767,
#6768,#6769,#6770,#6771),(#6772,#6773,#6774,#6775,#6776)),.UNSPECIFIED.,
 .F.,.F.,.F.,(4,1,4),(4,1,4),(0.,0.5,1.),(-0.59303092419821,0.0232486784270005,
0.844954815260615),.UNSPECIFIED.);
#60=B_SPLINE_SURFACE_WITH_KNOTS('',3,3,((#6786,#6787,#6788,#6789,#6790),
(#6791,#6792,#6793,#6794,#6795),(#6796,#6797,#6798,#6799,#6800),(#6801,
#6802,#6803,#6804,#6805),(#6806,#6807,#6808,#6809,#6810)),.UNSPECIFIED.,
 .F.,.F.,.F.,(4,1,4),(4,1,4),(0.,0.5,1.),(-0.844954815260617,-0.228675212635405,
0.593030924198211),.UNSPECIFIED.);
#61=B_SPLINE_SURFACE_WITH_KNOTS('',3,3,((#6818,#6819,#6820,#6821,#6822),
(#6823,#6824,#6825,#6826,#6827),(#6828,#6829,#6830,#6831,#6832),(#6833,
#6834,#6835,#6836,#6837),(#6838,#6839,#6840,#6841,#6842)),.UNSPECIFIED.,
 .F.,.F.,.F.,(4,1,4),(4,1,4),(0.,0.5,1.),(-0.593030924198215,0.0232486784269973,
0.844954815260613),.UNSPECIFIED.);
#62=B_SPLINE_SURFACE_WITH_KNOTS('',3,3,((#6850,#6851,#6852,#6853,#6854),
(#6855,#6856,#6857,#6858,#6859),(#6860,#6861,#6862,#6863,#6864),(#6865,
#6866,#6867,#6868,#6869),(#6870,#6871,#6872,#6873,#6874)),.UNSPECIFIED.,
 .F.,.F.,.F.,(4,1,4),(4,1,4),(0.,0.5,1.),(-0.844954815260611,-0.0232486784269966,
0.593030924198215),.UNSPECIFIED.);
#63=B_SPLINE_SURFACE_WITH_KNOTS('',3,3,((#6898,#6899,#6900,#6901,#6902),
(#6903,#6904,#6905,#6906,#6907),(#6908,#6909,#6910,#6911,#6912),(#6913,
#6914,#6915,#6916,#6917),(#6918,#6919,#6920,#6921,#6922)),.UNSPECIFIED.,
 .F.,.F.,.F.,(4,1,4),(4,1,4),(0.,0.5,1.),(-0.593030924198207,0.0232486784270048,
0.844954815260621),.UNSPECIFIED.);
#64=B_SPLINE_SURFACE_WITH_KNOTS('',3,3,((#6932,#6933,#6934,#6935,#6936),
(#6937,#6938,#6939,#6940,#6941),(#6942,#6943,#6944,#6945,#6946),(#6947,
#6948,#6949,#6950,#6951),(#6952,#6953,#6954,#6955,#6956)),.UNSPECIFIED.,
 .F.,.F.,.F.,(4,1,4),(4,1,4),(0.,0.5,1.),(-0.844954815260625,-0.0232486784270015,
0.593030924198216),.UNSPECIFIED.);
#65=B_SPLINE_SURFACE_WITH_KNOTS('',3,3,((#6964,#6965,#6966,#6967,#6968),
(#6969,#6970,#6971,#6972,#6973),(#6974,#6975,#6976,#6977,#6978),(#6979,
#6980,#6981,#6982,#6983),(#6984,#6985,#6986,#6987,#6988)),.UNSPECIFIED.,
 .F.,.F.,.F.,(4,1,4),(4,1,4),(0.,0.5,1.),(-0.593030924198217,0.0232486784269956,
0.844954815260613),.UNSPECIFIED.);
#66=B_SPLINE_SURFACE_WITH_KNOTS('',3,3,((#6996,#6997,#6998,#6999,#7000),
(#7001,#7002,#7003,#7004,#7005),(#7006,#7007,#7008,#7009,#7010),(#7011,
#7012,#7013,#7014,#7015),(#7016,#7017,#7018,#7019,#7020)),.UNSPECIFIED.,
 .F.,.F.,.F.,(4,1,4),(4,1,4),(0.,0.5,1.),(-0.84495481526062,-0.0232486784270012,
0.593030924198213),.UNSPECIFIED.);
#67=B_SPLINE_SURFACE_WITH_KNOTS('',3,3,((#7044,#7045,#7046,#7047,#7048),
(#7049,#7050,#7051,#7052,#7053),(#7054,#7055,#7056,#7057,#7058),(#7059,
#7060,#7061,#7062,#7063),(#7064,#7065,#7066,#7067,#7068)),.UNSPECIFIED.,
 .F.,.F.,.F.,(4,1,4),(4,1,4),(0.,0.5,1.),(-0.844954815260615,-0.228675212635403,
0.593030924198214),.UNSPECIFIED.);
#68=B_SPLINE_SURFACE_WITH_KNOTS('',3,3,((#7078,#7079,#7080,#7081,#7082),
(#7083,#7084,#7085,#7086,#7087),(#7088,#7089,#7090,#7091,#7092),(#7093,
#7094,#7095,#7096,#7097),(#7098,#7099,#7100,#7101,#7102)),.UNSPECIFIED.,
 .F.,.F.,.F.,(4,1,4),(4,1,4),(0.,0.5,1.),(-0.593030924198213,0.0232486784269991,
0.844954815260615),.UNSPECIFIED.);
#69=B_SPLINE_SURFACE_WITH_KNOTS('',3,3,((#7110,#7111,#7112,#7113,#7114),
(#7115,#7116,#7117,#7118,#7119),(#7120,#7121,#7122,#7123,#7124),(#7125,
#7126,#7127,#7128,#7129),(#7130,#7131,#7132,#7133,#7134)),.UNSPECIFIED.,
 .F.,.F.,.F.,(4,1,4),(4,1,4),(0.,0.5,1.),(-0.844954815260613,-0.0232486784269973,
0.593030924198215),.UNSPECIFIED.);
#70=B_SPLINE_SURFACE_WITH_KNOTS('',3,3,((#7142,#7143,#7144,#7145,#7146),
(#7147,#7148,#7149,#7150,#7151),(#7152,#7153,#7154,#7155,#7156),(#7157,
#7158,#7159,#7160,#7161),(#7162,#7163,#7164,#7165,#7166)),.UNSPECIFIED.,
 .F.,.F.,.F.,(4,1,4),(4,1,4),(0.,0.5,1.),(-0.593030924198214,0.0232486784269975,
0.844954815260613),.UNSPECIFIED.);
#71=B_SPLINE_SURFACE_WITH_KNOTS('',3,3,((#7190,#7191,#7192,#7193,#7194),
(#7195,#7196,#7197,#7198,#7199),(#7200,#7201,#7202,#7203,#7204),(#7205,
#7206,#7207,#7208,#7209),(#7210,#7211,#7212,#7213,#7214)),.UNSPECIFIED.,
 .F.,.F.,.F.,(4,1,4),(4,1,4),(0.,0.5,1.),(-0.844954815260616,-0.228675212635403,
0.593030924198215),.UNSPECIFIED.);
#72=B_SPLINE_SURFACE_WITH_KNOTS('',3,3,((#7224,#7225,#7226,#7227,#7228),
(#7229,#7230,#7231,#7232,#7233),(#7234,#7235,#7236,#7237,#7238),(#7239,
#7240,#7241,#7242,#7243),(#7244,#7245,#7246,#7247,#7248)),.UNSPECIFIED.,
 .F.,.F.,.F.,(4,1,4),(4,1,4),(0.,0.5,1.),(-0.593030924198221,0.228675212635404,
0.844954815260623),.UNSPECIFIED.);
#73=B_SPLINE_SURFACE_WITH_KNOTS('',3,3,((#7256,#7257,#7258,#7259,#7260),
(#7261,#7262,#7263,#7264,#7265),(#7266,#7267,#7268,#7269,#7270),(#7271,
#7272,#7273,#7274,#7275),(#7276,#7277,#7278,#7279,#7280)),.UNSPECIFIED.,
 .F.,.F.,.F.,(4,1,4),(4,1,4),(0.,0.5,1.),(-0.844954815260618,-0.228675212635405,
0.593030924198212),.UNSPECIFIED.);
#74=B_SPLINE_SURFACE_WITH_KNOTS('',3,3,((#7288,#7289,#7290,#7291,#7292),
(#7293,#7294,#7295,#7296,#7297),(#7298,#7299,#7300,#7301,#7302),(#7303,
#7304,#7305,#7306,#7307),(#7308,#7309,#7310,#7311,#7312)),.UNSPECIFIED.,
 .F.,.F.,.F.,(4,1,4),(4,1,4),(0.,0.5,1.),(-0.593030924198225,0.0232486784269919,
0.844954815260614),.UNSPECIFIED.);
#75=B_SPLINE_SURFACE_WITH_KNOTS('',3,3,((#7336,#7337,#7338,#7339,#7340),
(#7341,#7342,#7343,#7344,#7345),(#7346,#7347,#7348,#7349,#7350),(#7351,
#7352,#7353,#7354,#7355),(#7356,#7357,#7358,#7359,#7360)),.UNSPECIFIED.,
 .F.,.F.,.F.,(4,1,4),(4,1,4),(0.,0.5,1.),(-0.593030924198212,0.0232486784269994,
0.844954815260615),.UNSPECIFIED.);
#76=B_SPLINE_SURFACE_WITH_KNOTS('',3,3,((#7370,#7371,#7372,#7373,#7374),
(#7375,#7376,#7377,#7378,#7379),(#7380,#7381,#7382,#7383,#7384),(#7385,
#7386,#7387,#7388,#7389),(#7390,#7391,#7392,#7393,#7394)),.UNSPECIFIED.,
 .F.,.F.,.F.,(4,1,4),(4,1,4),(0.,0.5,1.),(-0.844954815260612,-0.0232486784269976,
0.593030924198214),.UNSPECIFIED.);
#77=B_SPLINE_SURFACE_WITH_KNOTS('',3,3,((#7402,#7403,#7404,#7405,#7406),
(#7407,#7408,#7409,#7410,#7411),(#7412,#7413,#7414,#7415,#7416),(#7417,
#7418,#7419,#7420,#7421),(#7422,#7423,#7424,#7425,#7426)),.UNSPECIFIED.,
 .F.,.F.,.F.,(4,1,4),(4,1,4),(0.,0.5,1.),(-0.593030924198216,0.023248678426998,
0.844954815260617),.UNSPECIFIED.);
#78=B_SPLINE_SURFACE_WITH_KNOTS('',3,3,((#7434,#7435,#7436,#7437,#7438),
(#7439,#7440,#7441,#7442,#7443),(#7444,#7445,#7446,#7447,#7448),(#7449,
#7450,#7451,#7452,#7453),(#7454,#7455,#7456,#7457,#7458)),.UNSPECIFIED.,
 .F.,.F.,.F.,(4,1,4),(4,1,4),(0.,0.5,1.),(-0.844954815260615,-0.228675212635404,
0.593030924198211),.UNSPECIFIED.);
#79=ELLIPSE('',#3887,1.72127211586794,1.5);
#80=ELLIPSE('',#3888,1.72127211586794,1.5);
#81=ELLIPSE('',#3889,1.72127211586794,1.5);
#82=ELLIPSE('',#3890,1.72127211586794,1.5);
#83=ELLIPSE('',#3894,1.72127211586794,1.5);
#84=ELLIPSE('',#3895,1.72127211586794,1.5);
#85=ELLIPSE('',#3896,1.72127211586794,1.5);
#86=ELLIPSE('',#3897,1.72127211586794,1.5);
#87=ELLIPSE('',#3901,1.72127211586793,1.5);
#88=ELLIPSE('',#3902,1.72127211586794,1.5);
#89=ELLIPSE('',#3903,1.72127211586794,1.5);
#90=ELLIPSE('',#3904,1.72127211586794,1.5);
#91=ELLIPSE('',#3908,1.72127211586794,1.5);
#92=ELLIPSE('',#3909,1.72127211586794,1.5);
#93=ELLIPSE('',#3910,1.72127211586794,1.5);
#94=ELLIPSE('',#3911,1.72127211586794,1.5);
#95=ELLIPSE('',#3942,1.72127211586794,1.5);
#96=ELLIPSE('',#3943,1.72127211586794,1.5);
#97=ELLIPSE('',#3944,1.72127211586794,1.5);
#98=ELLIPSE('',#3945,1.72127211586794,1.5);
#99=ELLIPSE('',#3948,1.72127211586794,1.5);
#100=ELLIPSE('',#3949,1.72127211586794,1.5);
#101=ELLIPSE('',#3950,1.72127211586794,1.5);
#102=ELLIPSE('',#3951,1.72127211586794,1.5);
#103=ELLIPSE('',#3954,1.72127211586794,1.5);
#104=ELLIPSE('',#3955,1.72127211586794,1.5);
#105=ELLIPSE('',#3956,1.72127211586794,1.5);
#106=ELLIPSE('',#3957,1.72127211586794,1.5);
#107=ELLIPSE('',#3960,1.72127211586794,1.5);
#108=ELLIPSE('',#3961,1.72127211586794,1.5);
#109=ELLIPSE('',#3962,1.72127211586794,1.5);
#110=ELLIPSE('',#3963,1.72127211586793,1.5);
#111=ELLIPSE('',#3968,0.981212360737718,0.5);
#112=ELLIPSE('',#3972,0.981212360737714,0.5);
#113=ELLIPSE('',#3976,0.981212360737716,0.5);
#114=ELLIPSE('',#3980,0.981212360737716,0.500000000000001);
#115=ELLIPSE('',#3990,0.981212360737715,0.5);
#116=ELLIPSE('',#3994,0.981212360737715,0.500000000000001);
#117=ELLIPSE('',#3998,0.981212360737717,0.5);
#118=ELLIPSE('',#4002,0.981212360737716,0.5);
#119=ELLIPSE('',#4012,0.981212360737714,0.500000000000004);
#120=ELLIPSE('',#4016,0.981212360737714,0.500000000000001);
#121=ELLIPSE('',#4020,0.981212360737717,0.500000000000002);
#122=ELLIPSE('',#4024,0.981212360737719,0.500000000000001);
#123=ELLIPSE('',#4034,0.981212360737716,0.5);
#124=ELLIPSE('',#4038,0.981212360737715,0.5);
#125=ELLIPSE('',#4042,0.981212360737716,0.5);
#126=ELLIPSE('',#4046,0.981212360737716,0.5);
#127=ELLIPSE('',#4056,0.98121236073772,0.500000000000002);
#128=ELLIPSE('',#4060,0.981212360737714,0.500000000000005);
#129=ELLIPSE('',#4064,0.981212360737715,0.500000000000001);
#130=ELLIPSE('',#4068,0.981212360737716,0.500000000000002);
#131=ELLIPSE('',#4078,0.981212360737717,0.5);
#132=ELLIPSE('',#4082,0.981212360737717,0.499999999999999);
#133=ELLIPSE('',#4086,0.981212360737715,0.5);
#134=ELLIPSE('',#4090,0.981212360737715,0.500000000000001);
#135=ELLIPSE('',#4100,0.981212360737719,0.499999999999998);
#136=ELLIPSE('',#4104,0.981212360737716,0.500000000000002);
#137=ELLIPSE('',#4108,0.981212360737714,0.500000000000001);
#138=ELLIPSE('',#4112,0.981212360737714,0.500000000000002);
#139=ELLIPSE('',#4122,0.981212360737717,0.5);
#140=ELLIPSE('',#4126,0.981212360737715,0.5);
#141=ELLIPSE('',#4130,0.98121236073771,0.5);
#142=ELLIPSE('',#4134,0.981212360737717,0.5);
#143=TOROIDAL_SURFACE('',#3853,51.5,1.);
#144=TOROIDAL_SURFACE('',#3857,51.5,1.);
#145=TOROIDAL_SURFACE('',#3861,51.5,1.);
#146=TOROIDAL_SURFACE('',#3865,51.5,1.);
#147=TOROIDAL_SURFACE('',#3869,51.5,1.);
#148=TOROIDAL_SURFACE('',#3873,51.5,1.);
#149=TOROIDAL_SURFACE('',#3877,51.5,1.);
#150=TOROIDAL_SURFACE('',#3881,51.5,1.);
#151=TOROIDAL_SURFACE('',#3914,51.5,1.);
#152=TOROIDAL_SURFACE('',#3918,51.5,1.);
#153=TOROIDAL_SURFACE('',#3921,51.5,1.);
#154=TOROIDAL_SURFACE('',#3924,51.5,1.);
#155=TOROIDAL_SURFACE('',#3927,51.5,1.);
#156=TOROIDAL_SURFACE('',#3930,51.5,1.);
#157=TOROIDAL_SURFACE('',#3934,51.5,1.);
#158=TOROIDAL_SURFACE('',#3938,51.5,1.);
#159=B_SPLINE_CURVE_WITH_KNOTS('',3,(#5613,#5614,#5615,#5616,#5617,#5618,
#5619,#5620,#5621,#5622,#5623,#5624),.UNSPECIFIED.,.F.,.F.,(4,2,2,2,2,4),
(-0.15779621328084,-0.157344230532639,-0.11711350643302,-0.0779794926439686,
-0.0389607401787758,0.),.UNSPECIFIED.);
#160=B_SPLINE_CURVE_WITH_KNOTS('',3,(#5627,#5628,#5629,#5630,#5631,#5632,
#5633,#5634,#5635,#5636,#5637,#5638),.UNSPECIFIED.,.F.,.F.,(4,2,2,2,2,4),
(-0.000452037653519265,0.,0.0402356111903494,0.0793743788454398,0.118397871175124,
0.157363344171262),.UNSPECIFIED.);
#161=B_SPLINE_CURVE_WITH_KNOTS('',3,(#5643,#5644,#5645,#5646,#5647,#5648,
#5649,#5650,#5651,#5652,#5653,#5654),.UNSPECIFIED.,.F.,.F.,(4,2,2,2,2,4),
(-0.00045203765352395,0.,0.0402356111905625,0.0793743788459022,0.118397871175829,
0.157363344172206),.UNSPECIFIED.);
#162=B_SPLINE_CURVE_WITH_KNOTS('',3,(#5660,#5661,#5662,#5663,#5664,#5665,
#5666,#5667,#5668,#5669,#5670,#5671),.UNSPECIFIED.,.F.,.F.,(4,2,2,2,2,4),
(-0.157796213280803,-0.157344230532602,-0.117113506432987,-0.0779794926439503,
-0.0389607401787691,0.),.UNSPECIFIED.);
#163=B_SPLINE_CURVE_WITH_KNOTS('',3,(#5677,#5678,#5679,#5680,#5681,#5682,
#5683,#5684,#5685,#5686,#5687,#5688),.UNSPECIFIED.,.F.,.F.,(4,2,2,2,2,4),
(-0.000452037653523979,0.,0.0402356111908087,0.0793743788464348,0.118397871176654,
0.15736334417332),.UNSPECIFIED.);
#164=B_SPLINE_CURVE_WITH_KNOTS('',3,(#5694,#5695,#5696,#5697,#5698,#5699,
#5700,#5701,#5702,#5703,#5704,#5705),.UNSPECIFIED.,.F.,.F.,(4,2,2,2,2,4),
(-0.1577962132808,-0.157344230532597,-0.117113506432986,-0.07797949264395,
-0.0389607401787707,0.),.UNSPECIFIED.);
#165=B_SPLINE_CURVE_WITH_KNOTS('',3,(#5711,#5712,#5713,#5714,#5715,#5716,
#5717,#5718,#5719,#5720,#5721,#5722),.UNSPECIFIED.,.F.,.F.,(4,2,2,2,2,4),
(-0.000452037653522761,0.,0.0402356111905772,0.0793743788459454,0.1183978711759,
0.15736334417231),.UNSPECIFIED.);
#166=B_SPLINE_CURVE_WITH_KNOTS('',3,(#5728,#5729,#5730,#5731,#5732,#5733,
#5734,#5735,#5736,#5737,#5738,#5739),.UNSPECIFIED.,.F.,.F.,(4,2,2,2,2,4),
(-0.157796213280826,-0.157344230532625,-0.117113506432996,-0.0779794926439587,
-0.0389607401787731,0.),.UNSPECIFIED.);
#167=B_SPLINE_CURVE_WITH_KNOTS('',3,(#5745,#5746,#5747,#5748,#5749,#5750,
#5751,#5752,#5753,#5754,#5755,#5756),.UNSPECIFIED.,.F.,.F.,(4,2,2,2,2,4),
(-0.000452037653523788,0.,0.040235611190799,0.0793743788464121,0.118397871176623,
0.157363344173286),.UNSPECIFIED.);
#168=B_SPLINE_CURVE_WITH_KNOTS('',3,(#5762,#5763,#5764,#5765,#5766,#5767,
#5768,#5769,#5770,#5771,#5772,#5773),.UNSPECIFIED.,.F.,.F.,(4,2,2,2,2,4),
(-0.157796213280818,-0.157344230532616,-0.11711350643301,-0.0779794926439685,
-0.0389607401787773,0.),.UNSPECIFIED.);
#169=B_SPLINE_CURVE_WITH_KNOTS('',3,(#5780,#5781,#5782,#5783,#5784,#5785,
#5786,#5787,#5788,#5789,#5790,#5791),.UNSPECIFIED.,.F.,.F.,(4,2,2,2,2,4),
(-0.000452037653521549,0.,0.040235611190578,0.079374378845936,0.118397871175885,
0.157363344172282),.UNSPECIFIED.);
#170=B_SPLINE_CURVE_WITH_KNOTS('',3,(#5797,#5798,#5799,#5800,#5801,#5802,
#5803,#5804,#5805,#5806,#5807,#5808),.UNSPECIFIED.,.F.,.F.,(4,2,2,2,2,4),
(-0.157796213280819,-0.157344230532617,-0.117113506433008,-0.0779794926439619,
-0.0389607401787747,0.),.UNSPECIFIED.);
#171=B_SPLINE_CURVE_WITH_KNOTS('',3,(#5814,#5815,#5816,#5817,#5818,#5819,
#5820,#5821,#5822,#5823,#5824,#5825),.UNSPECIFIED.,.F.,.F.,(4,2,2,2,2,4),
(-0.000452037653521563,0.,0.0402356111903316,0.0793743788454067,0.118397871175076,
0.157363344171195),.UNSPECIFIED.);
#172=B_SPLINE_CURVE_WITH_KNOTS('',3,(#5831,#5832,#5833,#5834,#5835,#5836,
#5837,#5838,#5839,#5840,#5841,#5842),.UNSPECIFIED.,.F.,.F.,(4,2,2,2,2,4),
(-0.157796213280785,-0.157344230532583,-0.117113506432983,-0.0779794926439489,
-0.0389607401787706,0.),.UNSPECIFIED.);
#173=B_SPLINE_CURVE_WITH_KNOTS('',3,(#5848,#5849,#5850,#5851,#5852,#5853,
#5854,#5855,#5856,#5857,#5858,#5859),.UNSPECIFIED.,.F.,.F.,(4,2,2,2,2,4),
(-0.000452037653517846,0.,0.0402356111905058,0.0793743788457896,0.118397871175661,
0.157363344171987),.UNSPECIFIED.);
#174=B_SPLINE_CURVE_WITH_KNOTS('',3,(#5865,#5866,#5867,#5868,#5869,#5870,
#5871,#5872,#5873,#5874,#5875,#5876),.UNSPECIFIED.,.F.,.F.,(4,2,2,2,2,4),
(-0.157796213280802,-0.157344230532602,-0.117113506432985,-0.077979492643951,
-0.0389607401787702,0.),.UNSPECIFIED.);
#175=B_SPLINE_CURVE_WITH_KNOTS('',3,(#5984,#5985,#5986,#5987,#5988,#5989,
#5990,#5991,#5992,#5993,#5994,#5995),.UNSPECIFIED.,.F.,.F.,(4,2,2,2,2,4),
(-0.157796213280839,-0.157344230532639,-0.117113506432992,-0.0779794926439587,
-0.038960740178774,0.),.UNSPECIFIED.);
#176=B_SPLINE_CURVE_WITH_KNOTS('',3,(#5998,#5999,#6000,#6001,#6002,#6003,
#6004,#6005,#6006,#6007,#6008,#6009),.UNSPECIFIED.,.F.,.F.,(4,2,2,2,2,4),
(-0.000452037653522666,0.,0.0402356111906223,0.0793743788460388,0.118397871176046,
0.157363344172509),.UNSPECIFIED.);
#177=B_SPLINE_CURVE_WITH_KNOTS('',3,(#6013,#6014,#6015,#6016,#6017,#6018,
#6019,#6020,#6021,#6022,#6023,#6024),.UNSPECIFIED.,.F.,.F.,(4,2,2,2,2,4),
(-0.000452037653522318,0.,0.0402356111906695,0.0793743788461429,0.118397871176207,
0.157363344172715),.UNSPECIFIED.);
#178=B_SPLINE_CURVE_WITH_KNOTS('',3,(#6029,#6030,#6031,#6032,#6033,#6034,
#6035,#6036,#6037,#6038,#6039,#6040),.UNSPECIFIED.,.F.,.F.,(4,2,2,2,2,4),
(-0.1577962132808,-0.157344230532601,-0.117113506433009,-0.0779794926439668,
-0.0389607401787761,0.),.UNSPECIFIED.);
#179=B_SPLINE_CURVE_WITH_KNOTS('',3,(#6044,#6045,#6046,#6047,#6048,#6049,
#6050,#6051,#6052,#6053,#6054,#6055),.UNSPECIFIED.,.F.,.F.,(4,2,2,2,2,4),
(-0.000452037653520077,0.,0.0402356111906215,0.079374378846034,0.118397871176042,
0.157363344172504),.UNSPECIFIED.);
#180=B_SPLINE_CURVE_WITH_KNOTS('',3,(#6059,#6060,#6061,#6062,#6063,#6064,
#6065,#6066,#6067,#6068,#6069,#6070),.UNSPECIFIED.,.F.,.F.,(4,2,2,2,2,4),
(-0.15779621328084,-0.157344230532638,-0.117113506432991,-0.077979492643948,
-0.0389607401787685,0.),.UNSPECIFIED.);
#181=B_SPLINE_CURVE_WITH_KNOTS('',3,(#6074,#6075,#6076,#6077,#6078,#6079,
#6080,#6081,#6082,#6083,#6084,#6085),.UNSPECIFIED.,.F.,.F.,(4,2,2,2,2,4),
(-0.000452037653522816,0.,0.0402356111907249,0.0793743788462643,0.1183978711764,
0.157363344172979),.UNSPECIFIED.);
#182=B_SPLINE_CURVE_WITH_KNOTS('',3,(#6089,#6090,#6091,#6092,#6093,#6094,
#6095,#6096,#6097,#6098,#6099,#6100),.UNSPECIFIED.,.F.,.F.,(4,2,2,2,2,4),
(-0.157796213280904,-0.157344230532702,-0.117113506433006,-0.0779794926439598,
-0.0389607401787733,0.),.UNSPECIFIED.);
#183=B_SPLINE_CURVE_WITH_KNOTS('',3,(#6104,#6105,#6106,#6107,#6108,#6109,
#6110,#6111,#6112,#6113,#6114,#6115),.UNSPECIFIED.,.F.,.F.,(4,2,2,2,2,4),
(-0.00045203765352359,0.,0.0402356111907913,0.0793743788463991,0.118397871176589,
0.157363344173243),.UNSPECIFIED.);
#184=B_SPLINE_CURVE_WITH_KNOTS('',3,(#6119,#6120,#6121,#6122,#6123,#6124,
#6125,#6126,#6127,#6128,#6129,#6130),.UNSPECIFIED.,.F.,.F.,(4,2,2,2,2,4),
(-0.157796213280777,-0.157344230532573,-0.117113506432987,-0.0779794926439554,
-0.038960740178773,0.),.UNSPECIFIED.);
#185=B_SPLINE_CURVE_WITH_KNOTS('',3,(#6134,#6135,#6136,#6137,#6138,#6139,
#6140,#6141,#6142,#6143,#6144,#6145),.UNSPECIFIED.,.F.,.F.,(4,2,2,2,2,4),
(-0.000452037653524917,0.,0.0402356111907723,0.0793743788463533,0.118397871176528,
0.157363344173144),.UNSPECIFIED.);
#186=B_SPLINE_CURVE_WITH_KNOTS('',3,(#6151,#6152,#6153,#6154,#6155,#6156,
#6157,#6158,#6159,#6160,#6161,#6162),.UNSPECIFIED.,.F.,.F.,(4,2,2,2,2,4),
(-0.1577962132808,-0.157344230532601,-0.117113506432995,-0.0779794926439583,
-0.0389607401787735,0.),.UNSPECIFIED.);
#187=B_SPLINE_CURVE_WITH_KNOTS('',3,(#6168,#6169,#6170,#6171,#6172,#6173,
#6174,#6175,#6176,#6177,#6178,#6179),.UNSPECIFIED.,.F.,.F.,(4,2,2,2,2,4),
(-0.00045203765352199,0.,0.0402356111905772,0.0793743788459454,0.1183978711759,
0.15736334417231),.UNSPECIFIED.);
#188=B_SPLINE_CURVE_WITH_KNOTS('',3,(#6185,#6186,#6187,#6188,#6189,#6190,
#6191,#6192,#6193,#6194,#6195,#6196),.UNSPECIFIED.,.F.,.F.,(4,2,2,2,2,4),
(-0.157796213280784,-0.157344230532581,-0.117113506432996,-0.0779794926439587,
-0.0389607401787731,0.),.UNSPECIFIED.);
#189=B_SPLINE_CURVE_WITH_KNOTS('',3,(#6202,#6203,#6204,#6205,#6206,#6207,
#6208,#6209,#6210,#6211,#6212,#6213),.UNSPECIFIED.,.F.,.F.,(4,2,2,2,2,4),
(-0.000452037653524314,0.,0.0402356111907574,0.0793743788463273,0.118397871176498,
0.157363344173121),.UNSPECIFIED.);
#190=B_SPLINE_CURVE_WITH_KNOTS('',3,(#6219,#6220,#6221,#6222,#6223,#6224,
#6225,#6226,#6227,#6228,#6229,#6230),.UNSPECIFIED.,.F.,.F.,(4,2,2,2,2,4),
(-0.157796213280897,-0.157344230532694,-0.117113506432996,-0.0779794926439569,
-0.0389607401787732,0.),.UNSPECIFIED.);
#191=LINE('',#5578,#439);
#192=LINE('',#5582,#440);
#193=LINE('',#5585,#441);
#194=LINE('',#5592,#442);
#195=LINE('',#5598,#443);
#196=LINE('',#5601,#444);
#197=LINE('',#5603,#445);
#198=LINE('',#5604,#446);
#199=LINE('',#5611,#447);
#200=LINE('',#5626,#448);
#201=LINE('',#5658,#449);
#202=LINE('',#5672,#450);
#203=LINE('',#5692,#451);
#204=LINE('',#5706,#452);
#205=LINE('',#5726,#453);
#206=LINE('',#5740,#454);
#207=LINE('',#5760,#455);
#208=LINE('',#5774,#456);
#209=LINE('',#5794,#457);
#210=LINE('',#5796,#458);
#211=LINE('',#5828,#459);
#212=LINE('',#5830,#460);
#213=LINE('',#5862,#461);
#214=LINE('',#5864,#462);
#215=LINE('',#5882,#463);
#216=LINE('',#5885,#464);
#217=LINE('',#5888,#465);
#218=LINE('',#5889,#466);
#219=LINE('',#5894,#467);
#220=LINE('',#5898,#468);
#221=LINE('',#5902,#469);
#222=LINE('',#5905,#470);
#223=LINE('',#5908,#471);
#224=LINE('',#5912,#472);
#225=LINE('',#5913,#473);
#226=LINE('',#5918,#474);
#227=LINE('',#5922,#475);
#228=LINE('',#5926,#476);
#229=LINE('',#5929,#477);
#230=LINE('',#5932,#478);
#231=LINE('',#5936,#479);
#232=LINE('',#5937,#480);
#233=LINE('',#5942,#481);
#234=LINE('',#5946,#482);
#235=LINE('',#5950,#483);
#236=LINE('',#5953,#484);
#237=LINE('',#5956,#485);
#238=LINE('',#5960,#486);
#239=LINE('',#5961,#487);
#240=LINE('',#5966,#488);
#241=LINE('',#5970,#489);
#242=LINE('',#5974,#490);
#243=LINE('',#5977,#491);
#244=LINE('',#5982,#492);
#245=LINE('',#5997,#493);
#246=LINE('',#6028,#494);
#247=LINE('',#6058,#495);
#248=LINE('',#6088,#496);
#249=LINE('',#6118,#497);
#250=LINE('',#6148,#498);
#251=LINE('',#6150,#499);
#252=LINE('',#6182,#500);
#253=LINE('',#6184,#501);
#254=LINE('',#6216,#502);
#255=LINE('',#6218,#503);
#256=LINE('',#6235,#504);
#257=LINE('',#6240,#505);
#258=LINE('',#6244,#506);
#259=LINE('',#6248,#507);
#260=LINE('',#6251,#508);
#261=LINE('',#6253,#509);
#262=LINE('',#6255,#510);
#263=LINE('',#6260,#511);
#264=LINE('',#6264,#512);
#265=LINE('',#6268,#513);
#266=LINE('',#6271,#514);
#267=LINE('',#6273,#515);
#268=LINE('',#6275,#516);
#269=LINE('',#6280,#517);
#270=LINE('',#6284,#518);
#271=LINE('',#6288,#519);
#272=LINE('',#6291,#520);
#273=LINE('',#6293,#521);
#274=LINE('',#6295,#522);
#275=LINE('',#6300,#523);
#276=LINE('',#6304,#524);
#277=LINE('',#6308,#525);
#278=LINE('',#6311,#526);
#279=LINE('',#6347,#527);
#280=LINE('',#6379,#528);
#281=LINE('',#6411,#529);
#282=LINE('',#6441,#530);
#283=LINE('',#6444,#531);
#284=LINE('',#6446,#532);
#285=LINE('',#6447,#533);
#286=LINE('',#6450,#534);
#287=LINE('',#6454,#535);
#288=LINE('',#6455,#536);
#289=LINE('',#6458,#537);
#290=LINE('',#6493,#538);
#291=LINE('',#6525,#539);
#292=LINE('',#6557,#540);
#293=LINE('',#6587,#541);
#294=LINE('',#6590,#542);
#295=LINE('',#6592,#543);
#296=LINE('',#6593,#544);
#297=LINE('',#6596,#545);
#298=LINE('',#6600,#546);
#299=LINE('',#6601,#547);
#300=LINE('',#6604,#548);
#301=LINE('',#6639,#549);
#302=LINE('',#6671,#550);
#303=LINE('',#6703,#551);
#304=LINE('',#6733,#552);
#305=LINE('',#6736,#553);
#306=LINE('',#6738,#554);
#307=LINE('',#6739,#555);
#308=LINE('',#6742,#556);
#309=LINE('',#6746,#557);
#310=LINE('',#6747,#558);
#311=LINE('',#6750,#559);
#312=LINE('',#6785,#560);
#313=LINE('',#6817,#561);
#314=LINE('',#6849,#562);
#315=LINE('',#6879,#563);
#316=LINE('',#6882,#564);
#317=LINE('',#6884,#565);
#318=LINE('',#6885,#566);
#319=LINE('',#6888,#567);
#320=LINE('',#6892,#568);
#321=LINE('',#6893,#569);
#322=LINE('',#6896,#570);
#323=LINE('',#6931,#571);
#324=LINE('',#6963,#572);
#325=LINE('',#6995,#573);
#326=LINE('',#7025,#574);
#327=LINE('',#7028,#575);
#328=LINE('',#7030,#576);
#329=LINE('',#7031,#577);
#330=LINE('',#7034,#578);
#331=LINE('',#7038,#579);
#332=LINE('',#7039,#580);
#333=LINE('',#7042,#581);
#334=LINE('',#7077,#582);
#335=LINE('',#7109,#583);
#336=LINE('',#7141,#584);
#337=LINE('',#7171,#585);
#338=LINE('',#7174,#586);
#339=LINE('',#7176,#587);
#340=LINE('',#7177,#588);
#341=LINE('',#7180,#589);
#342=LINE('',#7184,#590);
#343=LINE('',#7185,#591);
#344=LINE('',#7188,#592);
#345=LINE('',#7223,#593);
#346=LINE('',#7255,#594);
#347=LINE('',#7287,#595);
#348=LINE('',#7317,#596);
#349=LINE('',#7320,#597);
#350=LINE('',#7322,#598);
#351=LINE('',#7323,#599);
#352=LINE('',#7326,#600);
#353=LINE('',#7330,#601);
#354=LINE('',#7331,#602);
#355=LINE('',#7334,#603);
#356=LINE('',#7369,#604);
#357=LINE('',#7401,#605);
#358=LINE('',#7433,#606);
#359=LINE('',#7463,#607);
#360=LINE('',#7466,#608);
#361=LINE('',#7468,#609);
#362=LINE('',#7469,#610);
#363=LINE('',#7472,#611);
#364=LINE('',#7476,#612);
#365=LINE('',#7477,#613);
#366=LINE('',#7480,#614);
#367=LINE('',#7493,#615);
#368=LINE('',#7495,#616);
#369=LINE('',#7501,#617);
#370=LINE('',#7510,#618);
#371=LINE('',#7511,#619);
#372=LINE('',#7513,#620);
#373=LINE('',#7514,#621);
#374=LINE('',#7516,#622);
#375=LINE('',#7517,#623);
#376=LINE('',#7531,#624);
#377=LINE('',#7533,#625);
#378=LINE('',#7539,#626);
#379=LINE('',#7548,#627);
#380=LINE('',#7549,#628);
#381=LINE('',#7551,#629);
#382=LINE('',#7552,#630);
#383=LINE('',#7554,#631);
#384=LINE('',#7555,#632);
#385=LINE('',#7572,#633);
#386=LINE('',#7573,#634);
#387=LINE('',#7575,#635);
#388=LINE('',#7576,#636);
#389=LINE('',#7582,#637);
#390=LINE('',#7588,#638);
#391=LINE('',#7589,#639);
#392=LINE('',#7591,#640);
#393=LINE('',#7593,#641);
#394=LINE('',#7609,#642);
#395=LINE('',#7610,#643);
#396=LINE('',#7612,#644);
#397=LINE('',#7613,#645);
#398=LINE('',#7619,#646);
#399=LINE('',#7625,#647);
#400=LINE('',#7626,#648);
#401=LINE('',#7628,#649);
#402=LINE('',#7630,#650);
#403=LINE('',#7644,#651);
#404=LINE('',#7645,#652);
#405=LINE('',#7653,#653);
#406=LINE('',#7654,#654);
#407=LINE('',#7656,#655);
#408=LINE('',#7662,#656);
#409=LINE('',#7664,#657);
#410=LINE('',#7666,#658);
#411=LINE('',#7667,#659);
#412=LINE('',#7682,#660);
#413=LINE('',#7683,#661);
#414=LINE('',#7691,#662);
#415=LINE('',#7692,#663);
#416=LINE('',#7694,#664);
#417=LINE('',#7700,#665);
#418=LINE('',#7702,#666);
#419=LINE('',#7704,#667);
#420=LINE('',#7705,#668);
#421=LINE('',#7720,#669);
#422=LINE('',#7721,#670);
#423=LINE('',#7729,#671);
#424=LINE('',#7730,#672);
#425=LINE('',#7732,#673);
#426=LINE('',#7738,#674);
#427=LINE('',#7740,#675);
#428=LINE('',#7742,#676);
#429=LINE('',#7743,#677);
#430=LINE('',#7769,#678);
#431=LINE('',#7770,#679);
#432=LINE('',#7776,#680);
#433=LINE('',#7782,#681);
#434=LINE('',#7783,#682);
#435=LINE('',#7785,#683);
#436=LINE('',#7787,#684);
#437=LINE('',#7788,#685);
#438=LINE('',#7790,#686);
#439=VECTOR('',#4342,4.3);
#440=VECTOR('',#4347,4.5);
#441=VECTOR('',#4350,4.5);
#442=VECTOR('',#4359,6.);
#443=VECTOR('',#4366,10.);
#444=VECTOR('',#4369,10.);
#445=VECTOR('',#4370,10.);
#446=VECTOR('',#4371,10.);
#447=VECTOR('',#4380,10.);
#448=VECTOR('',#4381,10.);
#449=VECTOR('',#4390,10.);
#450=VECTOR('',#4391,10.);
#451=VECTOR('',#4400,10.);
#452=VECTOR('',#4401,10.);
#453=VECTOR('',#4410,10.);
#454=VECTOR('',#4411,10.);
#455=VECTOR('',#4420,10.);
#456=VECTOR('',#4421,10.);
#457=VECTOR('',#4430,10.);
#458=VECTOR('',#4431,10.);
#459=VECTOR('',#4440,10.);
#460=VECTOR('',#4441,10.);
#461=VECTOR('',#4450,10.);
#462=VECTOR('',#4451,10.);
#463=VECTOR('',#4460,10.);
#464=VECTOR('',#4463,10.);
#465=VECTOR('',#4466,10.);
#466=VECTOR('',#4467,10.);
#467=VECTOR('',#4470,10.);
#468=VECTOR('',#4473,10.);
#469=VECTOR('',#4476,10.);
#470=VECTOR('',#4479,10.);
#471=VECTOR('',#4482,10.);
#472=VECTOR('',#4487,10.);
#473=VECTOR('',#4488,10.);
#474=VECTOR('',#4491,10.);
#475=VECTOR('',#4494,10.);
#476=VECTOR('',#4497,10.);
#477=VECTOR('',#4500,10.);
#478=VECTOR('',#4503,10.);
#479=VECTOR('',#4508,10.);
#480=VECTOR('',#4509,10.);
#481=VECTOR('',#4512,10.);
#482=VECTOR('',#4515,10.);
#483=VECTOR('',#4518,10.);
#484=VECTOR('',#4521,10.);
#485=VECTOR('',#4524,10.);
#486=VECTOR('',#4529,10.);
#487=VECTOR('',#4530,10.);
#488=VECTOR('',#4533,10.);
#489=VECTOR('',#4536,10.);
#490=VECTOR('',#4539,10.);
#491=VECTOR('',#4542,10.);
#492=VECTOR('',#4547,10.);
#493=VECTOR('',#4548,10.);
#494=VECTOR('',#4557,10.);
#495=VECTOR('',#4564,10.);
#496=VECTOR('',#4571,10.);
#497=VECTOR('',#4578,10.);
#498=VECTOR('',#4585,10.);
#499=VECTOR('',#4586,10.);
#500=VECTOR('',#4595,10.);
#501=VECTOR('',#4596,10.);
#502=VECTOR('',#4605,10.);
#503=VECTOR('',#4606,10.);
#504=VECTOR('',#4615,10.);
#505=VECTOR('',#4618,10.);
#506=VECTOR('',#4621,10.);
#507=VECTOR('',#4624,10.);
#508=VECTOR('',#4627,10.);
#509=VECTOR('',#4630,10.);
#510=VECTOR('',#4633,10.);
#511=VECTOR('',#4636,10.);
#512=VECTOR('',#4639,10.);
#513=VECTOR('',#4642,10.);
#514=VECTOR('',#4645,10.);
#515=VECTOR('',#4648,10.);
#516=VECTOR('',#4651,10.);
#517=VECTOR('',#4654,10.);
#518=VECTOR('',#4657,10.);
#519=VECTOR('',#4660,10.);
#520=VECTOR('',#4663,10.);
#521=VECTOR('',#4666,10.);
#522=VECTOR('',#4669,10.);
#523=VECTOR('',#4672,10.);
#524=VECTOR('',#4675,10.);
#525=VECTOR('',#4678,10.);
#526=VECTOR('',#4681,10.);
#527=VECTOR('',#4696,10.);
#528=VECTOR('',#4705,10.);
#529=VECTOR('',#4714,10.);
#530=VECTOR('',#4721,10.);
#531=VECTOR('',#4724,10.);
#532=VECTOR('',#4725,10.);
#533=VECTOR('',#4726,10.);
#534=VECTOR('',#4729,10.);
#535=VECTOR('',#4734,10.);
#536=VECTOR('',#4735,10.);
#537=VECTOR('',#4738,10.);
#538=VECTOR('',#4751,10.);
#539=VECTOR('',#4760,10.);
#540=VECTOR('',#4769,10.);
#541=VECTOR('',#4776,10.);
#542=VECTOR('',#4779,10.);
#543=VECTOR('',#4780,10.);
#544=VECTOR('',#4781,10.);
#545=VECTOR('',#4784,10.);
#546=VECTOR('',#4789,10.);
#547=VECTOR('',#4790,10.);
#548=VECTOR('',#4793,10.);
#549=VECTOR('',#4806,10.);
#550=VECTOR('',#4815,10.);
#551=VECTOR('',#4824,10.);
#552=VECTOR('',#4831,10.);
#553=VECTOR('',#4834,10.);
#554=VECTOR('',#4835,10.);
#555=VECTOR('',#4836,10.);
#556=VECTOR('',#4839,10.);
#557=VECTOR('',#4844,10.);
#558=VECTOR('',#4845,10.);
#559=VECTOR('',#4848,10.);
#560=VECTOR('',#4861,10.);
#561=VECTOR('',#4870,10.);
#562=VECTOR('',#4879,10.);
#563=VECTOR('',#4886,10.);
#564=VECTOR('',#4889,10.);
#565=VECTOR('',#4890,10.);
#566=VECTOR('',#4891,10.);
#567=VECTOR('',#4894,10.);
#568=VECTOR('',#4899,10.);
#569=VECTOR('',#4900,10.);
#570=VECTOR('',#4903,10.);
#571=VECTOR('',#4916,10.);
#572=VECTOR('',#4925,10.);
#573=VECTOR('',#4934,10.);
#574=VECTOR('',#4941,10.);
#575=VECTOR('',#4944,10.);
#576=VECTOR('',#4945,10.);
#577=VECTOR('',#4946,10.);
#578=VECTOR('',#4949,10.);
#579=VECTOR('',#4954,10.);
#580=VECTOR('',#4955,10.);
#581=VECTOR('',#4958,10.);
#582=VECTOR('',#4971,10.);
#583=VECTOR('',#4980,10.);
#584=VECTOR('',#4989,10.);
#585=VECTOR('',#4996,10.);
#586=VECTOR('',#4999,10.);
#587=VECTOR('',#5000,10.);
#588=VECTOR('',#5001,10.);
#589=VECTOR('',#5004,10.);
#590=VECTOR('',#5009,10.);
#591=VECTOR('',#5010,10.);
#592=VECTOR('',#5013,10.);
#593=VECTOR('',#5026,10.);
#594=VECTOR('',#5035,10.);
#595=VECTOR('',#5044,10.);
#596=VECTOR('',#5051,10.);
#597=VECTOR('',#5054,10.);
#598=VECTOR('',#5055,10.);
#599=VECTOR('',#5056,10.);
#600=VECTOR('',#5059,10.);
#601=VECTOR('',#5064,10.);
#602=VECTOR('',#5065,10.);
#603=VECTOR('',#5068,10.);
#604=VECTOR('',#5081,10.);
#605=VECTOR('',#5090,10.);
#606=VECTOR('',#5099,10.);
#607=VECTOR('',#5106,10.);
#608=VECTOR('',#5109,10.);
#609=VECTOR('',#5110,10.);
#610=VECTOR('',#5111,10.);
#611=VECTOR('',#5114,10.);
#612=VECTOR('',#5119,10.);
#613=VECTOR('',#5120,10.);
#614=VECTOR('',#5123,10.);
#615=VECTOR('',#5142,10.);
#616=VECTOR('',#5145,10.);
#617=VECTOR('',#5154,10.);
#618=VECTOR('',#5165,10.);
#619=VECTOR('',#5166,10.);
#620=VECTOR('',#5169,10.);
#621=VECTOR('',#5170,10.);
#622=VECTOR('',#5173,10.);
#623=VECTOR('',#5174,10.);
#624=VECTOR('',#5195,10.);
#625=VECTOR('',#5198,10.);
#626=VECTOR('',#5207,10.);
#627=VECTOR('',#5218,10.);
#628=VECTOR('',#5219,10.);
#629=VECTOR('',#5222,10.);
#630=VECTOR('',#5223,10.);
#631=VECTOR('',#5226,10.);
#632=VECTOR('',#5227,10.);
#633=VECTOR('',#5250,10.);
#634=VECTOR('',#5251,10.);
#635=VECTOR('',#5254,10.);
#636=VECTOR('',#5255,10.);
#637=VECTOR('',#5264,10.);
#638=VECTOR('',#5273,10.);
#639=VECTOR('',#5274,10.);
#640=VECTOR('',#5277,10.);
#641=VECTOR('',#5280,10.);
#642=VECTOR('',#5301,10.);
#643=VECTOR('',#5302,10.);
#644=VECTOR('',#5305,10.);
#645=VECTOR('',#5306,10.);
#646=VECTOR('',#5315,10.);
#647=VECTOR('',#5324,10.);
#648=VECTOR('',#5325,10.);
#649=VECTOR('',#5328,10.);
#650=VECTOR('',#5331,10.);
#651=VECTOR('',#5350,10.);
#652=VECTOR('',#5351,10.);
#653=VECTOR('',#5362,10.);
#654=VECTOR('',#5363,10.);
#655=VECTOR('',#5366,10.);
#656=VECTOR('',#5375,10.);
#657=VECTOR('',#5378,10.);
#658=VECTOR('',#5381,10.);
#659=VECTOR('',#5382,10.);
#660=VECTOR('',#5403,10.);
#661=VECTOR('',#5404,10.);
#662=VECTOR('',#5415,10.);
#663=VECTOR('',#5416,10.);
#664=VECTOR('',#5419,10.);
#665=VECTOR('',#5428,10.);
#666=VECTOR('',#5431,10.);
#667=VECTOR('',#5434,10.);
#668=VECTOR('',#5435,10.);
#669=VECTOR('',#5456,10.);
#670=VECTOR('',#5457,10.);
#671=VECTOR('',#5468,10.);
#672=VECTOR('',#5469,10.);
#673=VECTOR('',#5472,10.);
#674=VECTOR('',#5481,10.);
#675=VECTOR('',#5484,10.);
#676=VECTOR('',#5487,10.);
#677=VECTOR('',#5488,10.);
#678=VECTOR('',#5529,10.);
#679=VECTOR('',#5530,10.);
#680=VECTOR('',#5539,10.);
#681=VECTOR('',#5548,10.);
#682=VECTOR('',#5549,10.);
#683=VECTOR('',#5552,10.);
#684=VECTOR('',#5555,10.);
#685=VECTOR('',#5556,10.);
#686=VECTOR('',#5559,10.);
#687=CYLINDRICAL_SURFACE('',#3837,4.3);
#688=CYLINDRICAL_SURFACE('',#3838,4.5);
#689=CYLINDRICAL_SURFACE('',#3840,4.5);
#690=CYLINDRICAL_SURFACE('',#3843,6.);
#691=CYLINDRICAL_SURFACE('',#3849,3.);
#692=CYLINDRICAL_SURFACE('',#3852,1.);
#693=CYLINDRICAL_SURFACE('',#3856,1.);
#694=CYLINDRICAL_SURFACE('',#3860,1.);
#695=CYLINDRICAL_SURFACE('',#3864,1.);
#696=CYLINDRICAL_SURFACE('',#3868,1.);
#697=CYLINDRICAL_SURFACE('',#3872,1.);
#698=CYLINDRICAL_SURFACE('',#3876,1.);
#699=CYLINDRICAL_SURFACE('',#3880,1.);
#700=CYLINDRICAL_SURFACE('',#3884,52.5);
#701=CYLINDRICAL_SURFACE('',#3891,52.5);
#702=CYLINDRICAL_SURFACE('',#3898,52.5);
#703=CYLINDRICAL_SURFACE('',#3905,52.5);
#704=CYLINDRICAL_SURFACE('',#3913,1.);
#705=CYLINDRICAL_SURFACE('',#3917,1.);
#706=CYLINDRICAL_SURFACE('',#3920,1.);
#707=CYLINDRICAL_SURFACE('',#3923,1.);
#708=CYLINDRICAL_SURFACE('',#3926,1.);
#709=CYLINDRICAL_SURFACE('',#3929,1.);
#710=CYLINDRICAL_SURFACE('',#3933,1.);
#711=CYLINDRICAL_SURFACE('',#3937,1.);
#712=CYLINDRICAL_SURFACE('',#3946,52.5);
#713=CYLINDRICAL_SURFACE('',#3952,52.5);
#714=CYLINDRICAL_SURFACE('',#3958,52.5);
#715=CYLINDRICAL_SURFACE('',#3965,52.5);
#716=CYLINDRICAL_SURFACE('',#3969,1.);
#717=CYLINDRICAL_SURFACE('',#3973,1.);
#718=CYLINDRICAL_SURFACE('',#3977,1.);
#719=CYLINDRICAL_SURFACE('',#3981,1.);
#720=CYLINDRICAL_SURFACE('',#3983,0.5);
#721=CYLINDRICAL_SURFACE('',#3986,0.5);
#722=CYLINDRICAL_SURFACE('',#3991,1.);
#723=CYLINDRICAL_SURFACE('',#3995,1.);
#724=CYLINDRICAL_SURFACE('',#3999,1.);
#725=CYLINDRICAL_SURFACE('',#4003,1.);
#726=CYLINDRICAL_SURFACE('',#4005,0.5);
#727=CYLINDRICAL_SURFACE('',#4008,0.5);
#728=CYLINDRICAL_SURFACE('',#4013,1.);
#729=CYLINDRICAL_SURFACE('',#4017,1.);
#730=CYLINDRICAL_SURFACE('',#4021,1.);
#731=CYLINDRICAL_SURFACE('',#4025,1.);
#732=CYLINDRICAL_SURFACE('',#4027,0.5);
#733=CYLINDRICAL_SURFACE('',#4030,0.5);
#734=CYLINDRICAL_SURFACE('',#4035,1.);
#735=CYLINDRICAL_SURFACE('',#4039,1.);
#736=CYLINDRICAL_SURFACE('',#4043,1.);
#737=CYLINDRICAL_SURFACE('',#4047,1.);
#738=CYLINDRICAL_SURFACE('',#4049,0.5);
#739=CYLINDRICAL_SURFACE('',#4052,0.5);
#740=CYLINDRICAL_SURFACE('',#4057,1.);
#741=CYLINDRICAL_SURFACE('',#4061,1.);
#742=CYLINDRICAL_SURFACE('',#4065,1.);
#743=CYLINDRICAL_SURFACE('',#4069,1.);
#744=CYLINDRICAL_SURFACE('',#4071,0.5);
#745=CYLINDRICAL_SURFACE('',#4074,0.5);
#746=CYLINDRICAL_SURFACE('',#4079,1.);
#747=CYLINDRICAL_SURFACE('',#4083,1.);
#748=CYLINDRICAL_SURFACE('',#4087,1.);
#749=CYLINDRICAL_SURFACE('',#4091,1.);
#750=CYLINDRICAL_SURFACE('',#4093,0.5);
#751=CYLINDRICAL_SURFACE('',#4096,0.5);
#752=CYLINDRICAL_SURFACE('',#4101,1.);
#753=CYLINDRICAL_SURFACE('',#4105,1.);
#754=CYLINDRICAL_SURFACE('',#4109,1.);
#755=CYLINDRICAL_SURFACE('',#4113,1.);
#756=CYLINDRICAL_SURFACE('',#4115,0.5);
#757=CYLINDRICAL_SURFACE('',#4118,0.5);
#758=CYLINDRICAL_SURFACE('',#4123,1.);
#759=CYLINDRICAL_SURFACE('',#4127,1.);
#760=CYLINDRICAL_SURFACE('',#4131,1.);
#761=CYLINDRICAL_SURFACE('',#4135,1.);
#762=CYLINDRICAL_SURFACE('',#4137,0.5);
#763=CYLINDRICAL_SURFACE('',#4140,0.5);
#764=CYLINDRICAL_SURFACE('',#4149,0.5);
#765=CYLINDRICAL_SURFACE('',#4150,0.5);
#766=CYLINDRICAL_SURFACE('',#4154,0.5);
#767=CYLINDRICAL_SURFACE('',#4159,0.5);
#768=CYLINDRICAL_SURFACE('',#4160,0.5);
#769=CYLINDRICAL_SURFACE('',#4161,0.5);
#770=CYLINDRICAL_SURFACE('',#4171,0.5);
#771=CYLINDRICAL_SURFACE('',#4172,0.5);
#772=CYLINDRICAL_SURFACE('',#4176,0.5);
#773=CYLINDRICAL_SURFACE('',#4181,0.5);
#774=CYLINDRICAL_SURFACE('',#4182,0.5);
#775=CYLINDRICAL_SURFACE('',#4183,0.5);
#776=CYLINDRICAL_SURFACE('',#4194,0.5);
#777=CYLINDRICAL_SURFACE('',#4195,0.5);
#778=CYLINDRICAL_SURFACE('',#4199,0.5);
#779=CYLINDRICAL_SURFACE('',#4203,0.5);
#780=CYLINDRICAL_SURFACE('',#4204,0.5);
#781=CYLINDRICAL_SURFACE('',#4205,0.5);
#782=CYLINDRICAL_SURFACE('',#4215,0.5);
#783=CYLINDRICAL_SURFACE('',#4216,0.5);
#784=CYLINDRICAL_SURFACE('',#4220,0.5);
#785=CYLINDRICAL_SURFACE('',#4224,0.5);
#786=CYLINDRICAL_SURFACE('',#4225,0.5);
#787=CYLINDRICAL_SURFACE('',#4226,0.5);
#788=CYLINDRICAL_SURFACE('',#4235,0.5);
#789=CYLINDRICAL_SURFACE('',#4240,0.5);
#790=CYLINDRICAL_SURFACE('',#4241,0.5);
#791=CYLINDRICAL_SURFACE('',#4245,0.5);
#792=CYLINDRICAL_SURFACE('',#4246,0.5);
#793=CYLINDRICAL_SURFACE('',#4247,0.5);
#794=CYLINDRICAL_SURFACE('',#4257,0.5);
#795=CYLINDRICAL_SURFACE('',#4262,0.5);
#796=CYLINDRICAL_SURFACE('',#4263,0.5);
#797=CYLINDRICAL_SURFACE('',#4267,0.5);
#798=CYLINDRICAL_SURFACE('',#4268,0.5);
#799=CYLINDRICAL_SURFACE('',#4269,0.5);
#800=CYLINDRICAL_SURFACE('',#4279,0.5);
#801=CYLINDRICAL_SURFACE('',#4284,0.5);
#802=CYLINDRICAL_SURFACE('',#4285,0.5);
#803=CYLINDRICAL_SURFACE('',#4289,0.5);
#804=CYLINDRICAL_SURFACE('',#4290,0.5);
#805=CYLINDRICAL_SURFACE('',#4291,0.5);
#806=CYLINDRICAL_SURFACE('',#4311,0.5);
#807=CYLINDRICAL_SURFACE('',#4315,0.5);
#808=CYLINDRICAL_SURFACE('',#4319,0.5);
#809=CYLINDRICAL_SURFACE('',#4320,0.5);
#810=CYLINDRICAL_SURFACE('',#4321,0.5);
#811=CYLINDRICAL_SURFACE('',#4322,0.5);
#812=FACE_BOUND('',#1087,.T.);
#813=FACE_BOUND('',#1089,.T.);
#814=FACE_BOUND('',#1096,.T.);
#815=FACE_BOUND('',#1118,.T.);
#816=FACE_BOUND('',#1121,.T.);
#817=FACE_BOUND('',#1124,.T.);
#818=FACE_BOUND('',#1127,.T.);
#819=FACE_BOUND('',#1129,.T.);
#820=FACE_BOUND('',#1147,.T.);
#821=FACE_BOUND('',#1150,.T.);
#822=FACE_BOUND('',#1153,.T.);
#823=FACE_BOUND('',#1156,.T.);
#824=FACE_BOUND('',#1158,.T.);
#825=FACE_OUTER_BOUND('',#1086,.T.);
#826=FACE_OUTER_BOUND('',#1088,.T.);
#827=FACE_OUTER_BOUND('',#1090,.T.);
#828=FACE_OUTER_BOUND('',#1091,.T.);
#829=FACE_OUTER_BOUND('',#1092,.T.);
#830=FACE_OUTER_BOUND('',#1093,.T.);
#831=FACE_OUTER_BOUND('',#1094,.T.);
#832=FACE_OUTER_BOUND('',#1095,.T.);
#833=FACE_OUTER_BOUND('',#1097,.T.);
#834=FACE_OUTER_BOUND('',#1098,.T.);
#835=FACE_OUTER_BOUND('',#1099,.T.);
#836=FACE_OUTER_BOUND('',#1100,.T.);
#837=FACE_OUTER_BOUND('',#1101,.T.);
#838=FACE_OUTER_BOUND('',#1102,.T.);
#839=FACE_OUTER_BOUND('',#1103,.T.);
#840=FACE_OUTER_BOUND('',#1104,.T.);
#841=FACE_OUTER_BOUND('',#1105,.T.);
#842=FACE_OUTER_BOUND('',#1106,.T.);
#843=FACE_OUTER_BOUND('',#1107,.T.);
#844=FACE_OUTER_BOUND('',#1108,.T.);
#845=FACE_OUTER_BOUND('',#1109,.T.);
#846=FACE_OUTER_BOUND('',#1110,.T.);
#847=FACE_OUTER_BOUND('',#1111,.T.);
#848=FACE_OUTER_BOUND('',#1112,.T.);
#849=FACE_OUTER_BOUND('',#1113,.T.);
#850=FACE_OUTER_BOUND('',#1114,.T.);
#851=FACE_OUTER_BOUND('',#1115,.T.);
#852=FACE_OUTER_BOUND('',#1116,.T.);
#853=FACE_OUTER_BOUND('',#1117,.T.);
#854=FACE_OUTER_BOUND('',#1119,.T.);
#855=FACE_OUTER_BOUND('',#1120,.T.);
#856=FACE_OUTER_BOUND('',#1122,.T.);
#857=FACE_OUTER_BOUND('',#1123,.T.);
#858=FACE_OUTER_BOUND('',#1125,.T.);
#859=FACE_OUTER_BOUND('',#1126,.T.);
#860=FACE_OUTER_BOUND('',#1128,.T.);
#861=FACE_OUTER_BOUND('',#1130,.T.);
#862=FACE_OUTER_BOUND('',#1131,.T.);
#863=FACE_OUTER_BOUND('',#1132,.T.);
#864=FACE_OUTER_BOUND('',#1133,.T.);
#865=FACE_OUTER_BOUND('',#1134,.T.);
#866=FACE_OUTER_BOUND('',#1135,.T.);
#867=FACE_OUTER_BOUND('',#1136,.T.);
#868=FACE_OUTER_BOUND('',#1137,.T.);
#869=FACE_OUTER_BOUND('',#1138,.T.);
#870=FACE_OUTER_BOUND('',#1139,.T.);
#871=FACE_OUTER_BOUND('',#1140,.T.);
#872=FACE_OUTER_BOUND('',#1141,.T.);
#873=FACE_OUTER_BOUND('',#1142,.T.);
#874=FACE_OUTER_BOUND('',#1143,.T.);
#875=FACE_OUTER_BOUND('',#1144,.T.);
#876=FACE_OUTER_BOUND('',#1145,.T.);
#877=FACE_OUTER_BOUND('',#1146,.T.);
#878=FACE_OUTER_BOUND('',#1148,.T.);
#879=FACE_OUTER_BOUND('',#1149,.T.);
#880=FACE_OUTER_BOUND('',#1151,.T.);
#881=FACE_OUTER_BOUND('',#1152,.T.);
#882=FACE_OUTER_BOUND('',#1154,.T.);
#883=FACE_OUTER_BOUND('',#1155,.T.);
#884=FACE_OUTER_BOUND('',#1157,.T.);
#885=FACE_OUTER_BOUND('',#1159,.T.);
#886=FACE_OUTER_BOUND('',#1160,.T.);
#887=FACE_OUTER_BOUND('',#1161,.T.);
#888=FACE_OUTER_BOUND('',#1162,.T.);
#889=FACE_OUTER_BOUND('',#1163,.T.);
#890=FACE_OUTER_BOUND('',#1164,.T.);
#891=FACE_OUTER_BOUND('',#1165,.T.);
#892=FACE_OUTER_BOUND('',#1166,.T.);
#893=FACE_OUTER_BOUND('',#1167,.T.);
#894=FACE_OUTER_BOUND('',#1168,.T.);
#895=FACE_OUTER_BOUND('',#1169,.T.);
#896=FACE_OUTER_BOUND('',#1170,.T.);
#897=FACE_OUTER_BOUND('',#1171,.T.);
#898=FACE_OUTER_BOUND('',#1172,.T.);
#899=FACE_OUTER_BOUND('',#1173,.T.);
#900=FACE_OUTER_BOUND('',#1174,.T.);
#901=FACE_OUTER_BOUND('',#1175,.T.);
#902=FACE_OUTER_BOUND('',#1176,.T.);
#903=FACE_OUTER_BOUND('',#1177,.T.);
#904=FACE_OUTER_BOUND('',#1178,.T.);
#905=FACE_OUTER_BOUND('',#1179,.T.);
#906=FACE_OUTER_BOUND('',#1180,.T.);
#907=FACE_OUTER_BOUND('',#1181,.T.);
#908=FACE_OUTER_BOUND('',#1182,.T.);
#909=FACE_OUTER_BOUND('',#1183,.T.);
#910=FACE_OUTER_BOUND('',#1184,.T.);
#911=FACE_OUTER_BOUND('',#1185,.T.);
#912=FACE_OUTER_BOUND('',#1186,.T.);
#913=FACE_OUTER_BOUND('',#1187,.T.);
#914=FACE_OUTER_BOUND('',#1188,.T.);
#915=FACE_OUTER_BOUND('',#1189,.T.);
#916=FACE_OUTER_BOUND('',#1190,.T.);
#917=FACE_OUTER_BOUND('',#1191,.T.);
#918=FACE_OUTER_BOUND('',#1192,.T.);
#919=FACE_OUTER_BOUND('',#1193,.T.);
#920=FACE_OUTER_BOUND('',#1194,.T.);
#921=FACE_OUTER_BOUND('',#1195,.T.);
#922=FACE_OUTER_BOUND('',#1196,.T.);
#923=FACE_OUTER_BOUND('',#1197,.T.);
#924=FACE_OUTER_BOUND('',#1198,.T.);
#925=FACE_OUTER_BOUND('',#1199,.T.);
#926=FACE_OUTER_BOUND('',#1200,.T.);
#927=FACE_OUTER_BOUND('',#1201,.T.);
#928=FACE_OUTER_BOUND('',#1202,.T.);
#929=FACE_OUTER_BOUND('',#1203,.T.);
#930=FACE_OUTER_BOUND('',#1204,.T.);
#931=FACE_OUTER_BOUND('',#1205,.T.);
#932=FACE_OUTER_BOUND('',#1206,.T.);
#933=FACE_OUTER_BOUND('',#1207,.T.);
#934=FACE_OUTER_BOUND('',#1208,.T.);
#935=FACE_OUTER_BOUND('',#1209,.T.);
#936=FACE_OUTER_BOUND('',#1210,.T.);
#937=FACE_OUTER_BOUND('',#1211,.T.);
#938=FACE_OUTER_BOUND('',#1212,.T.);
#939=FACE_OUTER_BOUND('',#1213,.T.);
#940=FACE_OUTER_BOUND('',#1214,.T.);
#941=FACE_OUTER_BOUND('',#1215,.T.);
#942=FACE_OUTER_BOUND('',#1216,.T.);
#943=FACE_OUTER_BOUND('',#1217,.T.);
#944=FACE_OUTER_BOUND('',#1218,.T.);
#945=FACE_OUTER_BOUND('',#1219,.T.);
#946=FACE_OUTER_BOUND('',#1220,.T.);
#947=FACE_OUTER_BOUND('',#1221,.T.);
#948=FACE_OUTER_BOUND('',#1222,.T.);
#949=FACE_OUTER_BOUND('',#1223,.T.);
#950=FACE_OUTER_BOUND('',#1224,.T.);
#951=FACE_OUTER_BOUND('',#1225,.T.);
#952=FACE_OUTER_BOUND('',#1226,.T.);
#953=FACE_OUTER_BOUND('',#1227,.T.);
#954=FACE_OUTER_BOUND('',#1228,.T.);
#955=FACE_OUTER_BOUND('',#1229,.T.);
#956=FACE_OUTER_BOUND('',#1230,.T.);
#957=FACE_OUTER_BOUND('',#1231,.T.);
#958=FACE_OUTER_BOUND('',#1232,.T.);
#959=FACE_OUTER_BOUND('',#1233,.T.);
#960=FACE_OUTER_BOUND('',#1234,.T.);
#961=FACE_OUTER_BOUND('',#1235,.T.);
#962=FACE_OUTER_BOUND('',#1236,.T.);
#963=FACE_OUTER_BOUND('',#1237,.T.);
#964=FACE_OUTER_BOUND('',#1238,.T.);
#965=FACE_OUTER_BOUND('',#1239,.T.);
#966=FACE_OUTER_BOUND('',#1240,.T.);
#967=FACE_OUTER_BOUND('',#1241,.T.);
#968=FACE_OUTER_BOUND('',#1242,.T.);
#969=FACE_OUTER_BOUND('',#1243,.T.);
#970=FACE_OUTER_BOUND('',#1244,.T.);
#971=FACE_OUTER_BOUND('',#1245,.T.);
#972=FACE_OUTER_BOUND('',#1246,.T.);
#973=FACE_OUTER_BOUND('',#1247,.T.);
#974=FACE_OUTER_BOUND('',#1248,.T.);
#975=FACE_OUTER_BOUND('',#1249,.T.);
#976=FACE_OUTER_BOUND('',#1250,.T.);
#977=FACE_OUTER_BOUND('',#1251,.T.);
#978=FACE_OUTER_BOUND('',#1252,.T.);
#979=FACE_OUTER_BOUND('',#1253,.T.);
#980=FACE_OUTER_BOUND('',#1254,.T.);
#981=FACE_OUTER_BOUND('',#1255,.T.);
#982=FACE_OUTER_BOUND('',#1256,.T.);
#983=FACE_OUTER_BOUND('',#1257,.T.);
#984=FACE_OUTER_BOUND('',#1258,.T.);
#985=FACE_OUTER_BOUND('',#1259,.T.);
#986=FACE_OUTER_BOUND('',#1260,.T.);
#987=FACE_OUTER_BOUND('',#1261,.T.);
#988=FACE_OUTER_BOUND('',#1262,.T.);
#989=FACE_OUTER_BOUND('',#1263,.T.);
#990=FACE_OUTER_BOUND('',#1264,.T.);
#991=FACE_OUTER_BOUND('',#1265,.T.);
#992=FACE_OUTER_BOUND('',#1266,.T.);
#993=FACE_OUTER_BOUND('',#1267,.T.);
#994=FACE_OUTER_BOUND('',#1268,.T.);
#995=FACE_OUTER_BOUND('',#1269,.T.);
#996=FACE_OUTER_BOUND('',#1270,.T.);
#997=FACE_OUTER_BOUND('',#1271,.T.);
#998=FACE_OUTER_BOUND('',#1272,.T.);
#999=FACE_OUTER_BOUND('',#1273,.T.);
#1000=FACE_OUTER_BOUND('',#1274,.T.);
#1001=FACE_OUTER_BOUND('',#1275,.T.);
#1002=FACE_OUTER_BOUND('',#1276,.T.);
#1003=FACE_OUTER_BOUND('',#1277,.T.);
#1004=FACE_OUTER_BOUND('',#1278,.T.);
#1005=FACE_OUTER_BOUND('',#1279,.T.);
#1006=FACE_OUTER_BOUND('',#1280,.T.);
#1007=FACE_OUTER_BOUND('',#1281,.T.);
#1008=FACE_OUTER_BOUND('',#1282,.T.);
#1009=FACE_OUTER_BOUND('',#1283,.T.);
#1010=FACE_OUTER_BOUND('',#1284,.T.);
#1011=FACE_OUTER_BOUND('',#1285,.T.);
#1012=FACE_OUTER_BOUND('',#1286,.T.);
#1013=FACE_OUTER_BOUND('',#1287,.T.);
#1014=FACE_OUTER_BOUND('',#1288,.T.);
#1015=FACE_OUTER_BOUND('',#1289,.T.);
#1016=FACE_OUTER_BOUND('',#1290,.T.);
#1017=FACE_OUTER_BOUND('',#1291,.T.);
#1018=FACE_OUTER_BOUND('',#1292,.T.);
#1019=FACE_OUTER_BOUND('',#1293,.T.);
#1020=FACE_OUTER_BOUND('',#1294,.T.);
#1021=FACE_OUTER_BOUND('',#1295,.T.);
#1022=FACE_OUTER_BOUND('',#1296,.T.);
#1023=FACE_OUTER_BOUND('',#1297,.T.);
#1024=FACE_OUTER_BOUND('',#1298,.T.);
#1025=FACE_OUTER_BOUND('',#1299,.T.);
#1026=FACE_OUTER_BOUND('',#1300,.T.);
#1027=FACE_OUTER_BOUND('',#1301,.T.);
#1028=FACE_OUTER_BOUND('',#1302,.T.);
#1029=FACE_OUTER_BOUND('',#1303,.T.);
#1030=FACE_OUTER_BOUND('',#1304,.T.);
#1031=FACE_OUTER_BOUND('',#1305,.T.);
#1032=FACE_OUTER_BOUND('',#1306,.T.);
#1033=FACE_OUTER_BOUND('',#1307,.T.);
#1034=FACE_OUTER_BOUND('',#1308,.T.);
#1035=FACE_OUTER_BOUND('',#1309,.T.);
#1036=FACE_OUTER_BOUND('',#1310,.T.);
#1037=FACE_OUTER_BOUND('',#1311,.T.);
#1038=FACE_OUTER_BOUND('',#1312,.T.);
#1039=FACE_OUTER_BOUND('',#1313,.T.);
#1040=FACE_OUTER_BOUND('',#1314,.T.);
#1041=FACE_OUTER_BOUND('',#1315,.T.);
#1042=FACE_OUTER_BOUND('',#1316,.T.);
#1043=FACE_OUTER_BOUND('',#1317,.T.);
#1044=FACE_OUTER_BOUND('',#1318,.T.);
#1045=FACE_OUTER_BOUND('',#1319,.T.);
#1046=FACE_OUTER_BOUND('',#1320,.T.);
#1047=FACE_OUTER_BOUND('',#1321,.T.);
#1048=FACE_OUTER_BOUND('',#1322,.T.);
#1049=FACE_OUTER_BOUND('',#1323,.T.);
#1050=FACE_OUTER_BOUND('',#1324,.T.);
#1051=FACE_OUTER_BOUND('',#1325,.T.);
#1052=FACE_OUTER_BOUND('',#1326,.T.);
#1053=FACE_OUTER_BOUND('',#1327,.T.);
#1054=FACE_OUTER_BOUND('',#1328,.T.);
#1055=FACE_OUTER_BOUND('',#1329,.T.);
#1056=FACE_OUTER_BOUND('',#1330,.T.);
#1057=FACE_OUTER_BOUND('',#1331,.T.);
#1058=FACE_OUTER_BOUND('',#1332,.T.);
#1059=FACE_OUTER_BOUND('',#1333,.T.);
#1060=FACE_OUTER_BOUND('',#1334,.T.);
#1061=FACE_OUTER_BOUND('',#1335,.T.);
#1062=FACE_OUTER_BOUND('',#1336,.T.);
#1063=FACE_OUTER_BOUND('',#1337,.T.);
#1064=FACE_OUTER_BOUND('',#1338,.T.);
#1065=FACE_OUTER_BOUND('',#1339,.T.);
#1066=FACE_OUTER_BOUND('',#1340,.T.);
#1067=FACE_OUTER_BOUND('',#1341,.T.);
#1068=FACE_OUTER_BOUND('',#1342,.T.);
#1069=FACE_OUTER_BOUND('',#1343,.T.);
#1070=FACE_OUTER_BOUND('',#1344,.T.);
#1071=FACE_OUTER_BOUND('',#1345,.T.);
#1072=FACE_OUTER_BOUND('',#1346,.T.);
#1073=FACE_OUTER_BOUND('',#1347,.T.);
#1074=FACE_OUTER_BOUND('',#1348,.T.);
#1075=FACE_OUTER_BOUND('',#1349,.T.);
#1076=FACE_OUTER_BOUND('',#1350,.T.);
#1077=FACE_OUTER_BOUND('',#1351,.T.);
#1078=FACE_OUTER_BOUND('',#1352,.T.);
#1079=FACE_OUTER_BOUND('',#1353,.T.);
#1080=FACE_OUTER_BOUND('',#1354,.T.);
#1081=FACE_OUTER_BOUND('',#1355,.T.);
#1082=FACE_OUTER_BOUND('',#1356,.T.);
#1083=FACE_OUTER_BOUND('',#1357,.T.);
#1084=FACE_OUTER_BOUND('',#1358,.T.);
#1085=FACE_OUTER_BOUND('',#1359,.T.);
#1086=EDGE_LOOP('',(#2408));
#1087=EDGE_LOOP('',(#2409));
#1088=EDGE_LOOP('',(#2410));
#1089=EDGE_LOOP('',(#2411));
#1090=EDGE_LOOP('',(#2412,#2413,#2414,#2415));
#1091=EDGE_LOOP('',(#2416,#2417,#2418,#2419));
#1092=EDGE_LOOP('',(#2420,#2421,#2422,#2423));
#1093=EDGE_LOOP('',(#2424));
#1094=EDGE_LOOP('',(#2425,#2426,#2427,#2428));
#1095=EDGE_LOOP('',(#2429));
#1096=EDGE_LOOP('',(#2430,#2431));
#1097=EDGE_LOOP('',(#2432,#2433,#2434,#2435));
#1098=EDGE_LOOP('',(#2436,#2437,#2438,#2439));
#1099=EDGE_LOOP('',(#2440,#2441));
#1100=EDGE_LOOP('',(#2442,#2443,#2444,#2445));
#1101=EDGE_LOOP('',(#2446,#2447,#2448,#2449));
#1102=EDGE_LOOP('',(#2450,#2451,#2452,#2453));
#1103=EDGE_LOOP('',(#2454,#2455,#2456,#2457));
#1104=EDGE_LOOP('',(#2458,#2459,#2460,#2461));
#1105=EDGE_LOOP('',(#2462,#2463,#2464,#2465));
#1106=EDGE_LOOP('',(#2466,#2467,#2468,#2469));
#1107=EDGE_LOOP('',(#2470,#2471,#2472,#2473));
#1108=EDGE_LOOP('',(#2474,#2475,#2476,#2477));
#1109=EDGE_LOOP('',(#2478,#2479,#2480,#2481));
#1110=EDGE_LOOP('',(#2482,#2483,#2484,#2485));
#1111=EDGE_LOOP('',(#2486,#2487,#2488,#2489));
#1112=EDGE_LOOP('',(#2490,#2491,#2492,#2493));
#1113=EDGE_LOOP('',(#2494,#2495,#2496,#2497));
#1114=EDGE_LOOP('',(#2498,#2499,#2500,#2501));
#1115=EDGE_LOOP('',(#2502,#2503,#2504,#2505));
#1116=EDGE_LOOP('',(#2506,#2507,#2508,#2509));
#1117=EDGE_LOOP('',(#2510,#2511,#2512,#2513));
#1118=EDGE_LOOP('',(#2514,#2515,#2516,#2517,#2518,#2519,#2520,#2521));
#1119=EDGE_LOOP('',(#2522,#2523,#2524,#2525));
#1120=EDGE_LOOP('',(#2526,#2527,#2528,#2529));
#1121=EDGE_LOOP('',(#2530,#2531,#2532,#2533,#2534,#2535,#2536,#2537));
#1122=EDGE_LOOP('',(#2538,#2539,#2540,#2541));
#1123=EDGE_LOOP('',(#2542,#2543,#2544,#2545));
#1124=EDGE_LOOP('',(#2546,#2547,#2548,#2549,#2550,#2551,#2552,#2553));
#1125=EDGE_LOOP('',(#2554,#2555,#2556,#2557));
#1126=EDGE_LOOP('',(#2558,#2559,#2560,#2561));
#1127=EDGE_LOOP('',(#2562,#2563,#2564,#2565,#2566,#2567,#2568,#2569));
#1128=EDGE_LOOP('',(#2570,#2571,#2572,#2573,#2574,#2575,#2576,#2577,#2578,
#2579,#2580,#2581,#2582,#2583,#2584,#2585));
#1129=EDGE_LOOP('',(#2586));
#1130=EDGE_LOOP('',(#2587,#2588,#2589,#2590));
#1131=EDGE_LOOP('',(#2591,#2592,#2593,#2594));
#1132=EDGE_LOOP('',(#2595,#2596,#2597,#2598));
#1133=EDGE_LOOP('',(#2599,#2600,#2601,#2602));
#1134=EDGE_LOOP('',(#2603,#2604,#2605,#2606));
#1135=EDGE_LOOP('',(#2607,#2608,#2609,#2610));
#1136=EDGE_LOOP('',(#2611,#2612,#2613,#2614));
#1137=EDGE_LOOP('',(#2615,#2616,#2617,#2618));
#1138=EDGE_LOOP('',(#2619,#2620,#2621,#2622));
#1139=EDGE_LOOP('',(#2623,#2624,#2625,#2626));
#1140=EDGE_LOOP('',(#2627,#2628,#2629,#2630));
#1141=EDGE_LOOP('',(#2631,#2632,#2633,#2634));
#1142=EDGE_LOOP('',(#2635,#2636,#2637,#2638));
#1143=EDGE_LOOP('',(#2639,#2640,#2641,#2642));
#1144=EDGE_LOOP('',(#2643,#2644,#2645,#2646));
#1145=EDGE_LOOP('',(#2647,#2648,#2649,#2650));
#1146=EDGE_LOOP('',(#2651,#2652,#2653,#2654));
#1147=EDGE_LOOP('',(#2655,#2656,#2657,#2658,#2659,#2660,#2661,#2662));
#1148=EDGE_LOOP('',(#2663,#2664,#2665,#2666));
#1149=EDGE_LOOP('',(#2667,#2668,#2669,#2670));
#1150=EDGE_LOOP('',(#2671,#2672,#2673,#2674,#2675,#2676,#2677,#2678));
#1151=EDGE_LOOP('',(#2679,#2680,#2681,#2682));
#1152=EDGE_LOOP('',(#2683,#2684,#2685,#2686));
#1153=EDGE_LOOP('',(#2687,#2688,#2689,#2690,#2691,#2692,#2693,#2694));
#1154=EDGE_LOOP('',(#2695,#2696,#2697,#2698));
#1155=EDGE_LOOP('',(#2699,#2700,#2701,#2702));
#1156=EDGE_LOOP('',(#2703,#2704,#2705,#2706,#2707,#2708,#2709,#2710));
#1157=EDGE_LOOP('',(#2711,#2712,#2713,#2714,#2715,#2716,#2717,#2718,#2719,
#2720,#2721,#2722,#2723,#2724,#2725,#2726));
#1158=EDGE_LOOP('',(#2727));
#1159=EDGE_LOOP('',(#2728,#2729,#2730,#2731));
#1160=EDGE_LOOP('',(#2732,#2733,#2734,#2735));
#1161=EDGE_LOOP('',(#2736,#2737,#2738,#2739));
#1162=EDGE_LOOP('',(#2740,#2741,#2742,#2743));
#1163=EDGE_LOOP('',(#2744,#2745,#2746,#2747));
#1164=EDGE_LOOP('',(#2748,#2749,#2750,#2751));
#1165=EDGE_LOOP('',(#2752,#2753,#2754,#2755));
#1166=EDGE_LOOP('',(#2756,#2757,#2758,#2759));
#1167=EDGE_LOOP('',(#2760,#2761,#2762,#2763));
#1168=EDGE_LOOP('',(#2764,#2765,#2766,#2767));
#1169=EDGE_LOOP('',(#2768,#2769,#2770,#2771));
#1170=EDGE_LOOP('',(#2772,#2773,#2774,#2775));
#1171=EDGE_LOOP('',(#2776,#2777,#2778,#2779));
#1172=EDGE_LOOP('',(#2780,#2781,#2782,#2783));
#1173=EDGE_LOOP('',(#2784,#2785,#2786,#2787));
#1174=EDGE_LOOP('',(#2788,#2789,#2790,#2791));
#1175=EDGE_LOOP('',(#2792,#2793,#2794,#2795));
#1176=EDGE_LOOP('',(#2796,#2797,#2798,#2799));
#1177=EDGE_LOOP('',(#2800,#2801,#2802,#2803));
#1178=EDGE_LOOP('',(#2804,#2805,#2806,#2807));
#1179=EDGE_LOOP('',(#2808,#2809,#2810,#2811));
#1180=EDGE_LOOP('',(#2812,#2813,#2814,#2815));
#1181=EDGE_LOOP('',(#2816,#2817,#2818,#2819));
#1182=EDGE_LOOP('',(#2820,#2821,#2822,#2823));
#1183=EDGE_LOOP('',(#2824,#2825,#2826,#2827));
#1184=EDGE_LOOP('',(#2828,#2829,#2830,#2831));
#1185=EDGE_LOOP('',(#2832,#2833,#2834,#2835));
#1186=EDGE_LOOP('',(#2836,#2837,#2838,#2839));
#1187=EDGE_LOOP('',(#2840,#2841,#2842,#2843));
#1188=EDGE_LOOP('',(#2844,#2845,#2846,#2847));
#1189=EDGE_LOOP('',(#2848,#2849,#2850,#2851));
#1190=EDGE_LOOP('',(#2852,#2853,#2854,#2855));
#1191=EDGE_LOOP('',(#2856,#2857,#2858,#2859));
#1192=EDGE_LOOP('',(#2860,#2861,#2862,#2863));
#1193=EDGE_LOOP('',(#2864,#2865,#2866,#2867));
#1194=EDGE_LOOP('',(#2868,#2869,#2870,#2871));
#1195=EDGE_LOOP('',(#2872,#2873,#2874,#2875));
#1196=EDGE_LOOP('',(#2876,#2877,#2878,#2879));
#1197=EDGE_LOOP('',(#2880,#2881,#2882,#2883));
#1198=EDGE_LOOP('',(#2884,#2885,#2886,#2887));
#1199=EDGE_LOOP('',(#2888,#2889,#2890,#2891));
#1200=EDGE_LOOP('',(#2892,#2893,#2894,#2895));
#1201=EDGE_LOOP('',(#2896,#2897,#2898,#2899));
#1202=EDGE_LOOP('',(#2900,#2901,#2902,#2903));
#1203=EDGE_LOOP('',(#2904,#2905,#2906,#2907));
#1204=EDGE_LOOP('',(#2908,#2909,#2910,#2911));
#1205=EDGE_LOOP('',(#2912,#2913,#2914,#2915));
#1206=EDGE_LOOP('',(#2916,#2917,#2918,#2919));
#1207=EDGE_LOOP('',(#2920,#2921,#2922,#2923));
#1208=EDGE_LOOP('',(#2924,#2925,#2926,#2927));
#1209=EDGE_LOOP('',(#2928,#2929,#2930,#2931));
#1210=EDGE_LOOP('',(#2932,#2933,#2934,#2935));
#1211=EDGE_LOOP('',(#2936,#2937,#2938,#2939));
#1212=EDGE_LOOP('',(#2940,#2941,#2942,#2943));
#1213=EDGE_LOOP('',(#2944,#2945,#2946,#2947));
#1214=EDGE_LOOP('',(#2948,#2949,#2950,#2951));
#1215=EDGE_LOOP('',(#2952,#2953,#2954,#2955));
#1216=EDGE_LOOP('',(#2956,#2957,#2958,#2959));
#1217=EDGE_LOOP('',(#2960,#2961,#2962,#2963));
#1218=EDGE_LOOP('',(#2964,#2965,#2966,#2967));
#1219=EDGE_LOOP('',(#2968,#2969,#2970,#2971));
#1220=EDGE_LOOP('',(#2972,#2973,#2974,#2975));
#1221=EDGE_LOOP('',(#2976,#2977,#2978,#2979));
#1222=EDGE_LOOP('',(#2980,#2981,#2982,#2983));
#1223=EDGE_LOOP('',(#2984,#2985,#2986,#2987));
#1224=EDGE_LOOP('',(#2988,#2989,#2990,#2991));
#1225=EDGE_LOOP('',(#2992,#2993,#2994,#2995));
#1226=EDGE_LOOP('',(#2996,#2997,#2998,#2999));
#1227=EDGE_LOOP('',(#3000,#3001,#3002,#3003));
#1228=EDGE_LOOP('',(#3004,#3005,#3006,#3007));
#1229=EDGE_LOOP('',(#3008,#3009,#3010,#3011));
#1230=EDGE_LOOP('',(#3012,#3013,#3014,#3015));
#1231=EDGE_LOOP('',(#3016,#3017,#3018,#3019));
#1232=EDGE_LOOP('',(#3020,#3021,#3022,#3023));
#1233=EDGE_LOOP('',(#3024,#3025,#3026,#3027));
#1234=EDGE_LOOP('',(#3028,#3029,#3030,#3031));
#1235=EDGE_LOOP('',(#3032,#3033,#3034,#3035));
#1236=EDGE_LOOP('',(#3036,#3037,#3038,#3039));
#1237=EDGE_LOOP('',(#3040,#3041,#3042,#3043));
#1238=EDGE_LOOP('',(#3044,#3045,#3046,#3047));
#1239=EDGE_LOOP('',(#3048,#3049,#3050,#3051));
#1240=EDGE_LOOP('',(#3052,#3053,#3054,#3055));
#1241=EDGE_LOOP('',(#3056,#3057,#3058,#3059));
#1242=EDGE_LOOP('',(#3060,#3061,#3062,#3063));
#1243=EDGE_LOOP('',(#3064,#3065,#3066,#3067));
#1244=EDGE_LOOP('',(#3068,#3069,#3070,#3071));
#1245=EDGE_LOOP('',(#3072,#3073,#3074,#3075));
#1246=EDGE_LOOP('',(#3076,#3077,#3078,#3079));
#1247=EDGE_LOOP('',(#3080,#3081,#3082,#3083));
#1248=EDGE_LOOP('',(#3084,#3085,#3086,#3087));
#1249=EDGE_LOOP('',(#3088,#3089,#3090,#3091));
#1250=EDGE_LOOP('',(#3092,#3093,#3094,#3095));
#1251=EDGE_LOOP('',(#3096,#3097,#3098,#3099));
#1252=EDGE_LOOP('',(#3100,#3101,#3102,#3103));
#1253=EDGE_LOOP('',(#3104,#3105,#3106,#3107));
#1254=EDGE_LOOP('',(#3108,#3109,#3110,#3111));
#1255=EDGE_LOOP('',(#3112,#3113,#3114,#3115));
#1256=EDGE_LOOP('',(#3116,#3117,#3118));
#1257=EDGE_LOOP('',(#3119,#3120,#3121));
#1258=EDGE_LOOP('',(#3122,#3123,#3124,#3125));
#1259=EDGE_LOOP('',(#3126,#3127,#3128,#3129));
#1260=EDGE_LOOP('',(#3130,#3131,#3132));
#1261=EDGE_LOOP('',(#3133,#3134,#3135,#3136));
#1262=EDGE_LOOP('',(#3137,#3138,#3139));
#1263=EDGE_LOOP('',(#3140,#3141,#3142,#3143));
#1264=EDGE_LOOP('',(#3144,#3145,#3146,#3147));
#1265=EDGE_LOOP('',(#3148,#3149,#3150,#3151));
#1266=EDGE_LOOP('',(#3152,#3153,#3154,#3155));
#1267=EDGE_LOOP('',(#3156,#3157,#3158,#3159));
#1268=EDGE_LOOP('',(#3160,#3161,#3162));
#1269=EDGE_LOOP('',(#3163,#3164,#3165));
#1270=EDGE_LOOP('',(#3166,#3167,#3168,#3169));
#1271=EDGE_LOOP('',(#3170,#3171,#3172,#3173));
#1272=EDGE_LOOP('',(#3174,#3175,#3176));
#1273=EDGE_LOOP('',(#3177,#3178,#3179,#3180));
#1274=EDGE_LOOP('',(#3181,#3182,#3183));
#1275=EDGE_LOOP('',(#3184,#3185,#3186,#3187));
#1276=EDGE_LOOP('',(#3188,#3189,#3190,#3191));
#1277=EDGE_LOOP('',(#3192,#3193,#3194,#3195));
#1278=EDGE_LOOP('',(#3196,#3197,#3198,#3199));
#1279=EDGE_LOOP('',(#3200,#3201,#3202,#3203));
#1280=EDGE_LOOP('',(#3204,#3205,#3206));
#1281=EDGE_LOOP('',(#3207,#3208,#3209));
#1282=EDGE_LOOP('',(#3210,#3211,#3212,#3213));
#1283=EDGE_LOOP('',(#3214,#3215,#3216,#3217));
#1284=EDGE_LOOP('',(#3218,#3219,#3220));
#1285=EDGE_LOOP('',(#3221,#3222,#3223,#3224));
#1286=EDGE_LOOP('',(#3225,#3226,#3227));
#1287=EDGE_LOOP('',(#3228,#3229,#3230,#3231));
#1288=EDGE_LOOP('',(#3232,#3233,#3234,#3235));
#1289=EDGE_LOOP('',(#3236,#3237,#3238,#3239));
#1290=EDGE_LOOP('',(#3240,#3241,#3242,#3243));
#1291=EDGE_LOOP('',(#3244,#3245,#3246));
#1292=EDGE_LOOP('',(#3247,#3248,#3249));
#1293=EDGE_LOOP('',(#3250,#3251,#3252,#3253));
#1294=EDGE_LOOP('',(#3254,#3255,#3256,#3257));
#1295=EDGE_LOOP('',(#3258,#3259,#3260));
#1296=EDGE_LOOP('',(#3261,#3262,#3263,#3264));
#1297=EDGE_LOOP('',(#3265,#3266,#3267));
#1298=EDGE_LOOP('',(#3268,#3269,#3270,#3271));
#1299=EDGE_LOOP('',(#3272,#3273,#3274,#3275));
#1300=EDGE_LOOP('',(#3276,#3277,#3278,#3279));
#1301=EDGE_LOOP('',(#3280,#3281,#3282,#3283));
#1302=EDGE_LOOP('',(#3284,#3285,#3286));
#1303=EDGE_LOOP('',(#3287,#3288,#3289));
#1304=EDGE_LOOP('',(#3290,#3291,#3292,#3293));
#1305=EDGE_LOOP('',(#3294,#3295,#3296));
#1306=EDGE_LOOP('',(#3297,#3298,#3299,#3300));
#1307=EDGE_LOOP('',(#3301,#3302,#3303,#3304));
#1308=EDGE_LOOP('',(#3305,#3306,#3307));
#1309=EDGE_LOOP('',(#3308,#3309,#3310,#3311));
#1310=EDGE_LOOP('',(#3312,#3313,#3314,#3315));
#1311=EDGE_LOOP('',(#3316,#3317,#3318,#3319));
#1312=EDGE_LOOP('',(#3320,#3321,#3322,#3323));
#1313=EDGE_LOOP('',(#3324,#3325,#3326,#3327));
#1314=EDGE_LOOP('',(#3328,#3329,#3330));
#1315=EDGE_LOOP('',(#3331,#3332,#3333));
#1316=EDGE_LOOP('',(#3334,#3335,#3336,#3337));
#1317=EDGE_LOOP('',(#3338,#3339,#3340));
#1318=EDGE_LOOP('',(#3341,#3342,#3343,#3344));
#1319=EDGE_LOOP('',(#3345,#3346,#3347,#3348));
#1320=EDGE_LOOP('',(#3349,#3350,#3351));
#1321=EDGE_LOOP('',(#3352,#3353,#3354,#3355));
#1322=EDGE_LOOP('',(#3356,#3357,#3358,#3359));
#1323=EDGE_LOOP('',(#3360,#3361,#3362,#3363));
#1324=EDGE_LOOP('',(#3364,#3365,#3366,#3367));
#1325=EDGE_LOOP('',(#3368,#3369,#3370,#3371));
#1326=EDGE_LOOP('',(#3372,#3373,#3374));
#1327=EDGE_LOOP('',(#3375,#3376,#3377));
#1328=EDGE_LOOP('',(#3378,#3379,#3380,#3381));
#1329=EDGE_LOOP('',(#3382,#3383,#3384));
#1330=EDGE_LOOP('',(#3385,#3386,#3387,#3388));
#1331=EDGE_LOOP('',(#3389,#3390,#3391,#3392));
#1332=EDGE_LOOP('',(#3393,#3394,#3395));
#1333=EDGE_LOOP('',(#3396,#3397,#3398,#3399));
#1334=EDGE_LOOP('',(#3400,#3401,#3402,#3403));
#1335=EDGE_LOOP('',(#3404,#3405,#3406,#3407));
#1336=EDGE_LOOP('',(#3408,#3409,#3410,#3411));
#1337=EDGE_LOOP('',(#3412,#3413,#3414,#3415));
#1338=EDGE_LOOP('',(#3416,#3417,#3418,#3419));
#1339=EDGE_LOOP('',(#3420,#3421,#3422,#3423));
#1340=EDGE_LOOP('',(#3424,#3425,#3426,#3427));
#1341=EDGE_LOOP('',(#3428,#3429,#3430,#3431));
#1342=EDGE_LOOP('',(#3432,#3433,#3434,#3435));
#1343=EDGE_LOOP('',(#3436,#3437,#3438,#3439));
#1344=EDGE_LOOP('',(#3440,#3441,#3442,#3443));
#1345=EDGE_LOOP('',(#3444,#3445,#3446,#3447));
#1346=EDGE_LOOP('',(#3448,#3449,#3450,#3451));
#1347=EDGE_LOOP('',(#3452,#3453,#3454));
#1348=EDGE_LOOP('',(#3455,#3456,#3457));
#1349=EDGE_LOOP('',(#3458,#3459,#3460,#3461));
#1350=EDGE_LOOP('',(#3462,#3463,#3464));
#1351=EDGE_LOOP('',(#3465,#3466,#3467,#3468));
#1352=EDGE_LOOP('',(#3469,#3470,#3471));
#1353=EDGE_LOOP('',(#3472,#3473,#3474,#3475));
#1354=EDGE_LOOP('',(#3476,#3477,#3478,#3479));
#1355=EDGE_LOOP('',(#3480,#3481,#3482,#3483));
#1356=EDGE_LOOP('',(#3484,#3485,#3486,#3487));
#1357=EDGE_LOOP('',(#3488,#3489,#3490,#3491));
#1358=EDGE_LOOP('',(#3492,#3493,#3494,#3495));
#1359=EDGE_LOOP('',(#3496,#3497,#3498,#3499));
#1360=CIRCLE('',#3832,4.5);
#1361=CIRCLE('',#3833,4.3);
#1362=CIRCLE('',#3835,4.5);
#1363=CIRCLE('',#3836,4.3);
#1364=CIRCLE('',#3839,4.5);
#1365=CIRCLE('',#3841,4.5);
#1366=CIRCLE('',#3844,6.);
#1367=CIRCLE('',#3845,6.);
#1368=CIRCLE('',#3847,3.);
#1369=CIRCLE('',#3850,3.);
#1370=CIRCLE('',#3854,51.5);
#1371=CIRCLE('',#3855,52.5);
#1372=CIRCLE('',#3858,51.5);
#1373=CIRCLE('',#3859,52.5);
#1374=CIRCLE('',#3862,51.5);
#1375=CIRCLE('',#3863,52.5);
#1376=CIRCLE('',#3866,51.5);
#1377=CIRCLE('',#3867,52.5);
#1378=CIRCLE('',#3870,52.5);
#1379=CIRCLE('',#3871,51.5);
#1380=CIRCLE('',#3874,52.5);
#1381=CIRCLE('',#3875,51.5);
#1382=CIRCLE('',#3878,52.5);
#1383=CIRCLE('',#3879,51.5);
#1384=CIRCLE('',#3882,52.5);
#1385=CIRCLE('',#3883,51.5);
#1386=CIRCLE('',#3885,52.5);
#1387=CIRCLE('',#3892,52.5);
#1388=CIRCLE('',#3899,52.5);
#1389=CIRCLE('',#3906,52.5);
#1390=CIRCLE('',#3915,51.5);
#1391=CIRCLE('',#3916,52.5);
#1392=CIRCLE('',#3919,51.5);
#1393=CIRCLE('',#3922,51.5);
#1394=CIRCLE('',#3925,51.5);
#1395=CIRCLE('',#3928,51.5);
#1396=CIRCLE('',#3931,52.5);
#1397=CIRCLE('',#3932,51.5);
#1398=CIRCLE('',#3935,52.5);
#1399=CIRCLE('',#3936,51.5);
#1400=CIRCLE('',#3939,52.5);
#1401=CIRCLE('',#3940,51.5);
#1402=CIRCLE('',#3966,1.);
#1403=CIRCLE('',#3967,0.999999999999995);
#1404=CIRCLE('',#3970,1.);
#1405=CIRCLE('',#3971,0.999999999999998);
#1406=CIRCLE('',#3974,0.999999999999998);
#1407=CIRCLE('',#3975,0.999999999999995);
#1408=CIRCLE('',#3978,0.999999999999998);
#1409=CIRCLE('',#3979,0.999999999999998);
#1410=CIRCLE('',#3984,0.500000000000002);
#1411=CIRCLE('',#3987,0.5);
#1412=CIRCLE('',#3988,0.999999999999994);
#1413=CIRCLE('',#3989,0.999999999999996);
#1414=CIRCLE('',#3992,1.00000000000001);
#1415=CIRCLE('',#3993,0.999999999999996);
#1416=CIRCLE('',#3996,0.999999999999988);
#1417=CIRCLE('',#3997,0.999999999999996);
#1418=CIRCLE('',#4000,0.999999999999996);
#1419=CIRCLE('',#4001,0.999999999999996);
#1420=CIRCLE('',#4006,0.5);
#1421=CIRCLE('',#4009,0.5);
#1422=CIRCLE('',#4010,0.999999999999998);
#1423=CIRCLE('',#4011,1.);
#1424=CIRCLE('',#4014,1.);
#1425=CIRCLE('',#4015,1.);
#1426=CIRCLE('',#4018,0.999999999999995);
#1427=CIRCLE('',#4019,0.999999999999998);
#1428=CIRCLE('',#4022,0.999999999999995);
#1429=CIRCLE('',#4023,1.);
#1430=CIRCLE('',#4028,0.499999999999996);
#1431=CIRCLE('',#4031,0.5);
#1432=CIRCLE('',#4032,1.);
#1433=CIRCLE('',#4033,0.999999999999996);
#1434=CIRCLE('',#4036,1.00000000000001);
#1435=CIRCLE('',#4037,0.999999999999996);
#1436=CIRCLE('',#4040,0.999999999999996);
#1437=CIRCLE('',#4041,0.999999999999996);
#1438=CIRCLE('',#4044,0.999999999999988);
#1439=CIRCLE('',#4045,0.999999999999996);
#1440=CIRCLE('',#4050,0.499999999999998);
#1441=CIRCLE('',#4053,0.5);
#1442=CIRCLE('',#4054,1.);
#1443=CIRCLE('',#4055,1.);
#1444=CIRCLE('',#4058,0.999999999999998);
#1445=CIRCLE('',#4059,0.999999999999992);
#1446=CIRCLE('',#4062,1.);
#1447=CIRCLE('',#4063,1.);
#1448=CIRCLE('',#4066,0.999999999999995);
#1449=CIRCLE('',#4067,0.999999999999998);
#1450=CIRCLE('',#4072,0.5);
#1451=CIRCLE('',#4075,0.499999999999996);
#1452=CIRCLE('',#4076,0.999999999999998);
#1453=CIRCLE('',#4077,0.999999999999996);
#1454=CIRCLE('',#4080,0.999999999999996);
#1455=CIRCLE('',#4081,0.999999999999996);
#1456=CIRCLE('',#4084,0.999999999999996);
#1457=CIRCLE('',#4085,0.999999999999996);
#1458=CIRCLE('',#4088,0.999999999999996);
#1459=CIRCLE('',#4089,0.999999999999996);
#1460=CIRCLE('',#4094,0.499999999999998);
#1461=CIRCLE('',#4097,0.499999999999998);
#1462=CIRCLE('',#4098,1.);
#1463=CIRCLE('',#4099,1.);
#1464=CIRCLE('',#4102,0.999999999999992);
#1465=CIRCLE('',#4103,0.999999999999998);
#1466=CIRCLE('',#4106,0.999999999999998);
#1467=CIRCLE('',#4107,0.999999999999995);
#1468=CIRCLE('',#4110,0.999999999999995);
#1469=CIRCLE('',#4111,0.999999999999998);
#1470=CIRCLE('',#4116,0.500000000000006);
#1471=CIRCLE('',#4119,0.5);
#1472=CIRCLE('',#4120,0.999999999999999);
#1473=CIRCLE('',#4121,0.999999999999996);
#1474=CIRCLE('',#4124,0.999999999999996);
#1475=CIRCLE('',#4125,0.999999999999996);
#1476=CIRCLE('',#4128,0.999999999999996);
#1477=CIRCLE('',#4129,0.999999999999996);
#1478=CIRCLE('',#4132,0.999999999999996);
#1479=CIRCLE('',#4133,0.999999999999996);
#1480=CIRCLE('',#4138,0.499999999999997);
#1481=CIRCLE('',#4141,0.500000000000001);
#1482=CIRCLE('',#4143,0.499999999999999);
#1483=CIRCLE('',#4144,0.5);
#1484=CIRCLE('',#4146,0.500000000000002);
#1485=CIRCLE('',#4147,0.5);
#1486=CIRCLE('',#4148,0.499999999999999);
#1487=CIRCLE('',#4152,0.499999999999993);
#1488=CIRCLE('',#4153,0.500000000000002);
#1489=CIRCLE('',#4156,0.499999999999998);
#1490=CIRCLE('',#4157,0.499999999999999);
#1491=CIRCLE('',#4158,0.5);
#1492=CIRCLE('',#4165,0.499999999999998);
#1493=CIRCLE('',#4166,0.499999999999998);
#1494=CIRCLE('',#4168,0.500000000000001);
#1495=CIRCLE('',#4169,0.499999999999998);
#1496=CIRCLE('',#4170,0.500000000000007);
#1497=CIRCLE('',#4174,0.499999999999989);
#1498=CIRCLE('',#4175,0.500000000000001);
#1499=CIRCLE('',#4178,0.5);
#1500=CIRCLE('',#4179,0.499999999999989);
#1501=CIRCLE('',#4180,0.499999999999998);
#1502=CIRCLE('',#4187,0.499999999999999);
#1503=CIRCLE('',#4188,0.5);
#1504=CIRCLE('',#4189,0.500000000000006);
#1505=CIRCLE('',#4191,0.500000000000002);
#1506=CIRCLE('',#4192,0.5);
#1507=CIRCLE('',#4193,0.499999999999999);
#1508=CIRCLE('',#4197,0.499999999999999);
#1509=CIRCLE('',#4198,0.500000000000002);
#1510=CIRCLE('',#4201,0.499999999999999);
#1511=CIRCLE('',#4202,0.5);
#1512=CIRCLE('',#4208,0.499999999999998);
#1513=CIRCLE('',#4209,0.499999999999998);
#1514=CIRCLE('',#4210,0.499999999999999);
#1515=CIRCLE('',#4212,0.500000000000001);
#1516=CIRCLE('',#4213,0.499999999999998);
#1517=CIRCLE('',#4214,0.500000000000007);
#1518=CIRCLE('',#4218,0.499999999999989);
#1519=CIRCLE('',#4219,0.500000000000001);
#1520=CIRCLE('',#4222,0.499999999999989);
#1521=CIRCLE('',#4223,0.499999999999998);
#1522=CIRCLE('',#4229,0.499999999999999);
#1523=CIRCLE('',#4230,0.5);
#1524=CIRCLE('',#4231,0.500000000000006);
#1525=CIRCLE('',#4233,0.500000000000002);
#1526=CIRCLE('',#4234,0.499999999999999);
#1527=CIRCLE('',#4237,0.499999999999999);
#1528=CIRCLE('',#4238,0.500000000000002);
#1529=CIRCLE('',#4239,0.5);
#1530=CIRCLE('',#4243,0.499999999999999);
#1531=CIRCLE('',#4244,0.5);
#1532=CIRCLE('',#4251,0.499999999999998);
#1533=CIRCLE('',#4252,0.499999999999998);
#1534=CIRCLE('',#4253,0.499999999999998);
#1535=CIRCLE('',#4255,0.500000000000001);
#1536=CIRCLE('',#4256,0.499999999999998);
#1537=CIRCLE('',#4259,0.499999999999998);
#1538=CIRCLE('',#4260,0.500000000000002);
#1539=CIRCLE('',#4261,0.499999999999997);
#1540=CIRCLE('',#4265,0.499999999999989);
#1541=CIRCLE('',#4266,0.499999999999998);
#1542=CIRCLE('',#4273,0.499999999999999);
#1543=CIRCLE('',#4274,0.5);
#1544=CIRCLE('',#4275,0.500000000000006);
#1545=CIRCLE('',#4277,0.500000000000002);
#1546=CIRCLE('',#4278,0.499999999999999);
#1547=CIRCLE('',#4281,0.500000000000005);
#1548=CIRCLE('',#4282,0.500000000000002);
#1549=CIRCLE('',#4283,0.5);
#1550=CIRCLE('',#4287,0.499999999999999);
#1551=CIRCLE('',#4288,0.5);
#1552=CIRCLE('',#4304,0.499999999999998);
#1553=CIRCLE('',#4305,0.499999999999999);
#1554=CIRCLE('',#4306,0.499999999999999);
#1555=CIRCLE('',#4308,0.499999999999996);
#1556=CIRCLE('',#4309,0.500000000000007);
#1557=CIRCLE('',#4310,0.500000000000001);
#1558=CIRCLE('',#4313,0.499999999999989);
#1559=CIRCLE('',#4314,0.500000000000002);
#1560=CIRCLE('',#4317,0.499999999999989);
#1561=CIRCLE('',#4318,0.499999999999998);
#1562=VERTEX_POINT('',#5568);
#1563=VERTEX_POINT('',#5570);
#1564=VERTEX_POINT('',#5573);
#1565=VERTEX_POINT('',#5575);
#1566=VERTEX_POINT('',#5580);
#1567=VERTEX_POINT('',#5584);
#1568=VERTEX_POINT('',#5589);
#1569=VERTEX_POINT('',#5591);
#1570=VERTEX_POINT('',#5595);
#1571=VERTEX_POINT('',#5596);
#1572=VERTEX_POINT('',#5600);
#1573=VERTEX_POINT('',#5602);
#1574=VERTEX_POINT('',#5609);
#1575=VERTEX_POINT('',#5610);
#1576=VERTEX_POINT('',#5612);
#1577=VERTEX_POINT('',#5625);
#1578=VERTEX_POINT('',#5640);
#1579=VERTEX_POINT('',#5642);
#1580=VERTEX_POINT('',#5657);
#1581=VERTEX_POINT('',#5659);
#1582=VERTEX_POINT('',#5674);
#1583=VERTEX_POINT('',#5676);
#1584=VERTEX_POINT('',#5691);
#1585=VERTEX_POINT('',#5693);
#1586=VERTEX_POINT('',#5708);
#1587=VERTEX_POINT('',#5710);
#1588=VERTEX_POINT('',#5725);
#1589=VERTEX_POINT('',#5727);
#1590=VERTEX_POINT('',#5742);
#1591=VERTEX_POINT('',#5744);
#1592=VERTEX_POINT('',#5759);
#1593=VERTEX_POINT('',#5761);
#1594=VERTEX_POINT('',#5776);
#1595=VERTEX_POINT('',#5778);
#1596=VERTEX_POINT('',#5793);
#1597=VERTEX_POINT('',#5795);
#1598=VERTEX_POINT('',#5810);
#1599=VERTEX_POINT('',#5812);
#1600=VERTEX_POINT('',#5827);
#1601=VERTEX_POINT('',#5829);
#1602=VERTEX_POINT('',#5844);
#1603=VERTEX_POINT('',#5846);
#1604=VERTEX_POINT('',#5861);
#1605=VERTEX_POINT('',#5863);
#1606=VERTEX_POINT('',#5881);
#1607=VERTEX_POINT('',#5883);
#1608=VERTEX_POINT('',#5887);
#1609=VERTEX_POINT('',#5890);
#1610=VERTEX_POINT('',#5891);
#1611=VERTEX_POINT('',#5893);
#1612=VERTEX_POINT('',#5895);
#1613=VERTEX_POINT('',#5897);
#1614=VERTEX_POINT('',#5899);
#1615=VERTEX_POINT('',#5901);
#1616=VERTEX_POINT('',#5903);
#1617=VERTEX_POINT('',#5907);
#1618=VERTEX_POINT('',#5911);
#1619=VERTEX_POINT('',#5914);
#1620=VERTEX_POINT('',#5915);
#1621=VERTEX_POINT('',#5917);
#1622=VERTEX_POINT('',#5919);
#1623=VERTEX_POINT('',#5921);
#1624=VERTEX_POINT('',#5923);
#1625=VERTEX_POINT('',#5925);
#1626=VERTEX_POINT('',#5927);
#1627=VERTEX_POINT('',#5931);
#1628=VERTEX_POINT('',#5935);
#1629=VERTEX_POINT('',#5938);
#1630=VERTEX_POINT('',#5939);
#1631=VERTEX_POINT('',#5941);
#1632=VERTEX_POINT('',#5943);
#1633=VERTEX_POINT('',#5945);
#1634=VERTEX_POINT('',#5947);
#1635=VERTEX_POINT('',#5949);
#1636=VERTEX_POINT('',#5951);
#1637=VERTEX_POINT('',#5955);
#1638=VERTEX_POINT('',#5959);
#1639=VERTEX_POINT('',#5962);
#1640=VERTEX_POINT('',#5963);
#1641=VERTEX_POINT('',#5965);
#1642=VERTEX_POINT('',#5967);
#1643=VERTEX_POINT('',#5969);
#1644=VERTEX_POINT('',#5971);
#1645=VERTEX_POINT('',#5973);
#1646=VERTEX_POINT('',#5975);
#1647=VERTEX_POINT('',#5980);
#1648=VERTEX_POINT('',#5981);
#1649=VERTEX_POINT('',#5983);
#1650=VERTEX_POINT('',#5996);
#1651=VERTEX_POINT('',#6011);
#1652=VERTEX_POINT('',#6027);
#1653=VERTEX_POINT('',#6042);
#1654=VERTEX_POINT('',#6057);
#1655=VERTEX_POINT('',#6072);
#1656=VERTEX_POINT('',#6087);
#1657=VERTEX_POINT('',#6102);
#1658=VERTEX_POINT('',#6117);
#1659=VERTEX_POINT('',#6132);
#1660=VERTEX_POINT('',#6147);
#1661=VERTEX_POINT('',#6149);
#1662=VERTEX_POINT('',#6164);
#1663=VERTEX_POINT('',#6166);
#1664=VERTEX_POINT('',#6181);
#1665=VERTEX_POINT('',#6183);
#1666=VERTEX_POINT('',#6198);
#1667=VERTEX_POINT('',#6200);
#1668=VERTEX_POINT('',#6215);
#1669=VERTEX_POINT('',#6217);
#1670=VERTEX_POINT('',#6236);
#1671=VERTEX_POINT('',#6237);
#1672=VERTEX_POINT('',#6239);
#1673=VERTEX_POINT('',#6241);
#1674=VERTEX_POINT('',#6243);
#1675=VERTEX_POINT('',#6245);
#1676=VERTEX_POINT('',#6247);
#1677=VERTEX_POINT('',#6249);
#1678=VERTEX_POINT('',#6256);
#1679=VERTEX_POINT('',#6257);
#1680=VERTEX_POINT('',#6259);
#1681=VERTEX_POINT('',#6261);
#1682=VERTEX_POINT('',#6263);
#1683=VERTEX_POINT('',#6265);
#1684=VERTEX_POINT('',#6267);
#1685=VERTEX_POINT('',#6269);
#1686=VERTEX_POINT('',#6276);
#1687=VERTEX_POINT('',#6277);
#1688=VERTEX_POINT('',#6279);
#1689=VERTEX_POINT('',#6281);
#1690=VERTEX_POINT('',#6283);
#1691=VERTEX_POINT('',#6285);
#1692=VERTEX_POINT('',#6287);
#1693=VERTEX_POINT('',#6289);
#1694=VERTEX_POINT('',#6296);
#1695=VERTEX_POINT('',#6297);
#1696=VERTEX_POINT('',#6299);
#1697=VERTEX_POINT('',#6301);
#1698=VERTEX_POINT('',#6303);
#1699=VERTEX_POINT('',#6305);
#1700=VERTEX_POINT('',#6307);
#1701=VERTEX_POINT('',#6309);
#1702=VERTEX_POINT('',#6339);
#1703=VERTEX_POINT('',#6341);
#1704=VERTEX_POINT('',#6345);
#1705=VERTEX_POINT('',#6373);
#1706=VERTEX_POINT('',#6377);
#1707=VERTEX_POINT('',#6405);
#1708=VERTEX_POINT('',#6409);
#1709=VERTEX_POINT('',#6437);
#1710=VERTEX_POINT('',#6443);
#1711=VERTEX_POINT('',#6445);
#1712=VERTEX_POINT('',#6449);
#1713=VERTEX_POINT('',#6453);
#1714=VERTEX_POINT('',#6457);
#1715=VERTEX_POINT('',#6485);
#1716=VERTEX_POINT('',#6487);
#1717=VERTEX_POINT('',#6491);
#1718=VERTEX_POINT('',#6519);
#1719=VERTEX_POINT('',#6523);
#1720=VERTEX_POINT('',#6551);
#1721=VERTEX_POINT('',#6555);
#1722=VERTEX_POINT('',#6583);
#1723=VERTEX_POINT('',#6589);
#1724=VERTEX_POINT('',#6591);
#1725=VERTEX_POINT('',#6595);
#1726=VERTEX_POINT('',#6599);
#1727=VERTEX_POINT('',#6603);
#1728=VERTEX_POINT('',#6631);
#1729=VERTEX_POINT('',#6633);
#1730=VERTEX_POINT('',#6637);
#1731=VERTEX_POINT('',#6665);
#1732=VERTEX_POINT('',#6669);
#1733=VERTEX_POINT('',#6697);
#1734=VERTEX_POINT('',#6701);
#1735=VERTEX_POINT('',#6729);
#1736=VERTEX_POINT('',#6735);
#1737=VERTEX_POINT('',#6737);
#1738=VERTEX_POINT('',#6741);
#1739=VERTEX_POINT('',#6745);
#1740=VERTEX_POINT('',#6749);
#1741=VERTEX_POINT('',#6777);
#1742=VERTEX_POINT('',#6779);
#1743=VERTEX_POINT('',#6783);
#1744=VERTEX_POINT('',#6811);
#1745=VERTEX_POINT('',#6815);
#1746=VERTEX_POINT('',#6843);
#1747=VERTEX_POINT('',#6847);
#1748=VERTEX_POINT('',#6875);
#1749=VERTEX_POINT('',#6881);
#1750=VERTEX_POINT('',#6883);
#1751=VERTEX_POINT('',#6887);
#1752=VERTEX_POINT('',#6891);
#1753=VERTEX_POINT('',#6895);
#1754=VERTEX_POINT('',#6923);
#1755=VERTEX_POINT('',#6925);
#1756=VERTEX_POINT('',#6929);
#1757=VERTEX_POINT('',#6957);
#1758=VERTEX_POINT('',#6961);
#1759=VERTEX_POINT('',#6989);
#1760=VERTEX_POINT('',#6993);
#1761=VERTEX_POINT('',#7021);
#1762=VERTEX_POINT('',#7027);
#1763=VERTEX_POINT('',#7029);
#1764=VERTEX_POINT('',#7033);
#1765=VERTEX_POINT('',#7037);
#1766=VERTEX_POINT('',#7041);
#1767=VERTEX_POINT('',#7069);
#1768=VERTEX_POINT('',#7071);
#1769=VERTEX_POINT('',#7075);
#1770=VERTEX_POINT('',#7103);
#1771=VERTEX_POINT('',#7107);
#1772=VERTEX_POINT('',#7135);
#1773=VERTEX_POINT('',#7139);
#1774=VERTEX_POINT('',#7167);
#1775=VERTEX_POINT('',#7173);
#1776=VERTEX_POINT('',#7175);
#1777=VERTEX_POINT('',#7179);
#1778=VERTEX_POINT('',#7183);
#1779=VERTEX_POINT('',#7187);
#1780=VERTEX_POINT('',#7215);
#1781=VERTEX_POINT('',#7217);
#1782=VERTEX_POINT('',#7221);
#1783=VERTEX_POINT('',#7249);
#1784=VERTEX_POINT('',#7253);
#1785=VERTEX_POINT('',#7281);
#1786=VERTEX_POINT('',#7285);
#1787=VERTEX_POINT('',#7313);
#1788=VERTEX_POINT('',#7319);
#1789=VERTEX_POINT('',#7321);
#1790=VERTEX_POINT('',#7325);
#1791=VERTEX_POINT('',#7329);
#1792=VERTEX_POINT('',#7333);
#1793=VERTEX_POINT('',#7361);
#1794=VERTEX_POINT('',#7363);
#1795=VERTEX_POINT('',#7367);
#1796=VERTEX_POINT('',#7395);
#1797=VERTEX_POINT('',#7399);
#1798=VERTEX_POINT('',#7427);
#1799=VERTEX_POINT('',#7431);
#1800=VERTEX_POINT('',#7459);
#1801=VERTEX_POINT('',#7465);
#1802=VERTEX_POINT('',#7467);
#1803=VERTEX_POINT('',#7471);
#1804=VERTEX_POINT('',#7475);
#1805=VERTEX_POINT('',#7479);
#1806=VERTEX_POINT('',#7483);
#1807=VERTEX_POINT('',#7487);
#1808=VERTEX_POINT('',#7488);
#1809=VERTEX_POINT('',#7497);
#1810=VERTEX_POINT('',#7503);
#1811=VERTEX_POINT('',#7504);
#1812=VERTEX_POINT('',#7506);
#1813=VERTEX_POINT('',#7521);
#1814=VERTEX_POINT('',#7525);
#1815=VERTEX_POINT('',#7526);
#1816=VERTEX_POINT('',#7535);
#1817=VERTEX_POINT('',#7541);
#1818=VERTEX_POINT('',#7542);
#1819=VERTEX_POINT('',#7544);
#1820=VERTEX_POINT('',#7559);
#1821=VERTEX_POINT('',#7561);
#1822=VERTEX_POINT('',#7565);
#1823=VERTEX_POINT('',#7566);
#1824=VERTEX_POINT('',#7568);
#1825=VERTEX_POINT('',#7578);
#1826=VERTEX_POINT('',#7584);
#1827=VERTEX_POINT('',#7596);
#1828=VERTEX_POINT('',#7598);
#1829=VERTEX_POINT('',#7602);
#1830=VERTEX_POINT('',#7603);
#1831=VERTEX_POINT('',#7605);
#1832=VERTEX_POINT('',#7615);
#1833=VERTEX_POINT('',#7621);
#1834=VERTEX_POINT('',#7633);
#1835=VERTEX_POINT('',#7634);
#1836=VERTEX_POINT('',#7636);
#1837=VERTEX_POINT('',#7640);
#1838=VERTEX_POINT('',#7647);
#1839=VERTEX_POINT('',#7649);
#1840=VERTEX_POINT('',#7658);
#1841=VERTEX_POINT('',#7671);
#1842=VERTEX_POINT('',#7672);
#1843=VERTEX_POINT('',#7674);
#1844=VERTEX_POINT('',#7678);
#1845=VERTEX_POINT('',#7685);
#1846=VERTEX_POINT('',#7687);
#1847=VERTEX_POINT('',#7696);
#1848=VERTEX_POINT('',#7709);
#1849=VERTEX_POINT('',#7710);
#1850=VERTEX_POINT('',#7712);
#1851=VERTEX_POINT('',#7716);
#1852=VERTEX_POINT('',#7723);
#1853=VERTEX_POINT('',#7725);
#1854=VERTEX_POINT('',#7734);
#1855=VERTEX_POINT('',#7756);
#1856=VERTEX_POINT('',#7758);
#1857=VERTEX_POINT('',#7762);
#1858=VERTEX_POINT('',#7763);
#1859=VERTEX_POINT('',#7765);
#1860=VERTEX_POINT('',#7772);
#1861=VERTEX_POINT('',#7778);
#1862=EDGE_CURVE('',#1562,#1562,#1360,.T.);
#1863=EDGE_CURVE('',#1563,#1563,#1361,.T.);
#1864=EDGE_CURVE('',#1564,#1564,#1362,.T.);
#1865=EDGE_CURVE('',#1565,#1565,#1363,.T.);
#1866=EDGE_CURVE('',#1563,#1565,#191,.T.);
#1867=EDGE_CURVE('',#1566,#1566,#1364,.T.);
#1868=EDGE_CURVE('',#1566,#1564,#192,.T.);
#1869=EDGE_CURVE('',#1562,#1567,#193,.T.);
#1870=EDGE_CURVE('',#1567,#1567,#1365,.T.);
#1871=EDGE_CURVE('',#1568,#1568,#1366,.T.);
#1872=EDGE_CURVE('',#1568,#1569,#194,.T.);
#1873=EDGE_CURVE('',#1569,#1569,#1367,.T.);
#1874=EDGE_CURVE('',#1570,#1571,#1368,.T.);
#1875=EDGE_CURVE('',#1571,#1570,#195,.T.);
#1876=EDGE_CURVE('',#1570,#1572,#196,.T.);
#1877=EDGE_CURVE('',#1572,#1573,#197,.T.);
#1878=EDGE_CURVE('',#1571,#1573,#198,.T.);
#1879=EDGE_CURVE('',#1573,#1572,#1369,.T.);
#1880=EDGE_CURVE('',#1574,#1575,#199,.T.);
#1881=EDGE_CURVE('',#1575,#1576,#159,.T.);
#1882=EDGE_CURVE('',#1576,#1577,#200,.T.);
#1883=EDGE_CURVE('',#1574,#1577,#160,.T.);
#1884=EDGE_CURVE('',#1575,#1578,#1370,.T.);
#1885=EDGE_CURVE('',#1578,#1579,#161,.T.);
#1886=EDGE_CURVE('',#1579,#1576,#1371,.T.);
#1887=EDGE_CURVE('',#1578,#1580,#201,.T.);
#1888=EDGE_CURVE('',#1580,#1581,#162,.T.);
#1889=EDGE_CURVE('',#1581,#1579,#202,.T.);
#1890=EDGE_CURVE('',#1580,#1582,#1372,.T.);
#1891=EDGE_CURVE('',#1582,#1583,#163,.T.);
#1892=EDGE_CURVE('',#1583,#1581,#1373,.T.);
#1893=EDGE_CURVE('',#1582,#1584,#203,.T.);
#1894=EDGE_CURVE('',#1584,#1585,#164,.T.);
#1895=EDGE_CURVE('',#1585,#1583,#204,.T.);
#1896=EDGE_CURVE('',#1584,#1586,#1374,.T.);
#1897=EDGE_CURVE('',#1586,#1587,#165,.T.);
#1898=EDGE_CURVE('',#1587,#1585,#1375,.T.);
#1899=EDGE_CURVE('',#1586,#1588,#205,.T.);
#1900=EDGE_CURVE('',#1588,#1589,#166,.T.);
#1901=EDGE_CURVE('',#1589,#1587,#206,.T.);
#1902=EDGE_CURVE('',#1588,#1590,#1376,.T.);
#1903=EDGE_CURVE('',#1590,#1591,#167,.T.);
#1904=EDGE_CURVE('',#1591,#1589,#1377,.T.);
#1905=EDGE_CURVE('',#1590,#1592,#207,.T.);
#1906=EDGE_CURVE('',#1592,#1593,#168,.T.);
#1907=EDGE_CURVE('',#1593,#1591,#208,.T.);
#1908=EDGE_CURVE('',#1594,#1593,#1378,.T.);
#1909=EDGE_CURVE('',#1592,#1595,#1379,.T.);
#1910=EDGE_CURVE('',#1595,#1594,#169,.T.);
#1911=EDGE_CURVE('',#1596,#1594,#209,.T.);
#1912=EDGE_CURVE('',#1595,#1597,#210,.T.);
#1913=EDGE_CURVE('',#1597,#1596,#170,.T.);
#1914=EDGE_CURVE('',#1598,#1596,#1380,.T.);
#1915=EDGE_CURVE('',#1597,#1599,#1381,.T.);
#1916=EDGE_CURVE('',#1599,#1598,#171,.T.);
#1917=EDGE_CURVE('',#1600,#1598,#211,.T.);
#1918=EDGE_CURVE('',#1599,#1601,#212,.T.);
#1919=EDGE_CURVE('',#1601,#1600,#172,.T.);
#1920=EDGE_CURVE('',#1602,#1600,#1382,.T.);
#1921=EDGE_CURVE('',#1601,#1603,#1383,.T.);
#1922=EDGE_CURVE('',#1603,#1602,#173,.T.);
#1923=EDGE_CURVE('',#1604,#1602,#213,.T.);
#1924=EDGE_CURVE('',#1603,#1605,#214,.T.);
#1925=EDGE_CURVE('',#1605,#1604,#174,.T.);
#1926=EDGE_CURVE('',#1577,#1604,#1384,.T.);
#1927=EDGE_CURVE('',#1605,#1574,#1385,.T.);
#1928=EDGE_CURVE('',#1606,#1594,#215,.T.);
#1929=EDGE_CURVE('',#1607,#1606,#1386,.T.);
#1930=EDGE_CURVE('',#1593,#1607,#216,.T.);
#1931=EDGE_CURVE('',#1596,#1608,#217,.T.);
#1932=EDGE_CURVE('',#1606,#1608,#218,.T.);
#1933=EDGE_CURVE('',#1609,#1610,#79,.T.);
#1934=EDGE_CURVE('',#1611,#1609,#219,.T.);
#1935=EDGE_CURVE('',#1612,#1611,#80,.T.);
#1936=EDGE_CURVE('',#1613,#1612,#220,.T.);
#1937=EDGE_CURVE('',#1614,#1613,#81,.T.);
#1938=EDGE_CURVE('',#1615,#1614,#221,.T.);
#1939=EDGE_CURVE('',#1616,#1615,#82,.T.);
#1940=EDGE_CURVE('',#1610,#1616,#222,.T.);
#1941=EDGE_CURVE('',#1617,#1598,#223,.T.);
#1942=EDGE_CURVE('',#1608,#1617,#1387,.T.);
#1943=EDGE_CURVE('',#1600,#1618,#224,.T.);
#1944=EDGE_CURVE('',#1617,#1618,#225,.T.);
#1945=EDGE_CURVE('',#1619,#1620,#83,.T.);
#1946=EDGE_CURVE('',#1621,#1619,#226,.T.);
#1947=EDGE_CURVE('',#1622,#1621,#84,.T.);
#1948=EDGE_CURVE('',#1623,#1622,#227,.T.);
#1949=EDGE_CURVE('',#1624,#1623,#85,.T.);
#1950=EDGE_CURVE('',#1625,#1624,#228,.T.);
#1951=EDGE_CURVE('',#1626,#1625,#86,.T.);
#1952=EDGE_CURVE('',#1620,#1626,#229,.T.);
#1953=EDGE_CURVE('',#1627,#1602,#230,.T.);
#1954=EDGE_CURVE('',#1618,#1627,#1388,.T.);
#1955=EDGE_CURVE('',#1604,#1628,#231,.T.);
#1956=EDGE_CURVE('',#1627,#1628,#232,.T.);
#1957=EDGE_CURVE('',#1629,#1630,#87,.T.);
#1958=EDGE_CURVE('',#1631,#1629,#233,.T.);
#1959=EDGE_CURVE('',#1632,#1631,#88,.T.);
#1960=EDGE_CURVE('',#1633,#1632,#234,.T.);
#1961=EDGE_CURVE('',#1634,#1633,#89,.T.);
#1962=EDGE_CURVE('',#1635,#1634,#235,.T.);
#1963=EDGE_CURVE('',#1636,#1635,#90,.T.);
#1964=EDGE_CURVE('',#1630,#1636,#236,.T.);
#1965=EDGE_CURVE('',#1637,#1577,#237,.T.);
#1966=EDGE_CURVE('',#1628,#1637,#1389,.T.);
#1967=EDGE_CURVE('',#1576,#1638,#238,.T.);
#1968=EDGE_CURVE('',#1637,#1638,#239,.T.);
#1969=EDGE_CURVE('',#1639,#1640,#91,.T.);
#1970=EDGE_CURVE('',#1641,#1639,#240,.T.);
#1971=EDGE_CURVE('',#1642,#1641,#92,.T.);
#1972=EDGE_CURVE('',#1643,#1642,#241,.T.);
#1973=EDGE_CURVE('',#1644,#1643,#93,.T.);
#1974=EDGE_CURVE('',#1645,#1644,#242,.T.);
#1975=EDGE_CURVE('',#1646,#1645,#94,.T.);
#1976=EDGE_CURVE('',#1640,#1646,#243,.T.);
#1977=EDGE_CURVE('',#1647,#1648,#244,.T.);
#1978=EDGE_CURVE('',#1648,#1649,#175,.T.);
#1979=EDGE_CURVE('',#1649,#1650,#245,.T.);
#1980=EDGE_CURVE('',#1647,#1650,#176,.T.);
#1981=EDGE_CURVE('',#1648,#1651,#1390,.T.);
#1982=EDGE_CURVE('',#1651,#1638,#177,.T.);
#1983=EDGE_CURVE('',#1638,#1649,#1391,.T.);
#1984=EDGE_CURVE('',#1651,#1652,#246,.T.);
#1985=EDGE_CURVE('',#1652,#1637,#178,.T.);
#1986=EDGE_CURVE('',#1652,#1653,#1392,.T.);
#1987=EDGE_CURVE('',#1653,#1628,#179,.T.);
#1988=EDGE_CURVE('',#1653,#1654,#247,.T.);
#1989=EDGE_CURVE('',#1654,#1627,#180,.T.);
#1990=EDGE_CURVE('',#1654,#1655,#1393,.T.);
#1991=EDGE_CURVE('',#1655,#1618,#181,.T.);
#1992=EDGE_CURVE('',#1655,#1656,#248,.T.);
#1993=EDGE_CURVE('',#1656,#1617,#182,.T.);
#1994=EDGE_CURVE('',#1656,#1657,#1394,.T.);
#1995=EDGE_CURVE('',#1657,#1608,#183,.T.);
#1996=EDGE_CURVE('',#1657,#1658,#249,.T.);
#1997=EDGE_CURVE('',#1658,#1606,#184,.T.);
#1998=EDGE_CURVE('',#1658,#1659,#1395,.T.);
#1999=EDGE_CURVE('',#1659,#1607,#185,.T.);
#2000=EDGE_CURVE('',#1660,#1607,#250,.T.);
#2001=EDGE_CURVE('',#1659,#1661,#251,.T.);
#2002=EDGE_CURVE('',#1661,#1660,#186,.T.);
#2003=EDGE_CURVE('',#1662,#1660,#1396,.T.);
#2004=EDGE_CURVE('',#1661,#1663,#1397,.T.);
#2005=EDGE_CURVE('',#1663,#1662,#187,.T.);
#2006=EDGE_CURVE('',#1664,#1662,#252,.T.);
#2007=EDGE_CURVE('',#1663,#1665,#253,.T.);
#2008=EDGE_CURVE('',#1665,#1664,#188,.T.);
#2009=EDGE_CURVE('',#1666,#1664,#1398,.T.);
#2010=EDGE_CURVE('',#1665,#1667,#1399,.T.);
#2011=EDGE_CURVE('',#1667,#1666,#189,.T.);
#2012=EDGE_CURVE('',#1668,#1666,#254,.T.);
#2013=EDGE_CURVE('',#1667,#1669,#255,.T.);
#2014=EDGE_CURVE('',#1669,#1668,#190,.T.);
#2015=EDGE_CURVE('',#1650,#1668,#1400,.T.);
#2016=EDGE_CURVE('',#1669,#1647,#1401,.T.);
#2017=EDGE_CURVE('',#1660,#1591,#256,.T.);
#2018=EDGE_CURVE('',#1670,#1671,#95,.T.);
#2019=EDGE_CURVE('',#1672,#1670,#257,.T.);
#2020=EDGE_CURVE('',#1673,#1672,#96,.T.);
#2021=EDGE_CURVE('',#1674,#1673,#258,.T.);
#2022=EDGE_CURVE('',#1675,#1674,#97,.T.);
#2023=EDGE_CURVE('',#1676,#1675,#259,.T.);
#2024=EDGE_CURVE('',#1677,#1676,#98,.T.);
#2025=EDGE_CURVE('',#1671,#1677,#260,.T.);
#2026=EDGE_CURVE('',#1589,#1662,#261,.T.);
#2027=EDGE_CURVE('',#1664,#1587,#262,.T.);
#2028=EDGE_CURVE('',#1678,#1679,#99,.T.);
#2029=EDGE_CURVE('',#1680,#1678,#263,.T.);
#2030=EDGE_CURVE('',#1681,#1680,#100,.T.);
#2031=EDGE_CURVE('',#1682,#1681,#264,.T.);
#2032=EDGE_CURVE('',#1683,#1682,#101,.T.);
#2033=EDGE_CURVE('',#1684,#1683,#265,.T.);
#2034=EDGE_CURVE('',#1685,#1684,#102,.T.);
#2035=EDGE_CURVE('',#1679,#1685,#266,.T.);
#2036=EDGE_CURVE('',#1585,#1666,#267,.T.);
#2037=EDGE_CURVE('',#1668,#1583,#268,.T.);
#2038=EDGE_CURVE('',#1686,#1687,#103,.T.);
#2039=EDGE_CURVE('',#1688,#1686,#269,.T.);
#2040=EDGE_CURVE('',#1689,#1688,#104,.T.);
#2041=EDGE_CURVE('',#1690,#1689,#270,.T.);
#2042=EDGE_CURVE('',#1691,#1690,#105,.T.);
#2043=EDGE_CURVE('',#1692,#1691,#271,.T.);
#2044=EDGE_CURVE('',#1693,#1692,#106,.T.);
#2045=EDGE_CURVE('',#1687,#1693,#272,.T.);
#2046=EDGE_CURVE('',#1581,#1650,#273,.T.);
#2047=EDGE_CURVE('',#1649,#1579,#274,.T.);
#2048=EDGE_CURVE('',#1694,#1695,#107,.T.);
#2049=EDGE_CURVE('',#1696,#1694,#275,.T.);
#2050=EDGE_CURVE('',#1697,#1696,#108,.T.);
#2051=EDGE_CURVE('',#1698,#1697,#276,.T.);
#2052=EDGE_CURVE('',#1699,#1698,#109,.T.);
#2053=EDGE_CURVE('',#1700,#1699,#277,.T.);
#2054=EDGE_CURVE('',#1701,#1700,#110,.T.);
#2055=EDGE_CURVE('',#1695,#1701,#278,.T.);
#2056=EDGE_CURVE('',#1702,#1619,#1402,.T.);
#2057=EDGE_CURVE('',#1620,#1703,#1403,.T.);
#2058=EDGE_CURVE('',#1703,#1702,#111,.T.);
#2059=EDGE_CURVE('',#1626,#1704,#1404,.T.);
#2060=EDGE_CURVE('',#1704,#1703,#279,.T.);
#2061=EDGE_CURVE('',#1625,#1705,#1405,.T.);
#2062=EDGE_CURVE('',#1705,#1704,#112,.T.);
#2063=EDGE_CURVE('',#1624,#1706,#1406,.T.);
#2064=EDGE_CURVE('',#1706,#1705,#280,.T.);
#2065=EDGE_CURVE('',#1623,#1707,#1407,.T.);
#2066=EDGE_CURVE('',#1707,#1706,#113,.T.);
#2067=EDGE_CURVE('',#1622,#1708,#1408,.T.);
#2068=EDGE_CURVE('',#1708,#1707,#281,.T.);
#2069=EDGE_CURVE('',#1621,#1709,#1409,.T.);
#2070=EDGE_CURVE('',#1709,#1708,#114,.T.);
#2071=EDGE_CURVE('',#1702,#1709,#282,.T.);
#2072=EDGE_CURVE('',#1710,#1708,#283,.T.);
#2073=EDGE_CURVE('',#1711,#1710,#284,.T.);
#2074=EDGE_CURVE('',#1707,#1711,#285,.T.);
#2075=EDGE_CURVE('',#1709,#1712,#286,.T.);
#2076=EDGE_CURVE('',#1712,#1710,#1410,.F.);
#2077=EDGE_CURVE('',#1713,#1702,#287,.T.);
#2078=EDGE_CURVE('',#1712,#1713,#288,.T.);
#2079=EDGE_CURVE('',#1703,#1714,#289,.T.);
#2080=EDGE_CURVE('',#1714,#1713,#1411,.F.);
#2081=EDGE_CURVE('',#1715,#1629,#1412,.T.);
#2082=EDGE_CURVE('',#1630,#1716,#1413,.T.);
#2083=EDGE_CURVE('',#1716,#1715,#115,.T.);
#2084=EDGE_CURVE('',#1636,#1717,#1414,.T.);
#2085=EDGE_CURVE('',#1717,#1716,#290,.T.);
#2086=EDGE_CURVE('',#1635,#1718,#1415,.T.);
#2087=EDGE_CURVE('',#1718,#1717,#116,.T.);
#2088=EDGE_CURVE('',#1634,#1719,#1416,.T.);
#2089=EDGE_CURVE('',#1719,#1718,#291,.T.);
#2090=EDGE_CURVE('',#1633,#1720,#1417,.T.);
#2091=EDGE_CURVE('',#1720,#1719,#117,.T.);
#2092=EDGE_CURVE('',#1632,#1721,#1418,.T.);
#2093=EDGE_CURVE('',#1721,#1720,#292,.T.);
#2094=EDGE_CURVE('',#1631,#1722,#1419,.T.);
#2095=EDGE_CURVE('',#1722,#1721,#118,.T.);
#2096=EDGE_CURVE('',#1715,#1722,#293,.T.);
#2097=EDGE_CURVE('',#1723,#1721,#294,.T.);
#2098=EDGE_CURVE('',#1724,#1723,#295,.T.);
#2099=EDGE_CURVE('',#1720,#1724,#296,.T.);
#2100=EDGE_CURVE('',#1722,#1725,#297,.T.);
#2101=EDGE_CURVE('',#1725,#1723,#1420,.F.);
#2102=EDGE_CURVE('',#1726,#1715,#298,.T.);
#2103=EDGE_CURVE('',#1725,#1726,#299,.T.);
#2104=EDGE_CURVE('',#1716,#1727,#300,.T.);
#2105=EDGE_CURVE('',#1727,#1726,#1421,.F.);
#2106=EDGE_CURVE('',#1728,#1639,#1422,.T.);
#2107=EDGE_CURVE('',#1640,#1729,#1423,.T.);
#2108=EDGE_CURVE('',#1729,#1728,#119,.T.);
#2109=EDGE_CURVE('',#1646,#1730,#1424,.T.);
#2110=EDGE_CURVE('',#1730,#1729,#301,.T.);
#2111=EDGE_CURVE('',#1645,#1731,#1425,.T.);
#2112=EDGE_CURVE('',#1731,#1730,#120,.T.);
#2113=EDGE_CURVE('',#1644,#1732,#1426,.T.);
#2114=EDGE_CURVE('',#1732,#1731,#302,.T.);
#2115=EDGE_CURVE('',#1643,#1733,#1427,.T.);
#2116=EDGE_CURVE('',#1733,#1732,#121,.T.);
#2117=EDGE_CURVE('',#1642,#1734,#1428,.T.);
#2118=EDGE_CURVE('',#1734,#1733,#303,.T.);
#2119=EDGE_CURVE('',#1641,#1735,#1429,.T.);
#2120=EDGE_CURVE('',#1735,#1734,#122,.T.);
#2121=EDGE_CURVE('',#1728,#1735,#304,.T.);
#2122=EDGE_CURVE('',#1736,#1734,#305,.T.);
#2123=EDGE_CURVE('',#1737,#1736,#306,.T.);
#2124=EDGE_CURVE('',#1733,#1737,#307,.T.);
#2125=EDGE_CURVE('',#1735,#1738,#308,.T.);
#2126=EDGE_CURVE('',#1738,#1736,#1430,.F.);
#2127=EDGE_CURVE('',#1739,#1728,#309,.T.);
#2128=EDGE_CURVE('',#1738,#1739,#310,.T.);
#2129=EDGE_CURVE('',#1729,#1740,#311,.T.);
#2130=EDGE_CURVE('',#1740,#1739,#1431,.F.);
#2131=EDGE_CURVE('',#1741,#1694,#1432,.T.);
#2132=EDGE_CURVE('',#1695,#1742,#1433,.T.);
#2133=EDGE_CURVE('',#1742,#1741,#123,.T.);
#2134=EDGE_CURVE('',#1701,#1743,#1434,.T.);
#2135=EDGE_CURVE('',#1743,#1742,#312,.T.);
#2136=EDGE_CURVE('',#1700,#1744,#1435,.T.);
#2137=EDGE_CURVE('',#1744,#1743,#124,.T.);
#2138=EDGE_CURVE('',#1699,#1745,#1436,.T.);
#2139=EDGE_CURVE('',#1745,#1744,#313,.T.);
#2140=EDGE_CURVE('',#1698,#1746,#1437,.T.);
#2141=EDGE_CURVE('',#1746,#1745,#125,.T.);
#2142=EDGE_CURVE('',#1697,#1747,#1438,.T.);
#2143=EDGE_CURVE('',#1747,#1746,#314,.T.);
#2144=EDGE_CURVE('',#1696,#1748,#1439,.T.);
#2145=EDGE_CURVE('',#1748,#1747,#126,.T.);
#2146=EDGE_CURVE('',#1741,#1748,#315,.T.);
#2147=EDGE_CURVE('',#1749,#1747,#316,.T.);
#2148=EDGE_CURVE('',#1750,#1749,#317,.T.);
#2149=EDGE_CURVE('',#1746,#1750,#318,.T.);
#2150=EDGE_CURVE('',#1748,#1751,#319,.T.);
#2151=EDGE_CURVE('',#1751,#1749,#1440,.F.);
#2152=EDGE_CURVE('',#1752,#1741,#320,.T.);
#2153=EDGE_CURVE('',#1751,#1752,#321,.T.);
#2154=EDGE_CURVE('',#1742,#1753,#322,.T.);
#2155=EDGE_CURVE('',#1753,#1752,#1441,.F.);
#2156=EDGE_CURVE('',#1754,#1686,#1442,.T.);
#2157=EDGE_CURVE('',#1687,#1755,#1443,.T.);
#2158=EDGE_CURVE('',#1755,#1754,#127,.T.);
#2159=EDGE_CURVE('',#1693,#1756,#1444,.T.);
#2160=EDGE_CURVE('',#1756,#1755,#323,.T.);
#2161=EDGE_CURVE('',#1692,#1757,#1445,.T.);
#2162=EDGE_CURVE('',#1757,#1756,#128,.T.);
#2163=EDGE_CURVE('',#1691,#1758,#1446,.T.);
#2164=EDGE_CURVE('',#1758,#1757,#324,.T.);
#2165=EDGE_CURVE('',#1690,#1759,#1447,.T.);
#2166=EDGE_CURVE('',#1759,#1758,#129,.T.);
#2167=EDGE_CURVE('',#1689,#1760,#1448,.T.);
#2168=EDGE_CURVE('',#1760,#1759,#325,.T.);
#2169=EDGE_CURVE('',#1688,#1761,#1449,.T.);
#2170=EDGE_CURVE('',#1761,#1760,#130,.T.);
#2171=EDGE_CURVE('',#1754,#1761,#326,.T.);
#2172=EDGE_CURVE('',#1762,#1760,#327,.T.);
#2173=EDGE_CURVE('',#1763,#1762,#328,.T.);
#2174=EDGE_CURVE('',#1759,#1763,#329,.T.);
#2175=EDGE_CURVE('',#1761,#1764,#330,.T.);
#2176=EDGE_CURVE('',#1764,#1762,#1450,.F.);
#2177=EDGE_CURVE('',#1765,#1754,#331,.T.);
#2178=EDGE_CURVE('',#1764,#1765,#332,.T.);
#2179=EDGE_CURVE('',#1755,#1766,#333,.T.);
#2180=EDGE_CURVE('',#1766,#1765,#1451,.F.);
#2181=EDGE_CURVE('',#1767,#1678,#1452,.T.);
#2182=EDGE_CURVE('',#1679,#1768,#1453,.T.);
#2183=EDGE_CURVE('',#1768,#1767,#131,.T.);
#2184=EDGE_CURVE('',#1685,#1769,#1454,.T.);
#2185=EDGE_CURVE('',#1769,#1768,#334,.T.);
#2186=EDGE_CURVE('',#1684,#1770,#1455,.T.);
#2187=EDGE_CURVE('',#1770,#1769,#132,.T.);
#2188=EDGE_CURVE('',#1683,#1771,#1456,.T.);
#2189=EDGE_CURVE('',#1771,#1770,#335,.T.);
#2190=EDGE_CURVE('',#1682,#1772,#1457,.T.);
#2191=EDGE_CURVE('',#1772,#1771,#133,.T.);
#2192=EDGE_CURVE('',#1681,#1773,#1458,.T.);
#2193=EDGE_CURVE('',#1773,#1772,#336,.T.);
#2194=EDGE_CURVE('',#1680,#1774,#1459,.T.);
#2195=EDGE_CURVE('',#1774,#1773,#134,.T.);
#2196=EDGE_CURVE('',#1767,#1774,#337,.T.);
#2197=EDGE_CURVE('',#1775,#1773,#338,.T.);
#2198=EDGE_CURVE('',#1776,#1775,#339,.T.);
#2199=EDGE_CURVE('',#1772,#1776,#340,.T.);
#2200=EDGE_CURVE('',#1774,#1777,#341,.T.);
#2201=EDGE_CURVE('',#1777,#1775,#1460,.F.);
#2202=EDGE_CURVE('',#1778,#1767,#342,.T.);
#2203=EDGE_CURVE('',#1777,#1778,#343,.T.);
#2204=EDGE_CURVE('',#1768,#1779,#344,.T.);
#2205=EDGE_CURVE('',#1779,#1778,#1461,.F.);
#2206=EDGE_CURVE('',#1780,#1670,#1462,.T.);
#2207=EDGE_CURVE('',#1671,#1781,#1463,.T.);
#2208=EDGE_CURVE('',#1781,#1780,#135,.T.);
#2209=EDGE_CURVE('',#1677,#1782,#1464,.T.);
#2210=EDGE_CURVE('',#1782,#1781,#345,.T.);
#2211=EDGE_CURVE('',#1676,#1783,#1465,.T.);
#2212=EDGE_CURVE('',#1783,#1782,#136,.T.);
#2213=EDGE_CURVE('',#1675,#1784,#1466,.T.);
#2214=EDGE_CURVE('',#1784,#1783,#346,.T.);
#2215=EDGE_CURVE('',#1674,#1785,#1467,.T.);
#2216=EDGE_CURVE('',#1785,#1784,#137,.T.);
#2217=EDGE_CURVE('',#1673,#1786,#1468,.T.);
#2218=EDGE_CURVE('',#1786,#1785,#347,.T.);
#2219=EDGE_CURVE('',#1672,#1787,#1469,.T.);
#2220=EDGE_CURVE('',#1787,#1786,#138,.T.);
#2221=EDGE_CURVE('',#1780,#1787,#348,.T.);
#2222=EDGE_CURVE('',#1788,#1786,#349,.T.);
#2223=EDGE_CURVE('',#1789,#1788,#350,.T.);
#2224=EDGE_CURVE('',#1785,#1789,#351,.T.);
#2225=EDGE_CURVE('',#1787,#1790,#352,.T.);
#2226=EDGE_CURVE('',#1790,#1788,#1470,.F.);
#2227=EDGE_CURVE('',#1791,#1780,#353,.T.);
#2228=EDGE_CURVE('',#1790,#1791,#354,.T.);
#2229=EDGE_CURVE('',#1781,#1792,#355,.T.);
#2230=EDGE_CURVE('',#1792,#1791,#1471,.F.);
#2231=EDGE_CURVE('',#1793,#1609,#1472,.T.);
#2232=EDGE_CURVE('',#1610,#1794,#1473,.T.);
#2233=EDGE_CURVE('',#1794,#1793,#139,.T.);
#2234=EDGE_CURVE('',#1616,#1795,#1474,.T.);
#2235=EDGE_CURVE('',#1795,#1794,#356,.T.);
#2236=EDGE_CURVE('',#1615,#1796,#1475,.T.);
#2237=EDGE_CURVE('',#1796,#1795,#140,.T.);
#2238=EDGE_CURVE('',#1614,#1797,#1476,.T.);
#2239=EDGE_CURVE('',#1797,#1796,#357,.T.);
#2240=EDGE_CURVE('',#1613,#1798,#1477,.T.);
#2241=EDGE_CURVE('',#1798,#1797,#141,.T.);
#2242=EDGE_CURVE('',#1612,#1799,#1478,.T.);
#2243=EDGE_CURVE('',#1799,#1798,#358,.T.);
#2244=EDGE_CURVE('',#1611,#1800,#1479,.T.);
#2245=EDGE_CURVE('',#1800,#1799,#142,.T.);
#2246=EDGE_CURVE('',#1793,#1800,#359,.T.);
#2247=EDGE_CURVE('',#1801,#1799,#360,.T.);
#2248=EDGE_CURVE('',#1802,#1801,#361,.T.);
#2249=EDGE_CURVE('',#1798,#1802,#362,.T.);
#2250=EDGE_CURVE('',#1800,#1803,#363,.T.);
#2251=EDGE_CURVE('',#1803,#1801,#1480,.F.);
#2252=EDGE_CURVE('',#1804,#1793,#364,.T.);
#2253=EDGE_CURVE('',#1803,#1804,#365,.T.);
#2254=EDGE_CURVE('',#1794,#1805,#366,.T.);
#2255=EDGE_CURVE('',#1805,#1804,#1481,.F.);
#2256=EDGE_CURVE('',#1806,#1790,#1482,.F.);
#2257=EDGE_CURVE('',#1788,#1806,#1483,.F.);
#2258=EDGE_CURVE('',#1807,#1808,#1484,.F.);
#2259=EDGE_CURVE('',#1789,#1807,#1485,.F.);
#2260=EDGE_CURVE('',#1808,#1789,#1486,.F.);
#2261=EDGE_CURVE('',#1807,#1784,#367,.T.);
#2262=EDGE_CURVE('',#1806,#1808,#368,.T.);
#2263=EDGE_CURVE('',#1809,#1792,#1487,.F.);
#2264=EDGE_CURVE('',#1791,#1809,#1488,.F.);
#2265=EDGE_CURVE('',#1809,#1806,#369,.T.);
#2266=EDGE_CURVE('',#1810,#1811,#1489,.F.);
#2267=EDGE_CURVE('',#1812,#1810,#1490,.F.);
#2268=EDGE_CURVE('',#1811,#1812,#1491,.F.);
#2269=EDGE_CURVE('',#1808,#1812,#370,.T.);
#2270=EDGE_CURVE('',#1810,#1807,#371,.T.);
#2271=EDGE_CURVE('',#1812,#1809,#372,.T.);
#2272=EDGE_CURVE('',#1792,#1811,#373,.T.);
#2273=EDGE_CURVE('',#1783,#1810,#374,.T.);
#2274=EDGE_CURVE('',#1811,#1782,#375,.T.);
#2275=EDGE_CURVE('',#1813,#1777,#1492,.F.);
#2276=EDGE_CURVE('',#1775,#1813,#1493,.F.);
#2277=EDGE_CURVE('',#1814,#1815,#1494,.F.);
#2278=EDGE_CURVE('',#1776,#1814,#1495,.F.);
#2279=EDGE_CURVE('',#1815,#1776,#1496,.F.);
#2280=EDGE_CURVE('',#1814,#1771,#376,.T.);
#2281=EDGE_CURVE('',#1813,#1815,#377,.T.);
#2282=EDGE_CURVE('',#1816,#1779,#1497,.F.);
#2283=EDGE_CURVE('',#1778,#1816,#1498,.F.);
#2284=EDGE_CURVE('',#1816,#1813,#378,.T.);
#2285=EDGE_CURVE('',#1817,#1818,#1499,.F.);
#2286=EDGE_CURVE('',#1819,#1817,#1500,.F.);
#2287=EDGE_CURVE('',#1818,#1819,#1501,.F.);
#2288=EDGE_CURVE('',#1815,#1819,#379,.T.);
#2289=EDGE_CURVE('',#1817,#1814,#380,.T.);
#2290=EDGE_CURVE('',#1819,#1816,#381,.T.);
#2291=EDGE_CURVE('',#1779,#1818,#382,.T.);
#2292=EDGE_CURVE('',#1770,#1817,#383,.T.);
#2293=EDGE_CURVE('',#1818,#1769,#384,.T.);
#2294=EDGE_CURVE('',#1820,#1763,#1502,.F.);
#2295=EDGE_CURVE('',#1821,#1820,#1503,.F.);
#2296=EDGE_CURVE('',#1763,#1821,#1504,.F.);
#2297=EDGE_CURVE('',#1822,#1823,#1505,.F.);
#2298=EDGE_CURVE('',#1824,#1822,#1506,.F.);
#2299=EDGE_CURVE('',#1823,#1824,#1507,.F.);
#2300=EDGE_CURVE('',#1757,#1824,#385,.T.);
#2301=EDGE_CURVE('',#1822,#1756,#386,.T.);
#2302=EDGE_CURVE('',#1820,#1823,#387,.T.);
#2303=EDGE_CURVE('',#1824,#1821,#388,.T.);
#2304=EDGE_CURVE('',#1825,#1764,#1508,.F.);
#2305=EDGE_CURVE('',#1762,#1825,#1509,.F.);
#2306=EDGE_CURVE('',#1825,#1820,#389,.T.);
#2307=EDGE_CURVE('',#1826,#1766,#1510,.F.);
#2308=EDGE_CURVE('',#1765,#1826,#1511,.F.);
#2309=EDGE_CURVE('',#1823,#1826,#390,.T.);
#2310=EDGE_CURVE('',#1766,#1822,#391,.T.);
#2311=EDGE_CURVE('',#1826,#1825,#392,.T.);
#2312=EDGE_CURVE('',#1821,#1758,#393,.T.);
#2313=EDGE_CURVE('',#1827,#1750,#1512,.F.);
#2314=EDGE_CURVE('',#1828,#1827,#1513,.F.);
#2315=EDGE_CURVE('',#1750,#1828,#1514,.F.);
#2316=EDGE_CURVE('',#1829,#1830,#1515,.F.);
#2317=EDGE_CURVE('',#1831,#1829,#1516,.F.);
#2318=EDGE_CURVE('',#1830,#1831,#1517,.F.);
#2319=EDGE_CURVE('',#1744,#1831,#394,.T.);
#2320=EDGE_CURVE('',#1829,#1743,#395,.T.);
#2321=EDGE_CURVE('',#1827,#1830,#396,.T.);
#2322=EDGE_CURVE('',#1831,#1828,#397,.T.);
#2323=EDGE_CURVE('',#1832,#1751,#1518,.F.);
#2324=EDGE_CURVE('',#1749,#1832,#1519,.F.);
#2325=EDGE_CURVE('',#1832,#1827,#398,.T.);
#2326=EDGE_CURVE('',#1833,#1753,#1520,.F.);
#2327=EDGE_CURVE('',#1752,#1833,#1521,.F.);
#2328=EDGE_CURVE('',#1830,#1833,#399,.T.);
#2329=EDGE_CURVE('',#1753,#1829,#400,.T.);
#2330=EDGE_CURVE('',#1833,#1832,#401,.T.);
#2331=EDGE_CURVE('',#1828,#1745,#402,.T.);
#2332=EDGE_CURVE('',#1834,#1835,#1522,.F.);
#2333=EDGE_CURVE('',#1836,#1834,#1523,.F.);
#2334=EDGE_CURVE('',#1835,#1836,#1524,.F.);
#2335=EDGE_CURVE('',#1739,#1837,#1525,.F.);
#2336=EDGE_CURVE('',#1837,#1740,#1526,.F.);
#2337=EDGE_CURVE('',#1834,#1837,#403,.T.);
#2338=EDGE_CURVE('',#1740,#1836,#404,.T.);
#2339=EDGE_CURVE('',#1838,#1737,#1527,.F.);
#2340=EDGE_CURVE('',#1839,#1838,#1528,.F.);
#2341=EDGE_CURVE('',#1737,#1839,#1529,.F.);
#2342=EDGE_CURVE('',#1835,#1839,#405,.T.);
#2343=EDGE_CURVE('',#1838,#1834,#406,.T.);
#2344=EDGE_CURVE('',#1839,#1732,#407,.T.);
#2345=EDGE_CURVE('',#1840,#1738,#1530,.F.);
#2346=EDGE_CURVE('',#1736,#1840,#1531,.F.);
#2347=EDGE_CURVE('',#1837,#1840,#408,.T.);
#2348=EDGE_CURVE('',#1840,#1838,#409,.T.);
#2349=EDGE_CURVE('',#1731,#1835,#410,.T.);
#2350=EDGE_CURVE('',#1836,#1730,#411,.T.);
#2351=EDGE_CURVE('',#1841,#1842,#1532,.F.);
#2352=EDGE_CURVE('',#1843,#1841,#1533,.F.);
#2353=EDGE_CURVE('',#1842,#1843,#1534,.F.);
#2354=EDGE_CURVE('',#1726,#1844,#1535,.F.);
#2355=EDGE_CURVE('',#1844,#1727,#1536,.F.);
#2356=EDGE_CURVE('',#1841,#1844,#412,.T.);
#2357=EDGE_CURVE('',#1727,#1843,#413,.T.);
#2358=EDGE_CURVE('',#1845,#1724,#1537,.F.);
#2359=EDGE_CURVE('',#1846,#1845,#1538,.F.);
#2360=EDGE_CURVE('',#1724,#1846,#1539,.F.);
#2361=EDGE_CURVE('',#1842,#1846,#414,.T.);
#2362=EDGE_CURVE('',#1845,#1841,#415,.T.);
#2363=EDGE_CURVE('',#1846,#1719,#416,.T.);
#2364=EDGE_CURVE('',#1847,#1725,#1540,.F.);
#2365=EDGE_CURVE('',#1723,#1847,#1541,.F.);
#2366=EDGE_CURVE('',#1844,#1847,#417,.T.);
#2367=EDGE_CURVE('',#1847,#1845,#418,.T.);
#2368=EDGE_CURVE('',#1718,#1842,#419,.T.);
#2369=EDGE_CURVE('',#1843,#1717,#420,.T.);
#2370=EDGE_CURVE('',#1848,#1849,#1542,.F.);
#2371=EDGE_CURVE('',#1850,#1848,#1543,.F.);
#2372=EDGE_CURVE('',#1849,#1850,#1544,.F.);
#2373=EDGE_CURVE('',#1713,#1851,#1545,.F.);
#2374=EDGE_CURVE('',#1851,#1714,#1546,.F.);
#2375=EDGE_CURVE('',#1848,#1851,#421,.T.);
#2376=EDGE_CURVE('',#1714,#1850,#422,.T.);
#2377=EDGE_CURVE('',#1852,#1711,#1547,.F.);
#2378=EDGE_CURVE('',#1853,#1852,#1548,.F.);
#2379=EDGE_CURVE('',#1711,#1853,#1549,.F.);
#2380=EDGE_CURVE('',#1849,#1853,#423,.T.);
#2381=EDGE_CURVE('',#1852,#1848,#424,.T.);
#2382=EDGE_CURVE('',#1853,#1706,#425,.T.);
#2383=EDGE_CURVE('',#1854,#1712,#1550,.F.);
#2384=EDGE_CURVE('',#1710,#1854,#1551,.F.);
#2385=EDGE_CURVE('',#1851,#1854,#426,.T.);
#2386=EDGE_CURVE('',#1854,#1852,#427,.T.);
#2387=EDGE_CURVE('',#1705,#1849,#428,.T.);
#2388=EDGE_CURVE('',#1850,#1704,#429,.T.);
#2389=EDGE_CURVE('',#1855,#1802,#1552,.F.);
#2390=EDGE_CURVE('',#1856,#1855,#1553,.F.);
#2391=EDGE_CURVE('',#1802,#1856,#1554,.F.);
#2392=EDGE_CURVE('',#1857,#1858,#1555,.F.);
#2393=EDGE_CURVE('',#1859,#1857,#1556,.F.);
#2394=EDGE_CURVE('',#1858,#1859,#1557,.F.);
#2395=EDGE_CURVE('',#1855,#1859,#430,.T.);
#2396=EDGE_CURVE('',#1857,#1856,#431,.T.);
#2397=EDGE_CURVE('',#1860,#1803,#1558,.F.);
#2398=EDGE_CURVE('',#1801,#1860,#1559,.F.);
#2399=EDGE_CURVE('',#1860,#1855,#432,.T.);
#2400=EDGE_CURVE('',#1861,#1805,#1560,.F.);
#2401=EDGE_CURVE('',#1804,#1861,#1561,.F.);
#2402=EDGE_CURVE('',#1859,#1861,#433,.T.);
#2403=EDGE_CURVE('',#1805,#1858,#434,.T.);
#2404=EDGE_CURVE('',#1861,#1860,#435,.T.);
#2405=EDGE_CURVE('',#1796,#1857,#436,.T.);
#2406=EDGE_CURVE('',#1858,#1795,#437,.T.);
#2407=EDGE_CURVE('',#1856,#1797,#438,.T.);
#2408=ORIENTED_EDGE('',*,*,#1862,.F.);
#2409=ORIENTED_EDGE('',*,*,#1863,.F.);
#2410=ORIENTED_EDGE('',*,*,#1864,.F.);
#2411=ORIENTED_EDGE('',*,*,#1865,.T.);
#2412=ORIENTED_EDGE('',*,*,#1863,.T.);
#2413=ORIENTED_EDGE('',*,*,#1866,.T.);
#2414=ORIENTED_EDGE('',*,*,#1865,.F.);
#2415=ORIENTED_EDGE('',*,*,#1866,.F.);
#2416=ORIENTED_EDGE('',*,*,#1867,.F.);
#2417=ORIENTED_EDGE('',*,*,#1868,.T.);
#2418=ORIENTED_EDGE('',*,*,#1864,.T.);
#2419=ORIENTED_EDGE('',*,*,#1868,.F.);
#2420=ORIENTED_EDGE('',*,*,#1862,.T.);
#2421=ORIENTED_EDGE('',*,*,#1869,.T.);
#2422=ORIENTED_EDGE('',*,*,#1870,.F.);
#2423=ORIENTED_EDGE('',*,*,#1869,.F.);
#2424=ORIENTED_EDGE('',*,*,#1867,.T.);
#2425=ORIENTED_EDGE('',*,*,#1871,.F.);
#2426=ORIENTED_EDGE('',*,*,#1872,.T.);
#2427=ORIENTED_EDGE('',*,*,#1873,.T.);
#2428=ORIENTED_EDGE('',*,*,#1872,.F.);
#2429=ORIENTED_EDGE('',*,*,#1873,.F.);
#2430=ORIENTED_EDGE('',*,*,#1874,.F.);
#2431=ORIENTED_EDGE('',*,*,#1875,.F.);
#2432=ORIENTED_EDGE('',*,*,#1875,.T.);
#2433=ORIENTED_EDGE('',*,*,#1876,.T.);
#2434=ORIENTED_EDGE('',*,*,#1877,.T.);
#2435=ORIENTED_EDGE('',*,*,#1878,.F.);
#2436=ORIENTED_EDGE('',*,*,#1874,.T.);
#2437=ORIENTED_EDGE('',*,*,#1878,.T.);
#2438=ORIENTED_EDGE('',*,*,#1879,.T.);
#2439=ORIENTED_EDGE('',*,*,#1876,.F.);
#2440=ORIENTED_EDGE('',*,*,#1879,.F.);
#2441=ORIENTED_EDGE('',*,*,#1877,.F.);
#2442=ORIENTED_EDGE('',*,*,#1880,.T.);
#2443=ORIENTED_EDGE('',*,*,#1881,.T.);
#2444=ORIENTED_EDGE('',*,*,#1882,.T.);
#2445=ORIENTED_EDGE('',*,*,#1883,.F.);
#2446=ORIENTED_EDGE('',*,*,#1884,.T.);
#2447=ORIENTED_EDGE('',*,*,#1885,.T.);
#2448=ORIENTED_EDGE('',*,*,#1886,.T.);
#2449=ORIENTED_EDGE('',*,*,#1881,.F.);
#2450=ORIENTED_EDGE('',*,*,#1887,.T.);
#2451=ORIENTED_EDGE('',*,*,#1888,.T.);
#2452=ORIENTED_EDGE('',*,*,#1889,.T.);
#2453=ORIENTED_EDGE('',*,*,#1885,.F.);
#2454=ORIENTED_EDGE('',*,*,#1890,.T.);
#2455=ORIENTED_EDGE('',*,*,#1891,.T.);
#2456=ORIENTED_EDGE('',*,*,#1892,.T.);
#2457=ORIENTED_EDGE('',*,*,#1888,.F.);
#2458=ORIENTED_EDGE('',*,*,#1893,.T.);
#2459=ORIENTED_EDGE('',*,*,#1894,.T.);
#2460=ORIENTED_EDGE('',*,*,#1895,.T.);
#2461=ORIENTED_EDGE('',*,*,#1891,.F.);
#2462=ORIENTED_EDGE('',*,*,#1896,.T.);
#2463=ORIENTED_EDGE('',*,*,#1897,.T.);
#2464=ORIENTED_EDGE('',*,*,#1898,.T.);
#2465=ORIENTED_EDGE('',*,*,#1894,.F.);
#2466=ORIENTED_EDGE('',*,*,#1899,.T.);
#2467=ORIENTED_EDGE('',*,*,#1900,.T.);
#2468=ORIENTED_EDGE('',*,*,#1901,.T.);
#2469=ORIENTED_EDGE('',*,*,#1897,.F.);
#2470=ORIENTED_EDGE('',*,*,#1902,.T.);
#2471=ORIENTED_EDGE('',*,*,#1903,.T.);
#2472=ORIENTED_EDGE('',*,*,#1904,.T.);
#2473=ORIENTED_EDGE('',*,*,#1900,.F.);
#2474=ORIENTED_EDGE('',*,*,#1905,.T.);
#2475=ORIENTED_EDGE('',*,*,#1906,.T.);
#2476=ORIENTED_EDGE('',*,*,#1907,.T.);
#2477=ORIENTED_EDGE('',*,*,#1903,.F.);
#2478=ORIENTED_EDGE('',*,*,#1908,.T.);
#2479=ORIENTED_EDGE('',*,*,#1906,.F.);
#2480=ORIENTED_EDGE('',*,*,#1909,.T.);
#2481=ORIENTED_EDGE('',*,*,#1910,.T.);
#2482=ORIENTED_EDGE('',*,*,#1911,.T.);
#2483=ORIENTED_EDGE('',*,*,#1910,.F.);
#2484=ORIENTED_EDGE('',*,*,#1912,.T.);
#2485=ORIENTED_EDGE('',*,*,#1913,.T.);
#2486=ORIENTED_EDGE('',*,*,#1914,.T.);
#2487=ORIENTED_EDGE('',*,*,#1913,.F.);
#2488=ORIENTED_EDGE('',*,*,#1915,.T.);
#2489=ORIENTED_EDGE('',*,*,#1916,.T.);
#2490=ORIENTED_EDGE('',*,*,#1917,.T.);
#2491=ORIENTED_EDGE('',*,*,#1916,.F.);
#2492=ORIENTED_EDGE('',*,*,#1918,.T.);
#2493=ORIENTED_EDGE('',*,*,#1919,.T.);
#2494=ORIENTED_EDGE('',*,*,#1920,.T.);
#2495=ORIENTED_EDGE('',*,*,#1919,.F.);
#2496=ORIENTED_EDGE('',*,*,#1921,.T.);
#2497=ORIENTED_EDGE('',*,*,#1922,.T.);
#2498=ORIENTED_EDGE('',*,*,#1923,.T.);
#2499=ORIENTED_EDGE('',*,*,#1922,.F.);
#2500=ORIENTED_EDGE('',*,*,#1924,.T.);
#2501=ORIENTED_EDGE('',*,*,#1925,.T.);
#2502=ORIENTED_EDGE('',*,*,#1926,.T.);
#2503=ORIENTED_EDGE('',*,*,#1925,.F.);
#2504=ORIENTED_EDGE('',*,*,#1927,.T.);
#2505=ORIENTED_EDGE('',*,*,#1883,.T.);
#2506=ORIENTED_EDGE('',*,*,#1908,.F.);
#2507=ORIENTED_EDGE('',*,*,#1928,.F.);
#2508=ORIENTED_EDGE('',*,*,#1929,.F.);
#2509=ORIENTED_EDGE('',*,*,#1930,.F.);
#2510=ORIENTED_EDGE('',*,*,#1911,.F.);
#2511=ORIENTED_EDGE('',*,*,#1931,.T.);
#2512=ORIENTED_EDGE('',*,*,#1932,.F.);
#2513=ORIENTED_EDGE('',*,*,#1928,.T.);
#2514=ORIENTED_EDGE('',*,*,#1933,.F.);
#2515=ORIENTED_EDGE('',*,*,#1934,.F.);
#2516=ORIENTED_EDGE('',*,*,#1935,.F.);
#2517=ORIENTED_EDGE('',*,*,#1936,.F.);
#2518=ORIENTED_EDGE('',*,*,#1937,.F.);
#2519=ORIENTED_EDGE('',*,*,#1938,.F.);
#2520=ORIENTED_EDGE('',*,*,#1939,.F.);
#2521=ORIENTED_EDGE('',*,*,#1940,.F.);
#2522=ORIENTED_EDGE('',*,*,#1914,.F.);
#2523=ORIENTED_EDGE('',*,*,#1941,.F.);
#2524=ORIENTED_EDGE('',*,*,#1942,.F.);
#2525=ORIENTED_EDGE('',*,*,#1931,.F.);
#2526=ORIENTED_EDGE('',*,*,#1917,.F.);
#2527=ORIENTED_EDGE('',*,*,#1943,.T.);
#2528=ORIENTED_EDGE('',*,*,#1944,.F.);
#2529=ORIENTED_EDGE('',*,*,#1941,.T.);
#2530=ORIENTED_EDGE('',*,*,#1945,.F.);
#2531=ORIENTED_EDGE('',*,*,#1946,.F.);
#2532=ORIENTED_EDGE('',*,*,#1947,.F.);
#2533=ORIENTED_EDGE('',*,*,#1948,.F.);
#2534=ORIENTED_EDGE('',*,*,#1949,.F.);
#2535=ORIENTED_EDGE('',*,*,#1950,.F.);
#2536=ORIENTED_EDGE('',*,*,#1951,.F.);
#2537=ORIENTED_EDGE('',*,*,#1952,.F.);
#2538=ORIENTED_EDGE('',*,*,#1920,.F.);
#2539=ORIENTED_EDGE('',*,*,#1953,.F.);
#2540=ORIENTED_EDGE('',*,*,#1954,.F.);
#2541=ORIENTED_EDGE('',*,*,#1943,.F.);
#2542=ORIENTED_EDGE('',*,*,#1923,.F.);
#2543=ORIENTED_EDGE('',*,*,#1955,.T.);
#2544=ORIENTED_EDGE('',*,*,#1956,.F.);
#2545=ORIENTED_EDGE('',*,*,#1953,.T.);
#2546=ORIENTED_EDGE('',*,*,#1957,.F.);
#2547=ORIENTED_EDGE('',*,*,#1958,.F.);
#2548=ORIENTED_EDGE('',*,*,#1959,.F.);
#2549=ORIENTED_EDGE('',*,*,#1960,.F.);
#2550=ORIENTED_EDGE('',*,*,#1961,.F.);
#2551=ORIENTED_EDGE('',*,*,#1962,.F.);
#2552=ORIENTED_EDGE('',*,*,#1963,.F.);
#2553=ORIENTED_EDGE('',*,*,#1964,.F.);
#2554=ORIENTED_EDGE('',*,*,#1926,.F.);
#2555=ORIENTED_EDGE('',*,*,#1965,.F.);
#2556=ORIENTED_EDGE('',*,*,#1966,.F.);
#2557=ORIENTED_EDGE('',*,*,#1955,.F.);
#2558=ORIENTED_EDGE('',*,*,#1882,.F.);
#2559=ORIENTED_EDGE('',*,*,#1967,.T.);
#2560=ORIENTED_EDGE('',*,*,#1968,.F.);
#2561=ORIENTED_EDGE('',*,*,#1965,.T.);
#2562=ORIENTED_EDGE('',*,*,#1969,.F.);
#2563=ORIENTED_EDGE('',*,*,#1970,.F.);
#2564=ORIENTED_EDGE('',*,*,#1971,.F.);
#2565=ORIENTED_EDGE('',*,*,#1972,.F.);
#2566=ORIENTED_EDGE('',*,*,#1973,.F.);
#2567=ORIENTED_EDGE('',*,*,#1974,.F.);
#2568=ORIENTED_EDGE('',*,*,#1975,.F.);
#2569=ORIENTED_EDGE('',*,*,#1976,.F.);
#2570=ORIENTED_EDGE('',*,*,#1880,.F.);
#2571=ORIENTED_EDGE('',*,*,#1927,.F.);
#2572=ORIENTED_EDGE('',*,*,#1924,.F.);
#2573=ORIENTED_EDGE('',*,*,#1921,.F.);
#2574=ORIENTED_EDGE('',*,*,#1918,.F.);
#2575=ORIENTED_EDGE('',*,*,#1915,.F.);
#2576=ORIENTED_EDGE('',*,*,#1912,.F.);
#2577=ORIENTED_EDGE('',*,*,#1909,.F.);
#2578=ORIENTED_EDGE('',*,*,#1905,.F.);
#2579=ORIENTED_EDGE('',*,*,#1902,.F.);
#2580=ORIENTED_EDGE('',*,*,#1899,.F.);
#2581=ORIENTED_EDGE('',*,*,#1896,.F.);
#2582=ORIENTED_EDGE('',*,*,#1893,.F.);
#2583=ORIENTED_EDGE('',*,*,#1890,.F.);
#2584=ORIENTED_EDGE('',*,*,#1887,.F.);
#2585=ORIENTED_EDGE('',*,*,#1884,.F.);
#2586=ORIENTED_EDGE('',*,*,#1871,.T.);
#2587=ORIENTED_EDGE('',*,*,#1977,.T.);
#2588=ORIENTED_EDGE('',*,*,#1978,.T.);
#2589=ORIENTED_EDGE('',*,*,#1979,.T.);
#2590=ORIENTED_EDGE('',*,*,#1980,.F.);
#2591=ORIENTED_EDGE('',*,*,#1981,.T.);
#2592=ORIENTED_EDGE('',*,*,#1982,.T.);
#2593=ORIENTED_EDGE('',*,*,#1983,.T.);
#2594=ORIENTED_EDGE('',*,*,#1978,.F.);
#2595=ORIENTED_EDGE('',*,*,#1984,.T.);
#2596=ORIENTED_EDGE('',*,*,#1985,.T.);
#2597=ORIENTED_EDGE('',*,*,#1968,.T.);
#2598=ORIENTED_EDGE('',*,*,#1982,.F.);
#2599=ORIENTED_EDGE('',*,*,#1986,.T.);
#2600=ORIENTED_EDGE('',*,*,#1987,.T.);
#2601=ORIENTED_EDGE('',*,*,#1966,.T.);
#2602=ORIENTED_EDGE('',*,*,#1985,.F.);
#2603=ORIENTED_EDGE('',*,*,#1988,.T.);
#2604=ORIENTED_EDGE('',*,*,#1989,.T.);
#2605=ORIENTED_EDGE('',*,*,#1956,.T.);
#2606=ORIENTED_EDGE('',*,*,#1987,.F.);
#2607=ORIENTED_EDGE('',*,*,#1990,.T.);
#2608=ORIENTED_EDGE('',*,*,#1991,.T.);
#2609=ORIENTED_EDGE('',*,*,#1954,.T.);
#2610=ORIENTED_EDGE('',*,*,#1989,.F.);
#2611=ORIENTED_EDGE('',*,*,#1992,.T.);
#2612=ORIENTED_EDGE('',*,*,#1993,.T.);
#2613=ORIENTED_EDGE('',*,*,#1944,.T.);
#2614=ORIENTED_EDGE('',*,*,#1991,.F.);
#2615=ORIENTED_EDGE('',*,*,#1994,.T.);
#2616=ORIENTED_EDGE('',*,*,#1995,.T.);
#2617=ORIENTED_EDGE('',*,*,#1942,.T.);
#2618=ORIENTED_EDGE('',*,*,#1993,.F.);
#2619=ORIENTED_EDGE('',*,*,#1996,.T.);
#2620=ORIENTED_EDGE('',*,*,#1997,.T.);
#2621=ORIENTED_EDGE('',*,*,#1932,.T.);
#2622=ORIENTED_EDGE('',*,*,#1995,.F.);
#2623=ORIENTED_EDGE('',*,*,#1929,.T.);
#2624=ORIENTED_EDGE('',*,*,#1997,.F.);
#2625=ORIENTED_EDGE('',*,*,#1998,.T.);
#2626=ORIENTED_EDGE('',*,*,#1999,.T.);
#2627=ORIENTED_EDGE('',*,*,#2000,.T.);
#2628=ORIENTED_EDGE('',*,*,#1999,.F.);
#2629=ORIENTED_EDGE('',*,*,#2001,.T.);
#2630=ORIENTED_EDGE('',*,*,#2002,.T.);
#2631=ORIENTED_EDGE('',*,*,#2003,.T.);
#2632=ORIENTED_EDGE('',*,*,#2002,.F.);
#2633=ORIENTED_EDGE('',*,*,#2004,.T.);
#2634=ORIENTED_EDGE('',*,*,#2005,.T.);
#2635=ORIENTED_EDGE('',*,*,#2006,.T.);
#2636=ORIENTED_EDGE('',*,*,#2005,.F.);
#2637=ORIENTED_EDGE('',*,*,#2007,.T.);
#2638=ORIENTED_EDGE('',*,*,#2008,.T.);
#2639=ORIENTED_EDGE('',*,*,#2009,.T.);
#2640=ORIENTED_EDGE('',*,*,#2008,.F.);
#2641=ORIENTED_EDGE('',*,*,#2010,.T.);
#2642=ORIENTED_EDGE('',*,*,#2011,.T.);
#2643=ORIENTED_EDGE('',*,*,#2012,.T.);
#2644=ORIENTED_EDGE('',*,*,#2011,.F.);
#2645=ORIENTED_EDGE('',*,*,#2013,.T.);
#2646=ORIENTED_EDGE('',*,*,#2014,.T.);
#2647=ORIENTED_EDGE('',*,*,#2015,.T.);
#2648=ORIENTED_EDGE('',*,*,#2014,.F.);
#2649=ORIENTED_EDGE('',*,*,#2016,.T.);
#2650=ORIENTED_EDGE('',*,*,#1980,.T.);
#2651=ORIENTED_EDGE('',*,*,#1907,.F.);
#2652=ORIENTED_EDGE('',*,*,#1930,.T.);
#2653=ORIENTED_EDGE('',*,*,#2000,.F.);
#2654=ORIENTED_EDGE('',*,*,#2017,.T.);
#2655=ORIENTED_EDGE('',*,*,#2018,.F.);
#2656=ORIENTED_EDGE('',*,*,#2019,.F.);
#2657=ORIENTED_EDGE('',*,*,#2020,.F.);
#2658=ORIENTED_EDGE('',*,*,#2021,.F.);
#2659=ORIENTED_EDGE('',*,*,#2022,.F.);
#2660=ORIENTED_EDGE('',*,*,#2023,.F.);
#2661=ORIENTED_EDGE('',*,*,#2024,.F.);
#2662=ORIENTED_EDGE('',*,*,#2025,.F.);
#2663=ORIENTED_EDGE('',*,*,#1904,.F.);
#2664=ORIENTED_EDGE('',*,*,#2017,.F.);
#2665=ORIENTED_EDGE('',*,*,#2003,.F.);
#2666=ORIENTED_EDGE('',*,*,#2026,.F.);
#2667=ORIENTED_EDGE('',*,*,#1901,.F.);
#2668=ORIENTED_EDGE('',*,*,#2026,.T.);
#2669=ORIENTED_EDGE('',*,*,#2006,.F.);
#2670=ORIENTED_EDGE('',*,*,#2027,.T.);
#2671=ORIENTED_EDGE('',*,*,#2028,.F.);
#2672=ORIENTED_EDGE('',*,*,#2029,.F.);
#2673=ORIENTED_EDGE('',*,*,#2030,.F.);
#2674=ORIENTED_EDGE('',*,*,#2031,.F.);
#2675=ORIENTED_EDGE('',*,*,#2032,.F.);
#2676=ORIENTED_EDGE('',*,*,#2033,.F.);
#2677=ORIENTED_EDGE('',*,*,#2034,.F.);
#2678=ORIENTED_EDGE('',*,*,#2035,.F.);
#2679=ORIENTED_EDGE('',*,*,#1898,.F.);
#2680=ORIENTED_EDGE('',*,*,#2027,.F.);
#2681=ORIENTED_EDGE('',*,*,#2009,.F.);
#2682=ORIENTED_EDGE('',*,*,#2036,.F.);
#2683=ORIENTED_EDGE('',*,*,#1895,.F.);
#2684=ORIENTED_EDGE('',*,*,#2036,.T.);
#2685=ORIENTED_EDGE('',*,*,#2012,.F.);
#2686=ORIENTED_EDGE('',*,*,#2037,.T.);
#2687=ORIENTED_EDGE('',*,*,#2038,.F.);
#2688=ORIENTED_EDGE('',*,*,#2039,.F.);
#2689=ORIENTED_EDGE('',*,*,#2040,.F.);
#2690=ORIENTED_EDGE('',*,*,#2041,.F.);
#2691=ORIENTED_EDGE('',*,*,#2042,.F.);
#2692=ORIENTED_EDGE('',*,*,#2043,.F.);
#2693=ORIENTED_EDGE('',*,*,#2044,.F.);
#2694=ORIENTED_EDGE('',*,*,#2045,.F.);
#2695=ORIENTED_EDGE('',*,*,#1892,.F.);
#2696=ORIENTED_EDGE('',*,*,#2037,.F.);
#2697=ORIENTED_EDGE('',*,*,#2015,.F.);
#2698=ORIENTED_EDGE('',*,*,#2046,.F.);
#2699=ORIENTED_EDGE('',*,*,#1889,.F.);
#2700=ORIENTED_EDGE('',*,*,#2046,.T.);
#2701=ORIENTED_EDGE('',*,*,#1979,.F.);
#2702=ORIENTED_EDGE('',*,*,#2047,.T.);
#2703=ORIENTED_EDGE('',*,*,#2048,.F.);
#2704=ORIENTED_EDGE('',*,*,#2049,.F.);
#2705=ORIENTED_EDGE('',*,*,#2050,.F.);
#2706=ORIENTED_EDGE('',*,*,#2051,.F.);
#2707=ORIENTED_EDGE('',*,*,#2052,.F.);
#2708=ORIENTED_EDGE('',*,*,#2053,.F.);
#2709=ORIENTED_EDGE('',*,*,#2054,.F.);
#2710=ORIENTED_EDGE('',*,*,#2055,.F.);
#2711=ORIENTED_EDGE('',*,*,#1977,.F.);
#2712=ORIENTED_EDGE('',*,*,#2016,.F.);
#2713=ORIENTED_EDGE('',*,*,#2013,.F.);
#2714=ORIENTED_EDGE('',*,*,#2010,.F.);
#2715=ORIENTED_EDGE('',*,*,#2007,.F.);
#2716=ORIENTED_EDGE('',*,*,#2004,.F.);
#2717=ORIENTED_EDGE('',*,*,#2001,.F.);
#2718=ORIENTED_EDGE('',*,*,#1998,.F.);
#2719=ORIENTED_EDGE('',*,*,#1996,.F.);
#2720=ORIENTED_EDGE('',*,*,#1994,.F.);
#2721=ORIENTED_EDGE('',*,*,#1992,.F.);
#2722=ORIENTED_EDGE('',*,*,#1990,.F.);
#2723=ORIENTED_EDGE('',*,*,#1988,.F.);
#2724=ORIENTED_EDGE('',*,*,#1986,.F.);
#2725=ORIENTED_EDGE('',*,*,#1984,.F.);
#2726=ORIENTED_EDGE('',*,*,#1981,.F.);
#2727=ORIENTED_EDGE('',*,*,#1870,.T.);
#2728=ORIENTED_EDGE('',*,*,#1886,.F.);
#2729=ORIENTED_EDGE('',*,*,#2047,.F.);
#2730=ORIENTED_EDGE('',*,*,#1983,.F.);
#2731=ORIENTED_EDGE('',*,*,#1967,.F.);
#2732=ORIENTED_EDGE('',*,*,#2056,.T.);
#2733=ORIENTED_EDGE('',*,*,#1945,.T.);
#2734=ORIENTED_EDGE('',*,*,#2057,.T.);
#2735=ORIENTED_EDGE('',*,*,#2058,.T.);
#2736=ORIENTED_EDGE('',*,*,#2059,.T.);
#2737=ORIENTED_EDGE('',*,*,#2060,.T.);
#2738=ORIENTED_EDGE('',*,*,#2057,.F.);
#2739=ORIENTED_EDGE('',*,*,#1952,.T.);
#2740=ORIENTED_EDGE('',*,*,#2061,.T.);
#2741=ORIENTED_EDGE('',*,*,#2062,.T.);
#2742=ORIENTED_EDGE('',*,*,#2059,.F.);
#2743=ORIENTED_EDGE('',*,*,#1951,.T.);
#2744=ORIENTED_EDGE('',*,*,#2063,.T.);
#2745=ORIENTED_EDGE('',*,*,#2064,.T.);
#2746=ORIENTED_EDGE('',*,*,#2061,.F.);
#2747=ORIENTED_EDGE('',*,*,#1950,.T.);
#2748=ORIENTED_EDGE('',*,*,#2065,.T.);
#2749=ORIENTED_EDGE('',*,*,#2066,.T.);
#2750=ORIENTED_EDGE('',*,*,#2063,.F.);
#2751=ORIENTED_EDGE('',*,*,#1949,.T.);
#2752=ORIENTED_EDGE('',*,*,#2067,.T.);
#2753=ORIENTED_EDGE('',*,*,#2068,.T.);
#2754=ORIENTED_EDGE('',*,*,#2065,.F.);
#2755=ORIENTED_EDGE('',*,*,#1948,.T.);
#2756=ORIENTED_EDGE('',*,*,#2069,.T.);
#2757=ORIENTED_EDGE('',*,*,#2070,.T.);
#2758=ORIENTED_EDGE('',*,*,#2067,.F.);
#2759=ORIENTED_EDGE('',*,*,#1947,.T.);
#2760=ORIENTED_EDGE('',*,*,#2069,.F.);
#2761=ORIENTED_EDGE('',*,*,#1946,.T.);
#2762=ORIENTED_EDGE('',*,*,#2056,.F.);
#2763=ORIENTED_EDGE('',*,*,#2071,.T.);
#2764=ORIENTED_EDGE('',*,*,#2068,.F.);
#2765=ORIENTED_EDGE('',*,*,#2072,.F.);
#2766=ORIENTED_EDGE('',*,*,#2073,.F.);
#2767=ORIENTED_EDGE('',*,*,#2074,.F.);
#2768=ORIENTED_EDGE('',*,*,#2070,.F.);
#2769=ORIENTED_EDGE('',*,*,#2075,.T.);
#2770=ORIENTED_EDGE('',*,*,#2076,.T.);
#2771=ORIENTED_EDGE('',*,*,#2072,.T.);
#2772=ORIENTED_EDGE('',*,*,#2071,.F.);
#2773=ORIENTED_EDGE('',*,*,#2077,.F.);
#2774=ORIENTED_EDGE('',*,*,#2078,.F.);
#2775=ORIENTED_EDGE('',*,*,#2075,.F.);
#2776=ORIENTED_EDGE('',*,*,#2058,.F.);
#2777=ORIENTED_EDGE('',*,*,#2079,.T.);
#2778=ORIENTED_EDGE('',*,*,#2080,.T.);
#2779=ORIENTED_EDGE('',*,*,#2077,.T.);
#2780=ORIENTED_EDGE('',*,*,#2081,.T.);
#2781=ORIENTED_EDGE('',*,*,#1957,.T.);
#2782=ORIENTED_EDGE('',*,*,#2082,.T.);
#2783=ORIENTED_EDGE('',*,*,#2083,.T.);
#2784=ORIENTED_EDGE('',*,*,#2084,.T.);
#2785=ORIENTED_EDGE('',*,*,#2085,.T.);
#2786=ORIENTED_EDGE('',*,*,#2082,.F.);
#2787=ORIENTED_EDGE('',*,*,#1964,.T.);
#2788=ORIENTED_EDGE('',*,*,#2086,.T.);
#2789=ORIENTED_EDGE('',*,*,#2087,.T.);
#2790=ORIENTED_EDGE('',*,*,#2084,.F.);
#2791=ORIENTED_EDGE('',*,*,#1963,.T.);
#2792=ORIENTED_EDGE('',*,*,#2088,.T.);
#2793=ORIENTED_EDGE('',*,*,#2089,.T.);
#2794=ORIENTED_EDGE('',*,*,#2086,.F.);
#2795=ORIENTED_EDGE('',*,*,#1962,.T.);
#2796=ORIENTED_EDGE('',*,*,#2090,.T.);
#2797=ORIENTED_EDGE('',*,*,#2091,.T.);
#2798=ORIENTED_EDGE('',*,*,#2088,.F.);
#2799=ORIENTED_EDGE('',*,*,#1961,.T.);
#2800=ORIENTED_EDGE('',*,*,#2092,.T.);
#2801=ORIENTED_EDGE('',*,*,#2093,.T.);
#2802=ORIENTED_EDGE('',*,*,#2090,.F.);
#2803=ORIENTED_EDGE('',*,*,#1960,.T.);
#2804=ORIENTED_EDGE('',*,*,#2094,.T.);
#2805=ORIENTED_EDGE('',*,*,#2095,.T.);
#2806=ORIENTED_EDGE('',*,*,#2092,.F.);
#2807=ORIENTED_EDGE('',*,*,#1959,.T.);
#2808=ORIENTED_EDGE('',*,*,#2094,.F.);
#2809=ORIENTED_EDGE('',*,*,#1958,.T.);
#2810=ORIENTED_EDGE('',*,*,#2081,.F.);
#2811=ORIENTED_EDGE('',*,*,#2096,.T.);
#2812=ORIENTED_EDGE('',*,*,#2093,.F.);
#2813=ORIENTED_EDGE('',*,*,#2097,.F.);
#2814=ORIENTED_EDGE('',*,*,#2098,.F.);
#2815=ORIENTED_EDGE('',*,*,#2099,.F.);
#2816=ORIENTED_EDGE('',*,*,#2095,.F.);
#2817=ORIENTED_EDGE('',*,*,#2100,.T.);
#2818=ORIENTED_EDGE('',*,*,#2101,.T.);
#2819=ORIENTED_EDGE('',*,*,#2097,.T.);
#2820=ORIENTED_EDGE('',*,*,#2096,.F.);
#2821=ORIENTED_EDGE('',*,*,#2102,.F.);
#2822=ORIENTED_EDGE('',*,*,#2103,.F.);
#2823=ORIENTED_EDGE('',*,*,#2100,.F.);
#2824=ORIENTED_EDGE('',*,*,#2083,.F.);
#2825=ORIENTED_EDGE('',*,*,#2104,.T.);
#2826=ORIENTED_EDGE('',*,*,#2105,.T.);
#2827=ORIENTED_EDGE('',*,*,#2102,.T.);
#2828=ORIENTED_EDGE('',*,*,#2106,.T.);
#2829=ORIENTED_EDGE('',*,*,#1969,.T.);
#2830=ORIENTED_EDGE('',*,*,#2107,.T.);
#2831=ORIENTED_EDGE('',*,*,#2108,.T.);
#2832=ORIENTED_EDGE('',*,*,#2109,.T.);
#2833=ORIENTED_EDGE('',*,*,#2110,.T.);
#2834=ORIENTED_EDGE('',*,*,#2107,.F.);
#2835=ORIENTED_EDGE('',*,*,#1976,.T.);
#2836=ORIENTED_EDGE('',*,*,#2111,.T.);
#2837=ORIENTED_EDGE('',*,*,#2112,.T.);
#2838=ORIENTED_EDGE('',*,*,#2109,.F.);
#2839=ORIENTED_EDGE('',*,*,#1975,.T.);
#2840=ORIENTED_EDGE('',*,*,#2113,.T.);
#2841=ORIENTED_EDGE('',*,*,#2114,.T.);
#2842=ORIENTED_EDGE('',*,*,#2111,.F.);
#2843=ORIENTED_EDGE('',*,*,#1974,.T.);
#2844=ORIENTED_EDGE('',*,*,#2115,.T.);
#2845=ORIENTED_EDGE('',*,*,#2116,.T.);
#2846=ORIENTED_EDGE('',*,*,#2113,.F.);
#2847=ORIENTED_EDGE('',*,*,#1973,.T.);
#2848=ORIENTED_EDGE('',*,*,#2117,.T.);
#2849=ORIENTED_EDGE('',*,*,#2118,.T.);
#2850=ORIENTED_EDGE('',*,*,#2115,.F.);
#2851=ORIENTED_EDGE('',*,*,#1972,.T.);
#2852=ORIENTED_EDGE('',*,*,#2119,.T.);
#2853=ORIENTED_EDGE('',*,*,#2120,.T.);
#2854=ORIENTED_EDGE('',*,*,#2117,.F.);
#2855=ORIENTED_EDGE('',*,*,#1971,.T.);
#2856=ORIENTED_EDGE('',*,*,#2119,.F.);
#2857=ORIENTED_EDGE('',*,*,#1970,.T.);
#2858=ORIENTED_EDGE('',*,*,#2106,.F.);
#2859=ORIENTED_EDGE('',*,*,#2121,.T.);
#2860=ORIENTED_EDGE('',*,*,#2118,.F.);
#2861=ORIENTED_EDGE('',*,*,#2122,.F.);
#2862=ORIENTED_EDGE('',*,*,#2123,.F.);
#2863=ORIENTED_EDGE('',*,*,#2124,.F.);
#2864=ORIENTED_EDGE('',*,*,#2120,.F.);
#2865=ORIENTED_EDGE('',*,*,#2125,.T.);
#2866=ORIENTED_EDGE('',*,*,#2126,.T.);
#2867=ORIENTED_EDGE('',*,*,#2122,.T.);
#2868=ORIENTED_EDGE('',*,*,#2121,.F.);
#2869=ORIENTED_EDGE('',*,*,#2127,.F.);
#2870=ORIENTED_EDGE('',*,*,#2128,.F.);
#2871=ORIENTED_EDGE('',*,*,#2125,.F.);
#2872=ORIENTED_EDGE('',*,*,#2108,.F.);
#2873=ORIENTED_EDGE('',*,*,#2129,.T.);
#2874=ORIENTED_EDGE('',*,*,#2130,.T.);
#2875=ORIENTED_EDGE('',*,*,#2127,.T.);
#2876=ORIENTED_EDGE('',*,*,#2131,.T.);
#2877=ORIENTED_EDGE('',*,*,#2048,.T.);
#2878=ORIENTED_EDGE('',*,*,#2132,.T.);
#2879=ORIENTED_EDGE('',*,*,#2133,.T.);
#2880=ORIENTED_EDGE('',*,*,#2134,.T.);
#2881=ORIENTED_EDGE('',*,*,#2135,.T.);
#2882=ORIENTED_EDGE('',*,*,#2132,.F.);
#2883=ORIENTED_EDGE('',*,*,#2055,.T.);
#2884=ORIENTED_EDGE('',*,*,#2136,.T.);
#2885=ORIENTED_EDGE('',*,*,#2137,.T.);
#2886=ORIENTED_EDGE('',*,*,#2134,.F.);
#2887=ORIENTED_EDGE('',*,*,#2054,.T.);
#2888=ORIENTED_EDGE('',*,*,#2138,.T.);
#2889=ORIENTED_EDGE('',*,*,#2139,.T.);
#2890=ORIENTED_EDGE('',*,*,#2136,.F.);
#2891=ORIENTED_EDGE('',*,*,#2053,.T.);
#2892=ORIENTED_EDGE('',*,*,#2140,.T.);
#2893=ORIENTED_EDGE('',*,*,#2141,.T.);
#2894=ORIENTED_EDGE('',*,*,#2138,.F.);
#2895=ORIENTED_EDGE('',*,*,#2052,.T.);
#2896=ORIENTED_EDGE('',*,*,#2142,.T.);
#2897=ORIENTED_EDGE('',*,*,#2143,.T.);
#2898=ORIENTED_EDGE('',*,*,#2140,.F.);
#2899=ORIENTED_EDGE('',*,*,#2051,.T.);
#2900=ORIENTED_EDGE('',*,*,#2144,.T.);
#2901=ORIENTED_EDGE('',*,*,#2145,.T.);
#2902=ORIENTED_EDGE('',*,*,#2142,.F.);
#2903=ORIENTED_EDGE('',*,*,#2050,.T.);
#2904=ORIENTED_EDGE('',*,*,#2144,.F.);
#2905=ORIENTED_EDGE('',*,*,#2049,.T.);
#2906=ORIENTED_EDGE('',*,*,#2131,.F.);
#2907=ORIENTED_EDGE('',*,*,#2146,.T.);
#2908=ORIENTED_EDGE('',*,*,#2143,.F.);
#2909=ORIENTED_EDGE('',*,*,#2147,.F.);
#2910=ORIENTED_EDGE('',*,*,#2148,.F.);
#2911=ORIENTED_EDGE('',*,*,#2149,.F.);
#2912=ORIENTED_EDGE('',*,*,#2145,.F.);
#2913=ORIENTED_EDGE('',*,*,#2150,.T.);
#2914=ORIENTED_EDGE('',*,*,#2151,.T.);
#2915=ORIENTED_EDGE('',*,*,#2147,.T.);
#2916=ORIENTED_EDGE('',*,*,#2146,.F.);
#2917=ORIENTED_EDGE('',*,*,#2152,.F.);
#2918=ORIENTED_EDGE('',*,*,#2153,.F.);
#2919=ORIENTED_EDGE('',*,*,#2150,.F.);
#2920=ORIENTED_EDGE('',*,*,#2133,.F.);
#2921=ORIENTED_EDGE('',*,*,#2154,.T.);
#2922=ORIENTED_EDGE('',*,*,#2155,.T.);
#2923=ORIENTED_EDGE('',*,*,#2152,.T.);
#2924=ORIENTED_EDGE('',*,*,#2156,.T.);
#2925=ORIENTED_EDGE('',*,*,#2038,.T.);
#2926=ORIENTED_EDGE('',*,*,#2157,.T.);
#2927=ORIENTED_EDGE('',*,*,#2158,.T.);
#2928=ORIENTED_EDGE('',*,*,#2159,.T.);
#2929=ORIENTED_EDGE('',*,*,#2160,.T.);
#2930=ORIENTED_EDGE('',*,*,#2157,.F.);
#2931=ORIENTED_EDGE('',*,*,#2045,.T.);
#2932=ORIENTED_EDGE('',*,*,#2161,.T.);
#2933=ORIENTED_EDGE('',*,*,#2162,.T.);
#2934=ORIENTED_EDGE('',*,*,#2159,.F.);
#2935=ORIENTED_EDGE('',*,*,#2044,.T.);
#2936=ORIENTED_EDGE('',*,*,#2163,.T.);
#2937=ORIENTED_EDGE('',*,*,#2164,.T.);
#2938=ORIENTED_EDGE('',*,*,#2161,.F.);
#2939=ORIENTED_EDGE('',*,*,#2043,.T.);
#2940=ORIENTED_EDGE('',*,*,#2165,.T.);
#2941=ORIENTED_EDGE('',*,*,#2166,.T.);
#2942=ORIENTED_EDGE('',*,*,#2163,.F.);
#2943=ORIENTED_EDGE('',*,*,#2042,.T.);
#2944=ORIENTED_EDGE('',*,*,#2167,.T.);
#2945=ORIENTED_EDGE('',*,*,#2168,.T.);
#2946=ORIENTED_EDGE('',*,*,#2165,.F.);
#2947=ORIENTED_EDGE('',*,*,#2041,.T.);
#2948=ORIENTED_EDGE('',*,*,#2169,.T.);
#2949=ORIENTED_EDGE('',*,*,#2170,.T.);
#2950=ORIENTED_EDGE('',*,*,#2167,.F.);
#2951=ORIENTED_EDGE('',*,*,#2040,.T.);
#2952=ORIENTED_EDGE('',*,*,#2169,.F.);
#2953=ORIENTED_EDGE('',*,*,#2039,.T.);
#2954=ORIENTED_EDGE('',*,*,#2156,.F.);
#2955=ORIENTED_EDGE('',*,*,#2171,.T.);
#2956=ORIENTED_EDGE('',*,*,#2168,.F.);
#2957=ORIENTED_EDGE('',*,*,#2172,.F.);
#2958=ORIENTED_EDGE('',*,*,#2173,.F.);
#2959=ORIENTED_EDGE('',*,*,#2174,.F.);
#2960=ORIENTED_EDGE('',*,*,#2170,.F.);
#2961=ORIENTED_EDGE('',*,*,#2175,.T.);
#2962=ORIENTED_EDGE('',*,*,#2176,.T.);
#2963=ORIENTED_EDGE('',*,*,#2172,.T.);
#2964=ORIENTED_EDGE('',*,*,#2171,.F.);
#2965=ORIENTED_EDGE('',*,*,#2177,.F.);
#2966=ORIENTED_EDGE('',*,*,#2178,.F.);
#2967=ORIENTED_EDGE('',*,*,#2175,.F.);
#2968=ORIENTED_EDGE('',*,*,#2158,.F.);
#2969=ORIENTED_EDGE('',*,*,#2179,.T.);
#2970=ORIENTED_EDGE('',*,*,#2180,.T.);
#2971=ORIENTED_EDGE('',*,*,#2177,.T.);
#2972=ORIENTED_EDGE('',*,*,#2181,.T.);
#2973=ORIENTED_EDGE('',*,*,#2028,.T.);
#2974=ORIENTED_EDGE('',*,*,#2182,.T.);
#2975=ORIENTED_EDGE('',*,*,#2183,.T.);
#2976=ORIENTED_EDGE('',*,*,#2184,.T.);
#2977=ORIENTED_EDGE('',*,*,#2185,.T.);
#2978=ORIENTED_EDGE('',*,*,#2182,.F.);
#2979=ORIENTED_EDGE('',*,*,#2035,.T.);
#2980=ORIENTED_EDGE('',*,*,#2186,.T.);
#2981=ORIENTED_EDGE('',*,*,#2187,.T.);
#2982=ORIENTED_EDGE('',*,*,#2184,.F.);
#2983=ORIENTED_EDGE('',*,*,#2034,.T.);
#2984=ORIENTED_EDGE('',*,*,#2188,.T.);
#2985=ORIENTED_EDGE('',*,*,#2189,.T.);
#2986=ORIENTED_EDGE('',*,*,#2186,.F.);
#2987=ORIENTED_EDGE('',*,*,#2033,.T.);
#2988=ORIENTED_EDGE('',*,*,#2190,.T.);
#2989=ORIENTED_EDGE('',*,*,#2191,.T.);
#2990=ORIENTED_EDGE('',*,*,#2188,.F.);
#2991=ORIENTED_EDGE('',*,*,#2032,.T.);
#2992=ORIENTED_EDGE('',*,*,#2192,.T.);
#2993=ORIENTED_EDGE('',*,*,#2193,.T.);
#2994=ORIENTED_EDGE('',*,*,#2190,.F.);
#2995=ORIENTED_EDGE('',*,*,#2031,.T.);
#2996=ORIENTED_EDGE('',*,*,#2194,.T.);
#2997=ORIENTED_EDGE('',*,*,#2195,.T.);
#2998=ORIENTED_EDGE('',*,*,#2192,.F.);
#2999=ORIENTED_EDGE('',*,*,#2030,.T.);
#3000=ORIENTED_EDGE('',*,*,#2194,.F.);
#3001=ORIENTED_EDGE('',*,*,#2029,.T.);
#3002=ORIENTED_EDGE('',*,*,#2181,.F.);
#3003=ORIENTED_EDGE('',*,*,#2196,.T.);
#3004=ORIENTED_EDGE('',*,*,#2193,.F.);
#3005=ORIENTED_EDGE('',*,*,#2197,.F.);
#3006=ORIENTED_EDGE('',*,*,#2198,.F.);
#3007=ORIENTED_EDGE('',*,*,#2199,.F.);
#3008=ORIENTED_EDGE('',*,*,#2195,.F.);
#3009=ORIENTED_EDGE('',*,*,#2200,.T.);
#3010=ORIENTED_EDGE('',*,*,#2201,.T.);
#3011=ORIENTED_EDGE('',*,*,#2197,.T.);
#3012=ORIENTED_EDGE('',*,*,#2196,.F.);
#3013=ORIENTED_EDGE('',*,*,#2202,.F.);
#3014=ORIENTED_EDGE('',*,*,#2203,.F.);
#3015=ORIENTED_EDGE('',*,*,#2200,.F.);
#3016=ORIENTED_EDGE('',*,*,#2183,.F.);
#3017=ORIENTED_EDGE('',*,*,#2204,.T.);
#3018=ORIENTED_EDGE('',*,*,#2205,.T.);
#3019=ORIENTED_EDGE('',*,*,#2202,.T.);
#3020=ORIENTED_EDGE('',*,*,#2206,.T.);
#3021=ORIENTED_EDGE('',*,*,#2018,.T.);
#3022=ORIENTED_EDGE('',*,*,#2207,.T.);
#3023=ORIENTED_EDGE('',*,*,#2208,.T.);
#3024=ORIENTED_EDGE('',*,*,#2209,.T.);
#3025=ORIENTED_EDGE('',*,*,#2210,.T.);
#3026=ORIENTED_EDGE('',*,*,#2207,.F.);
#3027=ORIENTED_EDGE('',*,*,#2025,.T.);
#3028=ORIENTED_EDGE('',*,*,#2211,.T.);
#3029=ORIENTED_EDGE('',*,*,#2212,.T.);
#3030=ORIENTED_EDGE('',*,*,#2209,.F.);
#3031=ORIENTED_EDGE('',*,*,#2024,.T.);
#3032=ORIENTED_EDGE('',*,*,#2213,.T.);
#3033=ORIENTED_EDGE('',*,*,#2214,.T.);
#3034=ORIENTED_EDGE('',*,*,#2211,.F.);
#3035=ORIENTED_EDGE('',*,*,#2023,.T.);
#3036=ORIENTED_EDGE('',*,*,#2215,.T.);
#3037=ORIENTED_EDGE('',*,*,#2216,.T.);
#3038=ORIENTED_EDGE('',*,*,#2213,.F.);
#3039=ORIENTED_EDGE('',*,*,#2022,.T.);
#3040=ORIENTED_EDGE('',*,*,#2217,.T.);
#3041=ORIENTED_EDGE('',*,*,#2218,.T.);
#3042=ORIENTED_EDGE('',*,*,#2215,.F.);
#3043=ORIENTED_EDGE('',*,*,#2021,.T.);
#3044=ORIENTED_EDGE('',*,*,#2219,.T.);
#3045=ORIENTED_EDGE('',*,*,#2220,.T.);
#3046=ORIENTED_EDGE('',*,*,#2217,.F.);
#3047=ORIENTED_EDGE('',*,*,#2020,.T.);
#3048=ORIENTED_EDGE('',*,*,#2219,.F.);
#3049=ORIENTED_EDGE('',*,*,#2019,.T.);
#3050=ORIENTED_EDGE('',*,*,#2206,.F.);
#3051=ORIENTED_EDGE('',*,*,#2221,.T.);
#3052=ORIENTED_EDGE('',*,*,#2218,.F.);
#3053=ORIENTED_EDGE('',*,*,#2222,.F.);
#3054=ORIENTED_EDGE('',*,*,#2223,.F.);
#3055=ORIENTED_EDGE('',*,*,#2224,.F.);
#3056=ORIENTED_EDGE('',*,*,#2220,.F.);
#3057=ORIENTED_EDGE('',*,*,#2225,.T.);
#3058=ORIENTED_EDGE('',*,*,#2226,.T.);
#3059=ORIENTED_EDGE('',*,*,#2222,.T.);
#3060=ORIENTED_EDGE('',*,*,#2221,.F.);
#3061=ORIENTED_EDGE('',*,*,#2227,.F.);
#3062=ORIENTED_EDGE('',*,*,#2228,.F.);
#3063=ORIENTED_EDGE('',*,*,#2225,.F.);
#3064=ORIENTED_EDGE('',*,*,#2208,.F.);
#3065=ORIENTED_EDGE('',*,*,#2229,.T.);
#3066=ORIENTED_EDGE('',*,*,#2230,.T.);
#3067=ORIENTED_EDGE('',*,*,#2227,.T.);
#3068=ORIENTED_EDGE('',*,*,#2231,.T.);
#3069=ORIENTED_EDGE('',*,*,#1933,.T.);
#3070=ORIENTED_EDGE('',*,*,#2232,.T.);
#3071=ORIENTED_EDGE('',*,*,#2233,.T.);
#3072=ORIENTED_EDGE('',*,*,#2234,.T.);
#3073=ORIENTED_EDGE('',*,*,#2235,.T.);
#3074=ORIENTED_EDGE('',*,*,#2232,.F.);
#3075=ORIENTED_EDGE('',*,*,#1940,.T.);
#3076=ORIENTED_EDGE('',*,*,#2236,.T.);
#3077=ORIENTED_EDGE('',*,*,#2237,.T.);
#3078=ORIENTED_EDGE('',*,*,#2234,.F.);
#3079=ORIENTED_EDGE('',*,*,#1939,.T.);
#3080=ORIENTED_EDGE('',*,*,#2238,.T.);
#3081=ORIENTED_EDGE('',*,*,#2239,.T.);
#3082=ORIENTED_EDGE('',*,*,#2236,.F.);
#3083=ORIENTED_EDGE('',*,*,#1938,.T.);
#3084=ORIENTED_EDGE('',*,*,#2240,.T.);
#3085=ORIENTED_EDGE('',*,*,#2241,.T.);
#3086=ORIENTED_EDGE('',*,*,#2238,.F.);
#3087=ORIENTED_EDGE('',*,*,#1937,.T.);
#3088=ORIENTED_EDGE('',*,*,#2242,.T.);
#3089=ORIENTED_EDGE('',*,*,#2243,.T.);
#3090=ORIENTED_EDGE('',*,*,#2240,.F.);
#3091=ORIENTED_EDGE('',*,*,#1936,.T.);
#3092=ORIENTED_EDGE('',*,*,#2244,.T.);
#3093=ORIENTED_EDGE('',*,*,#2245,.T.);
#3094=ORIENTED_EDGE('',*,*,#2242,.F.);
#3095=ORIENTED_EDGE('',*,*,#1935,.T.);
#3096=ORIENTED_EDGE('',*,*,#2244,.F.);
#3097=ORIENTED_EDGE('',*,*,#1934,.T.);
#3098=ORIENTED_EDGE('',*,*,#2231,.F.);
#3099=ORIENTED_EDGE('',*,*,#2246,.T.);
#3100=ORIENTED_EDGE('',*,*,#2243,.F.);
#3101=ORIENTED_EDGE('',*,*,#2247,.F.);
#3102=ORIENTED_EDGE('',*,*,#2248,.F.);
#3103=ORIENTED_EDGE('',*,*,#2249,.F.);
#3104=ORIENTED_EDGE('',*,*,#2245,.F.);
#3105=ORIENTED_EDGE('',*,*,#2250,.T.);
#3106=ORIENTED_EDGE('',*,*,#2251,.T.);
#3107=ORIENTED_EDGE('',*,*,#2247,.T.);
#3108=ORIENTED_EDGE('',*,*,#2246,.F.);
#3109=ORIENTED_EDGE('',*,*,#2252,.F.);
#3110=ORIENTED_EDGE('',*,*,#2253,.F.);
#3111=ORIENTED_EDGE('',*,*,#2250,.F.);
#3112=ORIENTED_EDGE('',*,*,#2233,.F.);
#3113=ORIENTED_EDGE('',*,*,#2254,.T.);
#3114=ORIENTED_EDGE('',*,*,#2255,.T.);
#3115=ORIENTED_EDGE('',*,*,#2252,.T.);
#3116=ORIENTED_EDGE('',*,*,#2256,.F.);
#3117=ORIENTED_EDGE('',*,*,#2257,.F.);
#3118=ORIENTED_EDGE('',*,*,#2226,.F.);
#3119=ORIENTED_EDGE('',*,*,#2258,.F.);
#3120=ORIENTED_EDGE('',*,*,#2259,.F.);
#3121=ORIENTED_EDGE('',*,*,#2260,.F.);
#3122=ORIENTED_EDGE('',*,*,#2216,.F.);
#3123=ORIENTED_EDGE('',*,*,#2224,.T.);
#3124=ORIENTED_EDGE('',*,*,#2259,.T.);
#3125=ORIENTED_EDGE('',*,*,#2261,.T.);
#3126=ORIENTED_EDGE('',*,*,#2257,.T.);
#3127=ORIENTED_EDGE('',*,*,#2262,.T.);
#3128=ORIENTED_EDGE('',*,*,#2260,.T.);
#3129=ORIENTED_EDGE('',*,*,#2223,.T.);
#3130=ORIENTED_EDGE('',*,*,#2263,.F.);
#3131=ORIENTED_EDGE('',*,*,#2264,.F.);
#3132=ORIENTED_EDGE('',*,*,#2230,.F.);
#3133=ORIENTED_EDGE('',*,*,#2256,.T.);
#3134=ORIENTED_EDGE('',*,*,#2228,.T.);
#3135=ORIENTED_EDGE('',*,*,#2264,.T.);
#3136=ORIENTED_EDGE('',*,*,#2265,.T.);
#3137=ORIENTED_EDGE('',*,*,#2266,.F.);
#3138=ORIENTED_EDGE('',*,*,#2267,.F.);
#3139=ORIENTED_EDGE('',*,*,#2268,.F.);
#3140=ORIENTED_EDGE('',*,*,#2258,.T.);
#3141=ORIENTED_EDGE('',*,*,#2269,.T.);
#3142=ORIENTED_EDGE('',*,*,#2267,.T.);
#3143=ORIENTED_EDGE('',*,*,#2270,.T.);
#3144=ORIENTED_EDGE('',*,*,#2268,.T.);
#3145=ORIENTED_EDGE('',*,*,#2271,.T.);
#3146=ORIENTED_EDGE('',*,*,#2263,.T.);
#3147=ORIENTED_EDGE('',*,*,#2272,.T.);
#3148=ORIENTED_EDGE('',*,*,#2212,.F.);
#3149=ORIENTED_EDGE('',*,*,#2273,.T.);
#3150=ORIENTED_EDGE('',*,*,#2266,.T.);
#3151=ORIENTED_EDGE('',*,*,#2274,.T.);
#3152=ORIENTED_EDGE('',*,*,#2210,.F.);
#3153=ORIENTED_EDGE('',*,*,#2274,.F.);
#3154=ORIENTED_EDGE('',*,*,#2272,.F.);
#3155=ORIENTED_EDGE('',*,*,#2229,.F.);
#3156=ORIENTED_EDGE('',*,*,#2262,.F.);
#3157=ORIENTED_EDGE('',*,*,#2265,.F.);
#3158=ORIENTED_EDGE('',*,*,#2271,.F.);
#3159=ORIENTED_EDGE('',*,*,#2269,.F.);
#3160=ORIENTED_EDGE('',*,*,#2275,.F.);
#3161=ORIENTED_EDGE('',*,*,#2276,.F.);
#3162=ORIENTED_EDGE('',*,*,#2201,.F.);
#3163=ORIENTED_EDGE('',*,*,#2277,.F.);
#3164=ORIENTED_EDGE('',*,*,#2278,.F.);
#3165=ORIENTED_EDGE('',*,*,#2279,.F.);
#3166=ORIENTED_EDGE('',*,*,#2191,.F.);
#3167=ORIENTED_EDGE('',*,*,#2199,.T.);
#3168=ORIENTED_EDGE('',*,*,#2278,.T.);
#3169=ORIENTED_EDGE('',*,*,#2280,.T.);
#3170=ORIENTED_EDGE('',*,*,#2276,.T.);
#3171=ORIENTED_EDGE('',*,*,#2281,.T.);
#3172=ORIENTED_EDGE('',*,*,#2279,.T.);
#3173=ORIENTED_EDGE('',*,*,#2198,.T.);
#3174=ORIENTED_EDGE('',*,*,#2282,.F.);
#3175=ORIENTED_EDGE('',*,*,#2283,.F.);
#3176=ORIENTED_EDGE('',*,*,#2205,.F.);
#3177=ORIENTED_EDGE('',*,*,#2275,.T.);
#3178=ORIENTED_EDGE('',*,*,#2203,.T.);
#3179=ORIENTED_EDGE('',*,*,#2283,.T.);
#3180=ORIENTED_EDGE('',*,*,#2284,.T.);
#3181=ORIENTED_EDGE('',*,*,#2285,.F.);
#3182=ORIENTED_EDGE('',*,*,#2286,.F.);
#3183=ORIENTED_EDGE('',*,*,#2287,.F.);
#3184=ORIENTED_EDGE('',*,*,#2277,.T.);
#3185=ORIENTED_EDGE('',*,*,#2288,.T.);
#3186=ORIENTED_EDGE('',*,*,#2286,.T.);
#3187=ORIENTED_EDGE('',*,*,#2289,.T.);
#3188=ORIENTED_EDGE('',*,*,#2287,.T.);
#3189=ORIENTED_EDGE('',*,*,#2290,.T.);
#3190=ORIENTED_EDGE('',*,*,#2282,.T.);
#3191=ORIENTED_EDGE('',*,*,#2291,.T.);
#3192=ORIENTED_EDGE('',*,*,#2187,.F.);
#3193=ORIENTED_EDGE('',*,*,#2292,.T.);
#3194=ORIENTED_EDGE('',*,*,#2285,.T.);
#3195=ORIENTED_EDGE('',*,*,#2293,.T.);
#3196=ORIENTED_EDGE('',*,*,#2185,.F.);
#3197=ORIENTED_EDGE('',*,*,#2293,.F.);
#3198=ORIENTED_EDGE('',*,*,#2291,.F.);
#3199=ORIENTED_EDGE('',*,*,#2204,.F.);
#3200=ORIENTED_EDGE('',*,*,#2281,.F.);
#3201=ORIENTED_EDGE('',*,*,#2284,.F.);
#3202=ORIENTED_EDGE('',*,*,#2290,.F.);
#3203=ORIENTED_EDGE('',*,*,#2288,.F.);
#3204=ORIENTED_EDGE('',*,*,#2294,.F.);
#3205=ORIENTED_EDGE('',*,*,#2295,.F.);
#3206=ORIENTED_EDGE('',*,*,#2296,.F.);
#3207=ORIENTED_EDGE('',*,*,#2297,.F.);
#3208=ORIENTED_EDGE('',*,*,#2298,.F.);
#3209=ORIENTED_EDGE('',*,*,#2299,.F.);
#3210=ORIENTED_EDGE('',*,*,#2162,.F.);
#3211=ORIENTED_EDGE('',*,*,#2300,.T.);
#3212=ORIENTED_EDGE('',*,*,#2298,.T.);
#3213=ORIENTED_EDGE('',*,*,#2301,.T.);
#3214=ORIENTED_EDGE('',*,*,#2295,.T.);
#3215=ORIENTED_EDGE('',*,*,#2302,.T.);
#3216=ORIENTED_EDGE('',*,*,#2299,.T.);
#3217=ORIENTED_EDGE('',*,*,#2303,.T.);
#3218=ORIENTED_EDGE('',*,*,#2304,.F.);
#3219=ORIENTED_EDGE('',*,*,#2305,.F.);
#3220=ORIENTED_EDGE('',*,*,#2176,.F.);
#3221=ORIENTED_EDGE('',*,*,#2294,.T.);
#3222=ORIENTED_EDGE('',*,*,#2173,.T.);
#3223=ORIENTED_EDGE('',*,*,#2305,.T.);
#3224=ORIENTED_EDGE('',*,*,#2306,.T.);
#3225=ORIENTED_EDGE('',*,*,#2180,.F.);
#3226=ORIENTED_EDGE('',*,*,#2307,.F.);
#3227=ORIENTED_EDGE('',*,*,#2308,.F.);
#3228=ORIENTED_EDGE('',*,*,#2297,.T.);
#3229=ORIENTED_EDGE('',*,*,#2309,.T.);
#3230=ORIENTED_EDGE('',*,*,#2307,.T.);
#3231=ORIENTED_EDGE('',*,*,#2310,.T.);
#3232=ORIENTED_EDGE('',*,*,#2308,.T.);
#3233=ORIENTED_EDGE('',*,*,#2311,.T.);
#3234=ORIENTED_EDGE('',*,*,#2304,.T.);
#3235=ORIENTED_EDGE('',*,*,#2178,.T.);
#3236=ORIENTED_EDGE('',*,*,#2166,.F.);
#3237=ORIENTED_EDGE('',*,*,#2174,.T.);
#3238=ORIENTED_EDGE('',*,*,#2296,.T.);
#3239=ORIENTED_EDGE('',*,*,#2312,.T.);
#3240=ORIENTED_EDGE('',*,*,#2302,.F.);
#3241=ORIENTED_EDGE('',*,*,#2306,.F.);
#3242=ORIENTED_EDGE('',*,*,#2311,.F.);
#3243=ORIENTED_EDGE('',*,*,#2309,.F.);
#3244=ORIENTED_EDGE('',*,*,#2313,.F.);
#3245=ORIENTED_EDGE('',*,*,#2314,.F.);
#3246=ORIENTED_EDGE('',*,*,#2315,.F.);
#3247=ORIENTED_EDGE('',*,*,#2316,.F.);
#3248=ORIENTED_EDGE('',*,*,#2317,.F.);
#3249=ORIENTED_EDGE('',*,*,#2318,.F.);
#3250=ORIENTED_EDGE('',*,*,#2137,.F.);
#3251=ORIENTED_EDGE('',*,*,#2319,.T.);
#3252=ORIENTED_EDGE('',*,*,#2317,.T.);
#3253=ORIENTED_EDGE('',*,*,#2320,.T.);
#3254=ORIENTED_EDGE('',*,*,#2314,.T.);
#3255=ORIENTED_EDGE('',*,*,#2321,.T.);
#3256=ORIENTED_EDGE('',*,*,#2318,.T.);
#3257=ORIENTED_EDGE('',*,*,#2322,.T.);
#3258=ORIENTED_EDGE('',*,*,#2323,.F.);
#3259=ORIENTED_EDGE('',*,*,#2324,.F.);
#3260=ORIENTED_EDGE('',*,*,#2151,.F.);
#3261=ORIENTED_EDGE('',*,*,#2313,.T.);
#3262=ORIENTED_EDGE('',*,*,#2148,.T.);
#3263=ORIENTED_EDGE('',*,*,#2324,.T.);
#3264=ORIENTED_EDGE('',*,*,#2325,.T.);
#3265=ORIENTED_EDGE('',*,*,#2155,.F.);
#3266=ORIENTED_EDGE('',*,*,#2326,.F.);
#3267=ORIENTED_EDGE('',*,*,#2327,.F.);
#3268=ORIENTED_EDGE('',*,*,#2316,.T.);
#3269=ORIENTED_EDGE('',*,*,#2328,.T.);
#3270=ORIENTED_EDGE('',*,*,#2326,.T.);
#3271=ORIENTED_EDGE('',*,*,#2329,.T.);
#3272=ORIENTED_EDGE('',*,*,#2327,.T.);
#3273=ORIENTED_EDGE('',*,*,#2330,.T.);
#3274=ORIENTED_EDGE('',*,*,#2323,.T.);
#3275=ORIENTED_EDGE('',*,*,#2153,.T.);
#3276=ORIENTED_EDGE('',*,*,#2141,.F.);
#3277=ORIENTED_EDGE('',*,*,#2149,.T.);
#3278=ORIENTED_EDGE('',*,*,#2315,.T.);
#3279=ORIENTED_EDGE('',*,*,#2331,.T.);
#3280=ORIENTED_EDGE('',*,*,#2321,.F.);
#3281=ORIENTED_EDGE('',*,*,#2325,.F.);
#3282=ORIENTED_EDGE('',*,*,#2330,.F.);
#3283=ORIENTED_EDGE('',*,*,#2328,.F.);
#3284=ORIENTED_EDGE('',*,*,#2332,.F.);
#3285=ORIENTED_EDGE('',*,*,#2333,.F.);
#3286=ORIENTED_EDGE('',*,*,#2334,.F.);
#3287=ORIENTED_EDGE('',*,*,#2335,.F.);
#3288=ORIENTED_EDGE('',*,*,#2130,.F.);
#3289=ORIENTED_EDGE('',*,*,#2336,.F.);
#3290=ORIENTED_EDGE('',*,*,#2333,.T.);
#3291=ORIENTED_EDGE('',*,*,#2337,.T.);
#3292=ORIENTED_EDGE('',*,*,#2336,.T.);
#3293=ORIENTED_EDGE('',*,*,#2338,.T.);
#3294=ORIENTED_EDGE('',*,*,#2339,.F.);
#3295=ORIENTED_EDGE('',*,*,#2340,.F.);
#3296=ORIENTED_EDGE('',*,*,#2341,.F.);
#3297=ORIENTED_EDGE('',*,*,#2332,.T.);
#3298=ORIENTED_EDGE('',*,*,#2342,.T.);
#3299=ORIENTED_EDGE('',*,*,#2340,.T.);
#3300=ORIENTED_EDGE('',*,*,#2343,.T.);
#3301=ORIENTED_EDGE('',*,*,#2116,.F.);
#3302=ORIENTED_EDGE('',*,*,#2124,.T.);
#3303=ORIENTED_EDGE('',*,*,#2341,.T.);
#3304=ORIENTED_EDGE('',*,*,#2344,.T.);
#3305=ORIENTED_EDGE('',*,*,#2126,.F.);
#3306=ORIENTED_EDGE('',*,*,#2345,.F.);
#3307=ORIENTED_EDGE('',*,*,#2346,.F.);
#3308=ORIENTED_EDGE('',*,*,#2335,.T.);
#3309=ORIENTED_EDGE('',*,*,#2347,.T.);
#3310=ORIENTED_EDGE('',*,*,#2345,.T.);
#3311=ORIENTED_EDGE('',*,*,#2128,.T.);
#3312=ORIENTED_EDGE('',*,*,#2346,.T.);
#3313=ORIENTED_EDGE('',*,*,#2348,.T.);
#3314=ORIENTED_EDGE('',*,*,#2339,.T.);
#3315=ORIENTED_EDGE('',*,*,#2123,.T.);
#3316=ORIENTED_EDGE('',*,*,#2112,.F.);
#3317=ORIENTED_EDGE('',*,*,#2349,.T.);
#3318=ORIENTED_EDGE('',*,*,#2334,.T.);
#3319=ORIENTED_EDGE('',*,*,#2350,.T.);
#3320=ORIENTED_EDGE('',*,*,#2114,.F.);
#3321=ORIENTED_EDGE('',*,*,#2344,.F.);
#3322=ORIENTED_EDGE('',*,*,#2342,.F.);
#3323=ORIENTED_EDGE('',*,*,#2349,.F.);
#3324=ORIENTED_EDGE('',*,*,#2337,.F.);
#3325=ORIENTED_EDGE('',*,*,#2343,.F.);
#3326=ORIENTED_EDGE('',*,*,#2348,.F.);
#3327=ORIENTED_EDGE('',*,*,#2347,.F.);
#3328=ORIENTED_EDGE('',*,*,#2351,.F.);
#3329=ORIENTED_EDGE('',*,*,#2352,.F.);
#3330=ORIENTED_EDGE('',*,*,#2353,.F.);
#3331=ORIENTED_EDGE('',*,*,#2354,.F.);
#3332=ORIENTED_EDGE('',*,*,#2105,.F.);
#3333=ORIENTED_EDGE('',*,*,#2355,.F.);
#3334=ORIENTED_EDGE('',*,*,#2352,.T.);
#3335=ORIENTED_EDGE('',*,*,#2356,.T.);
#3336=ORIENTED_EDGE('',*,*,#2355,.T.);
#3337=ORIENTED_EDGE('',*,*,#2357,.T.);
#3338=ORIENTED_EDGE('',*,*,#2358,.F.);
#3339=ORIENTED_EDGE('',*,*,#2359,.F.);
#3340=ORIENTED_EDGE('',*,*,#2360,.F.);
#3341=ORIENTED_EDGE('',*,*,#2351,.T.);
#3342=ORIENTED_EDGE('',*,*,#2361,.T.);
#3343=ORIENTED_EDGE('',*,*,#2359,.T.);
#3344=ORIENTED_EDGE('',*,*,#2362,.T.);
#3345=ORIENTED_EDGE('',*,*,#2091,.F.);
#3346=ORIENTED_EDGE('',*,*,#2099,.T.);
#3347=ORIENTED_EDGE('',*,*,#2360,.T.);
#3348=ORIENTED_EDGE('',*,*,#2363,.T.);
#3349=ORIENTED_EDGE('',*,*,#2101,.F.);
#3350=ORIENTED_EDGE('',*,*,#2364,.F.);
#3351=ORIENTED_EDGE('',*,*,#2365,.F.);
#3352=ORIENTED_EDGE('',*,*,#2354,.T.);
#3353=ORIENTED_EDGE('',*,*,#2366,.T.);
#3354=ORIENTED_EDGE('',*,*,#2364,.T.);
#3355=ORIENTED_EDGE('',*,*,#2103,.T.);
#3356=ORIENTED_EDGE('',*,*,#2365,.T.);
#3357=ORIENTED_EDGE('',*,*,#2367,.T.);
#3358=ORIENTED_EDGE('',*,*,#2358,.T.);
#3359=ORIENTED_EDGE('',*,*,#2098,.T.);
#3360=ORIENTED_EDGE('',*,*,#2087,.F.);
#3361=ORIENTED_EDGE('',*,*,#2368,.T.);
#3362=ORIENTED_EDGE('',*,*,#2353,.T.);
#3363=ORIENTED_EDGE('',*,*,#2369,.T.);
#3364=ORIENTED_EDGE('',*,*,#2089,.F.);
#3365=ORIENTED_EDGE('',*,*,#2363,.F.);
#3366=ORIENTED_EDGE('',*,*,#2361,.F.);
#3367=ORIENTED_EDGE('',*,*,#2368,.F.);
#3368=ORIENTED_EDGE('',*,*,#2356,.F.);
#3369=ORIENTED_EDGE('',*,*,#2362,.F.);
#3370=ORIENTED_EDGE('',*,*,#2367,.F.);
#3371=ORIENTED_EDGE('',*,*,#2366,.F.);
#3372=ORIENTED_EDGE('',*,*,#2370,.F.);
#3373=ORIENTED_EDGE('',*,*,#2371,.F.);
#3374=ORIENTED_EDGE('',*,*,#2372,.F.);
#3375=ORIENTED_EDGE('',*,*,#2373,.F.);
#3376=ORIENTED_EDGE('',*,*,#2080,.F.);
#3377=ORIENTED_EDGE('',*,*,#2374,.F.);
#3378=ORIENTED_EDGE('',*,*,#2371,.T.);
#3379=ORIENTED_EDGE('',*,*,#2375,.T.);
#3380=ORIENTED_EDGE('',*,*,#2374,.T.);
#3381=ORIENTED_EDGE('',*,*,#2376,.T.);
#3382=ORIENTED_EDGE('',*,*,#2377,.F.);
#3383=ORIENTED_EDGE('',*,*,#2378,.F.);
#3384=ORIENTED_EDGE('',*,*,#2379,.F.);
#3385=ORIENTED_EDGE('',*,*,#2370,.T.);
#3386=ORIENTED_EDGE('',*,*,#2380,.T.);
#3387=ORIENTED_EDGE('',*,*,#2378,.T.);
#3388=ORIENTED_EDGE('',*,*,#2381,.T.);
#3389=ORIENTED_EDGE('',*,*,#2066,.F.);
#3390=ORIENTED_EDGE('',*,*,#2074,.T.);
#3391=ORIENTED_EDGE('',*,*,#2379,.T.);
#3392=ORIENTED_EDGE('',*,*,#2382,.T.);
#3393=ORIENTED_EDGE('',*,*,#2076,.F.);
#3394=ORIENTED_EDGE('',*,*,#2383,.F.);
#3395=ORIENTED_EDGE('',*,*,#2384,.F.);
#3396=ORIENTED_EDGE('',*,*,#2373,.T.);
#3397=ORIENTED_EDGE('',*,*,#2385,.T.);
#3398=ORIENTED_EDGE('',*,*,#2383,.T.);
#3399=ORIENTED_EDGE('',*,*,#2078,.T.);
#3400=ORIENTED_EDGE('',*,*,#2384,.T.);
#3401=ORIENTED_EDGE('',*,*,#2386,.T.);
#3402=ORIENTED_EDGE('',*,*,#2377,.T.);
#3403=ORIENTED_EDGE('',*,*,#2073,.T.);
#3404=ORIENTED_EDGE('',*,*,#2062,.F.);
#3405=ORIENTED_EDGE('',*,*,#2387,.T.);
#3406=ORIENTED_EDGE('',*,*,#2372,.T.);
#3407=ORIENTED_EDGE('',*,*,#2388,.T.);
#3408=ORIENTED_EDGE('',*,*,#2064,.F.);
#3409=ORIENTED_EDGE('',*,*,#2382,.F.);
#3410=ORIENTED_EDGE('',*,*,#2380,.F.);
#3411=ORIENTED_EDGE('',*,*,#2387,.F.);
#3412=ORIENTED_EDGE('',*,*,#2375,.F.);
#3413=ORIENTED_EDGE('',*,*,#2381,.F.);
#3414=ORIENTED_EDGE('',*,*,#2386,.F.);
#3415=ORIENTED_EDGE('',*,*,#2385,.F.);
#3416=ORIENTED_EDGE('',*,*,#2164,.F.);
#3417=ORIENTED_EDGE('',*,*,#2312,.F.);
#3418=ORIENTED_EDGE('',*,*,#2303,.F.);
#3419=ORIENTED_EDGE('',*,*,#2300,.F.);
#3420=ORIENTED_EDGE('',*,*,#2139,.F.);
#3421=ORIENTED_EDGE('',*,*,#2331,.F.);
#3422=ORIENTED_EDGE('',*,*,#2322,.F.);
#3423=ORIENTED_EDGE('',*,*,#2319,.F.);
#3424=ORIENTED_EDGE('',*,*,#2110,.F.);
#3425=ORIENTED_EDGE('',*,*,#2350,.F.);
#3426=ORIENTED_EDGE('',*,*,#2338,.F.);
#3427=ORIENTED_EDGE('',*,*,#2129,.F.);
#3428=ORIENTED_EDGE('',*,*,#2085,.F.);
#3429=ORIENTED_EDGE('',*,*,#2369,.F.);
#3430=ORIENTED_EDGE('',*,*,#2357,.F.);
#3431=ORIENTED_EDGE('',*,*,#2104,.F.);
#3432=ORIENTED_EDGE('',*,*,#2060,.F.);
#3433=ORIENTED_EDGE('',*,*,#2388,.F.);
#3434=ORIENTED_EDGE('',*,*,#2376,.F.);
#3435=ORIENTED_EDGE('',*,*,#2079,.F.);
#3436=ORIENTED_EDGE('',*,*,#2214,.F.);
#3437=ORIENTED_EDGE('',*,*,#2261,.F.);
#3438=ORIENTED_EDGE('',*,*,#2270,.F.);
#3439=ORIENTED_EDGE('',*,*,#2273,.F.);
#3440=ORIENTED_EDGE('',*,*,#2189,.F.);
#3441=ORIENTED_EDGE('',*,*,#2280,.F.);
#3442=ORIENTED_EDGE('',*,*,#2289,.F.);
#3443=ORIENTED_EDGE('',*,*,#2292,.F.);
#3444=ORIENTED_EDGE('',*,*,#2160,.F.);
#3445=ORIENTED_EDGE('',*,*,#2301,.F.);
#3446=ORIENTED_EDGE('',*,*,#2310,.F.);
#3447=ORIENTED_EDGE('',*,*,#2179,.F.);
#3448=ORIENTED_EDGE('',*,*,#2135,.F.);
#3449=ORIENTED_EDGE('',*,*,#2320,.F.);
#3450=ORIENTED_EDGE('',*,*,#2329,.F.);
#3451=ORIENTED_EDGE('',*,*,#2154,.F.);
#3452=ORIENTED_EDGE('',*,*,#2389,.F.);
#3453=ORIENTED_EDGE('',*,*,#2390,.F.);
#3454=ORIENTED_EDGE('',*,*,#2391,.F.);
#3455=ORIENTED_EDGE('',*,*,#2392,.F.);
#3456=ORIENTED_EDGE('',*,*,#2393,.F.);
#3457=ORIENTED_EDGE('',*,*,#2394,.F.);
#3458=ORIENTED_EDGE('',*,*,#2390,.T.);
#3459=ORIENTED_EDGE('',*,*,#2395,.T.);
#3460=ORIENTED_EDGE('',*,*,#2393,.T.);
#3461=ORIENTED_EDGE('',*,*,#2396,.T.);
#3462=ORIENTED_EDGE('',*,*,#2397,.F.);
#3463=ORIENTED_EDGE('',*,*,#2398,.F.);
#3464=ORIENTED_EDGE('',*,*,#2251,.F.);
#3465=ORIENTED_EDGE('',*,*,#2389,.T.);
#3466=ORIENTED_EDGE('',*,*,#2248,.T.);
#3467=ORIENTED_EDGE('',*,*,#2398,.T.);
#3468=ORIENTED_EDGE('',*,*,#2399,.T.);
#3469=ORIENTED_EDGE('',*,*,#2255,.F.);
#3470=ORIENTED_EDGE('',*,*,#2400,.F.);
#3471=ORIENTED_EDGE('',*,*,#2401,.F.);
#3472=ORIENTED_EDGE('',*,*,#2394,.T.);
#3473=ORIENTED_EDGE('',*,*,#2402,.T.);
#3474=ORIENTED_EDGE('',*,*,#2400,.T.);
#3475=ORIENTED_EDGE('',*,*,#2403,.T.);
#3476=ORIENTED_EDGE('',*,*,#2401,.T.);
#3477=ORIENTED_EDGE('',*,*,#2404,.T.);
#3478=ORIENTED_EDGE('',*,*,#2397,.T.);
#3479=ORIENTED_EDGE('',*,*,#2253,.T.);
#3480=ORIENTED_EDGE('',*,*,#2237,.F.);
#3481=ORIENTED_EDGE('',*,*,#2405,.T.);
#3482=ORIENTED_EDGE('',*,*,#2392,.T.);
#3483=ORIENTED_EDGE('',*,*,#2406,.T.);
#3484=ORIENTED_EDGE('',*,*,#2241,.F.);
#3485=ORIENTED_EDGE('',*,*,#2249,.T.);
#3486=ORIENTED_EDGE('',*,*,#2391,.T.);
#3487=ORIENTED_EDGE('',*,*,#2407,.T.);
#3488=ORIENTED_EDGE('',*,*,#2395,.F.);
#3489=ORIENTED_EDGE('',*,*,#2399,.F.);
#3490=ORIENTED_EDGE('',*,*,#2404,.F.);
#3491=ORIENTED_EDGE('',*,*,#2402,.F.);
#3492=ORIENTED_EDGE('',*,*,#2239,.F.);
#3493=ORIENTED_EDGE('',*,*,#2407,.F.);
#3494=ORIENTED_EDGE('',*,*,#2396,.F.);
#3495=ORIENTED_EDGE('',*,*,#2405,.F.);
#3496=ORIENTED_EDGE('',*,*,#2235,.F.);
#3497=ORIENTED_EDGE('',*,*,#2406,.F.);
#3498=ORIENTED_EDGE('',*,*,#2403,.F.);
#3499=ORIENTED_EDGE('',*,*,#2254,.F.);
#3500=PLANE('',#3831);
#3501=PLANE('',#3834);
#3502=PLANE('',#3842);
#3503=PLANE('',#3846);
#3504=PLANE('',#3848);
#3505=PLANE('',#3851);
#3506=PLANE('',#3886);
#3507=PLANE('',#3893);
#3508=PLANE('',#3900);
#3509=PLANE('',#3907);
#3510=PLANE('',#3912);
#3511=PLANE('',#3941);
#3512=PLANE('',#3947);
#3513=PLANE('',#3953);
#3514=PLANE('',#3959);
#3515=PLANE('',#3964);
#3516=PLANE('',#3982);
#3517=PLANE('',#3985);
#3518=PLANE('',#4004);
#3519=PLANE('',#4007);
#3520=PLANE('',#4026);
#3521=PLANE('',#4029);
#3522=PLANE('',#4048);
#3523=PLANE('',#4051);
#3524=PLANE('',#4070);
#3525=PLANE('',#4073);
#3526=PLANE('',#4092);
#3527=PLANE('',#4095);
#3528=PLANE('',#4114);
#3529=PLANE('',#4117);
#3530=PLANE('',#4136);
#3531=PLANE('',#4139);
#3532=PLANE('',#4162);
#3533=PLANE('',#4163);
#3534=PLANE('',#4184);
#3535=PLANE('',#4185);
#3536=PLANE('',#4206);
#3537=PLANE('',#4227);
#3538=PLANE('',#4248);
#3539=PLANE('',#4249);
#3540=PLANE('',#4270);
#3541=PLANE('',#4271);
#3542=PLANE('',#4292);
#3543=PLANE('',#4293);
#3544=PLANE('',#4294);
#3545=PLANE('',#4295);
#3546=PLANE('',#4296);
#3547=PLANE('',#4297);
#3548=PLANE('',#4298);
#3549=PLANE('',#4299);
#3550=PLANE('',#4300);
#3551=PLANE('',#4301);
#3552=PLANE('',#4302);
#3553=PLANE('',#4323);
#3554=PLANE('',#4324);
#3555=PLANE('',#4325);
#3556=ADVANCED_FACE('',(#825,#812),#3500,.F.);
#3557=ADVANCED_FACE('',(#826,#813),#3501,.F.);
#3558=ADVANCED_FACE('',(#827),#687,.T.);
#3559=ADVANCED_FACE('',(#828),#688,.T.);
#3560=ADVANCED_FACE('',(#829),#689,.T.);
#3561=ADVANCED_FACE('',(#830),#3502,.T.);
#3562=ADVANCED_FACE('',(#831),#690,.F.);
#3563=ADVANCED_FACE('',(#832,#814),#3503,.T.);
#3564=ADVANCED_FACE('',(#833),#3504,.F.);
#3565=ADVANCED_FACE('',(#834),#691,.F.);
#3566=ADVANCED_FACE('',(#835),#3505,.T.);
#3567=ADVANCED_FACE('',(#836),#692,.T.);
#3568=ADVANCED_FACE('',(#837),#143,.T.);
#3569=ADVANCED_FACE('',(#838),#693,.T.);
#3570=ADVANCED_FACE('',(#839),#144,.T.);
#3571=ADVANCED_FACE('',(#840),#694,.T.);
#3572=ADVANCED_FACE('',(#841),#145,.T.);
#3573=ADVANCED_FACE('',(#842),#695,.T.);
#3574=ADVANCED_FACE('',(#843),#146,.T.);
#3575=ADVANCED_FACE('',(#844),#696,.T.);
#3576=ADVANCED_FACE('',(#845),#147,.T.);
#3577=ADVANCED_FACE('',(#846),#697,.T.);
#3578=ADVANCED_FACE('',(#847),#148,.T.);
#3579=ADVANCED_FACE('',(#848),#698,.T.);
#3580=ADVANCED_FACE('',(#849),#149,.T.);
#3581=ADVANCED_FACE('',(#850),#699,.T.);
#3582=ADVANCED_FACE('',(#851),#150,.T.);
#3583=ADVANCED_FACE('',(#852),#700,.T.);
#3584=ADVANCED_FACE('',(#853,#815),#3506,.T.);
#3585=ADVANCED_FACE('',(#854),#701,.T.);
#3586=ADVANCED_FACE('',(#855,#816),#3507,.T.);
#3587=ADVANCED_FACE('',(#856),#702,.T.);
#3588=ADVANCED_FACE('',(#857,#817),#3508,.T.);
#3589=ADVANCED_FACE('',(#858),#703,.T.);
#3590=ADVANCED_FACE('',(#859,#818),#3509,.T.);
#3591=ADVANCED_FACE('',(#860,#819),#3510,.T.);
#3592=ADVANCED_FACE('',(#861),#704,.T.);
#3593=ADVANCED_FACE('',(#862),#151,.T.);
#3594=ADVANCED_FACE('',(#863),#705,.T.);
#3595=ADVANCED_FACE('',(#864),#152,.T.);
#3596=ADVANCED_FACE('',(#865),#706,.T.);
#3597=ADVANCED_FACE('',(#866),#153,.T.);
#3598=ADVANCED_FACE('',(#867),#707,.T.);
#3599=ADVANCED_FACE('',(#868),#154,.T.);
#3600=ADVANCED_FACE('',(#869),#708,.T.);
#3601=ADVANCED_FACE('',(#870),#155,.T.);
#3602=ADVANCED_FACE('',(#871),#709,.T.);
#3603=ADVANCED_FACE('',(#872),#156,.T.);
#3604=ADVANCED_FACE('',(#873),#710,.T.);
#3605=ADVANCED_FACE('',(#874),#157,.T.);
#3606=ADVANCED_FACE('',(#875),#711,.T.);
#3607=ADVANCED_FACE('',(#876),#158,.T.);
#3608=ADVANCED_FACE('',(#877,#820),#3511,.T.);
#3609=ADVANCED_FACE('',(#878),#712,.T.);
#3610=ADVANCED_FACE('',(#879,#821),#3512,.T.);
#3611=ADVANCED_FACE('',(#880),#713,.T.);
#3612=ADVANCED_FACE('',(#881,#822),#3513,.T.);
#3613=ADVANCED_FACE('',(#882),#714,.T.);
#3614=ADVANCED_FACE('',(#883,#823),#3514,.T.);
#3615=ADVANCED_FACE('',(#884,#824),#3515,.T.);
#3616=ADVANCED_FACE('',(#885),#715,.T.);
#3617=ADVANCED_FACE('',(#886),#47,.F.);
#3618=ADVANCED_FACE('',(#887),#716,.T.);
#3619=ADVANCED_FACE('',(#888),#48,.F.);
#3620=ADVANCED_FACE('',(#889),#717,.T.);
#3621=ADVANCED_FACE('',(#890),#49,.F.);
#3622=ADVANCED_FACE('',(#891),#718,.T.);
#3623=ADVANCED_FACE('',(#892),#50,.F.);
#3624=ADVANCED_FACE('',(#893),#719,.T.);
#3625=ADVANCED_FACE('',(#894),#3516,.T.);
#3626=ADVANCED_FACE('',(#895),#720,.F.);
#3627=ADVANCED_FACE('',(#896),#3517,.F.);
#3628=ADVANCED_FACE('',(#897),#721,.F.);
#3629=ADVANCED_FACE('',(#898),#51,.F.);
#3630=ADVANCED_FACE('',(#899),#722,.T.);
#3631=ADVANCED_FACE('',(#900),#52,.F.);
#3632=ADVANCED_FACE('',(#901),#723,.T.);
#3633=ADVANCED_FACE('',(#902),#53,.F.);
#3634=ADVANCED_FACE('',(#903),#724,.T.);
#3635=ADVANCED_FACE('',(#904),#54,.F.);
#3636=ADVANCED_FACE('',(#905),#725,.T.);
#3637=ADVANCED_FACE('',(#906),#3518,.T.);
#3638=ADVANCED_FACE('',(#907),#726,.F.);
#3639=ADVANCED_FACE('',(#908),#3519,.F.);
#3640=ADVANCED_FACE('',(#909),#727,.F.);
#3641=ADVANCED_FACE('',(#910),#55,.F.);
#3642=ADVANCED_FACE('',(#911),#728,.T.);
#3643=ADVANCED_FACE('',(#912),#56,.F.);
#3644=ADVANCED_FACE('',(#913),#729,.T.);
#3645=ADVANCED_FACE('',(#914),#57,.F.);
#3646=ADVANCED_FACE('',(#915),#730,.T.);
#3647=ADVANCED_FACE('',(#916),#58,.F.);
#3648=ADVANCED_FACE('',(#917),#731,.T.);
#3649=ADVANCED_FACE('',(#918),#3520,.T.);
#3650=ADVANCED_FACE('',(#919),#732,.F.);
#3651=ADVANCED_FACE('',(#920),#3521,.F.);
#3652=ADVANCED_FACE('',(#921),#733,.F.);
#3653=ADVANCED_FACE('',(#922),#59,.F.);
#3654=ADVANCED_FACE('',(#923),#734,.T.);
#3655=ADVANCED_FACE('',(#924),#60,.F.);
#3656=ADVANCED_FACE('',(#925),#735,.T.);
#3657=ADVANCED_FACE('',(#926),#61,.F.);
#3658=ADVANCED_FACE('',(#927),#736,.T.);
#3659=ADVANCED_FACE('',(#928),#62,.F.);
#3660=ADVANCED_FACE('',(#929),#737,.T.);
#3661=ADVANCED_FACE('',(#930),#3522,.F.);
#3662=ADVANCED_FACE('',(#931),#738,.F.);
#3663=ADVANCED_FACE('',(#932),#3523,.T.);
#3664=ADVANCED_FACE('',(#933),#739,.F.);
#3665=ADVANCED_FACE('',(#934),#63,.F.);
#3666=ADVANCED_FACE('',(#935),#740,.T.);
#3667=ADVANCED_FACE('',(#936),#64,.F.);
#3668=ADVANCED_FACE('',(#937),#741,.T.);
#3669=ADVANCED_FACE('',(#938),#65,.F.);
#3670=ADVANCED_FACE('',(#939),#742,.T.);
#3671=ADVANCED_FACE('',(#940),#66,.F.);
#3672=ADVANCED_FACE('',(#941),#743,.T.);
#3673=ADVANCED_FACE('',(#942),#3524,.F.);
#3674=ADVANCED_FACE('',(#943),#744,.F.);
#3675=ADVANCED_FACE('',(#944),#3525,.T.);
#3676=ADVANCED_FACE('',(#945),#745,.F.);
#3677=ADVANCED_FACE('',(#946),#67,.F.);
#3678=ADVANCED_FACE('',(#947),#746,.T.);
#3679=ADVANCED_FACE('',(#948),#68,.F.);
#3680=ADVANCED_FACE('',(#949),#747,.T.);
#3681=ADVANCED_FACE('',(#950),#69,.F.);
#3682=ADVANCED_FACE('',(#951),#748,.T.);
#3683=ADVANCED_FACE('',(#952),#70,.F.);
#3684=ADVANCED_FACE('',(#953),#749,.T.);
#3685=ADVANCED_FACE('',(#954),#3526,.T.);
#3686=ADVANCED_FACE('',(#955),#750,.F.);
#3687=ADVANCED_FACE('',(#956),#3527,.F.);
#3688=ADVANCED_FACE('',(#957),#751,.F.);
#3689=ADVANCED_FACE('',(#958),#71,.F.);
#3690=ADVANCED_FACE('',(#959),#752,.T.);
#3691=ADVANCED_FACE('',(#960),#72,.F.);
#3692=ADVANCED_FACE('',(#961),#753,.T.);
#3693=ADVANCED_FACE('',(#962),#73,.F.);
#3694=ADVANCED_FACE('',(#963),#754,.T.);
#3695=ADVANCED_FACE('',(#964),#74,.F.);
#3696=ADVANCED_FACE('',(#965),#755,.T.);
#3697=ADVANCED_FACE('',(#966),#3528,.T.);
#3698=ADVANCED_FACE('',(#967),#756,.F.);
#3699=ADVANCED_FACE('',(#968),#3529,.F.);
#3700=ADVANCED_FACE('',(#969),#757,.F.);
#3701=ADVANCED_FACE('',(#970),#75,.F.);
#3702=ADVANCED_FACE('',(#971),#758,.T.);
#3703=ADVANCED_FACE('',(#972),#76,.F.);
#3704=ADVANCED_FACE('',(#973),#759,.T.);
#3705=ADVANCED_FACE('',(#974),#77,.F.);
#3706=ADVANCED_FACE('',(#975),#760,.T.);
#3707=ADVANCED_FACE('',(#976),#78,.F.);
#3708=ADVANCED_FACE('',(#977),#761,.T.);
#3709=ADVANCED_FACE('',(#978),#3530,.F.);
#3710=ADVANCED_FACE('',(#979),#762,.F.);
#3711=ADVANCED_FACE('',(#980),#3531,.T.);
#3712=ADVANCED_FACE('',(#981),#763,.F.);
#3713=ADVANCED_FACE('',(#982),#15,.F.);
#3714=ADVANCED_FACE('',(#983),#16,.F.);
#3715=ADVANCED_FACE('',(#984),#764,.F.);
#3716=ADVANCED_FACE('',(#985),#765,.F.);
#3717=ADVANCED_FACE('',(#986),#17,.F.);
#3718=ADVANCED_FACE('',(#987),#766,.F.);
#3719=ADVANCED_FACE('',(#988),#18,.F.);
#3720=ADVANCED_FACE('',(#989),#767,.F.);
#3721=ADVANCED_FACE('',(#990),#768,.F.);
#3722=ADVANCED_FACE('',(#991),#769,.F.);
#3723=ADVANCED_FACE('',(#992),#3532,.T.);
#3724=ADVANCED_FACE('',(#993),#3533,.F.);
#3725=ADVANCED_FACE('',(#994),#19,.F.);
#3726=ADVANCED_FACE('',(#995),#20,.F.);
#3727=ADVANCED_FACE('',(#996),#770,.F.);
#3728=ADVANCED_FACE('',(#997),#771,.F.);
#3729=ADVANCED_FACE('',(#998),#21,.F.);
#3730=ADVANCED_FACE('',(#999),#772,.F.);
#3731=ADVANCED_FACE('',(#1000),#22,.F.);
#3732=ADVANCED_FACE('',(#1001),#773,.F.);
#3733=ADVANCED_FACE('',(#1002),#774,.F.);
#3734=ADVANCED_FACE('',(#1003),#775,.F.);
#3735=ADVANCED_FACE('',(#1004),#3534,.T.);
#3736=ADVANCED_FACE('',(#1005),#3535,.F.);
#3737=ADVANCED_FACE('',(#1006),#23,.F.);
#3738=ADVANCED_FACE('',(#1007),#24,.F.);
#3739=ADVANCED_FACE('',(#1008),#776,.F.);
#3740=ADVANCED_FACE('',(#1009),#777,.F.);
#3741=ADVANCED_FACE('',(#1010),#25,.F.);
#3742=ADVANCED_FACE('',(#1011),#778,.F.);
#3743=ADVANCED_FACE('',(#1012),#26,.F.);
#3744=ADVANCED_FACE('',(#1013),#779,.F.);
#3745=ADVANCED_FACE('',(#1014),#780,.F.);
#3746=ADVANCED_FACE('',(#1015),#781,.F.);
#3747=ADVANCED_FACE('',(#1016),#3536,.F.);
#3748=ADVANCED_FACE('',(#1017),#27,.F.);
#3749=ADVANCED_FACE('',(#1018),#28,.F.);
#3750=ADVANCED_FACE('',(#1019),#782,.F.);
#3751=ADVANCED_FACE('',(#1020),#783,.F.);
#3752=ADVANCED_FACE('',(#1021),#29,.F.);
#3753=ADVANCED_FACE('',(#1022),#784,.F.);
#3754=ADVANCED_FACE('',(#1023),#30,.F.);
#3755=ADVANCED_FACE('',(#1024),#785,.F.);
#3756=ADVANCED_FACE('',(#1025),#786,.F.);
#3757=ADVANCED_FACE('',(#1026),#787,.F.);
#3758=ADVANCED_FACE('',(#1027),#3537,.F.);
#3759=ADVANCED_FACE('',(#1028),#31,.F.);
#3760=ADVANCED_FACE('',(#1029),#32,.F.);
#3761=ADVANCED_FACE('',(#1030),#788,.F.);
#3762=ADVANCED_FACE('',(#1031),#33,.F.);
#3763=ADVANCED_FACE('',(#1032),#789,.F.);
#3764=ADVANCED_FACE('',(#1033),#790,.F.);
#3765=ADVANCED_FACE('',(#1034),#34,.F.);
#3766=ADVANCED_FACE('',(#1035),#791,.F.);
#3767=ADVANCED_FACE('',(#1036),#792,.F.);
#3768=ADVANCED_FACE('',(#1037),#793,.F.);
#3769=ADVANCED_FACE('',(#1038),#3538,.F.);
#3770=ADVANCED_FACE('',(#1039),#3539,.F.);
#3771=ADVANCED_FACE('',(#1040),#35,.F.);
#3772=ADVANCED_FACE('',(#1041),#36,.F.);
#3773=ADVANCED_FACE('',(#1042),#794,.F.);
#3774=ADVANCED_FACE('',(#1043),#37,.F.);
#3775=ADVANCED_FACE('',(#1044),#795,.F.);
#3776=ADVANCED_FACE('',(#1045),#796,.F.);
#3777=ADVANCED_FACE('',(#1046),#38,.F.);
#3778=ADVANCED_FACE('',(#1047),#797,.F.);
#3779=ADVANCED_FACE('',(#1048),#798,.F.);
#3780=ADVANCED_FACE('',(#1049),#799,.F.);
#3781=ADVANCED_FACE('',(#1050),#3540,.F.);
#3782=ADVANCED_FACE('',(#1051),#3541,.F.);
#3783=ADVANCED_FACE('',(#1052),#39,.F.);
#3784=ADVANCED_FACE('',(#1053),#40,.F.);
#3785=ADVANCED_FACE('',(#1054),#800,.F.);
#3786=ADVANCED_FACE('',(#1055),#41,.F.);
#3787=ADVANCED_FACE('',(#1056),#801,.F.);
#3788=ADVANCED_FACE('',(#1057),#802,.F.);
#3789=ADVANCED_FACE('',(#1058),#42,.F.);
#3790=ADVANCED_FACE('',(#1059),#803,.F.);
#3791=ADVANCED_FACE('',(#1060),#804,.F.);
#3792=ADVANCED_FACE('',(#1061),#805,.F.);
#3793=ADVANCED_FACE('',(#1062),#3542,.F.);
#3794=ADVANCED_FACE('',(#1063),#3543,.F.);
#3795=ADVANCED_FACE('',(#1064),#3544,.T.);
#3796=ADVANCED_FACE('',(#1065),#3545,.T.);
#3797=ADVANCED_FACE('',(#1066),#3546,.T.);
#3798=ADVANCED_FACE('',(#1067),#3547,.T.);
#3799=ADVANCED_FACE('',(#1068),#3548,.T.);
#3800=ADVANCED_FACE('',(#1069),#3549,.F.);
#3801=ADVANCED_FACE('',(#1070),#3550,.F.);
#3802=ADVANCED_FACE('',(#1071),#3551,.F.);
#3803=ADVANCED_FACE('',(#1072),#3552,.F.);
#3804=ADVANCED_FACE('',(#1073),#43,.F.);
#3805=ADVANCED_FACE('',(#1074),#44,.F.);
#3806=ADVANCED_FACE('',(#1075),#806,.F.);
#3807=ADVANCED_FACE('',(#1076),#45,.F.);
#3808=ADVANCED_FACE('',(#1077),#807,.F.);
#3809=ADVANCED_FACE('',(#1078),#46,.F.);
#3810=ADVANCED_FACE('',(#1079),#808,.F.);
#3811=ADVANCED_FACE('',(#1080),#809,.F.);
#3812=ADVANCED_FACE('',(#1081),#810,.F.);
#3813=ADVANCED_FACE('',(#1082),#811,.F.);
#3814=ADVANCED_FACE('',(#1083),#3553,.F.);
#3815=ADVANCED_FACE('',(#1084),#3554,.T.);
#3816=ADVANCED_FACE('',(#1085),#3555,.F.);
#3817=CLOSED_SHELL('',(#3556,#3557,#3558,#3559,#3560,#3561,#3562,#3563,
#3564,#3565,#3566,#3567,#3568,#3569,#3570,#3571,#3572,#3573,#3574,#3575,
#3576,#3577,#3578,#3579,#3580,#3581,#3582,#3583,#3584,#3585,#3586,#3587,
#3588,#3589,#3590,#3591,#3592,#3593,#3594,#3595,#3596,#3597,#3598,#3599,
#3600,#3601,#3602,#3603,#3604,#3605,#3606,#3607,#3608,#3609,#3610,#3611,
#3612,#3613,#3614,#3615,#3616,#3617,#3618,#3619,#3620,#3621,#3622,#3623,
#3624,#3625,#3626,#3627,#3628,#3629,#3630,#3631,#3632,#3633,#3634,#3635,
#3636,#3637,#3638,#3639,#3640,#3641,#3642,#3643,#3644,#3645,#3646,#3647,
#3648,#3649,#3650,#3651,#3652,#3653,#3654,#3655,#3656,#3657,#3658,#3659,
#3660,#3661,#3662,#3663,#3664,#3665,#3666,#3667,#3668,#3669,#3670,#3671,
#3672,#3673,#3674,#3675,#3676,#3677,#3678,#3679,#3680,#3681,#3682,#3683,
#3684,#3685,#3686,#3687,#3688,#3689,#3690,#3691,#3692,#3693,#3694,#3695,
#3696,#3697,#3698,#3699,#3700,#3701,#3702,#3703,#3704,#3705,#3706,#3707,
#3708,#3709,#3710,#3711,#3712,#3713,#3714,#3715,#3716,#3717,#3718,#3719,
#3720,#3721,#3722,#3723,#3724,#3725,#3726,#3727,#3728,#3729,#3730,#3731,
#3732,#3733,#3734,#3735,#3736,#3737,#3738,#3739,#3740,#3741,#3742,#3743,
#3744,#3745,#3746,#3747,#3748,#3749,#3750,#3751,#3752,#3753,#3754,#3755,
#3756,#3757,#3758,#3759,#3760,#3761,#3762,#3763,#3764,#3765,#3766,#3767,
#3768,#3769,#3770,#3771,#3772,#3773,#3774,#3775,#3776,#3777,#3778,#3779,
#3780,#3781,#3782,#3783,#3784,#3785,#3786,#3787,#3788,#3789,#3790,#3791,
#3792,#3793,#3794,#3795,#3796,#3797,#3798,#3799,#3800,#3801,#3802,#3803,
#3804,#3805,#3806,#3807,#3808,#3809,#3810,#3811,#3812,#3813,#3814,#3815,
#3816));
#3818=DERIVED_UNIT_ELEMENT(#3820,1.);
#3819=DERIVED_UNIT_ELEMENT(#7799,-3.);
#3820=(
MASS_UNIT()
NAMED_UNIT(*)
SI_UNIT(.KILO.,.GRAM.)
);
#3821=DERIVED_UNIT((#3818,#3819));
#3822=MEASURE_REPRESENTATION_ITEM('density measure',
POSITIVE_RATIO_MEASURE(7850.),#3821);
#3823=PROPERTY_DEFINITION_REPRESENTATION(#3828,#3825);
#3824=PROPERTY_DEFINITION_REPRESENTATION(#3829,#3826);
#3825=REPRESENTATION('material name',(#3827),#7796);
#3826=REPRESENTATION('density',(#3822),#7796);
#3827=DESCRIPTIVE_REPRESENTATION_ITEM('Ocel','Ocel');
#3828=PROPERTY_DEFINITION('material property','material name',#7806);
#3829=PROPERTY_DEFINITION('material property','density of part',#7806);
#3830=AXIS2_PLACEMENT_3D('',#5566,#4326,#4327);
#3831=AXIS2_PLACEMENT_3D('',#5567,#4328,#4329);
#3832=AXIS2_PLACEMENT_3D('',#5569,#4330,#4331);
#3833=AXIS2_PLACEMENT_3D('',#5571,#4332,#4333);
#3834=AXIS2_PLACEMENT_3D('',#5572,#4334,#4335);
#3835=AXIS2_PLACEMENT_3D('',#5574,#4336,#4337);
#3836=AXIS2_PLACEMENT_3D('',#5576,#4338,#4339);
#3837=AXIS2_PLACEMENT_3D('',#5577,#4340,#4341);
#3838=AXIS2_PLACEMENT_3D('',#5579,#4343,#4344);
#3839=AXIS2_PLACEMENT_3D('',#5581,#4345,#4346);
#3840=AXIS2_PLACEMENT_3D('',#5583,#4348,#4349);
#3841=AXIS2_PLACEMENT_3D('',#5586,#4351,#4352);
#3842=AXIS2_PLACEMENT_3D('',#5587,#4353,#4354);
#3843=AXIS2_PLACEMENT_3D('',#5588,#4355,#4356);
#3844=AXIS2_PLACEMENT_3D('',#5590,#4357,#4358);
#3845=AXIS2_PLACEMENT_3D('',#5593,#4360,#4361);
#3846=AXIS2_PLACEMENT_3D('',#5594,#4362,#4363);
#3847=AXIS2_PLACEMENT_3D('',#5597,#4364,#4365);
#3848=AXIS2_PLACEMENT_3D('',#5599,#4367,#4368);
#3849=AXIS2_PLACEMENT_3D('',#5605,#4372,#4373);
#3850=AXIS2_PLACEMENT_3D('',#5606,#4374,#4375);
#3851=AXIS2_PLACEMENT_3D('',#5607,#4376,#4377);
#3852=AXIS2_PLACEMENT_3D('',#5608,#4378,#4379);
#3853=AXIS2_PLACEMENT_3D('',#5639,#4382,#4383);
#3854=AXIS2_PLACEMENT_3D('',#5641,#4384,#4385);
#3855=AXIS2_PLACEMENT_3D('',#5655,#4386,#4387);
#3856=AXIS2_PLACEMENT_3D('',#5656,#4388,#4389);
#3857=AXIS2_PLACEMENT_3D('',#5673,#4392,#4393);
#3858=AXIS2_PLACEMENT_3D('',#5675,#4394,#4395);
#3859=AXIS2_PLACEMENT_3D('',#5689,#4396,#4397);
#3860=AXIS2_PLACEMENT_3D('',#5690,#4398,#4399);
#3861=AXIS2_PLACEMENT_3D('',#5707,#4402,#4403);
#3862=AXIS2_PLACEMENT_3D('',#5709,#4404,#4405);
#3863=AXIS2_PLACEMENT_3D('',#5723,#4406,#4407);
#3864=AXIS2_PLACEMENT_3D('',#5724,#4408,#4409);
#3865=AXIS2_PLACEMENT_3D('',#5741,#4412,#4413);
#3866=AXIS2_PLACEMENT_3D('',#5743,#4414,#4415);
#3867=AXIS2_PLACEMENT_3D('',#5757,#4416,#4417);
#3868=AXIS2_PLACEMENT_3D('',#5758,#4418,#4419);
#3869=AXIS2_PLACEMENT_3D('',#5775,#4422,#4423);
#3870=AXIS2_PLACEMENT_3D('',#5777,#4424,#4425);
#3871=AXIS2_PLACEMENT_3D('',#5779,#4426,#4427);
#3872=AXIS2_PLACEMENT_3D('',#5792,#4428,#4429);
#3873=AXIS2_PLACEMENT_3D('',#5809,#4432,#4433);
#3874=AXIS2_PLACEMENT_3D('',#5811,#4434,#4435);
#3875=AXIS2_PLACEMENT_3D('',#5813,#4436,#4437);
#3876=AXIS2_PLACEMENT_3D('',#5826,#4438,#4439);
#3877=AXIS2_PLACEMENT_3D('',#5843,#4442,#4443);
#3878=AXIS2_PLACEMENT_3D('',#5845,#4444,#4445);
#3879=AXIS2_PLACEMENT_3D('',#5847,#4446,#4447);
#3880=AXIS2_PLACEMENT_3D('',#5860,#4448,#4449);
#3881=AXIS2_PLACEMENT_3D('',#5877,#4452,#4453);
#3882=AXIS2_PLACEMENT_3D('',#5878,#4454,#4455);
#3883=AXIS2_PLACEMENT_3D('',#5879,#4456,#4457);
#3884=AXIS2_PLACEMENT_3D('',#5880,#4458,#4459);
#3885=AXIS2_PLACEMENT_3D('',#5884,#4461,#4462);
#3886=AXIS2_PLACEMENT_3D('',#5886,#4464,#4465);
#3887=AXIS2_PLACEMENT_3D('',#5892,#4468,#4469);
#3888=AXIS2_PLACEMENT_3D('',#5896,#4471,#4472);
#3889=AXIS2_PLACEMENT_3D('',#5900,#4474,#4475);
#3890=AXIS2_PLACEMENT_3D('',#5904,#4477,#4478);
#3891=AXIS2_PLACEMENT_3D('',#5906,#4480,#4481);
#3892=AXIS2_PLACEMENT_3D('',#5909,#4483,#4484);
#3893=AXIS2_PLACEMENT_3D('',#5910,#4485,#4486);
#3894=AXIS2_PLACEMENT_3D('',#5916,#4489,#4490);
#3895=AXIS2_PLACEMENT_3D('',#5920,#4492,#4493);
#3896=AXIS2_PLACEMENT_3D('',#5924,#4495,#4496);
#3897=AXIS2_PLACEMENT_3D('',#5928,#4498,#4499);
#3898=AXIS2_PLACEMENT_3D('',#5930,#4501,#4502);
#3899=AXIS2_PLACEMENT_3D('',#5933,#4504,#4505);
#3900=AXIS2_PLACEMENT_3D('',#5934,#4506,#4507);
#3901=AXIS2_PLACEMENT_3D('',#5940,#4510,#4511);
#3902=AXIS2_PLACEMENT_3D('',#5944,#4513,#4514);
#3903=AXIS2_PLACEMENT_3D('',#5948,#4516,#4517);
#3904=AXIS2_PLACEMENT_3D('',#5952,#4519,#4520);
#3905=AXIS2_PLACEMENT_3D('',#5954,#4522,#4523);
#3906=AXIS2_PLACEMENT_3D('',#5957,#4525,#4526);
#3907=AXIS2_PLACEMENT_3D('',#5958,#4527,#4528);
#3908=AXIS2_PLACEMENT_3D('',#5964,#4531,#4532);
#3909=AXIS2_PLACEMENT_3D('',#5968,#4534,#4535);
#3910=AXIS2_PLACEMENT_3D('',#5972,#4537,#4538);
#3911=AXIS2_PLACEMENT_3D('',#5976,#4540,#4541);
#3912=AXIS2_PLACEMENT_3D('',#5978,#4543,#4544);
#3913=AXIS2_PLACEMENT_3D('',#5979,#4545,#4546);
#3914=AXIS2_PLACEMENT_3D('',#6010,#4549,#4550);
#3915=AXIS2_PLACEMENT_3D('',#6012,#4551,#4552);
#3916=AXIS2_PLACEMENT_3D('',#6025,#4553,#4554);
#3917=AXIS2_PLACEMENT_3D('',#6026,#4555,#4556);
#3918=AXIS2_PLACEMENT_3D('',#6041,#4558,#4559);
#3919=AXIS2_PLACEMENT_3D('',#6043,#4560,#4561);
#3920=AXIS2_PLACEMENT_3D('',#6056,#4562,#4563);
#3921=AXIS2_PLACEMENT_3D('',#6071,#4565,#4566);
#3922=AXIS2_PLACEMENT_3D('',#6073,#4567,#4568);
#3923=AXIS2_PLACEMENT_3D('',#6086,#4569,#4570);
#3924=AXIS2_PLACEMENT_3D('',#6101,#4572,#4573);
#3925=AXIS2_PLACEMENT_3D('',#6103,#4574,#4575);
#3926=AXIS2_PLACEMENT_3D('',#6116,#4576,#4577);
#3927=AXIS2_PLACEMENT_3D('',#6131,#4579,#4580);
#3928=AXIS2_PLACEMENT_3D('',#6133,#4581,#4582);
#3929=AXIS2_PLACEMENT_3D('',#6146,#4583,#4584);
#3930=AXIS2_PLACEMENT_3D('',#6163,#4587,#4588);
#3931=AXIS2_PLACEMENT_3D('',#6165,#4589,#4590);
#3932=AXIS2_PLACEMENT_3D('',#6167,#4591,#4592);
#3933=AXIS2_PLACEMENT_3D('',#6180,#4593,#4594);
#3934=AXIS2_PLACEMENT_3D('',#6197,#4597,#4598);
#3935=AXIS2_PLACEMENT_3D('',#6199,#4599,#4600);
#3936=AXIS2_PLACEMENT_3D('',#6201,#4601,#4602);
#3937=AXIS2_PLACEMENT_3D('',#6214,#4603,#4604);
#3938=AXIS2_PLACEMENT_3D('',#6231,#4607,#4608);
#3939=AXIS2_PLACEMENT_3D('',#6232,#4609,#4610);
#3940=AXIS2_PLACEMENT_3D('',#6233,#4611,#4612);
#3941=AXIS2_PLACEMENT_3D('',#6234,#4613,#4614);
#3942=AXIS2_PLACEMENT_3D('',#6238,#4616,#4617);
#3943=AXIS2_PLACEMENT_3D('',#6242,#4619,#4620);
#3944=AXIS2_PLACEMENT_3D('',#6246,#4622,#4623);
#3945=AXIS2_PLACEMENT_3D('',#6250,#4625,#4626);
#3946=AXIS2_PLACEMENT_3D('',#6252,#4628,#4629);
#3947=AXIS2_PLACEMENT_3D('',#6254,#4631,#4632);
#3948=AXIS2_PLACEMENT_3D('',#6258,#4634,#4635);
#3949=AXIS2_PLACEMENT_3D('',#6262,#4637,#4638);
#3950=AXIS2_PLACEMENT_3D('',#6266,#4640,#4641);
#3951=AXIS2_PLACEMENT_3D('',#6270,#4643,#4644);
#3952=AXIS2_PLACEMENT_3D('',#6272,#4646,#4647);
#3953=AXIS2_PLACEMENT_3D('',#6274,#4649,#4650);
#3954=AXIS2_PLACEMENT_3D('',#6278,#4652,#4653);
#3955=AXIS2_PLACEMENT_3D('',#6282,#4655,#4656);
#3956=AXIS2_PLACEMENT_3D('',#6286,#4658,#4659);
#3957=AXIS2_PLACEMENT_3D('',#6290,#4661,#4662);
#3958=AXIS2_PLACEMENT_3D('',#6292,#4664,#4665);
#3959=AXIS2_PLACEMENT_3D('',#6294,#4667,#4668);
#3960=AXIS2_PLACEMENT_3D('',#6298,#4670,#4671);
#3961=AXIS2_PLACEMENT_3D('',#6302,#4673,#4674);
#3962=AXIS2_PLACEMENT_3D('',#6306,#4676,#4677);
#3963=AXIS2_PLACEMENT_3D('',#6310,#4679,#4680);
#3964=AXIS2_PLACEMENT_3D('',#6312,#4682,#4683);
#3965=AXIS2_PLACEMENT_3D('',#6313,#4684,#4685);
#3966=AXIS2_PLACEMENT_3D('',#6340,#4686,#4687);
#3967=AXIS2_PLACEMENT_3D('',#6342,#4688,#4689);
#3968=AXIS2_PLACEMENT_3D('',#6343,#4690,#4691);
#3969=AXIS2_PLACEMENT_3D('',#6344,#4692,#4693);
#3970=AXIS2_PLACEMENT_3D('',#6346,#4694,#4695);
#3971=AXIS2_PLACEMENT_3D('',#6374,#4697,#4698);
#3972=AXIS2_PLACEMENT_3D('',#6375,#4699,#4700);
#3973=AXIS2_PLACEMENT_3D('',#6376,#4701,#4702);
#3974=AXIS2_PLACEMENT_3D('',#6378,#4703,#4704);
#3975=AXIS2_PLACEMENT_3D('',#6406,#4706,#4707);
#3976=AXIS2_PLACEMENT_3D('',#6407,#4708,#4709);
#3977=AXIS2_PLACEMENT_3D('',#6408,#4710,#4711);
#3978=AXIS2_PLACEMENT_3D('',#6410,#4712,#4713);
#3979=AXIS2_PLACEMENT_3D('',#6438,#4715,#4716);
#3980=AXIS2_PLACEMENT_3D('',#6439,#4717,#4718);
#3981=AXIS2_PLACEMENT_3D('',#6440,#4719,#4720);
#3982=AXIS2_PLACEMENT_3D('',#6442,#4722,#4723);
#3983=AXIS2_PLACEMENT_3D('',#6448,#4727,#4728);
#3984=AXIS2_PLACEMENT_3D('',#6451,#4730,#4731);
#3985=AXIS2_PLACEMENT_3D('',#6452,#4732,#4733);
#3986=AXIS2_PLACEMENT_3D('',#6456,#4736,#4737);
#3987=AXIS2_PLACEMENT_3D('',#6459,#4739,#4740);
#3988=AXIS2_PLACEMENT_3D('',#6486,#4741,#4742);
#3989=AXIS2_PLACEMENT_3D('',#6488,#4743,#4744);
#3990=AXIS2_PLACEMENT_3D('',#6489,#4745,#4746);
#3991=AXIS2_PLACEMENT_3D('',#6490,#4747,#4748);
#3992=AXIS2_PLACEMENT_3D('',#6492,#4749,#4750);
#3993=AXIS2_PLACEMENT_3D('',#6520,#4752,#4753);
#3994=AXIS2_PLACEMENT_3D('',#6521,#4754,#4755);
#3995=AXIS2_PLACEMENT_3D('',#6522,#4756,#4757);
#3996=AXIS2_PLACEMENT_3D('',#6524,#4758,#4759);
#3997=AXIS2_PLACEMENT_3D('',#6552,#4761,#4762);
#3998=AXIS2_PLACEMENT_3D('',#6553,#4763,#4764);
#3999=AXIS2_PLACEMENT_3D('',#6554,#4765,#4766);
#4000=AXIS2_PLACEMENT_3D('',#6556,#4767,#4768);
#4001=AXIS2_PLACEMENT_3D('',#6584,#4770,#4771);
#4002=AXIS2_PLACEMENT_3D('',#6585,#4772,#4773);
#4003=AXIS2_PLACEMENT_3D('',#6586,#4774,#4775);
#4004=AXIS2_PLACEMENT_3D('',#6588,#4777,#4778);
#4005=AXIS2_PLACEMENT_3D('',#6594,#4782,#4783);
#4006=AXIS2_PLACEMENT_3D('',#6597,#4785,#4786);
#4007=AXIS2_PLACEMENT_3D('',#6598,#4787,#4788);
#4008=AXIS2_PLACEMENT_3D('',#6602,#4791,#4792);
#4009=AXIS2_PLACEMENT_3D('',#6605,#4794,#4795);
#4010=AXIS2_PLACEMENT_3D('',#6632,#4796,#4797);
#4011=AXIS2_PLACEMENT_3D('',#6634,#4798,#4799);
#4012=AXIS2_PLACEMENT_3D('',#6635,#4800,#4801);
#4013=AXIS2_PLACEMENT_3D('',#6636,#4802,#4803);
#4014=AXIS2_PLACEMENT_3D('',#6638,#4804,#4805);
#4015=AXIS2_PLACEMENT_3D('',#6666,#4807,#4808);
#4016=AXIS2_PLACEMENT_3D('',#6667,#4809,#4810);
#4017=AXIS2_PLACEMENT_3D('',#6668,#4811,#4812);
#4018=AXIS2_PLACEMENT_3D('',#6670,#4813,#4814);
#4019=AXIS2_PLACEMENT_3D('',#6698,#4816,#4817);
#4020=AXIS2_PLACEMENT_3D('',#6699,#4818,#4819);
#4021=AXIS2_PLACEMENT_3D('',#6700,#4820,#4821);
#4022=AXIS2_PLACEMENT_3D('',#6702,#4822,#4823);
#4023=AXIS2_PLACEMENT_3D('',#6730,#4825,#4826);
#4024=AXIS2_PLACEMENT_3D('',#6731,#4827,#4828);
#4025=AXIS2_PLACEMENT_3D('',#6732,#4829,#4830);
#4026=AXIS2_PLACEMENT_3D('',#6734,#4832,#4833);
#4027=AXIS2_PLACEMENT_3D('',#6740,#4837,#4838);
#4028=AXIS2_PLACEMENT_3D('',#6743,#4840,#4841);
#4029=AXIS2_PLACEMENT_3D('',#6744,#4842,#4843);
#4030=AXIS2_PLACEMENT_3D('',#6748,#4846,#4847);
#4031=AXIS2_PLACEMENT_3D('',#6751,#4849,#4850);
#4032=AXIS2_PLACEMENT_3D('',#6778,#4851,#4852);
#4033=AXIS2_PLACEMENT_3D('',#6780,#4853,#4854);
#4034=AXIS2_PLACEMENT_3D('',#6781,#4855,#4856);
#4035=AXIS2_PLACEMENT_3D('',#6782,#4857,#4858);
#4036=AXIS2_PLACEMENT_3D('',#6784,#4859,#4860);
#4037=AXIS2_PLACEMENT_3D('',#6812,#4862,#4863);
#4038=AXIS2_PLACEMENT_3D('',#6813,#4864,#4865);
#4039=AXIS2_PLACEMENT_3D('',#6814,#4866,#4867);
#4040=AXIS2_PLACEMENT_3D('',#6816,#4868,#4869);
#4041=AXIS2_PLACEMENT_3D('',#6844,#4871,#4872);
#4042=AXIS2_PLACEMENT_3D('',#6845,#4873,#4874);
#4043=AXIS2_PLACEMENT_3D('',#6846,#4875,#4876);
#4044=AXIS2_PLACEMENT_3D('',#6848,#4877,#4878);
#4045=AXIS2_PLACEMENT_3D('',#6876,#4880,#4881);
#4046=AXIS2_PLACEMENT_3D('',#6877,#4882,#4883);
#4047=AXIS2_PLACEMENT_3D('',#6878,#4884,#4885);
#4048=AXIS2_PLACEMENT_3D('',#6880,#4887,#4888);
#4049=AXIS2_PLACEMENT_3D('',#6886,#4892,#4893);
#4050=AXIS2_PLACEMENT_3D('',#6889,#4895,#4896);
#4051=AXIS2_PLACEMENT_3D('',#6890,#4897,#4898);
#4052=AXIS2_PLACEMENT_3D('',#6894,#4901,#4902);
#4053=AXIS2_PLACEMENT_3D('',#6897,#4904,#4905);
#4054=AXIS2_PLACEMENT_3D('',#6924,#4906,#4907);
#4055=AXIS2_PLACEMENT_3D('',#6926,#4908,#4909);
#4056=AXIS2_PLACEMENT_3D('',#6927,#4910,#4911);
#4057=AXIS2_PLACEMENT_3D('',#6928,#4912,#4913);
#4058=AXIS2_PLACEMENT_3D('',#6930,#4914,#4915);
#4059=AXIS2_PLACEMENT_3D('',#6958,#4917,#4918);
#4060=AXIS2_PLACEMENT_3D('',#6959,#4919,#4920);
#4061=AXIS2_PLACEMENT_3D('',#6960,#4921,#4922);
#4062=AXIS2_PLACEMENT_3D('',#6962,#4923,#4924);
#4063=AXIS2_PLACEMENT_3D('',#6990,#4926,#4927);
#4064=AXIS2_PLACEMENT_3D('',#6991,#4928,#4929);
#4065=AXIS2_PLACEMENT_3D('',#6992,#4930,#4931);
#4066=AXIS2_PLACEMENT_3D('',#6994,#4932,#4933);
#4067=AXIS2_PLACEMENT_3D('',#7022,#4935,#4936);
#4068=AXIS2_PLACEMENT_3D('',#7023,#4937,#4938);
#4069=AXIS2_PLACEMENT_3D('',#7024,#4939,#4940);
#4070=AXIS2_PLACEMENT_3D('',#7026,#4942,#4943);
#4071=AXIS2_PLACEMENT_3D('',#7032,#4947,#4948);
#4072=AXIS2_PLACEMENT_3D('',#7035,#4950,#4951);
#4073=AXIS2_PLACEMENT_3D('',#7036,#4952,#4953);
#4074=AXIS2_PLACEMENT_3D('',#7040,#4956,#4957);
#4075=AXIS2_PLACEMENT_3D('',#7043,#4959,#4960);
#4076=AXIS2_PLACEMENT_3D('',#7070,#4961,#4962);
#4077=AXIS2_PLACEMENT_3D('',#7072,#4963,#4964);
#4078=AXIS2_PLACEMENT_3D('',#7073,#4965,#4966);
#4079=AXIS2_PLACEMENT_3D('',#7074,#4967,#4968);
#4080=AXIS2_PLACEMENT_3D('',#7076,#4969,#4970);
#4081=AXIS2_PLACEMENT_3D('',#7104,#4972,#4973);
#4082=AXIS2_PLACEMENT_3D('',#7105,#4974,#4975);
#4083=AXIS2_PLACEMENT_3D('',#7106,#4976,#4977);
#4084=AXIS2_PLACEMENT_3D('',#7108,#4978,#4979);
#4085=AXIS2_PLACEMENT_3D('',#7136,#4981,#4982);
#4086=AXIS2_PLACEMENT_3D('',#7137,#4983,#4984);
#4087=AXIS2_PLACEMENT_3D('',#7138,#4985,#4986);
#4088=AXIS2_PLACEMENT_3D('',#7140,#4987,#4988);
#4089=AXIS2_PLACEMENT_3D('',#7168,#4990,#4991);
#4090=AXIS2_PLACEMENT_3D('',#7169,#4992,#4993);
#4091=AXIS2_PLACEMENT_3D('',#7170,#4994,#4995);
#4092=AXIS2_PLACEMENT_3D('',#7172,#4997,#4998);
#4093=AXIS2_PLACEMENT_3D('',#7178,#5002,#5003);
#4094=AXIS2_PLACEMENT_3D('',#7181,#5005,#5006);
#4095=AXIS2_PLACEMENT_3D('',#7182,#5007,#5008);
#4096=AXIS2_PLACEMENT_3D('',#7186,#5011,#5012);
#4097=AXIS2_PLACEMENT_3D('',#7189,#5014,#5015);
#4098=AXIS2_PLACEMENT_3D('',#7216,#5016,#5017);
#4099=AXIS2_PLACEMENT_3D('',#7218,#5018,#5019);
#4100=AXIS2_PLACEMENT_3D('',#7219,#5020,#5021);
#4101=AXIS2_PLACEMENT_3D('',#7220,#5022,#5023);
#4102=AXIS2_PLACEMENT_3D('',#7222,#5024,#5025);
#4103=AXIS2_PLACEMENT_3D('',#7250,#5027,#5028);
#4104=AXIS2_PLACEMENT_3D('',#7251,#5029,#5030);
#4105=AXIS2_PLACEMENT_3D('',#7252,#5031,#5032);
#4106=AXIS2_PLACEMENT_3D('',#7254,#5033,#5034);
#4107=AXIS2_PLACEMENT_3D('',#7282,#5036,#5037);
#4108=AXIS2_PLACEMENT_3D('',#7283,#5038,#5039);
#4109=AXIS2_PLACEMENT_3D('',#7284,#5040,#5041);
#4110=AXIS2_PLACEMENT_3D('',#7286,#5042,#5043);
#4111=AXIS2_PLACEMENT_3D('',#7314,#5045,#5046);
#4112=AXIS2_PLACEMENT_3D('',#7315,#5047,#5048);
#4113=AXIS2_PLACEMENT_3D('',#7316,#5049,#5050);
#4114=AXIS2_PLACEMENT_3D('',#7318,#5052,#5053);
#4115=AXIS2_PLACEMENT_3D('',#7324,#5057,#5058);
#4116=AXIS2_PLACEMENT_3D('',#7327,#5060,#5061);
#4117=AXIS2_PLACEMENT_3D('',#7328,#5062,#5063);
#4118=AXIS2_PLACEMENT_3D('',#7332,#5066,#5067);
#4119=AXIS2_PLACEMENT_3D('',#7335,#5069,#5070);
#4120=AXIS2_PLACEMENT_3D('',#7362,#5071,#5072);
#4121=AXIS2_PLACEMENT_3D('',#7364,#5073,#5074);
#4122=AXIS2_PLACEMENT_3D('',#7365,#5075,#5076);
#4123=AXIS2_PLACEMENT_3D('',#7366,#5077,#5078);
#4124=AXIS2_PLACEMENT_3D('',#7368,#5079,#5080);
#4125=AXIS2_PLACEMENT_3D('',#7396,#5082,#5083);
#4126=AXIS2_PLACEMENT_3D('',#7397,#5084,#5085);
#4127=AXIS2_PLACEMENT_3D('',#7398,#5086,#5087);
#4128=AXIS2_PLACEMENT_3D('',#7400,#5088,#5089);
#4129=AXIS2_PLACEMENT_3D('',#7428,#5091,#5092);
#4130=AXIS2_PLACEMENT_3D('',#7429,#5093,#5094);
#4131=AXIS2_PLACEMENT_3D('',#7430,#5095,#5096);
#4132=AXIS2_PLACEMENT_3D('',#7432,#5097,#5098);
#4133=AXIS2_PLACEMENT_3D('',#7460,#5100,#5101);
#4134=AXIS2_PLACEMENT_3D('',#7461,#5102,#5103);
#4135=AXIS2_PLACEMENT_3D('',#7462,#5104,#5105);
#4136=AXIS2_PLACEMENT_3D('',#7464,#5107,#5108);
#4137=AXIS2_PLACEMENT_3D('',#7470,#5112,#5113);
#4138=AXIS2_PLACEMENT_3D('',#7473,#5115,#5116);
#4139=AXIS2_PLACEMENT_3D('',#7474,#5117,#5118);
#4140=AXIS2_PLACEMENT_3D('',#7478,#5121,#5122);
#4141=AXIS2_PLACEMENT_3D('',#7481,#5124,#5125);
#4142=AXIS2_PLACEMENT_3D('',#7482,#5126,#5127);
#4143=AXIS2_PLACEMENT_3D('',#7484,#5128,#5129);
#4144=AXIS2_PLACEMENT_3D('',#7485,#5130,#5131);
#4145=AXIS2_PLACEMENT_3D('',#7486,#5132,#5133);
#4146=AXIS2_PLACEMENT_3D('',#7489,#5134,#5135);
#4147=AXIS2_PLACEMENT_3D('',#7490,#5136,#5137);
#4148=AXIS2_PLACEMENT_3D('',#7491,#5138,#5139);
#4149=AXIS2_PLACEMENT_3D('',#7492,#5140,#5141);
#4150=AXIS2_PLACEMENT_3D('',#7494,#5143,#5144);
#4151=AXIS2_PLACEMENT_3D('',#7496,#5146,#5147);
#4152=AXIS2_PLACEMENT_3D('',#7498,#5148,#5149);
#4153=AXIS2_PLACEMENT_3D('',#7499,#5150,#5151);
#4154=AXIS2_PLACEMENT_3D('',#7500,#5152,#5153);
#4155=AXIS2_PLACEMENT_3D('',#7502,#5155,#5156);
#4156=AXIS2_PLACEMENT_3D('',#7505,#5157,#5158);
#4157=AXIS2_PLACEMENT_3D('',#7507,#5159,#5160);
#4158=AXIS2_PLACEMENT_3D('',#7508,#5161,#5162);
#4159=AXIS2_PLACEMENT_3D('',#7509,#5163,#5164);
#4160=AXIS2_PLACEMENT_3D('',#7512,#5167,#5168);
#4161=AXIS2_PLACEMENT_3D('',#7515,#5171,#5172);
#4162=AXIS2_PLACEMENT_3D('',#7518,#5175,#5176);
#4163=AXIS2_PLACEMENT_3D('',#7519,#5177,#5178);
#4164=AXIS2_PLACEMENT_3D('',#7520,#5179,#5180);
#4165=AXIS2_PLACEMENT_3D('',#7522,#5181,#5182);
#4166=AXIS2_PLACEMENT_3D('',#7523,#5183,#5184);
#4167=AXIS2_PLACEMENT_3D('',#7524,#5185,#5186);
#4168=AXIS2_PLACEMENT_3D('',#7527,#5187,#5188);
#4169=AXIS2_PLACEMENT_3D('',#7528,#5189,#5190);
#4170=AXIS2_PLACEMENT_3D('',#7529,#5191,#5192);
#4171=AXIS2_PLACEMENT_3D('',#7530,#5193,#5194);
#4172=AXIS2_PLACEMENT_3D('',#7532,#5196,#5197);
#4173=AXIS2_PLACEMENT_3D('',#7534,#5199,#5200);
#4174=AXIS2_PLACEMENT_3D('',#7536,#5201,#5202);
#4175=AXIS2_PLACEMENT_3D('',#7537,#5203,#5204);
#4176=AXIS2_PLACEMENT_3D('',#7538,#5205,#5206);
#4177=AXIS2_PLACEMENT_3D('',#7540,#5208,#5209);
#4178=AXIS2_PLACEMENT_3D('',#7543,#5210,#5211);
#4179=AXIS2_PLACEMENT_3D('',#7545,#5212,#5213);
#4180=AXIS2_PLACEMENT_3D('',#7546,#5214,#5215);
#4181=AXIS2_PLACEMENT_3D('',#7547,#5216,#5217);
#4182=AXIS2_PLACEMENT_3D('',#7550,#5220,#5221);
#4183=AXIS2_PLACEMENT_3D('',#7553,#5224,#5225);
#4184=AXIS2_PLACEMENT_3D('',#7556,#5228,#5229);
#4185=AXIS2_PLACEMENT_3D('',#7557,#5230,#5231);
#4186=AXIS2_PLACEMENT_3D('',#7558,#5232,#5233);
#4187=AXIS2_PLACEMENT_3D('',#7560,#5234,#5235);
#4188=AXIS2_PLACEMENT_3D('',#7562,#5236,#5237);
#4189=AXIS2_PLACEMENT_3D('',#7563,#5238,#5239);
#4190=AXIS2_PLACEMENT_3D('',#7564,#5240,#5241);
#4191=AXIS2_PLACEMENT_3D('',#7567,#5242,#5243);
#4192=AXIS2_PLACEMENT_3D('',#7569,#5244,#5245);
#4193=AXIS2_PLACEMENT_3D('',#7570,#5246,#5247);
#4194=AXIS2_PLACEMENT_3D('',#7571,#5248,#5249);
#4195=AXIS2_PLACEMENT_3D('',#7574,#5252,#5253);
#4196=AXIS2_PLACEMENT_3D('',#7577,#5256,#5257);
#4197=AXIS2_PLACEMENT_3D('',#7579,#5258,#5259);
#4198=AXIS2_PLACEMENT_3D('',#7580,#5260,#5261);
#4199=AXIS2_PLACEMENT_3D('',#7581,#5262,#5263);
#4200=AXIS2_PLACEMENT_3D('',#7583,#5265,#5266);
#4201=AXIS2_PLACEMENT_3D('',#7585,#5267,#5268);
#4202=AXIS2_PLACEMENT_3D('',#7586,#5269,#5270);
#4203=AXIS2_PLACEMENT_3D('',#7587,#5271,#5272);
#4204=AXIS2_PLACEMENT_3D('',#7590,#5275,#5276);
#4205=AXIS2_PLACEMENT_3D('',#7592,#5278,#5279);
#4206=AXIS2_PLACEMENT_3D('',#7594,#5281,#5282);
#4207=AXIS2_PLACEMENT_3D('',#7595,#5283,#5284);
#4208=AXIS2_PLACEMENT_3D('',#7597,#5285,#5286);
#4209=AXIS2_PLACEMENT_3D('',#7599,#5287,#5288);
#4210=AXIS2_PLACEMENT_3D('',#7600,#5289,#5290);
#4211=AXIS2_PLACEMENT_3D('',#7601,#5291,#5292);
#4212=AXIS2_PLACEMENT_3D('',#7604,#5293,#5294);
#4213=AXIS2_PLACEMENT_3D('',#7606,#5295,#5296);
#4214=AXIS2_PLACEMENT_3D('',#7607,#5297,#5298);
#4215=AXIS2_PLACEMENT_3D('',#7608,#5299,#5300);
#4216=AXIS2_PLACEMENT_3D('',#7611,#5303,#5304);
#4217=AXIS2_PLACEMENT_3D('',#7614,#5307,#5308);
#4218=AXIS2_PLACEMENT_3D('',#7616,#5309,#5310);
#4219=AXIS2_PLACEMENT_3D('',#7617,#5311,#5312);
#4220=AXIS2_PLACEMENT_3D('',#7618,#5313,#5314);
#4221=AXIS2_PLACEMENT_3D('',#7620,#5316,#5317);
#4222=AXIS2_PLACEMENT_3D('',#7622,#5318,#5319);
#4223=AXIS2_PLACEMENT_3D('',#7623,#5320,#5321);
#4224=AXIS2_PLACEMENT_3D('',#7624,#5322,#5323);
#4225=AXIS2_PLACEMENT_3D('',#7627,#5326,#5327);
#4226=AXIS2_PLACEMENT_3D('',#7629,#5329,#5330);
#4227=AXIS2_PLACEMENT_3D('',#7631,#5332,#5333);
#4228=AXIS2_PLACEMENT_3D('',#7632,#5334,#5335);
#4229=AXIS2_PLACEMENT_3D('',#7635,#5336,#5337);
#4230=AXIS2_PLACEMENT_3D('',#7637,#5338,#5339);
#4231=AXIS2_PLACEMENT_3D('',#7638,#5340,#5341);
#4232=AXIS2_PLACEMENT_3D('',#7639,#5342,#5343);
#4233=AXIS2_PLACEMENT_3D('',#7641,#5344,#5345);
#4234=AXIS2_PLACEMENT_3D('',#7642,#5346,#5347);
#4235=AXIS2_PLACEMENT_3D('',#7643,#5348,#5349);
#4236=AXIS2_PLACEMENT_3D('',#7646,#5352,#5353);
#4237=AXIS2_PLACEMENT_3D('',#7648,#5354,#5355);
#4238=AXIS2_PLACEMENT_3D('',#7650,#5356,#5357);
#4239=AXIS2_PLACEMENT_3D('',#7651,#5358,#5359);
#4240=AXIS2_PLACEMENT_3D('',#7652,#5360,#5361);
#4241=AXIS2_PLACEMENT_3D('',#7655,#5364,#5365);
#4242=AXIS2_PLACEMENT_3D('',#7657,#5367,#5368);
#4243=AXIS2_PLACEMENT_3D('',#7659,#5369,#5370);
#4244=AXIS2_PLACEMENT_3D('',#7660,#5371,#5372);
#4245=AXIS2_PLACEMENT_3D('',#7661,#5373,#5374);
#4246=AXIS2_PLACEMENT_3D('',#7663,#5376,#5377);
#4247=AXIS2_PLACEMENT_3D('',#7665,#5379,#5380);
#4248=AXIS2_PLACEMENT_3D('',#7668,#5383,#5384);
#4249=AXIS2_PLACEMENT_3D('',#7669,#5385,#5386);
#4250=AXIS2_PLACEMENT_3D('',#7670,#5387,#5388);
#4251=AXIS2_PLACEMENT_3D('',#7673,#5389,#5390);
#4252=AXIS2_PLACEMENT_3D('',#7675,#5391,#5392);
#4253=AXIS2_PLACEMENT_3D('',#7676,#5393,#5394);
#4254=AXIS2_PLACEMENT_3D('',#7677,#5395,#5396);
#4255=AXIS2_PLACEMENT_3D('',#7679,#5397,#5398);
#4256=AXIS2_PLACEMENT_3D('',#7680,#5399,#5400);
#4257=AXIS2_PLACEMENT_3D('',#7681,#5401,#5402);
#4258=AXIS2_PLACEMENT_3D('',#7684,#5405,#5406);
#4259=AXIS2_PLACEMENT_3D('',#7686,#5407,#5408);
#4260=AXIS2_PLACEMENT_3D('',#7688,#5409,#5410);
#4261=AXIS2_PLACEMENT_3D('',#7689,#5411,#5412);
#4262=AXIS2_PLACEMENT_3D('',#7690,#5413,#5414);
#4263=AXIS2_PLACEMENT_3D('',#7693,#5417,#5418);
#4264=AXIS2_PLACEMENT_3D('',#7695,#5420,#5421);
#4265=AXIS2_PLACEMENT_3D('',#7697,#5422,#5423);
#4266=AXIS2_PLACEMENT_3D('',#7698,#5424,#5425);
#4267=AXIS2_PLACEMENT_3D('',#7699,#5426,#5427);
#4268=AXIS2_PLACEMENT_3D('',#7701,#5429,#5430);
#4269=AXIS2_PLACEMENT_3D('',#7703,#5432,#5433);
#4270=AXIS2_PLACEMENT_3D('',#7706,#5436,#5437);
#4271=AXIS2_PLACEMENT_3D('',#7707,#5438,#5439);
#4272=AXIS2_PLACEMENT_3D('',#7708,#5440,#5441);
#4273=AXIS2_PLACEMENT_3D('',#7711,#5442,#5443);
#4274=AXIS2_PLACEMENT_3D('',#7713,#5444,#5445);
#4275=AXIS2_PLACEMENT_3D('',#7714,#5446,#5447);
#4276=AXIS2_PLACEMENT_3D('',#7715,#5448,#5449);
#4277=AXIS2_PLACEMENT_3D('',#7717,#5450,#5451);
#4278=AXIS2_PLACEMENT_3D('',#7718,#5452,#5453);
#4279=AXIS2_PLACEMENT_3D('',#7719,#5454,#5455);
#4280=AXIS2_PLACEMENT_3D('',#7722,#5458,#5459);
#4281=AXIS2_PLACEMENT_3D('',#7724,#5460,#5461);
#4282=AXIS2_PLACEMENT_3D('',#7726,#5462,#5463);
#4283=AXIS2_PLACEMENT_3D('',#7727,#5464,#5465);
#4284=AXIS2_PLACEMENT_3D('',#7728,#5466,#5467);
#4285=AXIS2_PLACEMENT_3D('',#7731,#5470,#5471);
#4286=AXIS2_PLACEMENT_3D('',#7733,#5473,#5474);
#4287=AXIS2_PLACEMENT_3D('',#7735,#5475,#5476);
#4288=AXIS2_PLACEMENT_3D('',#7736,#5477,#5478);
#4289=AXIS2_PLACEMENT_3D('',#7737,#5479,#5480);
#4290=AXIS2_PLACEMENT_3D('',#7739,#5482,#5483);
#4291=AXIS2_PLACEMENT_3D('',#7741,#5485,#5486);
#4292=AXIS2_PLACEMENT_3D('',#7744,#5489,#5490);
#4293=AXIS2_PLACEMENT_3D('',#7745,#5491,#5492);
#4294=AXIS2_PLACEMENT_3D('',#7746,#5493,#5494);
#4295=AXIS2_PLACEMENT_3D('',#7747,#5495,#5496);
#4296=AXIS2_PLACEMENT_3D('',#7748,#5497,#5498);
#4297=AXIS2_PLACEMENT_3D('',#7749,#5499,#5500);
#4298=AXIS2_PLACEMENT_3D('',#7750,#5501,#5502);
#4299=AXIS2_PLACEMENT_3D('',#7751,#5503,#5504);
#4300=AXIS2_PLACEMENT_3D('',#7752,#5505,#5506);
#4301=AXIS2_PLACEMENT_3D('',#7753,#5507,#5508);
#4302=AXIS2_PLACEMENT_3D('',#7754,#5509,#5510);
#4303=AXIS2_PLACEMENT_3D('',#7755,#5511,#5512);
#4304=AXIS2_PLACEMENT_3D('',#7757,#5513,#5514);
#4305=AXIS2_PLACEMENT_3D('',#7759,#5515,#5516);
#4306=AXIS2_PLACEMENT_3D('',#7760,#5517,#5518);
#4307=AXIS2_PLACEMENT_3D('',#7761,#5519,#5520);
#4308=AXIS2_PLACEMENT_3D('',#7764,#5521,#5522);
#4309=AXIS2_PLACEMENT_3D('',#7766,#5523,#5524);
#4310=AXIS2_PLACEMENT_3D('',#7767,#5525,#5526);
#4311=AXIS2_PLACEMENT_3D('',#7768,#5527,#5528);
#4312=AXIS2_PLACEMENT_3D('',#7771,#5531,#5532);
#4313=AXIS2_PLACEMENT_3D('',#7773,#5533,#5534);
#4314=AXIS2_PLACEMENT_3D('',#7774,#5535,#5536);
#4315=AXIS2_PLACEMENT_3D('',#7775,#5537,#5538);
#4316=AXIS2_PLACEMENT_3D('',#7777,#5540,#5541);
#4317=AXIS2_PLACEMENT_3D('',#7779,#5542,#5543);
#4318=AXIS2_PLACEMENT_3D('',#7780,#5544,#5545);
#4319=AXIS2_PLACEMENT_3D('',#7781,#5546,#5547);
#4320=AXIS2_PLACEMENT_3D('',#7784,#5550,#5551);
#4321=AXIS2_PLACEMENT_3D('',#7786,#5553,#5554);
#4322=AXIS2_PLACEMENT_3D('',#7789,#5557,#5558);
#4323=AXIS2_PLACEMENT_3D('',#7791,#5560,#5561);
#4324=AXIS2_PLACEMENT_3D('',#7792,#5562,#5563);
#4325=AXIS2_PLACEMENT_3D('',#7793,#5564,#5565);
#4326=DIRECTION('axis',(0.,0.,1.));
#4327=DIRECTION('refdir',(1.,0.,0.));
#4328=DIRECTION('center_axis',(0.,-1.,0.));
#4329=DIRECTION('ref_axis',(0.,0.,-1.));
#4330=DIRECTION('center_axis',(0.,-1.,0.));
#4331=DIRECTION('ref_axis',(-1.,0.,0.));
#4332=DIRECTION('center_axis',(0.,1.,0.));
#4333=DIRECTION('ref_axis',(1.,0.,0.));
#4334=DIRECTION('center_axis',(0.,1.,0.));
#4335=DIRECTION('ref_axis',(0.,0.,1.));
#4336=DIRECTION('center_axis',(0.,1.,0.));
#4337=DIRECTION('ref_axis',(-1.,0.,0.));
#4338=DIRECTION('center_axis',(0.,1.,0.));
#4339=DIRECTION('ref_axis',(1.,0.,0.));
#4340=DIRECTION('center_axis',(0.,1.,0.));
#4341=DIRECTION('ref_axis',(0.,0.,1.));
#4342=DIRECTION('',(0.,1.,0.));
#4343=DIRECTION('center_axis',(0.,1.,0.));
#4344=DIRECTION('ref_axis',(-1.,0.,0.));
#4345=DIRECTION('center_axis',(0.,1.,0.));
#4346=DIRECTION('ref_axis',(-1.,0.,0.));
#4347=DIRECTION('',(0.,-1.,0.));
#4348=DIRECTION('center_axis',(0.,1.,0.));
#4349=DIRECTION('ref_axis',(-1.,0.,0.));
#4350=DIRECTION('',(0.,-1.,0.));
#4351=DIRECTION('center_axis',(0.,-1.,0.));
#4352=DIRECTION('ref_axis',(-1.,0.,0.));
#4353=DIRECTION('center_axis',(0.,1.,0.));
#4354=DIRECTION('ref_axis',(-1.,0.,0.));
#4355=DIRECTION('center_axis',(0.,1.,0.));
#4356=DIRECTION('ref_axis',(1.,0.,0.));
#4357=DIRECTION('center_axis',(0.,1.,0.));
#4358=DIRECTION('ref_axis',(1.,0.,0.));
#4359=DIRECTION('',(0.,1.,0.));
#4360=DIRECTION('center_axis',(0.,1.,0.));
#4361=DIRECTION('ref_axis',(1.,0.,0.));
#4362=DIRECTION('center_axis',(0.,-1.,0.));
#4363=DIRECTION('ref_axis',(1.,0.,0.));
#4364=DIRECTION('center_axis',(0.,-1.,0.));
#4365=DIRECTION('ref_axis',(-0.55277079839258,0.,0.833333333333324));
#4366=DIRECTION('',(-1.,0.,0.));
#4367=DIRECTION('center_axis',(0.,0.,1.));
#4368=DIRECTION('ref_axis',(1.,0.,0.));
#4369=DIRECTION('',(0.,1.,0.));
#4370=DIRECTION('',(1.,0.,0.));
#4371=DIRECTION('',(0.,1.,0.));
#4372=DIRECTION('center_axis',(0.,1.,0.));
#4373=DIRECTION('ref_axis',(9.25185853854297E-17,0.,-1.));
#4374=DIRECTION('center_axis',(0.,1.,0.));
#4375=DIRECTION('ref_axis',(-0.55277079839258,0.,0.833333333333324));
#4376=DIRECTION('center_axis',(0.,-1.,0.));
#4377=DIRECTION('ref_axis',(1.,0.,0.));
#4378=DIRECTION('center_axis',(0.707106781186547,0.,0.707106781186548));
#4379=DIRECTION('ref_axis',(0.499999999999999,-0.707106781186549,-0.499999999999999));
#4380=DIRECTION('',(-0.707106781186547,0.,-0.707106781186548));
#4381=DIRECTION('',(0.707106781186547,0.,0.707106781186548));
#4382=DIRECTION('center_axis',(0.,-1.,0.));
#4383=DIRECTION('ref_axis',(0.,0.,-1.));
#4384=DIRECTION('center_axis',(0.,1.,0.));
#4385=DIRECTION('ref_axis',(0.38268343236509,0.,-0.923879532511286));
#4386=DIRECTION('center_axis',(0.,-1.,0.));
#4387=DIRECTION('ref_axis',(0.38268343236509,0.,-0.923879532511287));
#4388=DIRECTION('center_axis',(1.,0.,-4.13106241720989E-16));
#4389=DIRECTION('ref_axis',(0.,-0.707106781186549,-0.707106781186546));
#4390=DIRECTION('',(-1.,0.,4.13106241720989E-16));
#4391=DIRECTION('',(1.,0.,-4.13106241720989E-16));
#4392=DIRECTION('center_axis',(0.,-1.,0.));
#4393=DIRECTION('ref_axis',(0.,0.,-1.));
#4394=DIRECTION('center_axis',(0.,1.,0.));
#4395=DIRECTION('ref_axis',(-0.382683432365091,0.,-0.923879532511286));
#4396=DIRECTION('center_axis',(0.,-1.,0.));
#4397=DIRECTION('ref_axis',(-0.382683432365091,0.,-0.923879532511286));
#4398=DIRECTION('center_axis',(0.707106781186548,0.,-0.707106781186547));
#4399=DIRECTION('ref_axis',(-0.499999999999999,-0.707106781186549,-0.499999999999999));
#4400=DIRECTION('',(-0.707106781186548,0.,0.707106781186547));
#4401=DIRECTION('',(0.707106781186548,0.,-0.707106781186547));
#4402=DIRECTION('center_axis',(0.,-1.,0.));
#4403=DIRECTION('ref_axis',(0.,0.,-1.));
#4404=DIRECTION('center_axis',(0.,1.,0.));
#4405=DIRECTION('ref_axis',(-0.923879532511287,0.,-0.38268343236509));
#4406=DIRECTION('center_axis',(0.,-1.,0.));
#4407=DIRECTION('ref_axis',(-0.923879532511287,0.,-0.38268343236509));
#4408=DIRECTION('center_axis',(0.,0.,-1.));
#4409=DIRECTION('ref_axis',(-0.707106781186546,-0.707106781186549,0.));
#4410=DIRECTION('',(0.,0.,1.));
#4411=DIRECTION('',(0.,0.,-1.));
#4412=DIRECTION('center_axis',(0.,-1.,0.));
#4413=DIRECTION('ref_axis',(0.,0.,-1.));
#4414=DIRECTION('center_axis',(0.,1.,0.));
#4415=DIRECTION('ref_axis',(-0.923879532511288,0.,0.382683432365088));
#4416=DIRECTION('center_axis',(0.,-1.,0.));
#4417=DIRECTION('ref_axis',(-0.923879532511288,0.,0.382683432365088));
#4418=DIRECTION('center_axis',(-0.707106781186547,0.,-0.707106781186548));
#4419=DIRECTION('ref_axis',(-0.499999999999999,-0.707106781186549,0.499999999999999));
#4420=DIRECTION('',(0.707106781186547,0.,0.707106781186548));
#4421=DIRECTION('',(-0.707106781186547,0.,-0.707106781186548));
#4422=DIRECTION('center_axis',(0.,-1.,0.));
#4423=DIRECTION('ref_axis',(0.,0.,-1.));
#4424=DIRECTION('center_axis',(0.,-1.,0.));
#4425=DIRECTION('ref_axis',(-0.382683432365091,0.,0.923879532511286));
#4426=DIRECTION('center_axis',(0.,1.,0.));
#4427=DIRECTION('ref_axis',(-0.382683432365091,0.,0.923879532511286));
#4428=DIRECTION('center_axis',(-1.,0.,0.));
#4429=DIRECTION('ref_axis',(0.,-0.707106781186549,0.707106781186546));
#4430=DIRECTION('',(-1.,0.,0.));
#4431=DIRECTION('',(1.,0.,0.));
#4432=DIRECTION('center_axis',(0.,-1.,0.));
#4433=DIRECTION('ref_axis',(0.,0.,-1.));
#4434=DIRECTION('center_axis',(0.,-1.,0.));
#4435=DIRECTION('ref_axis',(0.382683432365089,0.,0.923879532511287));
#4436=DIRECTION('center_axis',(0.,1.,0.));
#4437=DIRECTION('ref_axis',(0.382683432365089,0.,0.923879532511287));
#4438=DIRECTION('center_axis',(-0.707106781186548,0.,0.707106781186547));
#4439=DIRECTION('ref_axis',(0.499999999999999,-0.707106781186549,0.499999999999999));
#4440=DIRECTION('',(-0.707106781186548,0.,0.707106781186547));
#4441=DIRECTION('',(0.707106781186548,0.,-0.707106781186547));
#4442=DIRECTION('center_axis',(0.,-1.,0.));
#4443=DIRECTION('ref_axis',(0.,0.,-1.));
#4444=DIRECTION('center_axis',(0.,-1.,0.));
#4445=DIRECTION('ref_axis',(0.923879532511287,0.,0.38268343236509));
#4446=DIRECTION('center_axis',(0.,1.,0.));
#4447=DIRECTION('ref_axis',(0.923879532511287,0.,0.38268343236509));
#4448=DIRECTION('center_axis',(4.13106241720989E-16,0.,1.));
#4449=DIRECTION('ref_axis',(0.707106781186546,-0.707106781186549,0.));
#4450=DIRECTION('',(4.13106241720989E-16,0.,1.));
#4451=DIRECTION('',(-4.13106241720989E-16,0.,-1.));
#4452=DIRECTION('center_axis',(0.,-1.,0.));
#4453=DIRECTION('ref_axis',(0.,0.,-1.));
#4454=DIRECTION('center_axis',(0.,-1.,0.));
#4455=DIRECTION('ref_axis',(0.923879532511287,0.,-0.382683432365089));
#4456=DIRECTION('center_axis',(0.,1.,0.));
#4457=DIRECTION('ref_axis',(0.923879532511287,0.,-0.382683432365089));
#4458=DIRECTION('center_axis',(0.,-1.,0.));
#4459=DIRECTION('ref_axis',(-1.,0.,0.));
#4460=DIRECTION('',(0.,-1.,0.));
#4461=DIRECTION('center_axis',(0.,1.,0.));
#4462=DIRECTION('ref_axis',(-0.382683432365095,0.,0.923879532511285));
#4463=DIRECTION('',(0.,1.,0.));
#4464=DIRECTION('center_axis',(0.,0.,1.));
#4465=DIRECTION('ref_axis',(1.,0.,0.));
#4466=DIRECTION('',(0.,1.,0.));
#4467=DIRECTION('',(1.,0.,0.));
#4468=DIRECTION('center_axis',(0.,0.,1.));
#4469=DIRECTION('ref_axis',(0.611767019461446,-0.791037997759437,0.));
#4470=DIRECTION('',(1.,0.,0.));
#4471=DIRECTION('center_axis',(0.,0.,1.));
#4472=DIRECTION('ref_axis',(-0.611767019461447,-0.791037997759436,0.));
#4473=DIRECTION('',(0.,-1.,0.));
#4474=DIRECTION('center_axis',(0.,0.,1.));
#4475=DIRECTION('ref_axis',(-0.611767019461448,0.791037997759435,0.));
#4476=DIRECTION('',(-1.,0.,0.));
#4477=DIRECTION('center_axis',(0.,0.,1.));
#4478=DIRECTION('ref_axis',(0.611767019461448,0.791037997759435,0.));
#4479=DIRECTION('',(0.,1.,0.));
#4480=DIRECTION('center_axis',(0.,-1.,0.));
#4481=DIRECTION('ref_axis',(-1.,0.,0.));
#4482=DIRECTION('',(0.,-1.,0.));
#4483=DIRECTION('center_axis',(0.,1.,0.));
#4484=DIRECTION('ref_axis',(0.38268343236509,0.,0.923879532511287));
#4485=DIRECTION('center_axis',(0.707106781186547,0.,0.707106781186548));
#4486=DIRECTION('ref_axis',(0.707106781186548,0.,-0.707106781186547));
#4487=DIRECTION('',(0.,1.,0.));
#4488=DIRECTION('',(0.707106781186548,0.,-0.707106781186547));
#4489=DIRECTION('center_axis',(0.707106781186547,0.,0.707106781186548));
#4490=DIRECTION('ref_axis',(0.432584607967473,0.791037997759435,-0.432584607967473));
#4491=DIRECTION('',(0.,1.,0.));
#4492=DIRECTION('center_axis',(0.707106781186547,0.,0.707106781186548));
#4493=DIRECTION('ref_axis',(0.432584607967472,-0.791037997759436,-0.432584607967471));
#4494=DIRECTION('',(0.707106781186548,-2.43058079997482E-16,-0.707106781186547));
#4495=DIRECTION('center_axis',(0.707106781186547,0.,0.707106781186548));
#4496=DIRECTION('ref_axis',(-0.432584607967471,-0.791037997759437,0.432584607967471));
#4497=DIRECTION('',(0.,-1.,0.));
#4498=DIRECTION('center_axis',(0.707106781186547,0.,0.707106781186548));
#4499=DIRECTION('ref_axis',(-0.432584607967473,0.791037997759435,0.432584607967472));
#4500=DIRECTION('',(-0.707106781186548,-2.43058079997482E-16,0.707106781186547));
#4501=DIRECTION('center_axis',(0.,-1.,0.));
#4502=DIRECTION('ref_axis',(-1.,0.,0.));
#4503=DIRECTION('',(0.,-1.,0.));
#4504=DIRECTION('center_axis',(0.,1.,0.));
#4505=DIRECTION('ref_axis',(0.923879532511286,0.,0.382683432365093));
#4506=DIRECTION('center_axis',(1.,0.,-4.13106241720989E-16));
#4507=DIRECTION('ref_axis',(-4.13106241720989E-16,0.,-1.));
#4508=DIRECTION('',(0.,1.,0.));
#4509=DIRECTION('',(-4.13106241720989E-16,0.,-1.));
#4510=DIRECTION('center_axis',(1.,0.,-4.13106241720989E-16));
#4511=DIRECTION('ref_axis',(-2.52724774218569E-16,0.791037997759436,-0.611767019461448));
#4512=DIRECTION('',(0.,1.,0.));
#4513=DIRECTION('center_axis',(1.,0.,-4.13106241720989E-16));
#4514=DIRECTION('ref_axis',(-2.52724774218569E-16,-0.791037997759437,-0.611767019461445));
#4515=DIRECTION('',(-4.13106241720989E-16,1.83926748894187E-16,-1.));
#4516=DIRECTION('center_axis',(1.,0.,-4.13106241720989E-16));
#4517=DIRECTION('ref_axis',(2.52724774218569E-16,-0.791037997759436,0.611767019461447));
#4518=DIRECTION('',(0.,-1.,0.));
#4519=DIRECTION('center_axis',(1.,0.,-4.13106241720989E-16));
#4520=DIRECTION('ref_axis',(2.5272477421857E-16,0.791037997759435,0.611767019461449));
#4521=DIRECTION('',(4.13106241720989E-16,1.83926748894186E-16,1.));
#4522=DIRECTION('center_axis',(0.,-1.,0.));
#4523=DIRECTION('ref_axis',(-1.,0.,0.));
#4524=DIRECTION('',(0.,-1.,0.));
#4525=DIRECTION('center_axis',(0.,1.,0.));
#4526=DIRECTION('ref_axis',(0.923879532511287,0.,-0.382683432365089));
#4527=DIRECTION('center_axis',(0.707106781186548,0.,-0.707106781186547));
#4528=DIRECTION('ref_axis',(-0.707106781186547,0.,-0.707106781186548));
#4529=DIRECTION('',(0.,1.,0.));
#4530=DIRECTION('',(-0.707106781186547,0.,-0.707106781186548));
#4531=DIRECTION('center_axis',(0.707106781186548,0.,-0.707106781186547));
#4532=DIRECTION('ref_axis',(-0.432584607967473,0.791037997759435,-0.432584607967473));
#4533=DIRECTION('',(0.,1.,0.));
#4534=DIRECTION('center_axis',(0.707106781186548,0.,-0.707106781186547));
#4535=DIRECTION('ref_axis',(-0.432584607967471,-0.791037997759437,-0.432584607967471));
#4536=DIRECTION('',(-0.707106781186547,-1.51911299998426E-16,-0.707106781186548));
#4537=DIRECTION('center_axis',(0.707106781186548,0.,-0.707106781186547));
#4538=DIRECTION('ref_axis',(0.432584607967471,-0.791037997759437,0.432584607967471));
#4539=DIRECTION('',(0.,-1.,0.));
#4540=DIRECTION('center_axis',(0.707106781186548,0.,-0.707106781186547));
#4541=DIRECTION('ref_axis',(0.432584607967472,0.791037997759435,0.432584607967472));
#4542=DIRECTION('',(0.707106781186547,-1.51911299998426E-16,0.707106781186548));
#4543=DIRECTION('center_axis',(0.,-1.,0.));
#4544=DIRECTION('ref_axis',(0.,0.,-1.));
#4545=DIRECTION('center_axis',(-1.,0.,4.13106241720989E-16));
#4546=DIRECTION('ref_axis',(0.,0.707106781186549,-0.707106781186546));
#4547=DIRECTION('',(1.,0.,-4.13106241720989E-16));
#4548=DIRECTION('',(-1.,0.,4.13106241720989E-16));
#4549=DIRECTION('center_axis',(0.,1.,0.));
#4550=DIRECTION('ref_axis',(0.,0.,1.));
#4551=DIRECTION('center_axis',(0.,-1.,0.));
#4552=DIRECTION('ref_axis',(0.382683432365092,0.,-0.923879532511286));
#4553=DIRECTION('center_axis',(0.,1.,0.));
#4554=DIRECTION('ref_axis',(0.382683432365092,0.,-0.923879532511286));
#4555=DIRECTION('center_axis',(-0.707106781186547,0.,-0.707106781186548));
#4556=DIRECTION('ref_axis',(0.499999999999999,0.707106781186549,-0.499999999999999));
#4557=DIRECTION('',(0.707106781186547,0.,0.707106781186548));
#4558=DIRECTION('center_axis',(0.,1.,0.));
#4559=DIRECTION('ref_axis',(0.,0.,1.));
#4560=DIRECTION('center_axis',(0.,-1.,0.));
#4561=DIRECTION('ref_axis',(0.923879532511287,0.,-0.382683432365089));
#4562=DIRECTION('center_axis',(-4.13106241720989E-16,0.,-1.));
#4563=DIRECTION('ref_axis',(0.707106781186546,0.707106781186549,0.));
#4564=DIRECTION('',(4.13106241720989E-16,0.,1.));
#4565=DIRECTION('center_axis',(0.,1.,0.));
#4566=DIRECTION('ref_axis',(0.,0.,1.));
#4567=DIRECTION('center_axis',(0.,-1.,0.));
#4568=DIRECTION('ref_axis',(0.923879532511286,0.,0.382683432365093));
#4569=DIRECTION('center_axis',(0.707106781186548,0.,-0.707106781186547));
#4570=DIRECTION('ref_axis',(0.499999999999999,0.707106781186549,0.499999999999999));
#4571=DIRECTION('',(-0.707106781186548,0.,0.707106781186547));
#4572=DIRECTION('center_axis',(0.,1.,0.));
#4573=DIRECTION('ref_axis',(0.,0.,1.));
#4574=DIRECTION('center_axis',(0.,-1.,0.));
#4575=DIRECTION('ref_axis',(0.382683432365089,0.,0.923879532511287));
#4576=DIRECTION('center_axis',(1.,0.,0.));
#4577=DIRECTION('ref_axis',(0.,0.707106781186549,0.707106781186546));
#4578=DIRECTION('',(-1.,0.,0.));
#4579=DIRECTION('center_axis',(0.,1.,0.));
#4580=DIRECTION('ref_axis',(0.,0.,1.));
#4581=DIRECTION('center_axis',(0.,-1.,0.));
#4582=DIRECTION('ref_axis',(-0.382683432365095,0.,0.923879532511285));
#4583=DIRECTION('center_axis',(0.707106781186547,0.,0.707106781186548));
#4584=DIRECTION('ref_axis',(-0.499999999999999,0.707106781186549,0.499999999999999));
#4585=DIRECTION('',(0.707106781186547,0.,0.707106781186548));
#4586=DIRECTION('',(-0.707106781186547,0.,-0.707106781186548));
#4587=DIRECTION('center_axis',(0.,1.,0.));
#4588=DIRECTION('ref_axis',(0.,0.,1.));
#4589=DIRECTION('center_axis',(0.,1.,0.));
#4590=DIRECTION('ref_axis',(-0.923879532511288,0.,0.382683432365088));
#4591=DIRECTION('center_axis',(0.,-1.,0.));
#4592=DIRECTION('ref_axis',(-0.923879532511288,0.,0.382683432365088));
#4593=DIRECTION('center_axis',(0.,0.,1.));
#4594=DIRECTION('ref_axis',(-0.707106781186546,0.707106781186549,0.));
#4595=DIRECTION('',(0.,0.,1.));
#4596=DIRECTION('',(0.,0.,-1.));
#4597=DIRECTION('center_axis',(0.,1.,0.));
#4598=DIRECTION('ref_axis',(0.,0.,1.));
#4599=DIRECTION('center_axis',(0.,1.,0.));
#4600=DIRECTION('ref_axis',(-0.923879532511286,0.,-0.382683432365092));
#4601=DIRECTION('center_axis',(0.,-1.,0.));
#4602=DIRECTION('ref_axis',(-0.923879532511286,0.,-0.382683432365092));
#4603=DIRECTION('center_axis',(-0.707106781186548,0.,0.707106781186547));
#4604=DIRECTION('ref_axis',(-0.499999999999999,0.707106781186549,-0.499999999999999));
#4605=DIRECTION('',(-0.707106781186548,0.,0.707106781186547));
#4606=DIRECTION('',(0.707106781186548,0.,-0.707106781186547));
#4607=DIRECTION('center_axis',(0.,1.,0.));
#4608=DIRECTION('ref_axis',(0.,0.,1.));
#4609=DIRECTION('center_axis',(0.,1.,0.));
#4610=DIRECTION('ref_axis',(-0.38268343236509,0.,-0.923879532511287));
#4611=DIRECTION('center_axis',(0.,-1.,0.));
#4612=DIRECTION('ref_axis',(-0.38268343236509,0.,-0.923879532511287));
#4613=DIRECTION('center_axis',(-0.707106781186548,0.,0.707106781186547));
#4614=DIRECTION('ref_axis',(0.707106781186547,0.,0.707106781186548));
#4615=DIRECTION('',(0.,-1.,0.));
#4616=DIRECTION('center_axis',(-0.707106781186548,0.,0.707106781186547));
#4617=DIRECTION('ref_axis',(-0.432584607967472,-0.791037997759436,-0.432584607967472));
#4618=DIRECTION('',(0.,-1.,0.));
#4619=DIRECTION('center_axis',(-0.707106781186548,0.,0.707106781186547));
#4620=DIRECTION('ref_axis',(-0.432584607967472,0.791037997759435,-0.432584607967473));
#4621=DIRECTION('',(-0.707106781186547,-3.03822599996852E-17,-0.707106781186548));
#4622=DIRECTION('center_axis',(-0.707106781186548,0.,0.707106781186547));
#4623=DIRECTION('ref_axis',(0.432584607967472,0.791037997759435,0.432584607967473));
#4624=DIRECTION('',(0.,1.,0.));
#4625=DIRECTION('center_axis',(-0.707106781186548,0.,0.707106781186547));
#4626=DIRECTION('ref_axis',(0.432584607967471,-0.791037997759437,0.432584607967471));
#4627=DIRECTION('',(0.707106781186547,0.,0.707106781186548));
#4628=DIRECTION('center_axis',(0.,-1.,0.));
#4629=DIRECTION('ref_axis',(-1.,0.,0.));
#4630=DIRECTION('',(0.,1.,0.));
#4631=DIRECTION('center_axis',(-1.,0.,0.));
#4632=DIRECTION('ref_axis',(0.,0.,1.));
#4633=DIRECTION('',(0.,-1.,0.));
#4634=DIRECTION('center_axis',(-1.,0.,0.));
#4635=DIRECTION('ref_axis',(0.,-0.791037997759436,-0.611767019461447));
#4636=DIRECTION('',(0.,-1.,0.));
#4637=DIRECTION('center_axis',(-1.,0.,0.));
#4638=DIRECTION('ref_axis',(0.,0.791037997759435,-0.611767019461448));
#4639=DIRECTION('',(0.,6.07645199993704E-17,-1.));
#4640=DIRECTION('center_axis',(-1.,0.,0.));
#4641=DIRECTION('ref_axis',(0.,0.791037997759435,0.611767019461448));
#4642=DIRECTION('',(0.,1.,0.));
#4643=DIRECTION('center_axis',(-1.,0.,0.));
#4644=DIRECTION('ref_axis',(0.,-0.791037997759437,0.611767019461446));
#4645=DIRECTION('',(0.,3.03822599996852E-17,1.));
#4646=DIRECTION('center_axis',(0.,-1.,0.));
#4647=DIRECTION('ref_axis',(-1.,0.,0.));
#4648=DIRECTION('',(0.,1.,0.));
#4649=DIRECTION('center_axis',(-0.707106781186547,0.,-0.707106781186548));
#4650=DIRECTION('ref_axis',(-0.707106781186548,0.,0.707106781186547));
#4651=DIRECTION('',(0.,-1.,0.));
#4652=DIRECTION('center_axis',(-0.707106781186547,0.,-0.707106781186548));
#4653=DIRECTION('ref_axis',(-0.432584607967472,-0.791037997759437,0.432584607967471));
#4654=DIRECTION('',(-0.707106781186548,-1.51911299998426E-16,0.707106781186547));
#4655=DIRECTION('center_axis',(-0.707106781186547,0.,-0.707106781186548));
#4656=DIRECTION('ref_axis',(0.432584607967472,-0.791037997759437,-0.432584607967471));
#4657=DIRECTION('',(0.,-1.,0.));
#4658=DIRECTION('center_axis',(-0.707106781186547,0.,-0.707106781186548));
#4659=DIRECTION('ref_axis',(0.432584607967472,0.791037997759436,-0.432584607967472));
#4660=DIRECTION('',(0.707106781186548,-1.51911299998426E-16,-0.707106781186547));
#4661=DIRECTION('center_axis',(-0.707106781186547,0.,-0.707106781186548));
#4662=DIRECTION('ref_axis',(-0.432584607967473,0.791037997759435,0.432584607967473));
#4663=DIRECTION('',(0.,1.,0.));
#4664=DIRECTION('center_axis',(0.,-1.,0.));
#4665=DIRECTION('ref_axis',(-1.,0.,0.));
#4666=DIRECTION('',(0.,1.,0.));
#4667=DIRECTION('center_axis',(-4.13106241720989E-16,0.,-1.));
#4668=DIRECTION('ref_axis',(-1.,0.,4.13106241720989E-16));
#4669=DIRECTION('',(0.,-1.,0.));
#4670=DIRECTION('center_axis',(-4.13106241720989E-16,0.,-1.));
#4671=DIRECTION('ref_axis',(-0.611767019461446,-0.791037997759437,2.52724774218569E-16));
#4672=DIRECTION('',(-1.,2.14309008893872E-16,4.13106241720989E-16));
#4673=DIRECTION('center_axis',(-4.13106241720989E-16,0.,-1.));
#4674=DIRECTION('ref_axis',(0.611767019461447,-0.791037997759436,-2.52724774218569E-16));
#4675=DIRECTION('',(0.,-1.,0.));
#4676=DIRECTION('center_axis',(-4.13106241720989E-16,0.,-1.));
#4677=DIRECTION('ref_axis',(0.611767019461449,0.791037997759435,-2.5272477421857E-16));
#4678=DIRECTION('',(1.,2.44691268893556E-16,-4.13106241720989E-16));
#4679=DIRECTION('center_axis',(-4.13106241720989E-16,0.,-1.));
#4680=DIRECTION('ref_axis',(-0.611767019461447,0.791037997759436,2.52724774218569E-16));
#4681=DIRECTION('',(0.,1.,0.));
#4682=DIRECTION('center_axis',(0.,1.,0.));
#4683=DIRECTION('ref_axis',(0.,0.,1.));
#4684=DIRECTION('center_axis',(0.,-1.,0.));
#4685=DIRECTION('ref_axis',(-1.,0.,0.));
#4686=DIRECTION('center_axis',(4.37648383517163E-15,1.,-2.80639137648779E-15));
#4687=DIRECTION('ref_axis',(-0.438371146789084,4.44089209850062E-15,0.898794046299164));
#4688=DIRECTION('center_axis',(0.707106781186545,-4.79470040620034E-15,
-0.70710678118655));
#4689=DIRECTION('ref_axis',(0.70710678118655,0.,0.707106781186545));
#4690=DIRECTION('center_axis',(-0.396182237345227,0.395422932484402,-0.828661776165383));
#4691=DIRECTION('ref_axis',(0.728127102821001,0.685114456397392,-0.0211920686295825));
#4692=DIRECTION('center_axis',(0.707106781186548,2.43058079997482E-16,-0.707106781186547));
#4693=DIRECTION('ref_axis',(0.59302964577578,-0.544639035015026,0.593029645775785));
#4694=DIRECTION('center_axis',(0.70710678118655,-2.04130809372885E-15,-0.707106781186545));
#4695=DIRECTION('ref_axis',(0.707106781186545,0.,0.70710678118655));
#4696=DIRECTION('',(0.707106781186548,2.43058079997482E-16,-0.707106781186547));
#4697=DIRECTION('center_axis',(8.30281127839599E-16,1.,-8.30281127839599E-16));
#4698=DIRECTION('ref_axis',(0.707106781186548,0.,0.707106781186548));
#4699=DIRECTION('center_axis',(-0.828661776165383,0.395422932484401,-0.396182237345228));
#4700=DIRECTION('ref_axis',(-0.0211920686295826,0.685114456397394,0.728127102821));
#4701=DIRECTION('center_axis',(0.,1.,0.));
#4702=DIRECTION('ref_axis',(0.986285601537232,0.,0.165047605860676));
#4703=DIRECTION('center_axis',(0.,1.,0.));
#4704=DIRECTION('ref_axis',(0.707106781186548,0.,0.707106781186548));
#4705=DIRECTION('',(0.,1.,0.));
#4706=DIRECTION('center_axis',(-0.707106781186545,-4.84217268744984E-15,
0.70710678118655));
#4707=DIRECTION('ref_axis',(0.70710678118655,-1.11022302462516E-15,0.707106781186545));
#4708=DIRECTION('center_axis',(-0.828661776165383,-0.395422932484398,-0.396182237345231));
#4709=DIRECTION('ref_axis',(-0.0211920686295871,-0.685114456397395,0.728127102820998));
#4710=DIRECTION('center_axis',(-0.707106781186548,2.43058079997482E-16,
0.707106781186547));
#4711=DIRECTION('ref_axis',(0.593029645775781,0.544639035015025,0.593029645775786));
#4712=DIRECTION('center_axis',(-0.707106781186548,3.4180042499646E-15,0.707106781186548));
#4713=DIRECTION('ref_axis',(0.707106781186548,0.,0.707106781186548));
#4714=DIRECTION('',(-0.707106781186548,2.43058079997482E-16,0.707106781186547));
#4715=DIRECTION('center_axis',(3.09604631538474E-15,-1.,-4.66613877406852E-15));
#4716=DIRECTION('ref_axis',(0.707106781186548,-1.11022302462516E-15,0.707106781186548));
#4717=DIRECTION('center_axis',(-0.396182237345227,-0.395422932484399,-0.828661776165384));
#4718=DIRECTION('ref_axis',(0.728127102820998,-0.685114456397395,-0.0211920686295826));
#4719=DIRECTION('center_axis',(0.,-1.,0.));
#4720=DIRECTION('ref_axis',(0.165047605860675,0.,0.986285601537232));
#4721=DIRECTION('',(0.,-1.,0.));
#4722=DIRECTION('center_axis',(0.287606238475951,0.913545457642601,0.287606238475951));
#4723=DIRECTION('ref_axis',(0.645974188021251,-0.406736643075801,0.645974188021251));
#4724=DIRECTION('',(0.828384277009674,-0.387993869072847,0.404030007753189));
#4725=DIRECTION('',(0.707106781186548,0.,-0.707106781186548));
#4726=DIRECTION('',(-0.404030007753188,0.387993869072847,-0.828384277009675));
#4727=DIRECTION('center_axis',(0.828384277009674,-0.387993869072847,0.404030007753189));
#4728=DIRECTION('ref_axis',(0.100180088053446,-0.607031605772453,-0.788337858757856));
#4729=DIRECTION('',(-0.828384277009674,0.387993869072847,-0.404030007753189));
#4730=DIRECTION('center_axis',(0.828384277009679,-0.387993869072835,0.404030007753192));
#4731=DIRECTION('ref_axis',(0.438371146789079,0.,-0.898794046299166));
#4732=DIRECTION('center_axis',(0.438371146789078,0.,-0.898794046299167));
#4733=DIRECTION('ref_axis',(-0.898794046299167,0.,-0.438371146789078));
#4734=DIRECTION('',(0.828384277009675,0.387993869072845,0.404030007753189));
#4735=DIRECTION('',(0.,1.,0.));
#4736=DIRECTION('center_axis',(-0.828384277009675,-0.387993869072845,-0.404030007753189));
#4737=DIRECTION('ref_axis',(0.100180088053446,0.607031605772454,-0.788337858757855));
#4738=DIRECTION('',(-0.828384277009675,-0.387993869072845,-0.404030007753189));
#4739=DIRECTION('center_axis',(0.82838427700968,0.387993869072844,0.40403000775318));
#4740=DIRECTION('ref_axis',(-0.287606238475951,0.913545457642601,-0.287606238475951));
#4741=DIRECTION('center_axis',(7.82170882445052E-30,1.,7.04516898943915E-15));
#4742=DIRECTION('ref_axis',(0.325568154457161,-6.66133814775098E-15,0.945518575599316));
#4743=DIRECTION('center_axis',(0.,1.21529039998741E-15,-1.));
#4744=DIRECTION('ref_axis',(1.,0.,0.));
#4745=DIRECTION('center_axis',(-0.866095507849099,0.395422932484399,-0.305809214624166));
#4746=DIRECTION('ref_axis',(0.499878556535095,0.685114456397393,-0.529848667405792));
#4747=DIRECTION('center_axis',(-4.13106241720989E-16,-1.83926748894186E-16,
-1.));
#4748=DIRECTION('ref_axis',(0.838670567945422,-0.54463903501503,0.));
#4749=DIRECTION('center_axis',(0.,0.,-1.));
#4750=DIRECTION('ref_axis',(1.,0.,0.));
#4751=DIRECTION('',(-4.13106241720989E-16,-1.83926748894186E-16,-1.));
#4752=DIRECTION('center_axis',(-2.60723627481682E-30,1.,-2.34838966314636E-15));
#4753=DIRECTION('ref_axis',(1.,0.,-1.11022302462516E-15));
#4754=DIRECTION('center_axis',(-0.866095507849099,0.395422932484399,0.305809214624166));
#4755=DIRECTION('ref_axis',(0.499878556535096,0.685114456397392,0.529848667405793));
#4756=DIRECTION('center_axis',(0.,1.,0.));
#4757=DIRECTION('ref_axis',(0.814115518356315,0.,-0.580702955710946));
#4758=DIRECTION('center_axis',(0.,1.,0.));
#4759=DIRECTION('ref_axis',(1.,0.,0.));
#4760=DIRECTION('',(0.,1.,0.));
#4761=DIRECTION('center_axis',(1.11022302462516E-15,5.58214886228388E-15,
1.));
#4762=DIRECTION('ref_axis',(1.,0.,-1.11022302462516E-15));
#4763=DIRECTION('center_axis',(-0.8660955078491,-0.395422932484398,0.305809214624165));
#4764=DIRECTION('ref_axis',(0.499878556535094,-0.685114456397394,0.529848667405792));
#4765=DIRECTION('center_axis',(4.13106241720989E-16,-1.83926748894187E-16,
1.));
#4766=DIRECTION('ref_axis',(0.838670567945426,0.544639035015024,0.));
#4767=DIRECTION('center_axis',(0.,-1.21529039998741E-15,1.));
#4768=DIRECTION('ref_axis',(1.,0.,0.));
#4769=DIRECTION('',(4.13106241720989E-16,-1.83926748894187E-16,1.));
#4770=DIRECTION('center_axis',(1.11022302462516E-15,-1.,3.14030405043113E-15));
#4771=DIRECTION('ref_axis',(1.,1.11022302462516E-15,-1.11022302462516E-15));
#4772=DIRECTION('center_axis',(-0.8660955078491,-0.395422932484398,-0.305809214624165));
#4773=DIRECTION('ref_axis',(0.499878556535095,-0.685114456397395,-0.529848667405791));
#4774=DIRECTION('center_axis',(0.,-1.,0.));
#4775=DIRECTION('ref_axis',(0.814115518356322,0.,0.580702955710936));
#4776=DIRECTION('',(0.,-1.,0.));
#4777=DIRECTION('center_axis',(0.406736643075801,0.913545457642601,0.));
#4778=DIRECTION('ref_axis',(0.913545457642601,-0.406736643075801,0.));
#4779=DIRECTION('',(0.871448497986989,-0.387993869072847,-0.300063781416723));
#4780=DIRECTION('',(0.,0.,-1.));
#4781=DIRECTION('',(-0.871448497986989,0.387993869072847,-0.300063781416723));
#4782=DIRECTION('center_axis',(0.871448497986989,-0.387993869072847,-0.300063781416723));
#4783=DIRECTION('ref_axis',(-0.486601026191312,-0.607031605772453,-0.628277065396215));
#4784=DIRECTION('',(-0.871448497986989,0.387993869072847,0.300063781416723));
#4785=DIRECTION('center_axis',(0.871448497986997,-0.387993869072824,-0.300063781416729));
#4786=DIRECTION('ref_axis',(-0.325568154457159,0.,-0.945518575599316));
#4787=DIRECTION('center_axis',(-0.325568154457156,0.,-0.945518575599317));
#4788=DIRECTION('ref_axis',(-0.945518575599317,0.,0.325568154457156));
#4789=DIRECTION('',(0.87144849798699,0.387993869072845,-0.300063781416723));
#4790=DIRECTION('',(0.,1.,0.));
#4791=DIRECTION('center_axis',(-0.87144849798699,-0.387993869072845,0.300063781416723));
#4792=DIRECTION('ref_axis',(-0.48660102619131,0.607031605772451,-0.628277065396218));
#4793=DIRECTION('',(-0.87144849798699,-0.387993869072845,0.300063781416723));
#4794=DIRECTION('center_axis',(0.871448497986986,0.387993869072839,-0.300063781416744));
#4795=DIRECTION('ref_axis',(-0.406736643075796,0.913545457642603,0.));
#4796=DIRECTION('center_axis',(-8.81754441326649E-15,1.,-7.24745195458271E-15));
#4797=DIRECTION('ref_axis',(0.898794046299163,1.11022302462516E-14,0.438371146789086));
#4798=DIRECTION('center_axis',(-0.70710678118655,-1.1678181187379E-14,-0.707106781186545));
#4799=DIRECTION('ref_axis',(0.707106781186545,0.,-0.70710678118655));
#4800=DIRECTION('center_axis',(-0.82866177616538,0.395422932484404,0.39618223734523));
#4801=DIRECTION('ref_axis',(-0.0211920686295826,0.685114456397394,-0.728127102821));
#4802=DIRECTION('center_axis',(-0.707106781186547,1.51911299998426E-16,
-0.707106781186548));
#4803=DIRECTION('ref_axis',(0.593029645775785,-0.544639035015026,-0.59302964577578));
#4804=DIRECTION('center_axis',(-0.707106781186545,1.37669615623573E-15,
-0.70710678118655));
#4805=DIRECTION('ref_axis',(0.70710678118655,0.,-0.707106781186545));
#4806=DIRECTION('',(-0.707106781186547,1.51911299998426E-16,-0.707106781186548));
#4807=DIRECTION('center_axis',(-6.64224902271674E-15,1.,-6.64224902271682E-15));
#4808=DIRECTION('ref_axis',(0.707106781186552,0.,-0.707106781186543));
#4809=DIRECTION('center_axis',(-0.396182237345226,0.395422932484399,0.828661776165384));
#4810=DIRECTION('ref_axis',(0.728127102821,0.685114456397394,0.0211920686295826));
#4811=DIRECTION('center_axis',(0.,1.,0.));
#4812=DIRECTION('ref_axis',(0.165047605860676,0.,-0.986285601537232));
#4813=DIRECTION('center_axis',(0.,1.,0.));
#4814=DIRECTION('ref_axis',(0.70710678118655,0.,-0.707106781186545));
#4815=DIRECTION('',(0.,1.,0.));
#4816=DIRECTION('center_axis',(0.707106781186548,6.83600849992919E-15,0.707106781186548));
#4817=DIRECTION('ref_axis',(0.707106781186548,-1.11022302462516E-15,-0.707106781186548));
#4818=DIRECTION('center_axis',(-0.396182237345229,-0.395422932484395,0.828661776165384));
#4819=DIRECTION('ref_axis',(0.728127102820998,-0.685114456397396,0.0211920686295871));
#4820=DIRECTION('center_axis',(0.707106781186547,1.51911299998426E-16,0.707106781186548));
#4821=DIRECTION('ref_axis',(0.593029645775779,0.54463903501503,-0.593029645775784));
#4822=DIRECTION('center_axis',(0.707106781186545,4.84217268744986E-15,0.70710678118655));
#4823=DIRECTION('ref_axis',(0.70710678118655,0.,-0.707106781186545));
#4824=DIRECTION('',(0.707106781186547,1.51911299998426E-16,0.707106781186548));
#4825=DIRECTION('center_axis',(-7.15698215758722E-15,-1.,-5.58688969890349E-15));
#4826=DIRECTION('ref_axis',(0.70710678118655,-1.11022302462516E-15,-0.707106781186545));
#4827=DIRECTION('center_axis',(-0.828661776165384,-0.3954229324844,0.396182237345226));
#4828=DIRECTION('ref_axis',(-0.0211920686295825,-0.685114456397393,-0.728127102821001));
#4829=DIRECTION('center_axis',(0.,-1.,0.));
#4830=DIRECTION('ref_axis',(0.986285601537232,0.,-0.165047605860676));
#4831=DIRECTION('',(0.,-1.,0.));
#4832=DIRECTION('center_axis',(0.287606238475951,0.913545457642601,-0.287606238475951));
#4833=DIRECTION('ref_axis',(0.645974188021251,-0.406736643075801,-0.645974188021251));
#4834=DIRECTION('',(0.404030007753189,-0.387993869072847,-0.828384277009674));
#4835=DIRECTION('',(-0.707106781186547,3.03822599996852E-17,-0.707106781186548));
#4836=DIRECTION('',(-0.828384277009675,0.387993869072847,0.404030007753188));
#4837=DIRECTION('center_axis',(0.404030007753189,-0.387993869072847,-0.828384277009674));
#4838=DIRECTION('ref_axis',(-0.788337858757856,-0.607031605772454,-0.100180088053435));
#4839=DIRECTION('',(-0.404030007753189,0.387993869072847,0.828384277009674));
#4840=DIRECTION('center_axis',(0.404030007753184,-0.387993869072857,-0.828384277009672));
#4841=DIRECTION('ref_axis',(-0.898794046299168,0.,-0.438371146789075));
#4842=DIRECTION('center_axis',(-0.898794046299167,0.,-0.438371146789078));
#4843=DIRECTION('ref_axis',(-0.438371146789078,0.,0.898794046299167));
#4844=DIRECTION('',(0.404030007753189,0.387993869072845,-0.828384277009675));
#4845=DIRECTION('',(0.,1.,0.));
#4846=DIRECTION('center_axis',(-0.404030007753189,-0.387993869072845,0.828384277009675));
#4847=DIRECTION('ref_axis',(-0.788337858757861,0.607031605772449,-0.100180088053434));
#4848=DIRECTION('',(-0.404030007753189,-0.387993869072845,0.828384277009675));
#4849=DIRECTION('center_axis',(0.40403000775319,0.387993869072845,-0.828384277009674));
#4850=DIRECTION('ref_axis',(-0.28760623847595,0.913545457642601,0.28760623847595));
#4851=DIRECTION('center_axis',(-1.,-2.18342923114825E-15,5.55111512312583E-16));
#4852=DIRECTION('ref_axis',(-2.22044604925031E-15,0.913545457642599,-0.406736643075804));
#4853=DIRECTION('center_axis',(3.14030405043114E-15,-1.,-1.11022302462516E-15));
#4854=DIRECTION('ref_axis',(-1.11022302462516E-15,1.11022302462516E-15,
-1.));
#4855=DIRECTION('center_axis',(-0.305809214624165,-0.395422932484398,0.8660955078491));
#4856=DIRECTION('ref_axis',(-0.529848667405791,-0.685114456397395,-0.499878556535095));
#4857=DIRECTION('center_axis',(0.,-1.,0.));
#4858=DIRECTION('ref_axis',(0.580702955710936,0.,-0.814115518356322));
#4859=DIRECTION('center_axis',(0.,-1.,0.));
#4860=DIRECTION('ref_axis',(0.,0.,-1.));
#4861=DIRECTION('',(0.,-1.,0.));
#4862=DIRECTION('center_axis',(-1.,6.07645199993703E-16,0.));
#4863=DIRECTION('ref_axis',(0.,0.,-1.));
#4864=DIRECTION('center_axis',(-0.305809214624165,0.395422932484399,0.866095507849099));
#4865=DIRECTION('ref_axis',(-0.529848667405792,0.685114456397393,-0.499878556535095));
#4866=DIRECTION('center_axis',(-1.,-2.44691268893556E-16,4.13106241720989E-16));
#4867=DIRECTION('ref_axis',(0.,-0.54463903501503,-0.838670567945422));
#4868=DIRECTION('center_axis',(-1.,0.,0.));
#4869=DIRECTION('ref_axis',(0.,0.,-1.));
#4870=DIRECTION('',(-1.,-2.44691268893556E-16,4.13106241720989E-16));
#4871=DIRECTION('center_axis',(3.82280444288417E-16,1.,-1.11022302462516E-15));
#4872=DIRECTION('ref_axis',(0.,-1.11022302462516E-15,-1.));
#4873=DIRECTION('center_axis',(0.305809214624167,0.395422932484398,0.8660955078491));
#4874=DIRECTION('ref_axis',(0.529848667405794,0.685114456397393,-0.499878556535095));
#4875=DIRECTION('center_axis',(0.,1.,0.));
#4876=DIRECTION('ref_axis',(-0.580702955710945,0.,-0.814115518356316));
#4877=DIRECTION('center_axis',(0.,1.,0.));
#4878=DIRECTION('ref_axis',(0.,0.,-1.));
#4879=DIRECTION('',(0.,1.,0.));
#4880=DIRECTION('center_axis',(1.,-6.07645199993702E-16,0.));
#4881=DIRECTION('ref_axis',(0.,0.,-1.));
#4882=DIRECTION('center_axis',(0.305809214624165,-0.395422932484399,0.8660955078491));
#4883=DIRECTION('ref_axis',(0.529848667405792,-0.685114456397394,-0.499878556535095));
#4884=DIRECTION('center_axis',(1.,-2.14309008893872E-16,-4.13106241720989E-16));
#4885=DIRECTION('ref_axis',(0.,0.544639035015024,-0.838670567945426));
#4886=DIRECTION('',(1.,-2.14309008893872E-16,-4.13106241720989E-16));
#4887=DIRECTION('center_axis',(0.945518575599317,0.,0.325568154457157));
#4888=DIRECTION('ref_axis',(0.325568154457157,0.,-0.945518575599317));
#4889=DIRECTION('',(0.300063781416724,-0.387993869072847,-0.871448497986989));
#4890=DIRECTION('',(0.,-1.,0.));
#4891=DIRECTION('',(-0.300063781416724,-0.387993869072845,0.87144849798699));
#4892=DIRECTION('center_axis',(-0.300063781416724,0.387993869072847,0.871448497986989));
#4893=DIRECTION('ref_axis',(0.628277065396217,-0.607031605772451,0.486601026191311));
#4894=DIRECTION('',(-0.300063781416724,0.387993869072847,0.871448497986989));
#4895=DIRECTION('center_axis',(0.300063781416705,-0.387993869072846,-0.871448497986996));
#4896=DIRECTION('ref_axis',(0.,-0.913545457642602,0.406736643075797));
#4897=DIRECTION('center_axis',(2.77555756156289E-17,0.913545457642601,-0.406736643075801));
#4898=DIRECTION('ref_axis',(1.66533453693773E-16,-0.406736643075801,-0.913545457642601));
#4899=DIRECTION('',(-0.300063781416723,-0.387993869072847,-0.871448497986989));
#4900=DIRECTION('',(-1.,-1.90480537656274E-17,-1.11022302462516E-16));
#4901=DIRECTION('center_axis',(-0.300063781416723,-0.387993869072847,-0.871448497986989));
#4902=DIRECTION('ref_axis',(-0.628277065396216,-0.607031605772452,0.486601026191311));
#4903=DIRECTION('',(0.300063781416723,0.387993869072847,0.871448497986989));
#4904=DIRECTION('center_axis',(-0.300063781416726,-0.387993869072841,-0.871448497986991));
#4905=DIRECTION('ref_axis',(-0.945518575599316,0.,0.325568154457159));
#4906=DIRECTION('center_axis',(-0.70710678118655,2.04130809372885E-15,0.707106781186545));
#4907=DIRECTION('ref_axis',(-0.28760623847595,0.9135454576426,-0.287606238475954));
#4908=DIRECTION('center_axis',(-3.32112451135838E-15,-1.,3.32112451135836E-15));
#4909=DIRECTION('ref_axis',(-0.707106781186545,0.,-0.70710678118655));
#4910=DIRECTION('center_axis',(0.396182237345226,-0.3954229324844,0.828661776165384));
#4911=DIRECTION('ref_axis',(-0.728127102821,-0.685114456397393,0.0211920686295825));
#4912=DIRECTION('center_axis',(0.,-1.,0.));
#4913=DIRECTION('ref_axis',(-0.165047605860676,0.,-0.986285601537232));
#4914=DIRECTION('center_axis',(0.,-1.,0.));
#4915=DIRECTION('ref_axis',(-0.707106781186548,0.,-0.707106781186548));
#4916=DIRECTION('',(0.,-1.,0.));
#4917=DIRECTION('center_axis',(-0.707106781186552,-4.08261618745774E-15,
0.707106781186543));
#4918=DIRECTION('ref_axis',(-0.707106781186543,1.11022302462517E-15,-0.707106781186552));
#4919=DIRECTION('center_axis',(0.39618223734523,0.395422932484403,0.828661776165381));
#4920=DIRECTION('ref_axis',(-0.728127102821,0.685114456397394,0.0211920686295826));
#4921=DIRECTION('center_axis',(-0.707106781186548,1.51911299998426E-16,
0.707106781186547));
#4922=DIRECTION('ref_axis',(-0.59302964577578,-0.544639035015026,-0.593029645775785));
#4923=DIRECTION('center_axis',(-0.70710678118655,1.37669615623573E-15,0.707106781186545));
#4924=DIRECTION('ref_axis',(-0.707106781186545,0.,-0.70710678118655));
#4925=DIRECTION('',(-0.707106781186548,1.51911299998426E-16,0.707106781186547));
#4926=DIRECTION('center_axis',(-6.64224902271682E-15,1.,6.64224902271674E-15));
#4927=DIRECTION('ref_axis',(-0.707106781186543,0.,-0.707106781186552));
#4928=DIRECTION('center_axis',(0.828661776165384,0.3954229324844,0.396182237345227));
#4929=DIRECTION('ref_axis',(0.0211920686295826,0.685114456397395,-0.728127102820999));
#4930=DIRECTION('center_axis',(0.,1.,0.));
#4931=DIRECTION('ref_axis',(-0.986285601537232,0.,-0.165047605860676));
#4932=DIRECTION('center_axis',(0.,1.,0.));
#4933=DIRECTION('ref_axis',(-0.707106781186545,0.,-0.70710678118655));
#4934=DIRECTION('',(0.,1.,0.));
#4935=DIRECTION('center_axis',(0.707106781186548,6.83600849992919E-15,-0.707106781186548));
#4936=DIRECTION('ref_axis',(-0.707106781186548,0.,-0.707106781186548));
#4937=DIRECTION('center_axis',(0.828661776165385,-0.395422932484398,0.396182237345226));
#4938=DIRECTION('ref_axis',(0.0211920686295826,-0.685114456397395,-0.728127102820998));
#4939=DIRECTION('center_axis',(0.707106781186548,1.51911299998426E-16,-0.707106781186547));
#4940=DIRECTION('ref_axis',(-0.593029645775784,0.544639035015029,-0.593029645775779));
#4941=DIRECTION('',(0.707106781186548,1.51911299998426E-16,-0.707106781186547));
#4942=DIRECTION('center_axis',(0.898794046299167,0.,-0.438371146789077));
#4943=DIRECTION('ref_axis',(-0.438371146789077,0.,-0.898794046299167));
#4944=DIRECTION('',(-0.404030007753188,-0.387993869072847,-0.828384277009675));
#4945=DIRECTION('',(0.,-1.,0.));
#4946=DIRECTION('',(0.404030007753189,-0.387993869072845,0.828384277009675));
#4947=DIRECTION('center_axis',(0.404030007753188,0.387993869072847,0.828384277009675));
#4948=DIRECTION('ref_axis',(0.788337858757856,-0.607031605772455,-0.100180088053435));
#4949=DIRECTION('',(0.404030007753188,0.387993869072847,0.828384277009675));
#4950=DIRECTION('center_axis',(-0.404030007753198,-0.387993869072846,-0.82838427700967));
#4951=DIRECTION('ref_axis',(0.28760623847595,-0.913545457642601,0.28760623847595));
#4952=DIRECTION('center_axis',(-0.287606238475951,0.913545457642601,-0.287606238475951));
#4953=DIRECTION('ref_axis',(-0.645974188021251,-0.406736643075801,-0.645974188021251));
#4954=DIRECTION('',(-0.828384277009674,-0.387993869072847,-0.404030007753189));
#4955=DIRECTION('',(-0.707106781186548,3.03822599996852E-17,0.707106781186547));
#4956=DIRECTION('center_axis',(-0.828384277009674,-0.387993869072847,-0.404030007753189));
#4957=DIRECTION('ref_axis',(-0.100180088053435,-0.607031605772454,0.788337858757856));
#4958=DIRECTION('',(0.828384277009674,0.387993869072847,0.404030007753189));
#4959=DIRECTION('center_axis',(-0.828384277009672,-0.387993869072857,-0.404030007753184));
#4960=DIRECTION('ref_axis',(-0.438371146789075,0.,0.898794046299168));
#4961=DIRECTION('center_axis',(-1.11022302462516E-15,-1.,9.01127820829708E-15));
#4962=DIRECTION('ref_axis',(-0.325568154457159,8.88178419700127E-15,0.945518575599316));
#4963=DIRECTION('center_axis',(0.,0.,-1.));
#4964=DIRECTION('ref_axis',(-1.,-1.11022302462516E-15,0.));
#4965=DIRECTION('center_axis',(0.8660955078491,-0.395422932484397,-0.305809214624167));
#4966=DIRECTION('ref_axis',(-0.499878556535094,-0.685114456397394,-0.529848667405792));
#4967=DIRECTION('center_axis',(0.,-3.03822599996852E-17,-1.));
#4968=DIRECTION('ref_axis',(-0.838670567945426,0.544639035015025,0.));
#4969=DIRECTION('center_axis',(0.,1.21529039998741E-15,-1.));
#4970=DIRECTION('ref_axis',(-1.,0.,0.));
#4971=DIRECTION('',(0.,-3.03822599996852E-17,-1.));
#4972=DIRECTION('center_axis',(-1.30361813740841E-30,-1.,-1.17419483157319E-15));
#4973=DIRECTION('ref_axis',(-1.,0.,1.11022302462516E-15));
#4974=DIRECTION('center_axis',(0.8660955078491,-0.395422932484398,0.305809214624165));
#4975=DIRECTION('ref_axis',(-0.499878556535094,-0.685114456397395,0.529848667405791));
#4976=DIRECTION('center_axis',(0.,-1.,0.));
#4977=DIRECTION('ref_axis',(-0.814115518356318,0.,-0.580702955710941));
#4978=DIRECTION('center_axis',(0.,-1.,0.));
#4979=DIRECTION('ref_axis',(-1.,0.,0.));
#4980=DIRECTION('',(0.,-1.,0.));
#4981=DIRECTION('center_axis',(-5.5511151231258E-16,3.28537756879508E-15,
1.));
#4982=DIRECTION('ref_axis',(-1.,0.,-5.5511151231258E-16));
#4983=DIRECTION('center_axis',(0.866095507849099,0.395422932484398,0.305809214624167));
#4984=DIRECTION('ref_axis',(-0.499878556535096,0.685114456397392,0.529848667405793));
#4985=DIRECTION('center_axis',(0.,-6.07645199993704E-17,1.));
#4986=DIRECTION('ref_axis',(-0.838670567945422,-0.54463903501503,0.));
#4987=DIRECTION('center_axis',(0.,0.,1.));
#4988=DIRECTION('ref_axis',(-1.,0.,0.));
#4989=DIRECTION('',(0.,-6.07645199993704E-17,1.));
#4990=DIRECTION('center_axis',(1.11022302462516E-15,1.,3.82280444288417E-16));
#4991=DIRECTION('ref_axis',(-1.,1.11022302462516E-15,0.));
#4992=DIRECTION('center_axis',(0.866095507849099,0.395422932484398,-0.305809214624166));
#4993=DIRECTION('ref_axis',(-0.499878556535095,0.685114456397392,-0.529848667405794));
#4994=DIRECTION('center_axis',(0.,1.,0.));
#4995=DIRECTION('ref_axis',(-0.814115518356319,0.,0.58070295571094));
#4996=DIRECTION('',(0.,1.,0.));
#4997=DIRECTION('center_axis',(-0.406736643075799,-0.913545457642601,-5.55111512312578E-17));
#4998=DIRECTION('ref_axis',(0.913545457642601,-0.406736643075799,1.66533453693773E-16));
#4999=DIRECTION('',(-0.87144849798699,0.387993869072845,-0.300063781416724));
#5000=DIRECTION('',(1.11022302462516E-16,1.1334206234058E-17,-1.));
#5001=DIRECTION('',(0.87144849798699,-0.387993869072845,-0.300063781416723));
#5002=DIRECTION('center_axis',(-0.87144849798699,0.387993869072845,-0.300063781416724));
#5003=DIRECTION('ref_axis',(0.486601026191312,0.607031605772453,-0.628277065396214));
#5004=DIRECTION('',(0.87144849798699,-0.387993869072845,0.300063781416724));
#5005=DIRECTION('center_axis',(-0.871448497986997,0.387993869072824,-0.30006378141673));
#5006=DIRECTION('ref_axis',(0.32556815445716,0.,-0.945518575599316));
#5007=DIRECTION('center_axis',(0.325568154457157,0.,-0.945518575599317));
#5008=DIRECTION('ref_axis',(-0.945518575599317,0.,-0.325568154457157));
#5009=DIRECTION('',(-0.871448497986989,-0.387993869072847,-0.300063781416724));
#5010=DIRECTION('',(0.,-1.,0.));
#5011=DIRECTION('center_axis',(0.871448497986989,0.387993869072847,0.300063781416724));
#5012=DIRECTION('ref_axis',(0.486601026191311,-0.607031605772451,-0.628277065396217));
#5013=DIRECTION('',(0.871448497986989,0.387993869072847,0.300063781416724));
#5014=DIRECTION('center_axis',(-0.871448497986996,-0.387993869072845,-0.300063781416706));
#5015=DIRECTION('ref_axis',(0.406736643075797,-0.913545457642602,0.));
#5016=DIRECTION('center_axis',(1.66056225567919E-15,-1.,1.66056225567919E-15));
#5017=DIRECTION('ref_axis',(0.43837114678907,2.22044604925031E-15,0.898794046299171));
#5018=DIRECTION('center_axis',(-0.707106781186545,-5.45931234369343E-15,
-0.70710678118655));
#5019=DIRECTION('ref_axis',(-0.70710678118655,0.,0.707106781186545));
#5020=DIRECTION('center_axis',(0.396182237345225,-0.395422932484393,-0.828661776165388));
#5021=DIRECTION('ref_axis',(-0.728127102821,-0.685114456397393,-0.021192068629587));
#5022=DIRECTION('center_axis',(-0.707106781186547,0.,-0.707106781186548));
#5023=DIRECTION('ref_axis',(-0.593029645775786,0.544639035015025,0.593029645775781));
#5024=DIRECTION('center_axis',(-0.707106781186543,2.80086459372101E-15,
-0.707106781186552));
#5025=DIRECTION('ref_axis',(-0.707106781186552,0.,0.707106781186543));
#5026=DIRECTION('',(-0.707106781186547,0.,-0.707106781186548));
#5027=DIRECTION('center_axis',(-5.14733134870547E-16,-1.,1.05535932381323E-15));
#5028=DIRECTION('ref_axis',(-0.707106781186548,1.11022302462516E-15,0.707106781186548));
#5029=DIRECTION('center_axis',(0.828661776165384,-0.395422932484399,-0.396182237345227));
#5030=DIRECTION('ref_axis',(0.0211920686295826,-0.685114456397395,0.728127102820998));
#5031=DIRECTION('center_axis',(0.,-1.,0.));
#5032=DIRECTION('ref_axis',(-0.986285601537232,0.,0.165047605860676));
#5033=DIRECTION('center_axis',(0.,-1.,0.));
#5034=DIRECTION('ref_axis',(-0.707106781186548,0.,0.707106781186548));
#5035=DIRECTION('',(0.,-1.,0.));
#5036=DIRECTION('center_axis',(0.70710678118655,-8.26017693741448E-15,0.707106781186545));
#5037=DIRECTION('ref_axis',(-0.707106781186545,0.,0.70710678118655));
#5038=DIRECTION('center_axis',(0.828661776165384,0.395422932484399,-0.396182237345226));
#5039=DIRECTION('ref_axis',(0.0211920686295826,0.685114456397394,0.728127102821));
#5040=DIRECTION('center_axis',(0.707106781186547,3.03822599996852E-17,0.707106781186548));
#5041=DIRECTION('ref_axis',(-0.593029645775785,-0.544639035015026,0.59302964577578));
#5042=DIRECTION('center_axis',(0.707106781186545,1.37669615623574E-15,0.70710678118655));
#5043=DIRECTION('ref_axis',(-0.70710678118655,0.,0.707106781186545));
#5044=DIRECTION('',(0.707106781186547,3.03822599996852E-17,0.707106781186548));
#5045=DIRECTION('center_axis',(4.9816867670376E-15,1.,4.9816867670376E-15));
#5046=DIRECTION('ref_axis',(-0.707106781186548,0.,0.707106781186548));
#5047=DIRECTION('center_axis',(0.396182237345226,0.395422932484399,-0.828661776165385));
#5048=DIRECTION('ref_axis',(-0.728127102821,0.685114456397394,-0.0211920686295826));
#5049=DIRECTION('center_axis',(0.,1.,0.));
#5050=DIRECTION('ref_axis',(-0.165047605860675,0.,0.986285601537232));
#5051=DIRECTION('',(0.,1.,0.));
#5052=DIRECTION('center_axis',(-0.28760623847595,-0.913545457642601,0.28760623847595));
#5053=DIRECTION('ref_axis',(0.645974188021251,-0.406736643075799,-0.645974188021251));
#5054=DIRECTION('',(-0.828384277009675,0.387993869072845,0.404030007753188));
#5055=DIRECTION('',(-0.707106781186547,5.02627997177166E-18,-0.707106781186548));
#5056=DIRECTION('',(0.404030007753189,-0.387993869072845,-0.828384277009675));
#5057=DIRECTION('center_axis',(-0.828384277009675,0.387993869072845,0.404030007753188));
#5058=DIRECTION('ref_axis',(-0.100180088053445,0.607031605772449,-0.788337858757859));
#5059=DIRECTION('',(0.828384277009675,-0.387993869072845,-0.404030007753188));
#5060=DIRECTION('center_axis',(-0.828384277009673,0.387993869072853,0.404030007753185));
#5061=DIRECTION('ref_axis',(-0.438371146789075,0.,-0.898794046299168));
#5062=DIRECTION('center_axis',(-0.438371146789077,0.,-0.898794046299167));
#5063=DIRECTION('ref_axis',(-0.898794046299167,0.,0.438371146789077));
#5064=DIRECTION('',(-0.828384277009675,-0.387993869072847,0.404030007753188));
#5065=DIRECTION('',(0.,-1.,0.));
#5066=DIRECTION('center_axis',(0.828384277009675,0.387993869072847,-0.404030007753188));
#5067=DIRECTION('ref_axis',(-0.100180088053435,-0.607031605772455,-0.788337858757856));
#5068=DIRECTION('',(0.828384277009675,0.387993869072847,-0.404030007753188));
#5069=DIRECTION('center_axis',(-0.828384277009666,-0.387993869072848,0.404030007753205));
#5070=DIRECTION('ref_axis',(0.287606238475951,-0.913545457642601,-0.287606238475951));
#5071=DIRECTION('center_axis',(1.,-1.82293559998111E-15,0.));
#5072=DIRECTION('ref_axis',(1.66533453693774E-15,0.913545457642603,0.406736643075796));
#5073=DIRECTION('center_axis',(-1.17419483157318E-15,-1.,0.));
#5074=DIRECTION('ref_axis',(0.,0.,1.));
#5075=DIRECTION('center_axis',(0.305809214624165,-0.395422932484398,-0.8660955078491));
#5076=DIRECTION('ref_axis',(0.529848667405791,-0.685114456397395,0.499878556535094));
#5077=DIRECTION('center_axis',(0.,-1.,0.));
#5078=DIRECTION('ref_axis',(-0.580702955710941,0.,0.814115518356318));
#5079=DIRECTION('center_axis',(0.,-1.,0.));
#5080=DIRECTION('ref_axis',(0.,0.,1.));
#5081=DIRECTION('',(0.,-1.,0.));
#5082=DIRECTION('center_axis',(1.,-2.07008716880766E-15,-5.5511151231258E-16));
#5083=DIRECTION('ref_axis',(5.5511151231258E-16,0.,1.));
#5084=DIRECTION('center_axis',(0.305809214624167,0.395422932484398,-0.866095507849099));
#5085=DIRECTION('ref_axis',(0.529848667405793,0.685114456397392,0.499878556535096));
#5086=DIRECTION('center_axis',(1.,0.,0.));
#5087=DIRECTION('ref_axis',(0.,-0.54463903501503,0.838670567945422));
#5088=DIRECTION('center_axis',(1.,0.,0.));
#5089=DIRECTION('ref_axis',(0.,0.,1.));
#5090=DIRECTION('',(1.,0.,0.));
#5091=DIRECTION('center_axis',(-4.31449888200432E-15,1.,-1.11022302462517E-15));
#5092=DIRECTION('ref_axis',(-1.11022302462516E-15,1.11022302462516E-15,
1.));
#5093=DIRECTION('center_axis',(-0.305809214624163,0.395422932484393,-0.866095507849103));
#5094=DIRECTION('ref_axis',(-0.529848667405795,0.685114456397396,0.499878556535089));
#5095=DIRECTION('center_axis',(0.,1.,0.));
#5096=DIRECTION('ref_axis',(0.580702955710941,0.,0.814115518356319));
#5097=DIRECTION('center_axis',(0.,1.,0.));
#5098=DIRECTION('ref_axis',(0.,0.,1.));
#5099=DIRECTION('',(0.,1.,0.));
#5100=DIRECTION('center_axis',(-1.,-6.07645199993702E-16,0.));
#5101=DIRECTION('ref_axis',(0.,0.,1.));
#5102=DIRECTION('center_axis',(-0.305809214624165,-0.395422932484398,-0.8660955078491));
#5103=DIRECTION('ref_axis',(-0.529848667405792,-0.685114456397394,0.499878556535094));
#5104=DIRECTION('center_axis',(-1.,0.,0.));
#5105=DIRECTION('ref_axis',(0.,0.544639035015025,0.838670567945426));
#5106=DIRECTION('',(-1.,0.,0.));
#5107=DIRECTION('center_axis',(-0.945518575599317,0.,-0.325568154457157));
#5108=DIRECTION('ref_axis',(-0.325568154457157,0.,0.945518575599317));
#5109=DIRECTION('',(-0.300063781416724,-0.387993869072847,0.871448497986989));
#5110=DIRECTION('',(0.,-1.,0.));
#5111=DIRECTION('',(0.300063781416724,-0.387993869072845,-0.87144849798699));
#5112=DIRECTION('center_axis',(0.300063781416724,0.387993869072847,-0.871448497986989));
#5113=DIRECTION('ref_axis',(-0.628277065396215,-0.607031605772453,-0.486601026191312));
#5114=DIRECTION('',(0.300063781416724,0.387993869072847,-0.871448497986989));
#5115=DIRECTION('center_axis',(-0.300063781416707,-0.387993869072846,0.871448497986995));
#5116=DIRECTION('ref_axis',(0.,-0.913545457642602,-0.406736643075798));
#5117=DIRECTION('center_axis',(0.,0.913545457642601,0.406736643075801));
#5118=DIRECTION('ref_axis',(0.,-0.406736643075801,0.913545457642601));
#5119=DIRECTION('',(0.300063781416723,-0.387993869072847,0.871448497986989));
#5120=DIRECTION('',(1.,0.,0.));
#5121=DIRECTION('center_axis',(0.300063781416723,-0.387993869072847,0.871448497986989));
#5122=DIRECTION('ref_axis',(0.628277065396215,-0.607031605772453,-0.486601026191312));
#5123=DIRECTION('',(-0.300063781416723,0.387993869072847,-0.871448497986989));
#5124=DIRECTION('center_axis',(0.300063781416726,-0.387993869072842,0.871448497986991));
#5125=DIRECTION('ref_axis',(0.945518575599316,0.,-0.325568154457158));
#5126=DIRECTION('center_axis',(0.118418410849102,-0.907490295168693,-0.403036529543677));
#5127=DIRECTION('ref_axis',(0.255821123439296,0.420073046236766,-0.870686044810424));
#5128=DIRECTION('center_axis',(-2.49084338351877E-15,-1.,-2.49084338351877E-15));
#5129=DIRECTION('ref_axis',(0.707106781186548,0.,-0.707106781186548));
#5130=DIRECTION('center_axis',(0.707106781186556,-5.60172918744197E-15,
0.707106781186539));
#5131=DIRECTION('ref_axis',(0.287606238475951,0.913545457642601,-0.287606238475951));
#5132=DIRECTION('center_axis',(0.,0.,1.));
#5133=DIRECTION('ref_axis',(1.,0.,0.));
#5134=DIRECTION('center_axis',(-5.14733134870547E-16,-1.,1.05535932381323E-15));
#5135=DIRECTION('ref_axis',(0.898794046299166,0.,0.438371146789079));
#5136=DIRECTION('center_axis',(-0.404030007753197,0.387993869072846,0.82838427700967));
#5137=DIRECTION('ref_axis',(0.28760623847595,0.913545457642601,-0.28760623847595));
#5138=DIRECTION('center_axis',(-0.707106781186548,-6.8834807811787E-15,
-0.707106781186548));
#5139=DIRECTION('ref_axis',(0.707106781186548,0.,-0.707106781186548));
#5140=DIRECTION('center_axis',(0.404030007753189,-0.387993869072845,-0.828384277009675));
#5141=DIRECTION('ref_axis',(0.788337858757855,0.607031605772454,0.100180088053446));
#5142=DIRECTION('',(-0.404030007753189,0.387993869072845,0.828384277009675));
#5143=DIRECTION('center_axis',(-0.707106781186547,3.03822599996852E-17,
-0.707106781186548));
#5144=DIRECTION('ref_axis',(0.593029645775781,0.544639035015031,-0.593029645775781));
#5145=DIRECTION('',(0.707106781186547,-3.03822599996852E-17,0.707106781186548));
#5146=DIRECTION('center_axis',(-0.118418410849102,-0.907490295168697,0.403036529543669));
#5147=DIRECTION('ref_axis',(0.25582112343931,-0.420073046236763,-0.870686044810422));
#5148=DIRECTION('center_axis',(0.707106781186548,0.,0.707106781186548));
#5149=DIRECTION('ref_axis',(0.707106781186548,0.,-0.707106781186548));
#5150=DIRECTION('center_axis',(-5.27679661906616E-15,1.,2.57366567435273E-15));
#5151=DIRECTION('ref_axis',(-0.438371146789079,0.,-0.898794046299166));
#5152=DIRECTION('center_axis',(0.,1.,0.));
#5153=DIRECTION('ref_axis',(0.165047605860675,0.,-0.986285601537232));
#5154=DIRECTION('',(0.,1.,0.));
#5155=DIRECTION('center_axis',(0.,0.,1.));
#5156=DIRECTION('ref_axis',(1.,0.,0.));
#5157=DIRECTION('center_axis',(-0.404030007753191,-0.387993869072856,0.828384277009669));
#5158=DIRECTION('ref_axis',(0.898794046299165,0.,0.438371146789082));
#5159=DIRECTION('center_axis',(4.98168676703755E-15,1.,4.98168676703755E-15));
#5160=DIRECTION('ref_axis',(0.707106781186548,0.,-0.707106781186548));
#5161=DIRECTION('center_axis',(-0.707106781186548,0.,-0.707106781186548));
#5162=DIRECTION('ref_axis',(0.287606238475951,-0.913545457642601,-0.287606238475951));
#5163=DIRECTION('center_axis',(0.,1.,0.));
#5164=DIRECTION('ref_axis',(0.986285601537232,0.,-0.165047605860675));
#5165=DIRECTION('',(0.,-1.,0.));
#5166=DIRECTION('',(0.,1.,0.));
#5167=DIRECTION('center_axis',(0.707106781186547,3.03822599996852E-17,0.707106781186548));
#5168=DIRECTION('ref_axis',(0.593029645775781,-0.544639035015031,-0.593029645775781));
#5169=DIRECTION('',(-0.707106781186547,-3.03822599996852E-17,-0.707106781186548));
#5170=DIRECTION('',(0.707106781186547,3.03822599996852E-17,0.707106781186548));
#5171=DIRECTION('center_axis',(-0.404030007753189,-0.387993869072847,0.828384277009674));
#5172=DIRECTION('ref_axis',(0.788337858757857,-0.607031605772452,0.100180088053446));
#5173=DIRECTION('',(0.404030007753189,0.387993869072847,-0.828384277009674));
#5174=DIRECTION('',(-0.404030007753189,-0.387993869072847,0.828384277009674));
#5175=DIRECTION('center_axis',(-0.287606238475951,0.913545457642601,0.287606238475951));
#5176=DIRECTION('ref_axis',(-0.645974188021251,-0.406736643075801,0.645974188021251));
#5177=DIRECTION('center_axis',(0.707106781186548,0.,-0.707106781186547));
#5178=DIRECTION('ref_axis',(-0.707106781186547,0.,-0.707106781186548));
#5179=DIRECTION('center_axis',(0.,0.,1.));
#5180=DIRECTION('ref_axis',(1.,0.,0.));
#5181=DIRECTION('center_axis',(0.,-1.,5.87097415786591E-15));
#5182=DIRECTION('ref_axis',(1.,0.,0.));
#5183=DIRECTION('center_axis',(-1.11022302462514E-14,4.94303137653113E-15,
1.));
#5184=DIRECTION('ref_axis',(0.406736643075797,0.913545457642602,0.));
#5185=DIRECTION('center_axis',(0.,0.,1.));
#5186=DIRECTION('ref_axis',(1.,0.,0.));
#5187=DIRECTION('center_axis',(1.55431223447525E-14,-1.,-5.35192622003792E-15));
#5188=DIRECTION('ref_axis',(0.325568154457158,0.,0.945518575599316));
#5189=DIRECTION('center_axis',(-0.871448497986979,0.387993869072838,0.300063781416766));
#5190=DIRECTION('ref_axis',(0.406736643075797,0.913545457642602,0.));
#5191=DIRECTION('center_axis',(0.,2.18752271997734E-14,-1.));
#5192=DIRECTION('ref_axis',(1.,0.,0.));
#5193=DIRECTION('center_axis',(0.87144849798699,-0.387993869072845,-0.300063781416723));
#5194=DIRECTION('ref_axis',(0.486601026191312,0.607031605772453,0.628277065396214));
#5195=DIRECTION('',(-0.87144849798699,0.387993869072845,0.300063781416723));
#5196=DIRECTION('center_axis',(1.11022302462516E-16,1.1334206234058E-17,
-1.));
#5197=DIRECTION('ref_axis',(0.838670567945426,0.544639035015024,0.));
#5198=DIRECTION('',(-1.11022302462516E-16,-1.1334206234058E-17,1.));
#5199=DIRECTION('center_axis',(0.,0.,1.));
#5200=DIRECTION('ref_axis',(1.,0.,0.));
#5201=DIRECTION('center_axis',(0.,7.89938759991818E-15,1.));
#5202=DIRECTION('ref_axis',(1.,0.,0.));
#5203=DIRECTION('center_axis',(-9.99200722162645E-15,1.,-3.44052399859575E-15));
#5204=DIRECTION('ref_axis',(0.325568154457158,0.,-0.945518575599316));
#5205=DIRECTION('center_axis',(0.,1.,0.));
#5206=DIRECTION('ref_axis',(0.814115518356315,0.,-0.580702955710946));
#5207=DIRECTION('',(0.,1.,0.));
#5208=DIRECTION('center_axis',(0.,0.,1.));
#5209=DIRECTION('ref_axis',(1.,0.,0.));
#5210=DIRECTION('center_axis',(-0.871448497986991,-0.387993869072842,0.300063781416726));
#5211=DIRECTION('ref_axis',(0.325568154457159,0.,0.945518575599316));
#5212=DIRECTION('center_axis',(0.,1.,-2.34838966314636E-15));
#5213=DIRECTION('ref_axis',(1.,0.,0.));
#5214=DIRECTION('center_axis',(-1.66533453693777E-15,-7.41454706479697E-16,
-1.));
#5215=DIRECTION('ref_axis',(0.406736643075797,-0.913545457642602,0.));
#5216=DIRECTION('center_axis',(0.,1.,0.));
#5217=DIRECTION('ref_axis',(0.814115518356315,0.,0.580702955710946));
#5218=DIRECTION('',(0.,-1.,0.));
#5219=DIRECTION('',(0.,1.,0.));
#5220=DIRECTION('center_axis',(-1.11022302462516E-16,-1.90480537656274E-17,
1.));
#5221=DIRECTION('ref_axis',(0.83867056794542,-0.544639035015033,0.));
#5222=DIRECTION('',(1.11022302462516E-16,1.90480537656274E-17,-1.));
#5223=DIRECTION('',(-1.11022302462516E-16,-1.90480537656274E-17,1.));
#5224=DIRECTION('center_axis',(-0.871448497986989,-0.387993869072847,0.300063781416723));
#5225=DIRECTION('ref_axis',(0.486601026191311,-0.607031605772452,0.628277065396216));
#5226=DIRECTION('',(0.871448497986989,0.387993869072847,-0.300063781416723));
#5227=DIRECTION('',(-0.871448497986989,-0.387993869072847,0.300063781416723));
#5228=DIRECTION('center_axis',(-0.406736643075801,0.913545457642601,-2.77555756156289E-17));
#5229=DIRECTION('ref_axis',(-0.913545457642601,-0.406736643075801,-1.66533453693773E-16));
#5230=DIRECTION('center_axis',(1.,0.,1.11022302462516E-16));
#5231=DIRECTION('ref_axis',(1.11022302462516E-16,0.,-1.));
#5232=DIRECTION('center_axis',(0.,0.,1.));
#5233=DIRECTION('ref_axis',(1.,0.,0.));
#5234=DIRECTION('center_axis',(1.66056225567918E-15,-1.,-1.66056225567918E-15));
#5235=DIRECTION('ref_axis',(0.707106781186548,0.,0.707106781186548));
#5236=DIRECTION('center_axis',(-0.707106781186539,-5.60172918744197E-15,
0.707106781186556));
#5237=DIRECTION('ref_axis',(0.287606238475951,0.913545457642601,0.287606238475951));
#5238=DIRECTION('center_axis',(-0.404030007753185,0.387993869072853,-0.828384277009673));
#5239=DIRECTION('ref_axis',(0.898794046299168,0.,-0.438371146789075));
#5240=DIRECTION('center_axis',(0.118418410849103,-0.907490295168693,0.403036529543677));
#5241=DIRECTION('ref_axis',(0.255821123439304,0.420073046236771,0.870686044810419));
#5242=DIRECTION('center_axis',(1.05535932381323E-15,-1.,5.14733134870547E-16));
#5243=DIRECTION('ref_axis',(-0.438371146789079,0.,0.898794046299166));
#5244=DIRECTION('center_axis',(-0.828384277009674,0.387993869072845,-0.40403000775319));
#5245=DIRECTION('ref_axis',(0.28760623847595,0.913545457642601,0.28760623847595));
#5246=DIRECTION('center_axis',(0.707106781186548,6.8834807811787E-15,-0.707106781186548));
#5247=DIRECTION('ref_axis',(0.707106781186548,0.,0.707106781186548));
#5248=DIRECTION('center_axis',(0.828384277009675,-0.387993869072845,0.404030007753189));
#5249=DIRECTION('ref_axis',(-0.100180088053434,0.607031605772449,0.788337858757861));
#5250=DIRECTION('',(0.828384277009675,-0.387993869072845,0.404030007753189));
#5251=DIRECTION('',(-0.828384277009675,0.387993869072845,-0.404030007753189));
#5252=DIRECTION('center_axis',(0.707106781186548,3.03822599996852E-17,-0.707106781186547));
#5253=DIRECTION('ref_axis',(0.593029645775781,0.544639035015031,0.593029645775781));
#5254=DIRECTION('',(-0.707106781186548,-3.03822599996852E-17,0.707106781186547));
#5255=DIRECTION('',(0.707106781186548,5.02627997177166E-18,-0.707106781186547));
#5256=DIRECTION('center_axis',(0.,0.,1.));
#5257=DIRECTION('ref_axis',(1.,0.,0.));
#5258=DIRECTION('center_axis',(-0.707106781186548,0.,0.707106781186548));
#5259=DIRECTION('ref_axis',(0.707106781186548,0.,0.707106781186548));
#5260=DIRECTION('center_axis',(-2.05893253948219E-15,1.,-4.22143729525293E-15));
#5261=DIRECTION('ref_axis',(0.898794046299166,0.,-0.438371146789079));
#5262=DIRECTION('center_axis',(0.,1.,0.));
#5263=DIRECTION('ref_axis',(0.986285601537232,0.,0.165047605860675));
#5264=DIRECTION('',(0.,1.,0.));
#5265=DIRECTION('center_axis',(-0.118418410849103,-0.907490295168693,-0.403036529543677));
#5266=DIRECTION('ref_axis',(0.255821123439305,-0.420073046236768,0.870686044810421));
#5267=DIRECTION('center_axis',(-2.49084338351877E-15,1.,2.49084338351877E-15));
#5268=DIRECTION('ref_axis',(0.707106781186548,0.,0.707106781186548));
#5269=DIRECTION('center_axis',(0.707106781186548,0.,-0.707106781186548));
#5270=DIRECTION('ref_axis',(0.287606238475951,-0.913545457642601,0.287606238475951));
#5271=DIRECTION('center_axis',(0.,1.,0.));
#5272=DIRECTION('ref_axis',(0.165047605860675,0.,0.986285601537232));
#5273=DIRECTION('',(0.,-1.,0.));
#5274=DIRECTION('',(0.,1.,0.));
#5275=DIRECTION('center_axis',(-0.707106781186548,3.03822599996852E-17,
0.707106781186547));
#5276=DIRECTION('ref_axis',(0.593029645775777,-0.544639035015027,0.593029645775788));
#5277=DIRECTION('',(0.707106781186548,-3.03822599996852E-17,-0.707106781186547));
#5278=DIRECTION('center_axis',(-0.404030007753189,0.387993869072845,-0.828384277009675));
#5279=DIRECTION('ref_axis',(0.788337858757859,0.607031605772451,-0.100180088053434));
#5280=DIRECTION('',(-0.404030007753189,0.387993869072845,-0.828384277009675));
#5281=DIRECTION('center_axis',(0.707106781186547,0.,0.707106781186548));
#5282=DIRECTION('ref_axis',(0.707106781186548,0.,-0.707106781186547));
#5283=DIRECTION('center_axis',(0.201255401777479,-0.907490295168694,0.368724324434965));
#5284=DIRECTION('ref_axis',(0.434775155415236,0.420073046236763,0.796560857724646));
#5285=DIRECTION('center_axis',(-5.87097415786591E-15,-1.,0.));
#5286=DIRECTION('ref_axis',(0.,0.,1.));
#5287=DIRECTION('center_axis',(-1.,4.94303137653113E-15,-1.11022302462514E-14));
#5288=DIRECTION('ref_axis',(0.,0.913545457642602,0.406736643075797));
#5289=DIRECTION('center_axis',(0.300063781416729,0.387993869072824,-0.871448497986997));
#5290=DIRECTION('ref_axis',(0.945518575599316,0.,0.32556815445716));
#5291=DIRECTION('center_axis',(-0.201255401777474,-0.907490295168696,0.368724324434965));
#5292=DIRECTION('ref_axis',(-0.43477515541523,0.420073046236761,0.79656085772465));
#5293=DIRECTION('center_axis',(4.9696457757495E-15,-1.,1.44328993201273E-14));
#5294=DIRECTION('ref_axis',(-0.945518575599316,0.,0.325568154457158));
#5295=DIRECTION('center_axis',(-0.300063781416766,0.387993869072838,-0.871448497986979));
#5296=DIRECTION('ref_axis',(0.,0.913545457642602,0.406736643075797));
#5297=DIRECTION('center_axis',(1.,2.18752271997734E-14,0.));
#5298=DIRECTION('ref_axis',(0.,0.,1.));
#5299=DIRECTION('center_axis',(0.300063781416723,-0.387993869072845,0.87144849798699));
#5300=DIRECTION('ref_axis',(-0.628277065396214,0.607031605772453,0.486601026191312));
#5301=DIRECTION('',(0.300063781416723,-0.387993869072845,0.87144849798699));
#5302=DIRECTION('',(-0.300063781416723,0.387993869072845,-0.87144849798699));
#5303=DIRECTION('center_axis',(1.,1.1334206234058E-17,1.11022302462516E-16));
#5304=DIRECTION('ref_axis',(0.,0.544639035015024,0.838670567945426));
#5305=DIRECTION('',(-1.,-1.1334206234058E-17,-1.11022302462516E-16));
#5306=DIRECTION('',(1.,1.1334206234058E-17,1.11022302462516E-16));
#5307=DIRECTION('center_axis',(-0.201255401777482,-0.9074902951687,-0.36872432443495));
#5308=DIRECTION('ref_axis',(0.434775155415246,-0.420073046236759,0.796560857724643));
#5309=DIRECTION('center_axis',(-1.,7.89938759991818E-15,0.));
#5310=DIRECTION('ref_axis',(0.,0.,1.));
#5311=DIRECTION('center_axis',(3.44052399859575E-15,1.,-9.99200722162645E-15));
#5312=DIRECTION('ref_axis',(0.945518575599316,0.,0.325568154457158));
#5313=DIRECTION('center_axis',(0.,1.,0.));
#5314=DIRECTION('ref_axis',(0.580702955710946,0.,0.814115518356315));
#5315=DIRECTION('',(0.,1.,0.));
#5316=DIRECTION('center_axis',(0.201255401777492,-0.907490295168694,-0.368724324434959));
#5317=DIRECTION('ref_axis',(-0.434775155415254,-0.420073046236769,0.796560857724633));
#5318=DIRECTION('center_axis',(4.69677932629272E-15,1.,0.));
#5319=DIRECTION('ref_axis',(0.,0.,1.));
#5320=DIRECTION('center_axis',(1.,-7.41454706479697E-16,-1.66533453693777E-15));
#5321=DIRECTION('ref_axis',(0.,-0.913545457642602,0.406736643075797));
#5322=DIRECTION('center_axis',(0.,1.,0.));
#5323=DIRECTION('ref_axis',(-0.580702955710946,0.,0.814115518356315));
#5324=DIRECTION('',(0.,-1.,0.));
#5325=DIRECTION('',(0.,1.,0.));
#5326=DIRECTION('center_axis',(-1.,-1.90480537656274E-17,-1.11022302462516E-16));
#5327=DIRECTION('ref_axis',(0.,-0.544639035015033,0.83867056794542));
#5328=DIRECTION('',(1.,1.90480537656274E-17,1.11022302462516E-16));
#5329=DIRECTION('center_axis',(0.300063781416724,0.387993869072845,-0.87144849798699));
#5330=DIRECTION('ref_axis',(0.628277065396214,0.607031605772453,0.486601026191312));
#5331=DIRECTION('',(0.300063781416724,0.387993869072845,-0.87144849798699));
#5332=DIRECTION('center_axis',(-1.11022302462516E-16,0.,1.));
#5333=DIRECTION('ref_axis',(1.,0.,1.11022302462516E-16));
#5334=DIRECTION('center_axis',(-0.118418410849102,-0.907490295168694,0.403036529543676));
#5335=DIRECTION('ref_axis',(-0.255821123439296,0.420073046236767,0.870686044810424));
#5336=DIRECTION('center_axis',(2.49084338351877E-15,-1.,2.49084338351877E-15));
#5337=DIRECTION('ref_axis',(-0.707106781186548,0.,0.707106781186548));
#5338=DIRECTION('center_axis',(-0.707106781186556,-5.60172918744197E-15,
-0.707106781186539));
#5339=DIRECTION('ref_axis',(-0.28760623847595,0.913545457642601,0.28760623847595));
#5340=DIRECTION('center_axis',(0.828384277009673,0.387993869072853,-0.404030007753185));
#5341=DIRECTION('ref_axis',(0.438371146789075,0.,0.898794046299168));
#5342=DIRECTION('center_axis',(0.,0.,1.));
#5343=DIRECTION('ref_axis',(1.,0.,0.));
#5344=DIRECTION('center_axis',(-1.02946626974109E-15,-1.,2.11071864762646E-15));
#5345=DIRECTION('ref_axis',(-0.898794046299166,0.,-0.438371146789079));
#5346=DIRECTION('center_axis',(0.707106781186548,6.88348078117869E-15,0.707106781186548));
#5347=DIRECTION('ref_axis',(-0.707106781186548,0.,0.707106781186548));
#5348=DIRECTION('center_axis',(0.707106781186547,3.03822599996852E-17,0.707106781186548));
#5349=DIRECTION('ref_axis',(-0.59302964577578,0.544639035015032,0.59302964577578));
#5350=DIRECTION('',(-0.707106781186547,-3.03822599996852E-17,-0.707106781186548));
#5351=DIRECTION('',(0.707106781186547,5.02627997177166E-18,0.707106781186548));
#5352=DIRECTION('center_axis',(0.118418410849102,-0.907490295168694,-0.403036529543675));
#5353=DIRECTION('ref_axis',(-0.255821123439303,-0.420073046236766,0.870686044810422));
#5354=DIRECTION('center_axis',(-0.707106781186548,0.,-0.707106781186548));
#5355=DIRECTION('ref_axis',(-0.707106781186548,0.,0.707106781186548));
#5356=DIRECTION('center_axis',(3.16607797143969E-15,1.,-1.54419940461164E-15));
#5357=DIRECTION('ref_axis',(0.438371146789079,0.,0.898794046299166));
#5358=DIRECTION('center_axis',(0.82838427700967,-0.387993869072846,-0.404030007753198));
#5359=DIRECTION('ref_axis',(-0.28760623847595,-0.913545457642601,0.28760623847595));
#5360=DIRECTION('center_axis',(0.,1.,0.));
#5361=DIRECTION('ref_axis',(-0.165047605860675,0.,0.986285601537232));
#5362=DIRECTION('',(0.,-1.,0.));
#5363=DIRECTION('',(0.,1.,0.));
#5364=DIRECTION('center_axis',(-0.828384277009675,0.387993869072847,0.404030007753188));
#5365=DIRECTION('ref_axis',(0.100180088053435,-0.607031605772455,0.788337858757856));
#5366=DIRECTION('',(0.828384277009675,-0.387993869072847,-0.404030007753188));
#5367=DIRECTION('center_axis',(0.,0.,1.));
#5368=DIRECTION('ref_axis',(1.,0.,0.));
#5369=DIRECTION('center_axis',(-3.32112451135836E-15,1.,-3.32112451135836E-15));
#5370=DIRECTION('ref_axis',(-0.707106781186548,0.,0.707106781186548));
#5371=DIRECTION('center_axis',(0.707106781186548,0.,0.707106781186548));
#5372=DIRECTION('ref_axis',(-0.287606238475951,-0.913545457642601,0.287606238475951));
#5373=DIRECTION('center_axis',(0.,1.,0.));
#5374=DIRECTION('ref_axis',(-0.986285601537232,0.,0.165047605860675));
#5375=DIRECTION('',(0.,-1.,0.));
#5376=DIRECTION('center_axis',(-0.707106781186547,3.03822599996852E-17,
-0.707106781186548));
#5377=DIRECTION('ref_axis',(-0.593029645775788,-0.544639035015027,0.593029645775777));
#5378=DIRECTION('',(0.707106781186547,-3.03822599996852E-17,0.707106781186548));
#5379=DIRECTION('center_axis',(0.828384277009675,0.387993869072845,-0.404030007753188));
#5380=DIRECTION('ref_axis',(0.100180088053434,0.607031605772451,0.788337858757859));
#5381=DIRECTION('',(-0.828384277009675,-0.387993869072845,0.404030007753189));
#5382=DIRECTION('',(0.828384277009675,0.387993869072845,-0.404030007753189));
#5383=DIRECTION('center_axis',(0.438371146789077,0.,0.898794046299167));
#5384=DIRECTION('ref_axis',(0.898794046299167,0.,-0.438371146789077));
#5385=DIRECTION('center_axis',(-0.707106781186548,0.,0.707106781186547));
#5386=DIRECTION('ref_axis',(0.707106781186547,0.,0.707106781186548));
#5387=DIRECTION('center_axis',(0.,0.,1.));
#5388=DIRECTION('ref_axis',(1.,0.,0.));
#5389=DIRECTION('center_axis',(0.,-1.,2.34838966314636E-15));
#5390=DIRECTION('ref_axis',(-1.,0.,0.));
#5391=DIRECTION('center_axis',(8.3266726846887E-15,3.70727353239842E-15,
-1.));
#5392=DIRECTION('ref_axis',(-0.406736643075797,0.913545457642602,0.));
#5393=DIRECTION('center_axis',(0.87144849798699,0.387993869072843,0.300063781416727));
#5394=DIRECTION('ref_axis',(-0.32556815445716,0.,0.945518575599316));
#5395=DIRECTION('center_axis',(0.,0.,1.));
#5396=DIRECTION('ref_axis',(1.,0.,0.));
#5397=DIRECTION('center_axis',(-1.33226762955022E-14,-1.,4.58736533146108E-15));
#5398=DIRECTION('ref_axis',(-0.325568154457158,0.,-0.945518575599316));
#5399=DIRECTION('center_axis',(0.,-6.07645199993706E-16,1.));
#5400=DIRECTION('ref_axis',(-1.,0.,0.));
#5401=DIRECTION('center_axis',(0.,0.,1.));
#5402=DIRECTION('ref_axis',(-0.838670567945427,0.544639035015023,0.));
#5403=DIRECTION('',(0.,0.,-1.));
#5404=DIRECTION('',(0.,0.,1.));
#5405=DIRECTION('center_axis',(0.,0.,1.));
#5406=DIRECTION('ref_axis',(1.,0.,0.));
#5407=DIRECTION('center_axis',(0.,-2.43058079997482E-15,-1.));
#5408=DIRECTION('ref_axis',(-1.,0.,0.));
#5409=DIRECTION('center_axis',(1.11022302462516E-15,1.,3.82280444288416E-16));
#5410=DIRECTION('ref_axis',(-0.325568154457157,0.,0.945518575599317));
#5411=DIRECTION('center_axis',(0.87144849798699,-0.387993869072843,0.300063781416725));
#5412=DIRECTION('ref_axis',(-0.406736643075798,-0.913545457642602,0.));
#5413=DIRECTION('center_axis',(0.,1.,0.));
#5414=DIRECTION('ref_axis',(-0.814115518356314,0.,0.580702955710947));
#5415=DIRECTION('',(0.,-1.,0.));
#5416=DIRECTION('',(0.,1.,0.));
#5417=DIRECTION('center_axis',(-0.871448497986989,0.387993869072847,-0.300063781416724));
#5418=DIRECTION('ref_axis',(-0.486601026191312,-0.607031605772451,0.628277065396217));
#5419=DIRECTION('',(0.871448497986989,-0.387993869072847,0.300063781416723));
#5420=DIRECTION('center_axis',(0.,0.,1.));
#5421=DIRECTION('ref_axis',(1.,0.,0.));
#5422=DIRECTION('center_axis',(0.,1.,9.39355865258546E-15));
#5423=DIRECTION('ref_axis',(-1.,0.,0.));
#5424=DIRECTION('center_axis',(9.43689570931387E-15,-4.20157667005154E-15,
1.));
#5425=DIRECTION('ref_axis',(-0.406736643075797,-0.913545457642602,0.));
#5426=DIRECTION('center_axis',(0.,1.,0.));
#5427=DIRECTION('ref_axis',(-0.814115518356315,0.,-0.580702955710946));
#5428=DIRECTION('',(0.,-1.,0.));
#5429=DIRECTION('center_axis',(0.,0.,-1.));
#5430=DIRECTION('ref_axis',(-0.838670567945426,-0.544639035015024,0.));
#5431=DIRECTION('',(0.,0.,1.));
#5432=DIRECTION('center_axis',(0.87144849798699,0.387993869072845,0.300063781416724));
#5433=DIRECTION('ref_axis',(-0.486601026191313,0.607031605772452,0.628277065396215));
#5434=DIRECTION('',(-0.87144849798699,-0.387993869072845,-0.300063781416724));
#5435=DIRECTION('',(0.87144849798699,0.387993869072845,0.300063781416724));
#5436=DIRECTION('center_axis',(-0.325568154457157,0.,0.945518575599317));
#5437=DIRECTION('ref_axis',(0.945518575599317,0.,0.325568154457156));
#5438=DIRECTION('center_axis',(-1.,0.,0.));
#5439=DIRECTION('ref_axis',(0.,0.,1.));
#5440=DIRECTION('center_axis',(0.,0.,1.));
#5441=DIRECTION('ref_axis',(1.,0.,0.));
#5442=DIRECTION('center_axis',(-2.49084338351877E-15,-1.,2.49084338351877E-15));
#5443=DIRECTION('ref_axis',(-0.707106781186548,0.,-0.707106781186548));
#5444=DIRECTION('center_axis',(0.707106781186539,-5.60172918744197E-15,
-0.707106781186556));
#5445=DIRECTION('ref_axis',(-0.28760623847595,0.913545457642601,-0.28760623847595));
#5446=DIRECTION('center_axis',(0.404030007753185,0.387993869072853,0.828384277009673));
#5447=DIRECTION('ref_axis',(-0.898794046299168,0.,0.438371146789075));
#5448=DIRECTION('center_axis',(-0.118418410849103,-0.907490295168696,-0.40303652954367));
#5449=DIRECTION('ref_axis',(-0.255821123439305,0.420073046236763,-0.870686044810423));
#5450=DIRECTION('center_axis',(1.05535932381323E-15,-1.,5.14733134870547E-16));
#5451=DIRECTION('ref_axis',(0.438371146789079,0.,-0.898794046299166));
#5452=DIRECTION('center_axis',(-0.707106781186548,0.,0.707106781186548));
#5453=DIRECTION('ref_axis',(-0.707106781186548,0.,-0.707106781186548));
#5454=DIRECTION('center_axis',(-0.707106781186548,0.,0.707106781186548));
#5455=DIRECTION('ref_axis',(-0.593029645775784,0.544639035015025,-0.593029645775784));
#5456=DIRECTION('',(0.707106781186547,0.,-0.707106781186547));
#5457=DIRECTION('',(-0.707106781186547,0.,0.707106781186547));
#5458=DIRECTION('center_axis',(0.,0.,1.));
#5459=DIRECTION('ref_axis',(1.,0.,0.));
#5460=DIRECTION('center_axis',(0.707106781186548,0.,-0.707106781186548));
#5461=DIRECTION('ref_axis',(-0.707106781186548,0.,-0.707106781186548));
#5462=DIRECTION('center_axis',(-1.54419940461164E-15,1.,-3.16607797143969E-15));
#5463=DIRECTION('ref_axis',(-0.898794046299166,0.,0.438371146789079));
#5464=DIRECTION('center_axis',(0.404030007753179,-0.387993869072844,0.82838427700968));
#5465=DIRECTION('ref_axis',(-0.287606238475951,-0.913545457642601,-0.287606238475951));
#5466=DIRECTION('center_axis',(0.,1.,0.));
#5467=DIRECTION('ref_axis',(-0.986285601537232,0.,-0.165047605860675));
#5468=DIRECTION('',(0.,-1.,0.));
#5469=DIRECTION('',(0.,1.,0.));
#5470=DIRECTION('center_axis',(-0.404030007753188,0.387993869072847,-0.828384277009675));
#5471=DIRECTION('ref_axis',(-0.78833785875786,-0.607031605772449,0.100180088053434));
#5472=DIRECTION('',(0.404030007753188,-0.387993869072847,0.828384277009675));
#5473=DIRECTION('center_axis',(0.118418410849103,-0.907490295168693,0.403036529543678));
#5474=DIRECTION('ref_axis',(-0.255821123439305,-0.420073046236769,-0.870686044810421));
#5475=DIRECTION('center_axis',(-1.66056225567918E-15,1.,1.66056225567918E-15));
#5476=DIRECTION('ref_axis',(-0.707106781186548,0.,-0.707106781186548));
#5477=DIRECTION('center_axis',(-0.707106781186548,0.,0.707106781186548));
#5478=DIRECTION('ref_axis',(-0.287606238475951,-0.913545457642601,-0.287606238475951));
#5479=DIRECTION('center_axis',(0.,1.,0.));
#5480=DIRECTION('ref_axis',(-0.165047605860675,0.,-0.986285601537232));
#5481=DIRECTION('',(0.,-1.,0.));
#5482=DIRECTION('center_axis',(0.707106781186548,0.,-0.707106781186548));
#5483=DIRECTION('ref_axis',(-0.593029645775784,-0.544639035015024,-0.593029645775784));
#5484=DIRECTION('',(-0.707106781186548,0.,0.707106781186548));
#5485=DIRECTION('center_axis',(0.404030007753189,0.387993869072845,0.828384277009675));
#5486=DIRECTION('ref_axis',(-0.788337858757858,0.60703160577245,0.100180088053445));
#5487=DIRECTION('',(-0.404030007753189,-0.387993869072845,-0.828384277009675));
#5488=DIRECTION('',(0.404030007753189,0.387993869072845,0.828384277009675));
#5489=DIRECTION('center_axis',(-0.898794046299167,0.,0.438371146789078));
#5490=DIRECTION('ref_axis',(0.438371146789078,0.,0.898794046299167));
#5491=DIRECTION('center_axis',(-0.707106781186548,0.,-0.707106781186548));
#5492=DIRECTION('ref_axis',(-0.707106781186548,0.,0.707106781186548));
#5493=DIRECTION('center_axis',(-0.28760623847595,-0.913545457642601,-0.28760623847595));
#5494=DIRECTION('ref_axis',(0.645974188021251,-0.406736643075799,0.645974188021251));
#5495=DIRECTION('center_axis',(5.55111512312578E-17,-0.913545457642601,
-0.406736643075799));
#5496=DIRECTION('ref_axis',(-1.66533453693773E-16,-0.406736643075799,0.913545457642601));
#5497=DIRECTION('center_axis',(0.28760623847595,-0.913545457642601,-0.28760623847595));
#5498=DIRECTION('ref_axis',(-0.645974188021251,-0.406736643075799,0.645974188021251));
#5499=DIRECTION('center_axis',(0.406736643075799,-0.913545457642601,0.));
#5500=DIRECTION('ref_axis',(-0.913545457642601,-0.406736643075799,0.));
#5501=DIRECTION('center_axis',(0.28760623847595,-0.913545457642601,0.28760623847595));
#5502=DIRECTION('ref_axis',(-0.645974188021251,-0.406736643075799,-0.645974188021251));
#5503=DIRECTION('center_axis',(0.898794046299167,0.,0.438371146789078));
#5504=DIRECTION('ref_axis',(0.438371146789078,0.,-0.898794046299167));
#5505=DIRECTION('center_axis',(0.325568154457156,0.,0.945518575599317));
#5506=DIRECTION('ref_axis',(0.945518575599317,0.,-0.325568154457156));
#5507=DIRECTION('center_axis',(-0.438371146789078,0.,0.898794046299167));
#5508=DIRECTION('ref_axis',(0.898794046299167,0.,0.438371146789078));
#5509=DIRECTION('center_axis',(-0.945518575599317,0.,0.325568154457156));
#5510=DIRECTION('ref_axis',(0.325568154457156,0.,0.945518575599317));
#5511=DIRECTION('center_axis',(-0.201255401777479,-0.907490295168695,-0.368724324434964));
#5512=DIRECTION('ref_axis',(-0.434775155415236,0.420073046236762,-0.796560857724646));
#5513=DIRECTION('center_axis',(8.21936382101225E-15,-1.,0.));
#5514=DIRECTION('ref_axis',(0.,0.,-1.));
#5515=DIRECTION('center_axis',(1.,5.43733451418424E-15,1.22124532708765E-14));
#5516=DIRECTION('ref_axis',(0.,0.913545457642603,-0.406736643075797));
#5517=DIRECTION('center_axis',(-0.300063781416729,0.387993869072824,0.871448497986997));
#5518=DIRECTION('ref_axis',(-0.945518575599316,0.,-0.325568154457159));
#5519=DIRECTION('center_axis',(0.201255401777481,-0.907490295168702,-0.368724324434946));
#5520=DIRECTION('ref_axis',(0.434775155415246,0.420073046236754,-0.796560857724645));
#5521=DIRECTION('center_axis',(0.300063781416766,0.387993869072839,0.871448497986978));
#5522=DIRECTION('ref_axis',(0.,0.913545457642602,-0.406736643075799));
#5523=DIRECTION('center_axis',(-1.,1.76217107998174E-14,0.));
#5524=DIRECTION('ref_axis',(0.,0.,-1.));
#5525=DIRECTION('center_axis',(-3.44052399859581E-15,-1.,-9.99200722162662E-15));
#5526=DIRECTION('ref_axis',(0.945518575599316,0.,-0.325568154457158));
#5527=DIRECTION('center_axis',(-1.,0.,0.));
#5528=DIRECTION('ref_axis',(0.,0.544639035015025,-0.838670567945426));
#5529=DIRECTION('',(1.,0.,0.));
#5530=DIRECTION('',(-1.,0.,0.));
#5531=DIRECTION('center_axis',(0.201255401777483,-0.9074902951687,0.368724324434949));
#5532=DIRECTION('ref_axis',(-0.43477515541525,-0.420073046236758,-0.796560857724641));
#5533=DIRECTION('center_axis',(1.,-6.07645199993706E-16,0.));
#5534=DIRECTION('ref_axis',(0.,0.,-1.));
#5535=DIRECTION('center_axis',(-3.44052399859574E-15,1.,9.99200722162644E-15));
#5536=DIRECTION('ref_axis',(-0.945518575599317,0.,-0.325568154457157));
#5537=DIRECTION('center_axis',(0.,1.,0.));
#5538=DIRECTION('ref_axis',(-0.580702955710947,0.,-0.814115518356314));
#5539=DIRECTION('',(0.,1.,0.));
#5540=DIRECTION('center_axis',(-0.201255401777492,-0.907490295168694,0.368724324434959));
#5541=DIRECTION('ref_axis',(0.434775155415253,-0.42007304623677,-0.796560857724633));
#5542=DIRECTION('center_axis',(-2.34838966314636E-15,1.,0.));
#5543=DIRECTION('ref_axis',(0.,0.,-1.));
#5544=DIRECTION('center_axis',(-1.,-2.47151568826566E-16,5.5511151231259E-16));
#5545=DIRECTION('ref_axis',(0.,-0.913545457642602,-0.406736643075797));
#5546=DIRECTION('center_axis',(0.,1.,0.));
#5547=DIRECTION('ref_axis',(0.580702955710946,0.,-0.814115518356315));
#5548=DIRECTION('',(0.,-1.,0.));
#5549=DIRECTION('',(0.,1.,0.));
#5550=DIRECTION('center_axis',(1.,0.,0.));
#5551=DIRECTION('ref_axis',(0.,-0.544639035015033,-0.83867056794542));
#5552=DIRECTION('',(-1.,0.,0.));
#5553=DIRECTION('center_axis',(-0.300063781416724,-0.387993869072845,-0.87144849798699));
#5554=DIRECTION('ref_axis',(0.628277065396216,0.607031605772451,-0.486601026191312));
#5555=DIRECTION('',(-0.300063781416724,-0.387993869072845,-0.87144849798699));
#5556=DIRECTION('',(0.300063781416724,0.387993869072845,0.87144849798699));
#5557=DIRECTION('center_axis',(-0.300063781416724,0.387993869072845,0.87144849798699));
#5558=DIRECTION('ref_axis',(-0.628277065396215,0.607031605772453,-0.486601026191312));
#5559=DIRECTION('',(-0.300063781416724,0.387993869072845,0.87144849798699));
#5560=DIRECTION('center_axis',(0.,0.,-1.));
#5561=DIRECTION('ref_axis',(-1.,0.,0.));
#5562=DIRECTION('center_axis',(0.,-0.913545457642601,0.406736643075799));
#5563=DIRECTION('ref_axis',(0.,-0.406736643075799,-0.913545457642601));
#5564=DIRECTION('center_axis',(0.945518575599317,0.,-0.325568154457156));
#5565=DIRECTION('ref_axis',(-0.325568154457156,0.,-0.945518575599317));
#5566=CARTESIAN_POINT('',(0.,0.,0.));
#5567=CARTESIAN_POINT('Origin',(0.,42.5,4.5));
#5568=CARTESIAN_POINT('',(4.49999999999997,42.5,-8.04871488326276E-14));
#5569=CARTESIAN_POINT('Origin',(-3.10862446895044E-14,42.5,-7.99360577730113E-14));
#5570=CARTESIAN_POINT('',(-5.26598123633362E-16,42.5,-4.3));
#5571=CARTESIAN_POINT('Origin',(0.,42.5,0.));
#5572=CARTESIAN_POINT('Origin',(0.,43.6,4.3));
#5573=CARTESIAN_POINT('',(4.49999999999997,43.6,-8.04871488326276E-14));
#5574=CARTESIAN_POINT('Origin',(-3.10862446895044E-14,43.6,-7.99360577730113E-14));
#5575=CARTESIAN_POINT('',(-5.26598123633362E-16,43.6,-4.3));
#5576=CARTESIAN_POINT('Origin',(0.,43.6,0.));
#5577=CARTESIAN_POINT('Origin',(0.,43.05,0.));
#5578=CARTESIAN_POINT('',(-5.26598123633362E-16,43.05,-4.3));
#5579=CARTESIAN_POINT('Origin',(-3.10862446895044E-14,12.5,-7.99360577730113E-14));
#5580=CARTESIAN_POINT('',(4.49999999999997,45.5,-8.04871488326276E-14));
#5581=CARTESIAN_POINT('Origin',(-3.10862446895044E-14,45.5,-7.99360577730113E-14));
#5582=CARTESIAN_POINT('',(4.49999999999997,12.5,-8.04871488326276E-14));
#5583=CARTESIAN_POINT('Origin',(-3.10862446895044E-14,12.5,-7.99360577730113E-14));
#5584=CARTESIAN_POINT('',(4.49999999999997,12.5,-8.04871488326276E-14));
#5585=CARTESIAN_POINT('',(4.49999999999997,12.5,-8.04871488326276E-14));
#5586=CARTESIAN_POINT('Origin',(-3.10862446895044E-14,12.5,-7.99360577730113E-14));
#5587=CARTESIAN_POINT('Origin',(-3.10862446895044E-14,45.5,-7.99360577730113E-14));
#5588=CARTESIAN_POINT('Origin',(-4.34374758384592E-14,-12.5,2.65759636519647E-14));
#5589=CARTESIAN_POINT('',(-6.00000000000004,-12.5,2.58411755724763E-14));
#5590=CARTESIAN_POINT('Origin',(-4.34374758384592E-14,-12.5,2.65759636519647E-14));
#5591=CARTESIAN_POINT('',(-6.00000000000004,-10.,2.58126853225349E-14));
#5592=CARTESIAN_POINT('',(-6.00000000000004,-12.5,2.73107517314531E-14));
#5593=CARTESIAN_POINT('Origin',(-4.34374758384592E-14,-10.,2.65759636519647E-14));
#5594=CARTESIAN_POINT('Origin',(-4.32986979603811E-14,-10.,2.66453525910038E-14));
#5595=CARTESIAN_POINT('',(-1.65831239517779,-10.,2.5));
#5596=CARTESIAN_POINT('',(1.6583123951777,-10.,2.5));
#5597=CARTESIAN_POINT('Origin',(-4.44089209850063E-14,-10.,2.66453525910038E-14));
#5598=CARTESIAN_POINT('',(-0.829156197588915,-10.,2.5));
#5599=CARTESIAN_POINT('Origin',(-1.65831239517779,-12.5,2.5));
#5600=CARTESIAN_POINT('',(-1.65831239517779,5.5,2.5));
#5601=CARTESIAN_POINT('',(-1.65831239517779,-12.5,2.5));
#5602=CARTESIAN_POINT('',(1.6583123951777,5.5,2.5));
#5603=CARTESIAN_POINT('',(-1.65831239517779,5.5,2.5));
#5604=CARTESIAN_POINT('',(1.6583123951777,-12.5,2.5));
#5605=CARTESIAN_POINT('Origin',(-4.44089209850063E-14,-12.5,2.66453525910038E-14));
#5606=CARTESIAN_POINT('Origin',(-4.44089209850063E-14,5.5,2.66453525910038E-14));
#5607=CARTESIAN_POINT('Origin',(-4.44089209850063E-14,5.5,-0.249999999999987));
#5608=CARTESIAN_POINT('Origin',(43.5970869120796,-11.5,-28.3942911165688));
#5609=CARTESIAN_POINT('',(41.5125153106707,-12.5,-30.4788627179777));
#5610=CARTESIAN_POINT('',(30.4788627179778,-12.5,-41.5125153106706));
#5611=CARTESIAN_POINT('',(43.5970869120796,-12.5,-28.3942911165688));
#5612=CARTESIAN_POINT('',(31.1323576805115,-11.5,-42.2732339105101));
#5613=CARTESIAN_POINT('Ctrl Pts',(30.4788627179778,-12.5,-41.5125153106706));
#5614=CARTESIAN_POINT('Ctrl Pts',(30.4798441623098,-12.5,-41.513658634637));
#5615=CARTESIAN_POINT('Ctrl Pts',(30.4808256073323,-12.4999966140198,-41.5148019555488));
#5616=CARTESIAN_POINT('Ctrl Pts',(30.5691642972686,-12.4993870757929,-41.6177105534829));
#5617=CARTESIAN_POINT('Ctrl Pts',(30.6555957334468,-12.4719644803515,-41.7183656676461));
#5618=CARTESIAN_POINT('Ctrl Pts',(30.8141456479824,-12.3681002196286,-41.9029587140278));
#5619=CARTESIAN_POINT('Ctrl Pts',(30.8850954031844,-12.2939934622105,-41.9855379643475));
#5620=CARTESIAN_POINT('Ctrl Pts',(31.0043116959647,-12.1084844254831,-42.1242712199125));
#5621=CARTESIAN_POINT('Ctrl Pts',(31.0515063692788,-11.9989610116544,-42.1791786665296));
#5622=CARTESIAN_POINT('Ctrl Pts',(31.1158182717328,-11.75847579458,-42.2539958700508));
#5623=CARTESIAN_POINT('Ctrl Pts',(31.1323576805114,-11.6298691339293,-42.2732339105101));
#5624=CARTESIAN_POINT('Ctrl Pts',(31.1323576805114,-11.5,-42.2732339105101));
#5625=CARTESIAN_POINT('',(42.2732339105101,-11.5,-31.1323576805114));
#5626=CARTESIAN_POINT('',(44.3041936932661,-11.5,-29.1013978977554));
#5627=CARTESIAN_POINT('Ctrl Pts',(41.5125153106707,-12.5,-30.4788627179777));
#5628=CARTESIAN_POINT('Ctrl Pts',(41.5136586346371,-12.5,-30.4798441623097));
#5629=CARTESIAN_POINT('Ctrl Pts',(41.5148019555489,-12.4999966140198,-30.4808256073323));
#5630=CARTESIAN_POINT('Ctrl Pts',(41.617710553481,-12.4993870757929,-30.5691642972688));
#5631=CARTESIAN_POINT('Ctrl Pts',(41.7183656676458,-12.4719644803516,-30.6555957334467));
#5632=CARTESIAN_POINT('Ctrl Pts',(41.9029587140278,-12.3681002196286,-30.8141456479825));
#5633=CARTESIAN_POINT('Ctrl Pts',(41.9855379643474,-12.2939934622105,-30.8850954031844));
#5634=CARTESIAN_POINT('Ctrl Pts',(42.1242712199124,-12.1084844254831,-31.0043116959647));
#5635=CARTESIAN_POINT('Ctrl Pts',(42.1791786665295,-11.9989610116544,-31.0515063692788));
#5636=CARTESIAN_POINT('Ctrl Pts',(42.2539958700507,-11.7584757945799,-31.1158182717328));
#5637=CARTESIAN_POINT('Ctrl Pts',(42.2732339105101,-11.6298691339292,-31.1323576805114));
#5638=CARTESIAN_POINT('Ctrl Pts',(42.2732339105101,-11.5,-31.1323576805114));
#5639=CARTESIAN_POINT('Origin',(0.,-11.5,0.));
#5640=CARTESIAN_POINT('',(7.80197056954954,-12.5,-50.9055915910215));
#5641=CARTESIAN_POINT('Origin',(0.,-12.5,0.));
#5642=CARTESIAN_POINT('',(7.87778913059206,-11.5,-51.9055915910215));
#5643=CARTESIAN_POINT('Ctrl Pts',(7.80197056954954,-12.5,-50.9055915910215));
#5644=CARTESIAN_POINT('Ctrl Pts',(7.80208503573678,-12.5,-50.9070940290938));
#5645=CARTESIAN_POINT('Ctrl Pts',(7.80219949927579,-12.4999966140198,-50.9085964654944));
#5646=CARTESIAN_POINT('Ctrl Pts',(7.81250198002313,-12.4993870757929,-51.0438287196304));
#5647=CARTESIAN_POINT('Ctrl Pts',(7.82255963917897,-12.4719644803516,-51.1761188880461));
#5648=CARTESIAN_POINT('Ctrl Pts',(7.84097491431066,-12.3681002196286,-51.4187576026273));
#5649=CARTESIAN_POINT('Ctrl Pts',(7.84919820917012,-12.2939934622105,-51.5273190035405));
#5650=CARTESIAN_POINT('Ctrl Pts',(7.86299878590336,-12.1084844254831,-51.7097168783794));
#5651=CARTESIAN_POINT('Ctrl Pts',(7.86845254020765,-11.9989610116544,-51.7819139797563));
#5652=CARTESIAN_POINT('Ctrl Pts',(7.87588090983069,-11.7584757945799,-51.8802931140518));
#5653=CARTESIAN_POINT('Ctrl Pts',(7.8777891305921,-11.6298691339292,-51.9055915910215));
#5654=CARTESIAN_POINT('Ctrl Pts',(7.8777891305921,-11.5,-51.9055915910215));
#5655=CARTESIAN_POINT('Origin',(0.,-11.5,0.));
#5656=CARTESIAN_POINT('Origin',(10.75,-11.5,-50.9055915910215));
#5657=CARTESIAN_POINT('',(-7.80197056954963,-12.5,-50.9055915910215));
#5658=CARTESIAN_POINT('',(10.75,-12.5,-50.9055915910215));
#5659=CARTESIAN_POINT('',(-7.8777891305921,-11.5,-51.9055915910215));
#5660=CARTESIAN_POINT('Ctrl Pts',(-7.80197056954963,-12.5,-50.9055915910215));
#5661=CARTESIAN_POINT('Ctrl Pts',(-7.80208503573688,-12.5,-50.9070940290938));
#5662=CARTESIAN_POINT('Ctrl Pts',(-7.80219949927578,-12.4999966140198,-50.9085964654944));
#5663=CARTESIAN_POINT('Ctrl Pts',(-7.81250198002251,-12.4993870757929,-51.0438287196306));
#5664=CARTESIAN_POINT('Ctrl Pts',(-7.82255963917887,-12.4719644803516,-51.1761188880461));
#5665=CARTESIAN_POINT('Ctrl Pts',(-7.84097491431061,-12.3681002196286,-51.4187576026274));
#5666=CARTESIAN_POINT('Ctrl Pts',(-7.8491982091701,-12.2939934622105,-51.5273190035405));
#5667=CARTESIAN_POINT('Ctrl Pts',(-7.86299878590333,-12.1084844254832,-51.7097168783794));
#5668=CARTESIAN_POINT('Ctrl Pts',(-7.86845254020765,-11.9989610116544,-51.7819139797563));
#5669=CARTESIAN_POINT('Ctrl Pts',(-7.87588090983069,-11.7584757945799,-51.8802931140518));
#5670=CARTESIAN_POINT('Ctrl Pts',(-7.87778913059209,-11.6298691339292,-51.9055915910215));
#5671=CARTESIAN_POINT('Ctrl Pts',(-7.8777891305921,-11.5,-51.9055915910215));
#5672=CARTESIAN_POINT('',(10.75,-11.5,-51.9055915910215));
#5673=CARTESIAN_POINT('Origin',(0.,-11.5,0.));
#5674=CARTESIAN_POINT('',(-30.4788627179778,-12.5,-41.5125153106706));
#5675=CARTESIAN_POINT('Origin',(0.,-12.5,0.));
#5676=CARTESIAN_POINT('',(-31.1323576805114,-11.5,-42.2732339105101));
#5677=CARTESIAN_POINT('Ctrl Pts',(-30.4788627179778,-12.5,-41.5125153106706));
#5678=CARTESIAN_POINT('Ctrl Pts',(-30.4798441623097,-12.5,-41.5136586346371));
#5679=CARTESIAN_POINT('Ctrl Pts',(-30.4808256073323,-12.4999966140198,-41.5148019555488));
#5680=CARTESIAN_POINT('Ctrl Pts',(-30.5691642972689,-12.4993870757929,-41.6177105534829));
#5681=CARTESIAN_POINT('Ctrl Pts',(-30.6555957334468,-12.4719644803515,-41.7183656676461));
#5682=CARTESIAN_POINT('Ctrl Pts',(-30.8141456479824,-12.3681002196286,-41.9029587140278));
#5683=CARTESIAN_POINT('Ctrl Pts',(-30.8850954031844,-12.2939934622105,-41.9855379643475));
#5684=CARTESIAN_POINT('Ctrl Pts',(-31.0043116959646,-12.1084844254831,-42.1242712199125));
#5685=CARTESIAN_POINT('Ctrl Pts',(-31.0515063692788,-11.9989610116544,-42.1791786665295));
#5686=CARTESIAN_POINT('Ctrl Pts',(-31.1158182717328,-11.75847579458,-42.2539958700507));
#5687=CARTESIAN_POINT('Ctrl Pts',(-31.1323576805114,-11.6298691339293,-42.2732339105102));
#5688=CARTESIAN_POINT('Ctrl Pts',(-31.1323576805114,-11.5,-42.2732339105102));
#5689=CARTESIAN_POINT('Origin',(0.,-11.5,0.));
#5690=CARTESIAN_POINT('Origin',(-28.3942911165688,-11.5,-43.5970869120796));
#5691=CARTESIAN_POINT('',(-41.5125153106705,-12.5,-30.478862717978));
#5692=CARTESIAN_POINT('',(-28.3942911165688,-12.5,-43.5970869120796));
#5693=CARTESIAN_POINT('',(-42.2732339105101,-11.5,-31.1323576805115));
#5694=CARTESIAN_POINT('Ctrl Pts',(-41.5125153106705,-12.5,-30.478862717978));
#5695=CARTESIAN_POINT('Ctrl Pts',(-41.5136586346369,-12.5,-30.4798441623099));
#5696=CARTESIAN_POINT('Ctrl Pts',(-41.5148019555487,-12.4999966140198,-30.4808256073324));
#5697=CARTESIAN_POINT('Ctrl Pts',(-41.6177105534839,-12.4993870757929,-30.5691642972672));
#5698=CARTESIAN_POINT('Ctrl Pts',(-41.7183656676459,-12.4719644803515,-30.6555957334469));
#5699=CARTESIAN_POINT('Ctrl Pts',(-41.9029587140277,-12.3681002196286,-30.8141456479825));
#5700=CARTESIAN_POINT('Ctrl Pts',(-41.9855379643474,-12.2939934622105,-30.8850954031845));
#5701=CARTESIAN_POINT('Ctrl Pts',(-42.1242712199124,-12.1084844254832,-31.0043116959647));
#5702=CARTESIAN_POINT('Ctrl Pts',(-42.1791786665295,-11.9989610116544,-31.0515063692789));
#5703=CARTESIAN_POINT('Ctrl Pts',(-42.2539958700507,-11.7584757945799,-31.1158182717328));
#5704=CARTESIAN_POINT('Ctrl Pts',(-42.2732339105101,-11.6298691339292,-31.1323576805114));
#5705=CARTESIAN_POINT('Ctrl Pts',(-42.2732339105101,-11.5,-31.1323576805114));
#5706=CARTESIAN_POINT('',(-29.1013978977554,-11.5,-44.3041936932661));
#5707=CARTESIAN_POINT('Origin',(0.,-11.5,0.));
#5708=CARTESIAN_POINT('',(-50.9055915910215,-12.5,-7.80197056954947));
#5709=CARTESIAN_POINT('Origin',(0.,-12.5,0.));
#5710=CARTESIAN_POINT('',(-51.9055915910215,-11.5,-7.87778913059203));
#5711=CARTESIAN_POINT('Ctrl Pts',(-50.9055915910216,-12.5,-7.80197056954947));
#5712=CARTESIAN_POINT('Ctrl Pts',(-50.9070940290938,-12.5,-7.80208503573672));
#5713=CARTESIAN_POINT('Ctrl Pts',(-50.9085964654944,-12.4999966140198,-7.80219949927572));
#5714=CARTESIAN_POINT('Ctrl Pts',(-51.0438287196304,-12.4993870757929,-7.81250198002312));
#5715=CARTESIAN_POINT('Ctrl Pts',(-51.1761188880461,-12.4719644803516,-7.8225596391788));
#5716=CARTESIAN_POINT('Ctrl Pts',(-51.4187576026274,-12.3681002196286,-7.84097491431054));
#5717=CARTESIAN_POINT('Ctrl Pts',(-51.5273190035405,-12.2939934622105,-7.84919820917012));
#5718=CARTESIAN_POINT('Ctrl Pts',(-51.7097168783794,-12.1084844254832,-7.86299878590333));
#5719=CARTESIAN_POINT('Ctrl Pts',(-51.7819139797563,-11.9989610116544,-7.86845254020758));
#5720=CARTESIAN_POINT('Ctrl Pts',(-51.8802931140518,-11.7584757945799,-7.87588090983062));
#5721=CARTESIAN_POINT('Ctrl Pts',(-51.9055915910215,-11.6298691339292,-7.87778913059204));
#5722=CARTESIAN_POINT('Ctrl Pts',(-51.9055915910215,-11.5,-7.87778913059204));
#5723=CARTESIAN_POINT('Origin',(0.,-11.5,0.));
#5724=CARTESIAN_POINT('Origin',(-50.9055915910215,-11.5,-10.75));
#5725=CARTESIAN_POINT('',(-50.9055915910216,-12.5,7.80197056954953));
#5726=CARTESIAN_POINT('',(-50.9055915910215,-12.5,-10.75));
#5727=CARTESIAN_POINT('',(-51.9055915910215,-11.5,7.87778913059203));
#5728=CARTESIAN_POINT('Ctrl Pts',(-50.9055915910215,-12.5,7.80197056954953));
#5729=CARTESIAN_POINT('Ctrl Pts',(-50.9070940290938,-12.5,7.80208503573678));
#5730=CARTESIAN_POINT('Ctrl Pts',(-50.9085964654944,-12.4999966140198,7.80219949927571));
#5731=CARTESIAN_POINT('Ctrl Pts',(-51.0438287196305,-12.4993870757929,7.81250198002311));
#5732=CARTESIAN_POINT('Ctrl Pts',(-51.1761188880461,-12.4719644803516,7.82255963917885));
#5733=CARTESIAN_POINT('Ctrl Pts',(-51.4187576026273,-12.3681002196286,7.84097491431056));
#5734=CARTESIAN_POINT('Ctrl Pts',(-51.5273190035405,-12.2939934622105,7.84919820917006));
#5735=CARTESIAN_POINT('Ctrl Pts',(-51.7097168783795,-12.1084844254831,7.86299878590329));
#5736=CARTESIAN_POINT('Ctrl Pts',(-51.7819139797563,-11.9989610116544,7.8684525402076));
#5737=CARTESIAN_POINT('Ctrl Pts',(-51.8802931140518,-11.7584757945799,7.87588090983064));
#5738=CARTESIAN_POINT('Ctrl Pts',(-51.9055915910215,-11.6298691339292,7.87778913059204));
#5739=CARTESIAN_POINT('Ctrl Pts',(-51.9055915910215,-11.5,7.87778913059204));
#5740=CARTESIAN_POINT('',(-51.9055915910215,-11.5,-10.75));
#5741=CARTESIAN_POINT('Origin',(0.,-11.5,0.));
#5742=CARTESIAN_POINT('',(-41.5125153106706,-12.5,30.4788627179778));
#5743=CARTESIAN_POINT('Origin',(0.,-12.5,0.));
#5744=CARTESIAN_POINT('',(-42.2732339105101,-11.5,31.1323576805115));
#5745=CARTESIAN_POINT('Ctrl Pts',(-41.5125153106706,-12.5,30.4788627179778));
#5746=CARTESIAN_POINT('Ctrl Pts',(-41.513658634637,-12.5,30.4798441623098));
#5747=CARTESIAN_POINT('Ctrl Pts',(-41.5148019555488,-12.4999966140198,30.4808256073323));
#5748=CARTESIAN_POINT('Ctrl Pts',(-41.6177105534827,-12.4993870757929,30.5691642972691));
#5749=CARTESIAN_POINT('Ctrl Pts',(-41.7183656676461,-12.4719644803515,30.6555957334468));
#5750=CARTESIAN_POINT('Ctrl Pts',(-41.9029587140278,-12.3681002196286,30.8141456479824));
#5751=CARTESIAN_POINT('Ctrl Pts',(-41.9855379643474,-12.2939934622105,30.8850954031844));
#5752=CARTESIAN_POINT('Ctrl Pts',(-42.1242712199125,-12.1084844254831,31.0043116959647));
#5753=CARTESIAN_POINT('Ctrl Pts',(-42.1791786665295,-11.9989610116543,31.0515063692788));
#5754=CARTESIAN_POINT('Ctrl Pts',(-42.2539958700507,-11.7584757945799,31.1158182717328));
#5755=CARTESIAN_POINT('Ctrl Pts',(-42.2732339105101,-11.6298691339292,31.1323576805114));
#5756=CARTESIAN_POINT('Ctrl Pts',(-42.2732339105101,-11.5,31.1323576805114));
#5757=CARTESIAN_POINT('Origin',(0.,-11.5,0.));
#5758=CARTESIAN_POINT('Origin',(-43.5970869120796,-11.5,28.3942911165688));
#5759=CARTESIAN_POINT('',(-30.4788627179779,-12.5,41.5125153106706));
#5760=CARTESIAN_POINT('',(-43.5970869120796,-12.5,28.3942911165688));
#5761=CARTESIAN_POINT('',(-31.1323576805115,-11.5,42.2732339105101));
#5762=CARTESIAN_POINT('Ctrl Pts',(-30.4788627179779,-12.5,41.5125153106706));
#5763=CARTESIAN_POINT('Ctrl Pts',(-30.4798441623099,-12.5,41.513658634637));
#5764=CARTESIAN_POINT('Ctrl Pts',(-30.4808256073324,-12.4999966140198,41.5148019555488));
#5765=CARTESIAN_POINT('Ctrl Pts',(-30.5691642972689,-12.4993870757929,41.6177105534828));
#5766=CARTESIAN_POINT('Ctrl Pts',(-30.6555957334468,-12.4719644803515,41.718365667646));
#5767=CARTESIAN_POINT('Ctrl Pts',(-30.8141456479824,-12.3681002196286,41.9029587140278));
#5768=CARTESIAN_POINT('Ctrl Pts',(-30.8850954031845,-12.2939934622105,41.9855379643474));
#5769=CARTESIAN_POINT('Ctrl Pts',(-31.0043116959648,-12.1084844254831,42.1242712199124));
#5770=CARTESIAN_POINT('Ctrl Pts',(-31.0515063692788,-11.9989610116543,42.1791786665295));
#5771=CARTESIAN_POINT('Ctrl Pts',(-31.1158182717328,-11.75847579458,42.2539958700507));
#5772=CARTESIAN_POINT('Ctrl Pts',(-31.1323576805114,-11.6298691339293,42.2732339105101));
#5773=CARTESIAN_POINT('Ctrl Pts',(-31.1323576805114,-11.5,42.2732339105101));
#5774=CARTESIAN_POINT('',(-44.3041936932662,-11.5,29.1013978977554));
#5775=CARTESIAN_POINT('Origin',(0.,-11.5,0.));
#5776=CARTESIAN_POINT('',(-7.87778913059215,-11.5,51.9055915910215));
#5777=CARTESIAN_POINT('Origin',(0.,-11.5,0.));
#5778=CARTESIAN_POINT('',(-7.80197056954967,-12.5,50.9055915910215));
#5779=CARTESIAN_POINT('Origin',(0.,-12.5,0.));
#5780=CARTESIAN_POINT('Ctrl Pts',(-7.80197056954967,-12.5,50.9055915910215));
#5781=CARTESIAN_POINT('Ctrl Pts',(-7.80208503573691,-12.5,50.9070940290938));
#5782=CARTESIAN_POINT('Ctrl Pts',(-7.80219949927584,-12.4999966140198,50.9085964654944));
#5783=CARTESIAN_POINT('Ctrl Pts',(-7.81250198002324,-12.4993870757929,51.0438287196304));
#5784=CARTESIAN_POINT('Ctrl Pts',(-7.82255963917889,-12.4719644803516,51.1761188880461));
#5785=CARTESIAN_POINT('Ctrl Pts',(-7.84097491431065,-12.3681002196286,51.4187576026273));
#5786=CARTESIAN_POINT('Ctrl Pts',(-7.84919820917017,-12.2939934622105,51.5273190035405));
#5787=CARTESIAN_POINT('Ctrl Pts',(-7.86299878590341,-12.1084844254831,51.7097168783794));
#5788=CARTESIAN_POINT('Ctrl Pts',(-7.86845254020768,-11.9989610116544,51.7819139797563));
#5789=CARTESIAN_POINT('Ctrl Pts',(-7.87588090983071,-11.7584757945799,51.8802931140518));
#5790=CARTESIAN_POINT('Ctrl Pts',(-7.87778913059215,-11.6298691339292,51.9055915910215));
#5791=CARTESIAN_POINT('Ctrl Pts',(-7.87778913059215,-11.5,51.9055915910215));
#5792=CARTESIAN_POINT('Origin',(-10.75,-11.5,50.9055915910215));
#5793=CARTESIAN_POINT('',(7.87778913059215,-11.5,51.9055915910215));
#5794=CARTESIAN_POINT('',(-10.75,-11.5,51.9055915910215));
#5795=CARTESIAN_POINT('',(7.80197056954965,-12.5,50.9055915910215));
#5796=CARTESIAN_POINT('',(-10.75,-12.5,50.9055915910215));
#5797=CARTESIAN_POINT('Ctrl Pts',(7.80197056954964,-12.5,50.9055915910215));
#5798=CARTESIAN_POINT('Ctrl Pts',(7.80208503573689,-12.5,50.9070940290938));
#5799=CARTESIAN_POINT('Ctrl Pts',(7.80219949927578,-12.4999966140198,50.9085964654944));
#5800=CARTESIAN_POINT('Ctrl Pts',(7.81250198002498,-12.4993870757929,51.043828719631));
#5801=CARTESIAN_POINT('Ctrl Pts',(7.82255963917904,-12.4719644803515,51.1761188880462));
#5802=CARTESIAN_POINT('Ctrl Pts',(7.84097491431069,-12.3681002196286,51.4187576026272));
#5803=CARTESIAN_POINT('Ctrl Pts',(7.84919820917013,-12.2939934622105,51.5273190035405));
#5804=CARTESIAN_POINT('Ctrl Pts',(7.8629987859034,-12.1084844254831,51.7097168783795));
#5805=CARTESIAN_POINT('Ctrl Pts',(7.86845254020768,-11.9989610116543,51.7819139797563));
#5806=CARTESIAN_POINT('Ctrl Pts',(7.87588090983071,-11.7584757945799,51.8802931140518));
#5807=CARTESIAN_POINT('Ctrl Pts',(7.87778913059215,-11.6298691339292,51.9055915910215));
#5808=CARTESIAN_POINT('Ctrl Pts',(7.87778913059215,-11.5,51.9055915910215));
#5809=CARTESIAN_POINT('Origin',(0.,-11.5,0.));
#5810=CARTESIAN_POINT('',(31.1323576805114,-11.5,42.2732339105101));
#5811=CARTESIAN_POINT('Origin',(0.,-11.5,0.));
#5812=CARTESIAN_POINT('',(30.4788627179778,-12.5,41.5125153106706));
#5813=CARTESIAN_POINT('Origin',(0.,-12.5,0.));
#5814=CARTESIAN_POINT('Ctrl Pts',(30.4788627179778,-12.5,41.5125153106706));
#5815=CARTESIAN_POINT('Ctrl Pts',(30.4798441623098,-12.5,41.513658634637));
#5816=CARTESIAN_POINT('Ctrl Pts',(30.4808256073323,-12.4999966140198,41.5148019555488));
#5817=CARTESIAN_POINT('Ctrl Pts',(30.5691642972684,-12.4993870757929,41.6177105534813));
#5818=CARTESIAN_POINT('Ctrl Pts',(30.6555957334466,-12.4719644803516,41.7183656676459));
#5819=CARTESIAN_POINT('Ctrl Pts',(30.8141456479824,-12.3681002196286,41.9029587140278));
#5820=CARTESIAN_POINT('Ctrl Pts',(30.8850954031845,-12.2939934622105,41.9855379643474));
#5821=CARTESIAN_POINT('Ctrl Pts',(31.0043116959647,-12.1084844254832,42.1242712199124));
#5822=CARTESIAN_POINT('Ctrl Pts',(31.0515063692788,-11.9989610116544,42.1791786665295));
#5823=CARTESIAN_POINT('Ctrl Pts',(31.1158182717328,-11.7584757945799,42.2539958700507));
#5824=CARTESIAN_POINT('Ctrl Pts',(31.1323576805114,-11.6298691339293,42.2732339105101));
#5825=CARTESIAN_POINT('Ctrl Pts',(31.1323576805114,-11.5,42.2732339105101));
#5826=CARTESIAN_POINT('Origin',(28.3942911165688,-11.5,43.5970869120796));
#5827=CARTESIAN_POINT('',(42.2732339105101,-11.5,31.1323576805115));
#5828=CARTESIAN_POINT('',(29.1013978977554,-11.5,44.3041936932661));
#5829=CARTESIAN_POINT('',(41.5125153106705,-12.5,30.478862717978));
#5830=CARTESIAN_POINT('',(28.3942911165688,-12.5,43.5970869120796));
#5831=CARTESIAN_POINT('Ctrl Pts',(41.5125153106705,-12.5,30.478862717978));
#5832=CARTESIAN_POINT('Ctrl Pts',(41.5136586346369,-12.5,30.47984416231));
#5833=CARTESIAN_POINT('Ctrl Pts',(41.5148019555487,-12.4999966140198,30.4808256073324));
#5834=CARTESIAN_POINT('Ctrl Pts',(41.6177105534829,-12.4993870757929,30.5691642972687));
#5835=CARTESIAN_POINT('Ctrl Pts',(41.718365667646,-12.4719644803515,30.6555957334469));
#5836=CARTESIAN_POINT('Ctrl Pts',(41.9029587140277,-12.3681002196286,30.8141456479825));
#5837=CARTESIAN_POINT('Ctrl Pts',(41.9855379643474,-12.2939934622105,30.8850954031845));
#5838=CARTESIAN_POINT('Ctrl Pts',(42.1242712199124,-12.1084844254831,31.0043116959648));
#5839=CARTESIAN_POINT('Ctrl Pts',(42.1791786665295,-11.9989610116544,31.0515063692789));
#5840=CARTESIAN_POINT('Ctrl Pts',(42.2539958700507,-11.7584757945799,31.1158182717329));
#5841=CARTESIAN_POINT('Ctrl Pts',(42.2732339105101,-11.6298691339292,31.1323576805115));
#5842=CARTESIAN_POINT('Ctrl Pts',(42.2732339105101,-11.5,31.1323576805115));
#5843=CARTESIAN_POINT('Origin',(0.,-11.5,0.));
#5844=CARTESIAN_POINT('',(51.9055915910215,-11.5,7.87778913059206));
#5845=CARTESIAN_POINT('Origin',(0.,-11.5,0.));
#5846=CARTESIAN_POINT('',(50.9055915910215,-12.5,7.80197056954957));
#5847=CARTESIAN_POINT('Origin',(0.,-12.5,0.));
#5848=CARTESIAN_POINT('Ctrl Pts',(50.9055915910216,-12.5,7.80197056954957));
#5849=CARTESIAN_POINT('Ctrl Pts',(50.9070940290938,-12.5,7.80208503573681));
#5850=CARTESIAN_POINT('Ctrl Pts',(50.9085964654944,-12.4999966140198,7.80219949927564));
#5851=CARTESIAN_POINT('Ctrl Pts',(51.0438287196301,-12.4993870757929,7.81250198002472));
#5852=CARTESIAN_POINT('Ctrl Pts',(51.1761188880461,-12.4719644803516,7.82255963917878));
#5853=CARTESIAN_POINT('Ctrl Pts',(51.4187576026274,-12.3681002196286,7.84097491431056));
#5854=CARTESIAN_POINT('Ctrl Pts',(51.5273190035405,-12.2939934622105,7.84919820917015));
#5855=CARTESIAN_POINT('Ctrl Pts',(51.7097168783794,-12.1084844254832,7.86299878590336));
#5856=CARTESIAN_POINT('Ctrl Pts',(51.7819139797563,-11.9989610116544,7.86845254020757));
#5857=CARTESIAN_POINT('Ctrl Pts',(51.8802931140518,-11.7584757945799,7.87588090983061));
#5858=CARTESIAN_POINT('Ctrl Pts',(51.9055915910215,-11.6298691339292,7.87778913059204));
#5859=CARTESIAN_POINT('Ctrl Pts',(51.9055915910215,-11.5,7.87778913059204));
#5860=CARTESIAN_POINT('Origin',(50.9055915910215,-11.5,10.75));
#5861=CARTESIAN_POINT('',(51.9055915910215,-11.5,-7.8777891305921));
#5862=CARTESIAN_POINT('',(51.9055915910215,-11.5,10.75));
#5863=CARTESIAN_POINT('',(50.9055915910215,-12.5,-7.80197056954961));
#5864=CARTESIAN_POINT('',(50.9055915910215,-12.5,10.75));
#5865=CARTESIAN_POINT('Ctrl Pts',(50.9055915910215,-12.5,-7.80197056954961));
#5866=CARTESIAN_POINT('Ctrl Pts',(50.9070940290938,-12.5,-7.80208503573685));
#5867=CARTESIAN_POINT('Ctrl Pts',(50.9085964654944,-12.4999966140198,-7.80219949927576));
#5868=CARTESIAN_POINT('Ctrl Pts',(51.0438287196306,-12.4993870757929,-7.81250198002249));
#5869=CARTESIAN_POINT('Ctrl Pts',(51.1761188880461,-12.4719644803516,-7.82255963917885));
#5870=CARTESIAN_POINT('Ctrl Pts',(51.4187576026273,-12.3681002196286,-7.8409749143106));
#5871=CARTESIAN_POINT('Ctrl Pts',(51.5273190035405,-12.2939934622105,-7.84919820917015));
#5872=CARTESIAN_POINT('Ctrl Pts',(51.7097168783794,-12.1084844254831,-7.86299878590338));
#5873=CARTESIAN_POINT('Ctrl Pts',(51.7819139797563,-11.9989610116544,-7.86845254020763));
#5874=CARTESIAN_POINT('Ctrl Pts',(51.8802931140518,-11.7584757945799,-7.87588090983067));
#5875=CARTESIAN_POINT('Ctrl Pts',(51.9055915910215,-11.6298691339292,-7.87778913059209));
#5876=CARTESIAN_POINT('Ctrl Pts',(51.9055915910215,-11.5,-7.8777891305921));
#5877=CARTESIAN_POINT('Origin',(0.,-11.5,0.));
#5878=CARTESIAN_POINT('Origin',(0.,-11.5,0.));
#5879=CARTESIAN_POINT('Origin',(0.,-12.5,0.));
#5880=CARTESIAN_POINT('Origin',(0.,12.5,0.));
#5881=CARTESIAN_POINT('',(-7.87778913059215,11.5,51.9055915910215));
#5882=CARTESIAN_POINT('',(-7.87778913059215,12.5,51.9055915910215));
#5883=CARTESIAN_POINT('',(-31.1323576805115,11.5,42.2732339105101));
#5884=CARTESIAN_POINT('Origin',(0.,11.5,0.));
#5885=CARTESIAN_POINT('',(-31.1323576805115,12.5,42.2732339105101));
#5886=CARTESIAN_POINT('Origin',(-21.5,0.,51.9055915910215));
#5887=CARTESIAN_POINT('',(7.87778913059215,11.5,51.9055915910215));
#5888=CARTESIAN_POINT('',(7.87778913059215,12.5,51.9055915910215));
#5889=CARTESIAN_POINT('',(-10.75,11.5,51.9055915910215));
#5890=CARTESIAN_POINT('',(4.8369380324386,-8.64940759319751,51.9055915910215));
#5891=CARTESIAN_POINT('',(6.213293067897,-7.22488159751937,51.9055915910215));
#5892=CARTESIAN_POINT('Origin',(4.626862046117,-7.00745317543844,51.9055915910215));
#5893=CARTESIAN_POINT('',(-4.83693803243862,-8.64940759319751,51.9055915910215));
#5894=CARTESIAN_POINT('',(-10.75,-8.64940759319751,51.9055915910215));
#5895=CARTESIAN_POINT('',(-6.21329306789701,-7.22488159751937,51.9055915910215));
#5896=CARTESIAN_POINT('Origin',(-4.62686204611701,-7.00745317543844,51.9055915910215));
#5897=CARTESIAN_POINT('',(-6.21329306789701,7.22488159751937,51.9055915910215));
#5898=CARTESIAN_POINT('',(-6.21329306789701,0.,51.9055915910215));
#5899=CARTESIAN_POINT('',(-4.83693803243862,8.64940759319751,51.9055915910215));
#5900=CARTESIAN_POINT('Origin',(-4.62686204611701,7.00745317543845,51.9055915910215));
#5901=CARTESIAN_POINT('',(4.83693803243861,8.64940759319752,51.9055915910215));
#5902=CARTESIAN_POINT('',(-10.75,8.64940759319751,51.9055915910215));
#5903=CARTESIAN_POINT('',(6.213293067897,7.22488159751938,51.9055915910215));
#5904=CARTESIAN_POINT('Origin',(4.626862046117,7.00745317543845,51.9055915910215));
#5905=CARTESIAN_POINT('',(6.213293067897,0.,51.9055915910215));
#5906=CARTESIAN_POINT('Origin',(0.,12.5,0.));
#5907=CARTESIAN_POINT('',(31.1323576805114,11.5,42.2732339105101));
#5908=CARTESIAN_POINT('',(31.1323576805114,12.5,42.2732339105101));
#5909=CARTESIAN_POINT('Origin',(0.,11.5,0.));
#5910=CARTESIAN_POINT('Origin',(21.5,0.,51.9055915910215));
#5911=CARTESIAN_POINT('',(42.2732339105101,11.5,31.1323576805115));
#5912=CARTESIAN_POINT('',(42.2732339105101,12.5,31.1323576805115));
#5913=CARTESIAN_POINT('',(29.1013978977554,11.5,44.3041936932661));
#5914=CARTESIAN_POINT('',(41.0962574573201,7.22488159751937,32.3093341337014));
#5915=CARTESIAN_POINT('',(40.1230274784272,8.64940759319752,33.2825641125943));
#5916=CARTESIAN_POINT('Origin',(39.9744813239348,7.00745317543845,33.4311102670868));
#5917=CARTESIAN_POINT('',(41.0962574573201,-7.22488159751938,32.3093341337014));
#5918=CARTESIAN_POINT('',(41.0962574573201,0.,32.3093341337014));
#5919=CARTESIAN_POINT('',(40.1230274784272,-8.64940759319751,33.2825641125943));
#5920=CARTESIAN_POINT('Origin',(39.9744813239348,-7.00745317543845,33.4311102670868));
#5921=CARTESIAN_POINT('',(33.2825641125943,-8.64940759319752,40.1230274784272));
#5922=CARTESIAN_POINT('',(29.1013978977554,-8.64940759319751,44.3041936932661));
#5923=CARTESIAN_POINT('',(32.3093341337014,-7.22488159751937,41.0962574573201));
#5924=CARTESIAN_POINT('Origin',(33.4311102670868,-7.00745317543845,39.9744813239348));
#5925=CARTESIAN_POINT('',(32.3093341337014,7.22488159751938,41.0962574573201));
#5926=CARTESIAN_POINT('',(32.3093341337014,0.,41.0962574573201));
#5927=CARTESIAN_POINT('',(33.2825641125943,8.64940759319752,40.1230274784272));
#5928=CARTESIAN_POINT('Origin',(33.4311102670868,7.00745317543845,39.9744813239348));
#5929=CARTESIAN_POINT('',(29.1013978977554,8.64940759319752,44.3041936932661));
#5930=CARTESIAN_POINT('Origin',(0.,12.5,0.));
#5931=CARTESIAN_POINT('',(51.9055915910215,11.5,7.87778913059206));
#5932=CARTESIAN_POINT('',(51.9055915910215,12.5,7.87778913059206));
#5933=CARTESIAN_POINT('Origin',(0.,11.5,0.));
#5934=CARTESIAN_POINT('Origin',(51.9055915910215,0.,21.5));
#5935=CARTESIAN_POINT('',(51.9055915910215,11.5,-7.8777891305921));
#5936=CARTESIAN_POINT('',(51.9055915910215,12.5,-7.8777891305921));
#5937=CARTESIAN_POINT('',(51.9055915910215,11.5,10.75));
#5938=CARTESIAN_POINT('',(51.9055915910215,7.22488159751938,-6.213293067897));
#5939=CARTESIAN_POINT('',(51.9055915910215,8.64940759319751,-4.8369380324386));
#5940=CARTESIAN_POINT('Origin',(51.9055915910215,7.00745317543844,-4.62686204611699));
#5941=CARTESIAN_POINT('',(51.9055915910215,-7.22488159751938,-6.21329306789701));
#5942=CARTESIAN_POINT('',(51.9055915910215,0.,-6.21329306789701));
#5943=CARTESIAN_POINT('',(51.9055915910215,-8.64940759319751,-4.83693803243861));
#5944=CARTESIAN_POINT('Origin',(51.9055915910215,-7.00745317543844,-4.626862046117));
#5945=CARTESIAN_POINT('',(51.9055915910215,-8.64940759319752,4.83693803243863));
#5946=CARTESIAN_POINT('',(51.9055915910215,-8.64940759319752,10.75));
#5947=CARTESIAN_POINT('',(51.9055915910215,-7.22488159751938,6.21329306789702));
#5948=CARTESIAN_POINT('Origin',(51.9055915910215,-7.00745317543845,4.62686204611701));
#5949=CARTESIAN_POINT('',(51.9055915910215,7.22488159751938,6.21329306789702));
#5950=CARTESIAN_POINT('',(51.9055915910215,0.,6.21329306789702));
#5951=CARTESIAN_POINT('',(51.9055915910215,8.64940759319751,4.83693803243862));
#5952=CARTESIAN_POINT('Origin',(51.9055915910215,7.00745317543845,4.62686204611701));
#5953=CARTESIAN_POINT('',(51.9055915910215,8.64940759319751,10.75));
#5954=CARTESIAN_POINT('Origin',(0.,12.5,0.));
#5955=CARTESIAN_POINT('',(42.2732339105101,11.5,-31.1323576805114));
#5956=CARTESIAN_POINT('',(42.2732339105101,12.5,-31.1323576805114));
#5957=CARTESIAN_POINT('Origin',(0.,11.5,0.));
#5958=CARTESIAN_POINT('Origin',(51.9055915910215,0.,-21.5));
#5959=CARTESIAN_POINT('',(31.1323576805115,11.5,-42.2732339105101));
#5960=CARTESIAN_POINT('',(31.1323576805115,12.5,-42.2732339105101));
#5961=CARTESIAN_POINT('',(44.3041936932661,11.5,-29.1013978977554));
#5962=CARTESIAN_POINT('',(32.3093341337014,7.22488159751936,-41.0962574573201));
#5963=CARTESIAN_POINT('',(33.2825641125943,8.64940759319752,-40.1230274784272));
#5964=CARTESIAN_POINT('Origin',(33.4311102670868,7.00745317543845,-39.9744813239348));
#5965=CARTESIAN_POINT('',(32.3093341337014,-7.22488159751937,-41.0962574573201));
#5966=CARTESIAN_POINT('',(32.3093341337014,0.,-41.0962574573201));
#5967=CARTESIAN_POINT('',(33.2825641125943,-8.64940759319751,-40.1230274784272));
#5968=CARTESIAN_POINT('Origin',(33.4311102670868,-7.00745317543845,-39.9744813239348));
#5969=CARTESIAN_POINT('',(40.1230274784272,-8.64940759319751,-33.2825641125943));
#5970=CARTESIAN_POINT('',(44.3041936932661,-8.64940759319751,-29.1013978977554));
#5971=CARTESIAN_POINT('',(41.0962574573201,-7.22488159751937,-32.3093341337014));
#5972=CARTESIAN_POINT('Origin',(39.9744813239348,-7.00745317543844,-33.4311102670868));
#5973=CARTESIAN_POINT('',(41.0962574573201,7.22488159751938,-32.3093341337014));
#5974=CARTESIAN_POINT('',(41.0962574573201,0.,-32.3093341337014));
#5975=CARTESIAN_POINT('',(40.1230274784272,8.64940759319751,-33.2825641125943));
#5976=CARTESIAN_POINT('Origin',(39.9744813239348,7.00745317543845,-33.4311102670868));
#5977=CARTESIAN_POINT('',(44.3041936932661,8.64940759319751,-29.1013978977554));
#5978=CARTESIAN_POINT('Origin',(0.,-12.5,-8.88178419700125E-15));
#5979=CARTESIAN_POINT('Origin',(10.75,11.5,-50.9055915910215));
#5980=CARTESIAN_POINT('',(-7.80197056954962,12.5,-50.9055915910215));
#5981=CARTESIAN_POINT('',(7.80197056954955,12.5,-50.9055915910215));
#5982=CARTESIAN_POINT('',(10.75,12.5,-50.9055915910215));
#5983=CARTESIAN_POINT('',(7.87778913059206,11.5,-51.9055915910215));
#5984=CARTESIAN_POINT('Ctrl Pts',(7.80197056954956,12.5,-50.9055915910216));
#5985=CARTESIAN_POINT('Ctrl Pts',(7.8020850357368,12.5,-50.9070940290938));
#5986=CARTESIAN_POINT('Ctrl Pts',(7.80219949927565,12.4999966140198,-50.9085964654944));
#5987=CARTESIAN_POINT('Ctrl Pts',(7.81250198002473,12.4993870757929,-51.0438287196301));
#5988=CARTESIAN_POINT('Ctrl Pts',(7.82255963917886,12.4719644803516,-51.1761188880461));
#5989=CARTESIAN_POINT('Ctrl Pts',(7.84097491431059,12.3681002196286,-51.4187576026273));
#5990=CARTESIAN_POINT('Ctrl Pts',(7.84919820917,12.2939934622105,-51.5273190035405));
#5991=CARTESIAN_POINT('Ctrl Pts',(7.86299878590326,12.1084844254831,-51.7097168783795));
#5992=CARTESIAN_POINT('Ctrl Pts',(7.86845254020764,11.9989610116543,-51.7819139797563));
#5993=CARTESIAN_POINT('Ctrl Pts',(7.87588090983066,11.7584757945799,-51.8802931140518));
#5994=CARTESIAN_POINT('Ctrl Pts',(7.87778913059203,11.6298691339292,-51.9055915910215));
#5995=CARTESIAN_POINT('Ctrl Pts',(7.87778913059203,11.5,-51.9055915910215));
#5996=CARTESIAN_POINT('',(-7.8777891305921,11.5,-51.9055915910215));
#5997=CARTESIAN_POINT('',(10.75,11.5,-51.9055915910215));
#5998=CARTESIAN_POINT('Ctrl Pts',(-7.80197056954962,12.5,-50.9055915910215));
#5999=CARTESIAN_POINT('Ctrl Pts',(-7.80208503573687,12.5,-50.9070940290938));
#6000=CARTESIAN_POINT('Ctrl Pts',(-7.80219949927579,12.4999966140198,-50.9085964654944));
#6001=CARTESIAN_POINT('Ctrl Pts',(-7.81250198002252,12.4993870757929,-51.0438287196306));
#6002=CARTESIAN_POINT('Ctrl Pts',(-7.82255963917883,12.4719644803516,-51.1761188880461));
#6003=CARTESIAN_POINT('Ctrl Pts',(-7.84097491431058,12.3681002196286,-51.4187576026273));
#6004=CARTESIAN_POINT('Ctrl Pts',(-7.84919820917013,12.2939934622105,-51.5273190035405));
#6005=CARTESIAN_POINT('Ctrl Pts',(-7.86299878590336,12.1084844254832,-51.7097168783794));
#6006=CARTESIAN_POINT('Ctrl Pts',(-7.86845254020765,11.9989610116544,-51.7819139797563));
#6007=CARTESIAN_POINT('Ctrl Pts',(-7.8758809098307,11.7584757945799,-51.8802931140518));
#6008=CARTESIAN_POINT('Ctrl Pts',(-7.87778913059209,11.6298691339292,-51.9055915910215));
#6009=CARTESIAN_POINT('Ctrl Pts',(-7.8777891305921,11.5,-51.9055915910215));
#6010=CARTESIAN_POINT('Origin',(0.,11.5,0.));
#6011=CARTESIAN_POINT('',(30.4788627179778,12.5,-41.5125153106706));
#6012=CARTESIAN_POINT('Origin',(0.,12.5,0.));
#6013=CARTESIAN_POINT('Ctrl Pts',(30.4788627179778,12.5,-41.5125153106706));
#6014=CARTESIAN_POINT('Ctrl Pts',(30.4798441623098,12.5,-41.513658634637));
#6015=CARTESIAN_POINT('Ctrl Pts',(30.4808256073324,12.4999966140198,-41.5148019555487));
#6016=CARTESIAN_POINT('Ctrl Pts',(30.5691642972667,12.4993870757929,-41.6177105534843));
#6017=CARTESIAN_POINT('Ctrl Pts',(30.6555957334467,12.4719644803515,-41.718365667646));
#6018=CARTESIAN_POINT('Ctrl Pts',(30.8141456479824,12.3681002196286,-41.9029587140278));
#6019=CARTESIAN_POINT('Ctrl Pts',(30.8850954031845,12.2939934622105,-41.9855379643474));
#6020=CARTESIAN_POINT('Ctrl Pts',(31.0043116959647,12.1084844254832,-42.1242712199124));
#6021=CARTESIAN_POINT('Ctrl Pts',(31.0515063692788,11.9989610116544,-42.1791786665295));
#6022=CARTESIAN_POINT('Ctrl Pts',(31.1158182717328,11.75847579458,-42.2539958700507));
#6023=CARTESIAN_POINT('Ctrl Pts',(31.1323576805114,11.6298691339293,-42.2732339105101));
#6024=CARTESIAN_POINT('Ctrl Pts',(31.1323576805114,11.5,-42.2732339105101));
#6025=CARTESIAN_POINT('Origin',(0.,11.5,0.));
#6026=CARTESIAN_POINT('Origin',(43.5970869120796,11.5,-28.3942911165688));
#6027=CARTESIAN_POINT('',(41.5125153106707,12.5,-30.4788627179777));
#6028=CARTESIAN_POINT('',(43.5970869120796,12.5,-28.3942911165688));
#6029=CARTESIAN_POINT('Ctrl Pts',(41.5125153106707,12.5,-30.4788627179777));
#6030=CARTESIAN_POINT('Ctrl Pts',(41.5136586346371,12.5,-30.4798441623097));
#6031=CARTESIAN_POINT('Ctrl Pts',(41.5148019555488,12.4999966140198,-30.4808256073323));
#6032=CARTESIAN_POINT('Ctrl Pts',(41.6177105534829,12.4993870757929,-30.5691642972689));
#6033=CARTESIAN_POINT('Ctrl Pts',(41.7183656676461,12.4719644803515,-30.6555957334468));
#6034=CARTESIAN_POINT('Ctrl Pts',(41.9029587140278,12.3681002196286,-30.8141456479824));
#6035=CARTESIAN_POINT('Ctrl Pts',(41.9855379643474,12.2939934622105,-30.8850954031844));
#6036=CARTESIAN_POINT('Ctrl Pts',(42.1242712199124,12.1084844254831,-31.0043116959647));
#6037=CARTESIAN_POINT('Ctrl Pts',(42.1791786665295,11.9989610116544,-31.0515063692788));
#6038=CARTESIAN_POINT('Ctrl Pts',(42.2539958700507,11.75847579458,-31.1158182717328));
#6039=CARTESIAN_POINT('Ctrl Pts',(42.2732339105101,11.6298691339293,-31.1323576805114));
#6040=CARTESIAN_POINT('Ctrl Pts',(42.2732339105101,11.5,-31.1323576805114));
#6041=CARTESIAN_POINT('Origin',(0.,11.5,0.));
#6042=CARTESIAN_POINT('',(50.9055915910215,12.5,-7.80197056954963));
#6043=CARTESIAN_POINT('Origin',(0.,12.5,0.));
#6044=CARTESIAN_POINT('Ctrl Pts',(50.9055915910215,12.5,-7.80197056954964));
#6045=CARTESIAN_POINT('Ctrl Pts',(50.9070940290938,12.5,-7.80208503573688));
#6046=CARTESIAN_POINT('Ctrl Pts',(50.9085964654944,12.4999966140198,-7.80219949927575));
#6047=CARTESIAN_POINT('Ctrl Pts',(51.0438287196306,12.4993870757929,-7.81250198002248));
#6048=CARTESIAN_POINT('Ctrl Pts',(51.1761188880461,12.4719644803516,-7.82255963917884));
#6049=CARTESIAN_POINT('Ctrl Pts',(51.4187576026273,12.3681002196286,-7.84097491431059));
#6050=CARTESIAN_POINT('Ctrl Pts',(51.5273190035405,12.2939934622105,-7.84919820917014));
#6051=CARTESIAN_POINT('Ctrl Pts',(51.7097168783794,12.1084844254831,-7.86299878590337));
#6052=CARTESIAN_POINT('Ctrl Pts',(51.7819139797563,11.9989610116544,-7.86845254020762));
#6053=CARTESIAN_POINT('Ctrl Pts',(51.8802931140518,11.7584757945799,-7.87588090983066));
#6054=CARTESIAN_POINT('Ctrl Pts',(51.9055915910215,11.6298691339292,-7.8777891305921));
#6055=CARTESIAN_POINT('Ctrl Pts',(51.9055915910215,11.5,-7.8777891305921));
#6056=CARTESIAN_POINT('Origin',(50.9055915910215,11.5,10.75));
#6057=CARTESIAN_POINT('',(50.9055915910215,12.5,7.80197056954951));
#6058=CARTESIAN_POINT('',(50.9055915910215,12.5,10.75));
#6059=CARTESIAN_POINT('Ctrl Pts',(50.9055915910215,12.5,7.80197056954951));
#6060=CARTESIAN_POINT('Ctrl Pts',(50.9070940290938,12.5,7.80208503573675));
#6061=CARTESIAN_POINT('Ctrl Pts',(50.9085964654944,12.4999966140198,7.80219949927564));
#6062=CARTESIAN_POINT('Ctrl Pts',(51.0438287196301,12.4993870757929,7.81250198002472));
#6063=CARTESIAN_POINT('Ctrl Pts',(51.1761188880461,12.4719644803516,7.82255963917881));
#6064=CARTESIAN_POINT('Ctrl Pts',(51.4187576026273,12.3681002196286,7.84097491431054));
#6065=CARTESIAN_POINT('Ctrl Pts',(51.5273190035405,12.2939934622105,7.84919820917015));
#6066=CARTESIAN_POINT('Ctrl Pts',(51.7097168783794,12.1084844254832,7.86299878590337));
#6067=CARTESIAN_POINT('Ctrl Pts',(51.7819139797563,11.9989610116544,7.86845254020758));
#6068=CARTESIAN_POINT('Ctrl Pts',(51.8802931140518,11.7584757945799,7.87588090983062));
#6069=CARTESIAN_POINT('Ctrl Pts',(51.9055915910215,11.6298691339292,7.87778913059203));
#6070=CARTESIAN_POINT('Ctrl Pts',(51.9055915910215,11.5,7.87778913059203));
#6071=CARTESIAN_POINT('Origin',(0.,11.5,0.));
#6072=CARTESIAN_POINT('',(41.5125153106706,12.5,30.4788627179778));
#6073=CARTESIAN_POINT('Origin',(0.,12.5,0.));
#6074=CARTESIAN_POINT('Ctrl Pts',(41.5125153106706,12.5,30.4788627179778));
#6075=CARTESIAN_POINT('Ctrl Pts',(41.513658634637,12.5,30.4798441623098));
#6076=CARTESIAN_POINT('Ctrl Pts',(41.5148019555487,12.4999966140198,30.4808256073324));
#6077=CARTESIAN_POINT('Ctrl Pts',(41.6177105534832,12.4993870757929,30.5691642972682));
#6078=CARTESIAN_POINT('Ctrl Pts',(41.7183656676459,12.4719644803515,30.6555957334469));
#6079=CARTESIAN_POINT('Ctrl Pts',(41.9029587140277,12.3681002196286,30.8141456479825));
#6080=CARTESIAN_POINT('Ctrl Pts',(41.9855379643474,12.2939934622105,30.8850954031845));
#6081=CARTESIAN_POINT('Ctrl Pts',(42.1242712199124,12.1084844254831,31.0043116959647));
#6082=CARTESIAN_POINT('Ctrl Pts',(42.1791786665295,11.9989610116544,31.0515063692788));
#6083=CARTESIAN_POINT('Ctrl Pts',(42.2539958700507,11.75847579458,31.1158182717328));
#6084=CARTESIAN_POINT('Ctrl Pts',(42.2732339105101,11.6298691339293,31.1323576805115));
#6085=CARTESIAN_POINT('Ctrl Pts',(42.2732339105101,11.5,31.1323576805115));
#6086=CARTESIAN_POINT('Origin',(28.3942911165688,11.5,43.5970869120796));
#6087=CARTESIAN_POINT('',(30.4788627179777,12.5,41.5125153106707));
#6088=CARTESIAN_POINT('',(28.3942911165688,12.5,43.5970869120796));
#6089=CARTESIAN_POINT('Ctrl Pts',(30.4788627179777,12.5,41.5125153106707));
#6090=CARTESIAN_POINT('Ctrl Pts',(30.4798441623097,12.5,41.5136586346371));
#6091=CARTESIAN_POINT('Ctrl Pts',(30.4808256073324,12.4999966140198,41.5148019555488));
#6092=CARTESIAN_POINT('Ctrl Pts',(30.5691642972679,12.4993870757929,41.6177105534816));
#6093=CARTESIAN_POINT('Ctrl Pts',(30.6555957334466,12.4719644803516,41.7183656676459));
#6094=CARTESIAN_POINT('Ctrl Pts',(30.8141456479824,12.3681002196286,41.9029587140278));
#6095=CARTESIAN_POINT('Ctrl Pts',(30.8850954031845,12.2939934622105,41.9855379643474));
#6096=CARTESIAN_POINT('Ctrl Pts',(31.0043116959647,12.1084844254832,42.1242712199124));
#6097=CARTESIAN_POINT('Ctrl Pts',(31.0515063692789,11.9989610116544,42.1791786665295));
#6098=CARTESIAN_POINT('Ctrl Pts',(31.1158182717328,11.7584757945799,42.2539958700507));
#6099=CARTESIAN_POINT('Ctrl Pts',(31.1323576805114,11.6298691339292,42.2732339105101));
#6100=CARTESIAN_POINT('Ctrl Pts',(31.1323576805114,11.5,42.2732339105101));
#6101=CARTESIAN_POINT('Origin',(0.,11.5,0.));
#6102=CARTESIAN_POINT('',(7.8019705695497,12.5,50.9055915910215));
#6103=CARTESIAN_POINT('Origin',(0.,12.5,0.));
#6104=CARTESIAN_POINT('Ctrl Pts',(7.8019705695497,12.5,50.9055915910215));
#6105=CARTESIAN_POINT('Ctrl Pts',(7.80208503573695,12.5,50.9070940290938));
#6106=CARTESIAN_POINT('Ctrl Pts',(7.80219949927577,12.4999966140198,50.9085964654944));
#6107=CARTESIAN_POINT('Ctrl Pts',(7.81250198002498,12.4993870757929,51.043828719631));
#6108=CARTESIAN_POINT('Ctrl Pts',(7.82255963917899,12.4719644803515,51.1761188880462));
#6109=CARTESIAN_POINT('Ctrl Pts',(7.84097491431069,12.3681002196286,51.4187576026273));
#6110=CARTESIAN_POINT('Ctrl Pts',(7.84919820917019,12.2939934622105,51.5273190035405));
#6111=CARTESIAN_POINT('Ctrl Pts',(7.86299878590342,12.1084844254832,51.7097168783794));
#6112=CARTESIAN_POINT('Ctrl Pts',(7.86845254020764,11.9989610116544,51.7819139797563));
#6113=CARTESIAN_POINT('Ctrl Pts',(7.87588090983069,11.7584757945799,51.8802931140518));
#6114=CARTESIAN_POINT('Ctrl Pts',(7.87778913059215,11.6298691339292,51.9055915910215));
#6115=CARTESIAN_POINT('Ctrl Pts',(7.87778913059215,11.5,51.9055915910215));
#6116=CARTESIAN_POINT('Origin',(-10.75,11.5,50.9055915910215));
#6117=CARTESIAN_POINT('',(-7.80197056954958,12.5,50.9055915910215));
#6118=CARTESIAN_POINT('',(-10.75,12.5,50.9055915910215));
#6119=CARTESIAN_POINT('Ctrl Pts',(-7.80197056954958,12.5,50.9055915910215));
#6120=CARTESIAN_POINT('Ctrl Pts',(-7.80208503573683,12.5,50.9070940290938));
#6121=CARTESIAN_POINT('Ctrl Pts',(-7.80219949927579,12.4999966140198,50.9085964654944));
#6122=CARTESIAN_POINT('Ctrl Pts',(-7.812501980025,12.4993870757929,51.043828719631));
#6123=CARTESIAN_POINT('Ctrl Pts',(-7.82255963917897,12.4719644803515,51.1761188880462));
#6124=CARTESIAN_POINT('Ctrl Pts',(-7.84097491431067,12.3681002196286,51.4187576026273));
#6125=CARTESIAN_POINT('Ctrl Pts',(-7.84919820917019,12.2939934622105,51.5273190035405));
#6126=CARTESIAN_POINT('Ctrl Pts',(-7.86299878590343,12.1084844254831,51.7097168783795));
#6127=CARTESIAN_POINT('Ctrl Pts',(-7.86845254020772,11.9989610116543,51.7819139797563));
#6128=CARTESIAN_POINT('Ctrl Pts',(-7.87588090983075,11.7584757945799,51.8802931140518));
#6129=CARTESIAN_POINT('Ctrl Pts',(-7.87778913059215,11.6298691339292,51.9055915910215));
#6130=CARTESIAN_POINT('Ctrl Pts',(-7.87778913059215,11.5,51.9055915910215));
#6131=CARTESIAN_POINT('Origin',(0.,11.5,0.));
#6132=CARTESIAN_POINT('',(-30.4788627179779,12.5,41.5125153106706));
#6133=CARTESIAN_POINT('Origin',(0.,12.5,0.));
#6134=CARTESIAN_POINT('Ctrl Pts',(-30.4788627179779,12.5,41.5125153106706));
#6135=CARTESIAN_POINT('Ctrl Pts',(-30.4798441623098,12.5,41.513658634637));
#6136=CARTESIAN_POINT('Ctrl Pts',(-30.4808256073324,12.4999966140198,41.5148019555488));
#6137=CARTESIAN_POINT('Ctrl Pts',(-30.5691642972689,12.4993870757929,41.6177105534828));
#6138=CARTESIAN_POINT('Ctrl Pts',(-30.6555957334468,12.4719644803515,41.718365667646));
#6139=CARTESIAN_POINT('Ctrl Pts',(-30.8141456479824,12.3681002196286,41.9029587140277));
#6140=CARTESIAN_POINT('Ctrl Pts',(-30.8850954031845,12.2939934622105,41.9855379643474));
#6141=CARTESIAN_POINT('Ctrl Pts',(-31.0043116959647,12.1084844254831,42.1242712199124));
#6142=CARTESIAN_POINT('Ctrl Pts',(-31.0515063692789,11.9989610116543,42.1791786665295));
#6143=CARTESIAN_POINT('Ctrl Pts',(-31.1158182717328,11.75847579458,42.2539958700507));
#6144=CARTESIAN_POINT('Ctrl Pts',(-31.1323576805114,11.6298691339293,42.2732339105101));
#6145=CARTESIAN_POINT('Ctrl Pts',(-31.1323576805114,11.5,42.2732339105101));
#6146=CARTESIAN_POINT('Origin',(-43.5970869120796,11.5,28.3942911165688));
#6147=CARTESIAN_POINT('',(-42.2732339105101,11.5,31.1323576805115));
#6148=CARTESIAN_POINT('',(-44.3041936932662,11.5,29.1013978977554));
#6149=CARTESIAN_POINT('',(-41.5125153106707,12.5,30.4788627179777));
#6150=CARTESIAN_POINT('',(-43.5970869120796,12.5,28.3942911165688));
#6151=CARTESIAN_POINT('Ctrl Pts',(-41.5125153106707,12.5,30.4788627179777));
#6152=CARTESIAN_POINT('Ctrl Pts',(-41.5136586346371,12.5,30.4798441623097));
#6153=CARTESIAN_POINT('Ctrl Pts',(-41.5148019555488,12.4999966140198,30.4808256073324));
#6154=CARTESIAN_POINT('Ctrl Pts',(-41.6177105534841,12.4993870757929,30.5691642972671));
#6155=CARTESIAN_POINT('Ctrl Pts',(-41.718365667646,12.4719644803515,30.6555957334468));
#6156=CARTESIAN_POINT('Ctrl Pts',(-41.9029587140278,12.3681002196286,30.8141456479824));
#6157=CARTESIAN_POINT('Ctrl Pts',(-41.9855379643474,12.2939934622105,30.8850954031844));
#6158=CARTESIAN_POINT('Ctrl Pts',(-42.1242712199125,12.1084844254831,31.0043116959647));
#6159=CARTESIAN_POINT('Ctrl Pts',(-42.1791786665295,11.9989610116544,31.0515063692788));
#6160=CARTESIAN_POINT('Ctrl Pts',(-42.2539958700507,11.7584757945799,31.1158182717328));
#6161=CARTESIAN_POINT('Ctrl Pts',(-42.2732339105101,11.6298691339292,31.1323576805114));
#6162=CARTESIAN_POINT('Ctrl Pts',(-42.2732339105101,11.5,31.1323576805114));
#6163=CARTESIAN_POINT('Origin',(0.,11.5,0.));
#6164=CARTESIAN_POINT('',(-51.9055915910215,11.5,7.87778913059203));
#6165=CARTESIAN_POINT('Origin',(0.,11.5,0.));
#6166=CARTESIAN_POINT('',(-50.9055915910215,12.5,7.80197056954953));
#6167=CARTESIAN_POINT('Origin',(0.,12.5,0.));
#6168=CARTESIAN_POINT('Ctrl Pts',(-50.9055915910215,12.5,7.80197056954953));
#6169=CARTESIAN_POINT('Ctrl Pts',(-50.9070940290938,12.5,7.80208503573678));
#6170=CARTESIAN_POINT('Ctrl Pts',(-50.9085964654944,12.4999966140198,7.80219949927572));
#6171=CARTESIAN_POINT('Ctrl Pts',(-51.0438287196304,12.4993870757929,7.81250198002312));
#6172=CARTESIAN_POINT('Ctrl Pts',(-51.1761188880461,12.4719644803516,7.8225596391788));
#6173=CARTESIAN_POINT('Ctrl Pts',(-51.4187576026274,12.3681002196286,7.84097491431054));
#6174=CARTESIAN_POINT('Ctrl Pts',(-51.5273190035405,12.2939934622105,7.84919820917012));
#6175=CARTESIAN_POINT('Ctrl Pts',(-51.7097168783794,12.1084844254832,7.86299878590333));
#6176=CARTESIAN_POINT('Ctrl Pts',(-51.7819139797563,11.9989610116544,7.86845254020758));
#6177=CARTESIAN_POINT('Ctrl Pts',(-51.8802931140518,11.7584757945799,7.87588090983062));
#6178=CARTESIAN_POINT('Ctrl Pts',(-51.9055915910215,11.6298691339292,7.87778913059204));
#6179=CARTESIAN_POINT('Ctrl Pts',(-51.9055915910215,11.5,7.87778913059204));
#6180=CARTESIAN_POINT('Origin',(-50.9055915910215,11.5,-10.75));
#6181=CARTESIAN_POINT('',(-51.9055915910215,11.5,-7.87778913059203));
#6182=CARTESIAN_POINT('',(-51.9055915910215,11.5,-10.75));
#6183=CARTESIAN_POINT('',(-50.9055915910215,12.5,-7.80197056954952));
#6184=CARTESIAN_POINT('',(-50.9055915910215,12.5,-10.75));
#6185=CARTESIAN_POINT('Ctrl Pts',(-50.9055915910215,12.5,-7.80197056954952));
#6186=CARTESIAN_POINT('Ctrl Pts',(-50.9070940290938,12.5,-7.80208503573677));
#6187=CARTESIAN_POINT('Ctrl Pts',(-50.9085964654944,12.4999966140198,-7.80219949927568));
#6188=CARTESIAN_POINT('Ctrl Pts',(-51.043828719631,12.4993870757929,-7.81250198002488));
#6189=CARTESIAN_POINT('Ctrl Pts',(-51.1761188880462,12.4719644803515,-7.82255963917886));
#6190=CARTESIAN_POINT('Ctrl Pts',(-51.4187576026273,12.3681002196286,-7.84097491431056));
#6191=CARTESIAN_POINT('Ctrl Pts',(-51.5273190035405,12.2939934622105,-7.84919820917006));
#6192=CARTESIAN_POINT('Ctrl Pts',(-51.7097168783795,12.1084844254831,-7.86299878590329));
#6193=CARTESIAN_POINT('Ctrl Pts',(-51.7819139797563,11.9989610116544,-7.8684525402076));
#6194=CARTESIAN_POINT('Ctrl Pts',(-51.8802931140518,11.7584757945799,-7.87588090983064));
#6195=CARTESIAN_POINT('Ctrl Pts',(-51.9055915910215,11.6298691339292,-7.87778913059204));
#6196=CARTESIAN_POINT('Ctrl Pts',(-51.9055915910215,11.5,-7.87778913059204));
#6197=CARTESIAN_POINT('Origin',(0.,11.5,0.));
#6198=CARTESIAN_POINT('',(-42.2732339105101,11.5,-31.1323576805115));
#6199=CARTESIAN_POINT('Origin',(0.,11.5,0.));
#6200=CARTESIAN_POINT('',(-41.5125153106706,12.5,-30.4788627179778));
#6201=CARTESIAN_POINT('Origin',(0.,12.5,0.));
#6202=CARTESIAN_POINT('Ctrl Pts',(-41.5125153106706,12.5,-30.4788627179778));
#6203=CARTESIAN_POINT('Ctrl Pts',(-41.513658634637,12.5,-30.4798441623098));
#6204=CARTESIAN_POINT('Ctrl Pts',(-41.5148019555488,12.4999966140198,-30.4808256073323));
#6205=CARTESIAN_POINT('Ctrl Pts',(-41.6177105534825,12.4993870757929,-30.5691642972691));
#6206=CARTESIAN_POINT('Ctrl Pts',(-41.718365667646,12.4719644803515,-30.6555957334468));
#6207=CARTESIAN_POINT('Ctrl Pts',(-41.9029587140278,12.3681002196286,-30.8141456479825));
#6208=CARTESIAN_POINT('Ctrl Pts',(-41.9855379643474,12.2939934622105,-30.8850954031845));
#6209=CARTESIAN_POINT('Ctrl Pts',(-42.1242712199124,12.1084844254831,-31.0043116959647));
#6210=CARTESIAN_POINT('Ctrl Pts',(-42.1791786665295,11.9989610116544,-31.0515063692788));
#6211=CARTESIAN_POINT('Ctrl Pts',(-42.2539958700507,11.7584757945799,-31.1158182717328));
#6212=CARTESIAN_POINT('Ctrl Pts',(-42.2732339105101,11.6298691339293,-31.1323576805114));
#6213=CARTESIAN_POINT('Ctrl Pts',(-42.2732339105101,11.5,-31.1323576805114));
#6214=CARTESIAN_POINT('Origin',(-28.3942911165688,11.5,-43.5970869120796));
#6215=CARTESIAN_POINT('',(-31.1323576805114,11.5,-42.2732339105101));
#6216=CARTESIAN_POINT('',(-29.1013978977554,11.5,-44.3041936932661));
#6217=CARTESIAN_POINT('',(-30.4788627179778,12.5,-41.5125153106707));
#6218=CARTESIAN_POINT('',(-28.3942911165688,12.5,-43.5970869120796));
#6219=CARTESIAN_POINT('Ctrl Pts',(-30.4788627179778,12.5,-41.5125153106706));
#6220=CARTESIAN_POINT('Ctrl Pts',(-30.4798441623097,12.5,-41.513658634637));
#6221=CARTESIAN_POINT('Ctrl Pts',(-30.4808256073323,12.4999966140198,-41.5148019555488));
#6222=CARTESIAN_POINT('Ctrl Pts',(-30.5691642972669,12.4993870757929,-41.6177105534824));
#6223=CARTESIAN_POINT('Ctrl Pts',(-30.6555957334466,12.4719644803516,-41.7183656676458));
#6224=CARTESIAN_POINT('Ctrl Pts',(-30.8141456479824,12.3681002196286,-41.9029587140278));
#6225=CARTESIAN_POINT('Ctrl Pts',(-30.8850954031844,12.2939934622105,-41.9855379643474));
#6226=CARTESIAN_POINT('Ctrl Pts',(-31.0043116959647,12.1084844254831,-42.1242712199124));
#6227=CARTESIAN_POINT('Ctrl Pts',(-31.0515063692788,11.9989610116544,-42.1791786665295));
#6228=CARTESIAN_POINT('Ctrl Pts',(-31.1158182717328,11.7584757945799,-42.2539958700507));
#6229=CARTESIAN_POINT('Ctrl Pts',(-31.1323576805114,11.6298691339292,-42.2732339105101));
#6230=CARTESIAN_POINT('Ctrl Pts',(-31.1323576805114,11.5,-42.2732339105101));
#6231=CARTESIAN_POINT('Origin',(0.,11.5,0.));
#6232=CARTESIAN_POINT('Origin',(0.,11.5,0.));
#6233=CARTESIAN_POINT('Origin',(0.,12.5,0.));
#6234=CARTESIAN_POINT('Origin',(-51.9055915910215,0.,21.5));
#6235=CARTESIAN_POINT('',(-42.2732339105101,12.5,31.1323576805115));
#6236=CARTESIAN_POINT('',(-41.0962574573201,-7.22488159751938,32.3093341337014));
#6237=CARTESIAN_POINT('',(-40.1230274784272,-8.64940759319752,33.2825641125943));
#6238=CARTESIAN_POINT('Origin',(-39.9744813239348,-7.00745317543845,33.4311102670868));
#6239=CARTESIAN_POINT('',(-41.0962574573201,7.22488159751938,32.3093341337014));
#6240=CARTESIAN_POINT('',(-41.0962574573201,0.,32.3093341337014));
#6241=CARTESIAN_POINT('',(-40.1230274784272,8.64940759319752,33.2825641125943));
#6242=CARTESIAN_POINT('Origin',(-39.9744813239348,7.00745317543845,33.4311102670868));
#6243=CARTESIAN_POINT('',(-33.2825641125943,8.64940759319752,40.1230274784272));
#6244=CARTESIAN_POINT('',(-44.3041936932662,8.64940759319752,29.1013978977554));
#6245=CARTESIAN_POINT('',(-32.3093341337014,7.22488159751937,41.0962574573201));
#6246=CARTESIAN_POINT('Origin',(-33.4311102670868,7.00745317543845,39.9744813239347));
#6247=CARTESIAN_POINT('',(-32.3093341337014,-7.22488159751937,41.0962574573201));
#6248=CARTESIAN_POINT('',(-32.3093341337014,0.,41.0962574573201));
#6249=CARTESIAN_POINT('',(-33.2825641125943,-8.64940759319751,40.1230274784272));
#6250=CARTESIAN_POINT('Origin',(-33.4311102670868,-7.00745317543845,39.9744813239348));
#6251=CARTESIAN_POINT('',(-44.3041936932662,-8.64940759319751,29.1013978977554));
#6252=CARTESIAN_POINT('Origin',(0.,12.5,0.));
#6253=CARTESIAN_POINT('',(-51.9055915910215,12.5,7.87778913059203));
#6254=CARTESIAN_POINT('Origin',(-51.9055915910215,0.,-21.5));
#6255=CARTESIAN_POINT('',(-51.9055915910215,12.5,-7.87778913059203));
#6256=CARTESIAN_POINT('',(-51.9055915910215,-7.22488159751939,-6.21329306789703));
#6257=CARTESIAN_POINT('',(-51.9055915910215,-8.64940759319752,-4.83693803243863));
#6258=CARTESIAN_POINT('Origin',(-51.9055915910215,-7.00745317543845,-4.62686204611702));
#6259=CARTESIAN_POINT('',(-51.9055915910215,7.22488159751938,-6.21329306789703));
#6260=CARTESIAN_POINT('',(-51.9055915910215,0.,-6.21329306789703));
#6261=CARTESIAN_POINT('',(-51.9055915910215,8.64940759319752,-4.83693803243863));
#6262=CARTESIAN_POINT('Origin',(-51.9055915910215,7.00745317543845,-4.62686204611702));
#6263=CARTESIAN_POINT('',(-51.9055915910215,8.64940759319752,4.8369380324386));
#6264=CARTESIAN_POINT('',(-51.9055915910215,8.64940759319752,-10.75));
#6265=CARTESIAN_POINT('',(-51.9055915910215,7.22488159751938,6.213293067897));
#6266=CARTESIAN_POINT('Origin',(-51.9055915910215,7.00745317543845,4.626862046117));
#6267=CARTESIAN_POINT('',(-51.9055915910215,-7.22488159751938,6.213293067897));
#6268=CARTESIAN_POINT('',(-51.9055915910215,0.,6.213293067897));
#6269=CARTESIAN_POINT('',(-51.9055915910215,-8.64940759319752,4.8369380324386));
#6270=CARTESIAN_POINT('Origin',(-51.9055915910215,-7.00745317543845,4.62686204611699));
#6271=CARTESIAN_POINT('',(-51.9055915910215,-8.64940759319752,-10.75));
#6272=CARTESIAN_POINT('Origin',(0.,12.5,0.));
#6273=CARTESIAN_POINT('',(-42.2732339105101,12.5,-31.1323576805115));
#6274=CARTESIAN_POINT('Origin',(-21.5,0.,-51.9055915910215));
#6275=CARTESIAN_POINT('',(-31.1323576805114,12.5,-42.2732339105101));
#6276=CARTESIAN_POINT('',(-40.1230274784272,-8.64940759319752,-33.2825641125943));
#6277=CARTESIAN_POINT('',(-41.0962574573201,-7.22488159751937,-32.3093341337014));
#6278=CARTESIAN_POINT('Origin',(-39.9744813239348,-7.00745317543845,-33.4311102670868));
#6279=CARTESIAN_POINT('',(-33.2825641125943,-8.64940759319751,-40.1230274784272));
#6280=CARTESIAN_POINT('',(-29.1013978977554,-8.64940759319751,-44.3041936932661));
#6281=CARTESIAN_POINT('',(-32.3093341337014,-7.22488159751937,-41.0962574573201));
#6282=CARTESIAN_POINT('Origin',(-33.4311102670868,-7.00745317543844,-39.9744813239348));
#6283=CARTESIAN_POINT('',(-32.3093341337014,7.22488159751938,-41.0962574573201));
#6284=CARTESIAN_POINT('',(-32.3093341337014,0.,-41.0962574573201));
#6285=CARTESIAN_POINT('',(-33.2825641125943,8.64940759319751,-40.1230274784272));
#6286=CARTESIAN_POINT('Origin',(-33.4311102670868,7.00745317543845,-39.9744813239348));
#6287=CARTESIAN_POINT('',(-40.1230274784272,8.64940759319752,-33.2825641125943));
#6288=CARTESIAN_POINT('',(-29.1013978977554,8.64940759319751,-44.3041936932661));
#6289=CARTESIAN_POINT('',(-41.0962574573201,7.22488159751938,-32.3093341337014));
#6290=CARTESIAN_POINT('Origin',(-39.9744813239348,7.00745317543845,-33.4311102670868));
#6291=CARTESIAN_POINT('',(-41.0962574573201,0.,-32.3093341337014));
#6292=CARTESIAN_POINT('Origin',(0.,12.5,0.));
#6293=CARTESIAN_POINT('',(-7.8777891305921,12.5,-51.9055915910215));
#6294=CARTESIAN_POINT('Origin',(21.5,0.,-51.9055915910215));
#6295=CARTESIAN_POINT('',(7.87778913059206,12.5,-51.9055915910215));
#6296=CARTESIAN_POINT('',(-4.8369380324386,-8.64940759319752,-51.9055915910215));
#6297=CARTESIAN_POINT('',(-6.213293067897,-7.22488159751938,-51.9055915910215));
#6298=CARTESIAN_POINT('Origin',(-4.62686204611699,-7.00745317543844,-51.9055915910215));
#6299=CARTESIAN_POINT('',(4.83693803243863,-8.64940759319752,-51.9055915910215));
#6300=CARTESIAN_POINT('',(10.75,-8.64940759319752,-51.9055915910215));
#6301=CARTESIAN_POINT('',(6.21329306789703,-7.22488159751938,-51.9055915910215));
#6302=CARTESIAN_POINT('Origin',(4.62686204611702,-7.00745317543845,-51.9055915910215));
#6303=CARTESIAN_POINT('',(6.21329306789703,7.22488159751938,-51.9055915910215));
#6304=CARTESIAN_POINT('',(6.21329306789703,0.,-51.9055915910215));
#6305=CARTESIAN_POINT('',(4.83693803243863,8.64940759319752,-51.9055915910215));
#6306=CARTESIAN_POINT('Origin',(4.62686204611702,7.00745317543845,-51.9055915910215));
#6307=CARTESIAN_POINT('',(-4.8369380324386,8.64940759319752,-51.9055915910215));
#6308=CARTESIAN_POINT('',(10.75,8.64940759319752,-51.9055915910215));
#6309=CARTESIAN_POINT('',(-6.21329306789699,7.22488159751938,-51.9055915910215));
#6310=CARTESIAN_POINT('Origin',(-4.62686204611699,7.00745317543845,-51.9055915910215));
#6311=CARTESIAN_POINT('',(-6.21329306789699,0.,-51.9055915910215));
#6312=CARTESIAN_POINT('Origin',(0.,12.5,-8.88178419700125E-15));
#6313=CARTESIAN_POINT('Origin',(0.,12.5,0.));
#6314=CARTESIAN_POINT('Ctrl Pts',(41.0962574573201,7.22488159751937,32.3093341337014));
#6315=CARTESIAN_POINT('Ctrl Pts',(41.0962574573201,7.5592122053471,32.3093341337014));
#6316=CARTESIAN_POINT('Ctrl Pts',(40.9255668156021,8.3072411357924,32.4800247754195));
#6317=CARTESIAN_POINT('Ctrl Pts',(40.4275784391319,8.64940759319752,32.9780131518896));
#6318=CARTESIAN_POINT('Ctrl Pts',(40.1230274784272,8.64940759319752,33.2825641125943));
#6319=CARTESIAN_POINT('Ctrl Pts',(40.9502182496307,7.22488159751937,32.4553733413909));
#6320=CARTESIAN_POINT('Ctrl Pts',(40.9594962313756,7.51782816032568,32.4457991295267));
#6321=CARTESIAN_POINT('Ctrl Pts',(40.8258259047588,8.18034199627428,32.5794354207686));
#6322=CARTESIAN_POINT('Ctrl Pts',(40.3886104068042,8.47115443665377,33.0167369054845));
#6323=CARTESIAN_POINT('Ctrl Pts',(40.1230274784272,8.45742137547814,33.2825641125943));
#6324=CARTESIAN_POINT('Ctrl Pts',(40.5650608092791,7.22488159751937,32.6534248575088));
#6325=CARTESIAN_POINT('Ctrl Pts',(40.6055192733411,7.43533208926205,32.6379591864636));
#6326=CARTESIAN_POINT('Ctrl Pts',(40.5647730832314,7.92677536615728,32.7167188957745));
#6327=CARTESIAN_POINT('Ctrl Pts',(40.2426232289903,8.11476649523908,33.0257550062485));
#6328=CARTESIAN_POINT('Ctrl Pts',(40.0425528828547,8.07390795112533,33.2020895170218));
#6329=CARTESIAN_POINT('Ctrl Pts',(40.1364080283065,7.22488159751938,32.5915584671244));
#6330=CARTESIAN_POINT('Ctrl Pts',(40.2034347859326,7.38319944173072,32.6056893527089));
#6331=CARTESIAN_POINT('Ctrl Pts',(40.2425408671197,7.73991520930008,32.6978940045436));
#6332=CARTESIAN_POINT('Ctrl Pts',(40.0026942833417,7.85639283336968,32.8912563209157));
#6333=CARTESIAN_POINT('Ctrl Pts',(39.8275450768192,7.81394996526692,32.9870817109863));
#6334=CARTESIAN_POINT('Ctrl Pts',(39.9507795293445,7.22488159751938,32.501021398814));
#6335=CARTESIAN_POINT('Ctrl Pts',(40.0224172219623,7.36987838441279,32.5359614360734));
#6336=CARTESIAN_POINT('Ctrl Pts',(40.0858002674035,7.67555738203502,32.6515227563134));
#6337=CARTESIAN_POINT('Ctrl Pts',(39.8764161314954,7.76929104075639,32.7963571351695));
#6338=CARTESIAN_POINT('Ctrl Pts',(39.7035269357166,7.73586213555492,32.8630635698837));
#6339=CARTESIAN_POINT('',(39.9507795293445,7.22488159751938,32.501021398814));
#6340=CARTESIAN_POINT('Origin',(40.3891506761336,7.22488159751937,31.6022273525149));
#6341=CARTESIAN_POINT('',(39.7035269357166,7.73586213555492,32.8630635698837));
#6342=CARTESIAN_POINT('Origin',(39.4159206972407,8.64940759319752,32.5754573314078));
#6343=CARTESIAN_POINT('Origin',(39.2673745427482,7.00745317543845,32.7240034859002));
#6344=CARTESIAN_POINT('Origin',(28.3942911165688,8.64940759319752,43.5970869120796));
#6345=CARTESIAN_POINT('',(32.8630635698837,7.73586213555492,39.7035269357166));
#6346=CARTESIAN_POINT('Origin',(32.5754573314078,8.64940759319752,39.4159206972407));
#6347=CARTESIAN_POINT('',(28.6818973550448,7.73586213555491,43.8846931505555));
#6348=CARTESIAN_POINT('Ctrl Pts',(33.2825641125943,8.64940759319752,40.1230274784272));
#6349=CARTESIAN_POINT('Ctrl Pts',(32.9780131518896,8.64940759319752,40.4275784391319));
#6350=CARTESIAN_POINT('Ctrl Pts',(32.4800247754195,8.3072411357924,40.9255668156021));
#6351=CARTESIAN_POINT('Ctrl Pts',(32.3093341337014,7.5592122053471,41.0962574573201));
#6352=CARTESIAN_POINT('Ctrl Pts',(32.3093341337014,7.22488159751937,41.0962574573201));
#6353=CARTESIAN_POINT('Ctrl Pts',(33.2825641125943,8.45742137547814,40.1230274784272));
#6354=CARTESIAN_POINT('Ctrl Pts',(33.0167369054845,8.47115443665376,40.3886104068042));
#6355=CARTESIAN_POINT('Ctrl Pts',(32.5794354207686,8.18034199627428,40.8258259047588));
#6356=CARTESIAN_POINT('Ctrl Pts',(32.4457991295267,7.51782816032568,40.9594962313756));
#6357=CARTESIAN_POINT('Ctrl Pts',(32.4553733413909,7.22488159751937,40.9502182496306));
#6358=CARTESIAN_POINT('Ctrl Pts',(33.2020895170217,8.07390795112532,40.0425528828547));
#6359=CARTESIAN_POINT('Ctrl Pts',(33.0257550062485,8.11476649523908,40.2426232289903));
#6360=CARTESIAN_POINT('Ctrl Pts',(32.7167188957745,7.92677536615727,40.5647730832314));
#6361=CARTESIAN_POINT('Ctrl Pts',(32.6379591864636,7.43533208926205,40.6055192733411));
#6362=CARTESIAN_POINT('Ctrl Pts',(32.6534248575088,7.22488159751937,40.5650608092791));
#6363=CARTESIAN_POINT('Ctrl Pts',(32.9870817109863,7.81394996526691,39.8275450768192));
#6364=CARTESIAN_POINT('Ctrl Pts',(32.8912563209157,7.85639283336967,40.0026942833417));
#6365=CARTESIAN_POINT('Ctrl Pts',(32.6978940045436,7.73991520930008,40.2425408671197));
#6366=CARTESIAN_POINT('Ctrl Pts',(32.6056893527089,7.38319944173072,40.2034347859326));
#6367=CARTESIAN_POINT('Ctrl Pts',(32.5915584671244,7.22488159751937,40.1364080283065));
#6368=CARTESIAN_POINT('Ctrl Pts',(32.8630635698837,7.73586213555491,39.7035269357166));
#6369=CARTESIAN_POINT('Ctrl Pts',(32.7963571351695,7.76929104075639,39.8764161314954));
#6370=CARTESIAN_POINT('Ctrl Pts',(32.6515227563133,7.67555738203501,40.0858002674035));
#6371=CARTESIAN_POINT('Ctrl Pts',(32.5359614360734,7.36987838441279,40.0224172219623));
#6372=CARTESIAN_POINT('Ctrl Pts',(32.501021398814,7.22488159751937,39.9507795293445));
#6373=CARTESIAN_POINT('',(32.501021398814,7.22488159751938,39.9507795293445));
#6374=CARTESIAN_POINT('Origin',(31.6022273525149,7.22488159751938,40.3891506761336));
#6375=CARTESIAN_POINT('Origin',(32.7240034859002,7.00745317543845,39.2673745427482));
#6376=CARTESIAN_POINT('Origin',(31.6022273525149,0.,40.3891506761336));
#6377=CARTESIAN_POINT('',(32.501021398814,-7.22488159751937,39.9507795293445));
#6378=CARTESIAN_POINT('Origin',(31.6022273525149,-7.22488159751937,40.3891506761336));
#6379=CARTESIAN_POINT('',(32.501021398814,0.,39.9507795293445));
#6380=CARTESIAN_POINT('Ctrl Pts',(32.3093341337014,-7.22488159751937,41.0962574573201));
#6381=CARTESIAN_POINT('Ctrl Pts',(32.3093341337014,-7.67065574128968,41.0962574573201));
#6382=CARTESIAN_POINT('Ctrl Pts',(32.5431007726596,-8.39956607411182,40.8624908183619));
#6383=CARTESIAN_POINT('Ctrl Pts',(33.0541508920658,-8.64940759319752,40.3514406989557));
#6384=CARTESIAN_POINT('Ctrl Pts',(33.2825641125943,-8.64940759319752,40.1230274784272));
#6385=CARTESIAN_POINT('Ctrl Pts',(32.4553733413909,-7.22488159751937,40.9502182496306));
#6386=CARTESIAN_POINT('Ctrl Pts',(32.4426077255719,-7.61547701459445,40.9625888919573));
#6387=CARTESIAN_POINT('Ctrl Pts',(32.6345605703462,-8.26249640988858,40.7707683830125));
#6388=CARTESIAN_POINT('Ctrl Pts',(33.083193707262,-8.46772117135986,40.3222146747099));
#6389=CARTESIAN_POINT('Ctrl Pts',(33.2825641125943,-8.45742137547814,40.1230274784272));
#6390=CARTESIAN_POINT('Ctrl Pts',(32.6534248575088,-7.22488159751937,40.5650608092791));
#6391=CARTESIAN_POINT('Ctrl Pts',(32.6328039627818,-7.50548225317627,40.6190054280284));
#6392=CARTESIAN_POINT('Ctrl Pts',(32.7563706874139,-7.98843691535379,40.5264441070152));
#6393=CARTESIAN_POINT('Ctrl Pts',(33.0698386339418,-8.10455185921064,40.1926056424564));
#6394=CARTESIAN_POINT('Ctrl Pts',(33.2020895170217,-8.07390795112532,40.0425528828547));
#6395=CARTESIAN_POINT('Ctrl Pts',(32.5915584671244,-7.22488159751937,40.1364080283065));
#6396=CARTESIAN_POINT('Ctrl Pts',(32.6103996479038,-7.43597205646784,40.2257770384747));
#6397=CARTESIAN_POINT('Ctrl Pts',(32.7259389678841,-7.78218698804782,40.2196657744578));
#6398=CARTESIAN_POINT('Ctrl Pts',(32.9152126684334,-7.84578211634399,39.9589069817111));
#6399=CARTESIAN_POINT('Ctrl Pts',(32.9870817109863,-7.81394996526692,39.8275450768192));
#6400=CARTESIAN_POINT('Ctrl Pts',(32.5010213988141,-7.22488159751937,39.9507795293445));
#6401=CARTESIAN_POINT('Ctrl Pts',(32.5476081151599,-7.4182106467106,40.0462964528349));
#6402=CARTESIAN_POINT('Ctrl Pts',(32.6749870673996,-7.70867453595125,40.0697755823326));
#6403=CARTESIAN_POINT('Ctrl Pts',(32.813033743848,-7.76093381445602,39.8331938325507));
#6404=CARTESIAN_POINT('Ctrl Pts',(32.8630635698837,-7.73586213555492,39.7035269357166));
#6405=CARTESIAN_POINT('',(32.8630635698837,-7.73586213555491,39.7035269357166));
#6406=CARTESIAN_POINT('Origin',(32.5754573314078,-8.64940759319752,39.4159206972407));
#6407=CARTESIAN_POINT('Origin',(32.7240034859002,-7.00745317543844,39.2673745427482));
#6408=CARTESIAN_POINT('Origin',(28.3942911165688,-8.64940759319751,43.5970869120796));
#6409=CARTESIAN_POINT('',(39.7035269357166,-7.73586213555492,32.8630635698837));
#6410=CARTESIAN_POINT('Origin',(39.4159206972407,-8.64940759319751,32.5754573314078));
#6411=CARTESIAN_POINT('',(28.6818973550448,-7.73586213555491,43.8846931505555));
#6412=CARTESIAN_POINT('Ctrl Pts',(40.1230274784272,-8.64940759319752,33.2825641125943));
#6413=CARTESIAN_POINT('Ctrl Pts',(40.4275784391319,-8.64940759319752,32.9780131518896));
#6414=CARTESIAN_POINT('Ctrl Pts',(40.9255668156021,-8.3072411357924,32.4800247754195));
#6415=CARTESIAN_POINT('Ctrl Pts',(41.0962574573201,-7.55921220534711,32.3093341337014));
#6416=CARTESIAN_POINT('Ctrl Pts',(41.0962574573201,-7.22488159751937,32.3093341337014));
#6417=CARTESIAN_POINT('Ctrl Pts',(40.1230274784272,-8.45742137547814,33.2825641125943));
#6418=CARTESIAN_POINT('Ctrl Pts',(40.3886104068042,-8.47115443665377,33.0167369054845));
#6419=CARTESIAN_POINT('Ctrl Pts',(40.8258259047588,-8.18034199627429,32.5794354207686));
#6420=CARTESIAN_POINT('Ctrl Pts',(40.9594962313756,-7.51782816032568,32.4457991295267));
#6421=CARTESIAN_POINT('Ctrl Pts',(40.9502182496307,-7.22488159751937,32.4553733413909));
#6422=CARTESIAN_POINT('Ctrl Pts',(40.0425528828547,-8.07390795112532,33.2020895170218));
#6423=CARTESIAN_POINT('Ctrl Pts',(40.2426232289903,-8.11476649523908,33.0257550062485));
#6424=CARTESIAN_POINT('Ctrl Pts',(40.5647730832314,-7.92677536615728,32.7167188957745));
#6425=CARTESIAN_POINT('Ctrl Pts',(40.6055192733411,-7.43533208926205,32.6379591864636));
#6426=CARTESIAN_POINT('Ctrl Pts',(40.5650608092791,-7.22488159751937,32.6534248575088));
#6427=CARTESIAN_POINT('Ctrl Pts',(39.8275450768192,-7.81394996526692,32.9870817109863));
#6428=CARTESIAN_POINT('Ctrl Pts',(40.0026942833417,-7.85639283336968,32.8912563209157));
#6429=CARTESIAN_POINT('Ctrl Pts',(40.2425408671197,-7.73991520930009,32.6978940045436));
#6430=CARTESIAN_POINT('Ctrl Pts',(40.2034347859326,-7.38319944173073,32.6056893527089));
#6431=CARTESIAN_POINT('Ctrl Pts',(40.1364080283065,-7.22488159751938,32.5915584671244));
#6432=CARTESIAN_POINT('Ctrl Pts',(39.7035269357166,-7.73586213555492,32.8630635698837));
#6433=CARTESIAN_POINT('Ctrl Pts',(39.8764161314954,-7.76929104075639,32.7963571351695));
#6434=CARTESIAN_POINT('Ctrl Pts',(40.0858002674035,-7.67555738203502,32.6515227563134));
#6435=CARTESIAN_POINT('Ctrl Pts',(40.0224172219623,-7.3698783844128,32.5359614360734));
#6436=CARTESIAN_POINT('Ctrl Pts',(39.9507795293445,-7.22488159751938,32.501021398814));
#6437=CARTESIAN_POINT('',(39.9507795293445,-7.22488159751938,32.501021398814));
#6438=CARTESIAN_POINT('Origin',(40.3891506761336,-7.22488159751937,31.6022273525149));
#6439=CARTESIAN_POINT('Origin',(39.2673745427482,-7.00745317543845,32.7240034859002));
#6440=CARTESIAN_POINT('Origin',(40.3891506761336,0.,31.6022273525149));
#6441=CARTESIAN_POINT('',(39.9507795293445,0.,32.5010213988141));
#6442=CARTESIAN_POINT('Origin',(28.9246212024587,-3.10248446160609,28.9246212024587));
#6443=CARTESIAN_POINT('',(30.0930312943225,-3.23455339382864,28.1757116533056));
#6444=CARTESIAN_POINT('',(33.6548493426597,-4.90281727070532,29.9129263900217));
#6445=CARTESIAN_POINT('',(28.1757116533056,-3.23455339382864,30.0930312943225));
#6446=CARTESIAN_POINT('',(29.7397949753891,-3.23455339382864,28.528947972239));
#6447=CARTESIAN_POINT('',(27.7468293631624,-2.82269364099773,29.2136922872565));
#6448=CARTESIAN_POINT('Origin',(33.7986524618977,-4.44604454188403,30.0567295092597));
#6449=CARTESIAN_POINT('',(30.456019986955,-2.77778066500734,27.870117749394));
#6450=CARTESIAN_POINT('',(34.0178380352922,-4.44604454188403,29.6073324861101));
#6451=CARTESIAN_POINT('Origin',(30.2368344135604,-2.77778066500734,28.3195147725436));
#6452=CARTESIAN_POINT('Origin',(40.5918830920368,0.,32.8137084989848));
#6453=CARTESIAN_POINT('',(30.456019986955,2.77778066500736,27.870117749394));
#6454=CARTESIAN_POINT('',(38.7753067098616,6.6743203907477,31.9277049977789));
#6455=CARTESIAN_POINT('',(30.456019986955,0.,27.870117749394));
#6456=CARTESIAN_POINT('Origin',(38.5561211364671,6.6743203907477,32.3771020209284));
#6457=CARTESIAN_POINT('',(30.0930312943225,3.23455339382866,28.1757116533056));
#6458=CARTESIAN_POINT('',(38.4123180172291,7.131093119569,32.2332989016905));
#6459=CARTESIAN_POINT('Origin',(30.2368344135604,2.77778066500736,28.3195147725436));
#6460=CARTESIAN_POINT('Ctrl Pts',(51.9055915910215,7.22488159751938,-6.213293067897));
#6461=CARTESIAN_POINT('Ctrl Pts',(51.9055915910215,7.5592122053471,-6.213293067897));
#6462=CARTESIAN_POINT('Ctrl Pts',(51.9055915910215,8.30728882244404,-5.97195327632427));
#6463=CARTESIAN_POINT('Ctrl Pts',(51.9055915910215,8.64940759319751,-5.26763813150092));
#6464=CARTESIAN_POINT('Ctrl Pts',(51.9055915910215,8.64940759319751,-4.8369380324386));
#6465=CARTESIAN_POINT('Ctrl Pts',(51.9055915910215,7.22488159751938,-6.00676243974434));
#6466=CARTESIAN_POINT('Ctrl Pts',(51.9053821246954,7.51782816032568,-6.02009295368562));
#6467=CARTESIAN_POINT('Ctrl Pts',(51.9053831282173,8.1803900025579,-5.83113050307237));
#6468=CARTESIAN_POINT('Ctrl Pts',(51.905418859873,8.47115443665375,-5.21270174283256));
#6469=CARTESIAN_POINT('Ctrl Pts',(51.9055915910215,8.45742137547814,-4.8369380324386));
#6470=CARTESIAN_POINT('Ctrl Pts',(51.7733047989138,7.22488159751937,-5.59435925178474));
#6471=CARTESIAN_POINT('Ctrl Pts',(51.7909773723368,7.43533208926205,-5.633903586951));
#6472=CARTESIAN_POINT('Ctrl Pts',(51.8178430327111,7.92681916726589,-5.54946875868066));
#6473=CARTESIAN_POINT('Ctrl Pts',(51.8085803480449,8.11475788970088,-5.10309645923039));
#6474=CARTESIAN_POINT('Ctrl Pts',(51.7917965779031,8.07389934558713,-4.8369380324386));
#6475=CARTESIAN_POINT('Ctrl Pts',(51.4264382908272,7.22488159751937,-5.33501428774423));
#6476=CARTESIAN_POINT('Ctrl Pts',(51.4838254106866,7.38319944173072,-5.37241731756161));
#6477=CARTESIAN_POINT('Ctrl Pts',(51.5766958147595,7.73995198260628,-5.33489876651866));
#6478=CARTESIAN_POINT('Ctrl Pts',(51.5438067797477,7.85639283336967,-5.02854600721886));
#6479=CARTESIAN_POINT('Ctrl Pts',(51.4877163712249,7.81394996526691,-4.8369380324386));
#6480=CARTESIAN_POINT('Ctrl Pts',(51.2311597454787,7.22488159751937,-5.26777449229769));
#6481=CARTESIAN_POINT('Ctrl Pts',(51.3065215809983,7.36987838441279,-5.29372365325529));
#6482=CARTESIAN_POINT('Ctrl Pts',(51.4330743837519,7.67558219477054,-5.25685268059164));
#6483=CARTESIAN_POINT('Ctrl Pts',(51.3874107844912,7.76929104075638,-5.00635772750286));
#6484=CARTESIAN_POINT('Ctrl Pts',(51.3123282340973,7.73586213555491,-4.8369380324386));
#6485=CARTESIAN_POINT('',(51.2311597454787,7.22488159751937,-5.26777449229769));
#6486=CARTESIAN_POINT('Origin',(50.9055915910215,7.22488159751938,-6.213293067897));
#6487=CARTESIAN_POINT('',(51.3123282340973,7.73586213555491,-4.83693803243861));
#6488=CARTESIAN_POINT('Origin',(50.9055915910215,8.64940759319751,-4.8369380324386));
#6489=CARTESIAN_POINT('Origin',(50.9055915910215,7.00745317543844,-4.62686204611699));
#6490=CARTESIAN_POINT('Origin',(50.9055915910215,8.64940759319751,10.75));
#6491=CARTESIAN_POINT('',(51.3123282340973,7.73586213555491,4.83693803243862));
#6492=CARTESIAN_POINT('Origin',(50.9055915910215,8.64940759319751,4.83693803243862));
#6493=CARTESIAN_POINT('',(51.3123282340973,7.73586213555491,10.75));
#6494=CARTESIAN_POINT('Ctrl Pts',(51.9055915910215,8.64940759319752,4.83693803243862));
#6495=CARTESIAN_POINT('Ctrl Pts',(51.9055915910215,8.64940759319752,5.15996310673535));
#6496=CARTESIAN_POINT('Ctrl Pts',(51.9055915910215,8.39962116598226,5.88274319075896));
#6497=CARTESIAN_POINT('Ctrl Pts',(51.9055915910215,7.67065574128968,6.21329306789702));
#6498=CARTESIAN_POINT('Ctrl Pts',(51.9055915910215,7.22488159751937,6.21329306789702));
#6499=CARTESIAN_POINT('Ctrl Pts',(51.9055915910215,8.45742137547814,4.83693803243862));
#6500=CARTESIAN_POINT('Ctrl Pts',(51.9054620426602,8.46772117135986,5.11876081523409));
#6501=CARTESIAN_POINT('Ctrl Pts',(51.9054288990909,8.26255131080644,5.7532133027848));
#6502=CARTESIAN_POINT('Ctrl Pts',(51.9053123025867,7.61547701459445,6.02453645833275));
#6503=CARTESIAN_POINT('Ctrl Pts',(51.9055915910215,7.22488159751937,6.00676243974436));
#6504=CARTESIAN_POINT('Ctrl Pts',(51.7917965779031,8.07389934558713,4.83693803243862));
#6505=CARTESIAN_POINT('Ctrl Pts',(51.8043844055095,8.10454325367245,5.03655685253246));
#6506=CARTESIAN_POINT('Ctrl Pts',(51.8187782335476,7.98849013675151,5.49431891016728));
#6507=CARTESIAN_POINT('Ctrl Pts',(51.7968682301444,7.50548225317627,5.64708503200644));
#6508=CARTESIAN_POINT('Ctrl Pts',(51.7733047989138,7.22488159751937,5.59435925178477));
#6509=CARTESIAN_POINT('Ctrl Pts',(51.4877163712249,7.81394996526692,4.83693803243862));
#6510=CARTESIAN_POINT('Ctrl Pts',(51.529784177617,7.84578211634399,4.98064401352381));
#6511=CARTESIAN_POINT('Ctrl Pts',(51.5803509875316,7.78222457725639,5.29889435903309));
#6512=CARTESIAN_POINT('Ctrl Pts',(51.5029544506397,7.43597205646784,5.38488499416742));
#6513=CARTESIAN_POINT('Ctrl Pts',(51.4264382908272,7.22488159751937,5.33501428774425));
#6514=CARTESIAN_POINT('Ctrl Pts',(51.3123282340973,7.73586213555492,4.83693803243862));
#6515=CARTESIAN_POINT('Ctrl Pts',(51.3686401468927,7.76093381445602,4.96400280373681));
#6516=CARTESIAN_POINT('Ctrl Pts',(51.438335415701,7.70870200495469,5.2289275039777));
#6517=CARTESIAN_POINT('Ctrl Pts',(51.3316421928382,7.4182106467106,5.30237337357451));
#6518=CARTESIAN_POINT('Ctrl Pts',(51.2311597454787,7.22488159751937,5.26777449229771));
#6519=CARTESIAN_POINT('',(51.2311597454787,7.22488159751938,5.2677744922977));
#6520=CARTESIAN_POINT('Origin',(50.9055915910215,7.22488159751938,6.21329306789702));
#6521=CARTESIAN_POINT('Origin',(50.9055915910215,7.00745317543845,4.62686204611701));
#6522=CARTESIAN_POINT('Origin',(50.9055915910215,0.,6.21329306789702));
#6523=CARTESIAN_POINT('',(51.2311597454787,-7.22488159751938,5.26777449229771));
#6524=CARTESIAN_POINT('Origin',(50.9055915910215,-7.22488159751938,6.21329306789702));
#6525=CARTESIAN_POINT('',(51.2311597454787,0.,5.2677744922977));
#6526=CARTESIAN_POINT('Ctrl Pts',(51.9055915910215,-7.22488159751938,6.21329306789702));
#6527=CARTESIAN_POINT('Ctrl Pts',(51.9055915910215,-7.55921220534711,6.21329306789702));
#6528=CARTESIAN_POINT('Ctrl Pts',(51.9055915910215,-8.30728882244404,5.97195327632429));
#6529=CARTESIAN_POINT('Ctrl Pts',(51.9055915910215,-8.64940759319752,5.26763813150093));
#6530=CARTESIAN_POINT('Ctrl Pts',(51.9055915910215,-8.64940759319752,4.83693803243862));
#6531=CARTESIAN_POINT('Ctrl Pts',(51.9055915910215,-7.22488159751938,6.00676243974435));
#6532=CARTESIAN_POINT('Ctrl Pts',(51.9053821246954,-7.51782816032568,6.02009295368565));
#6533=CARTESIAN_POINT('Ctrl Pts',(51.9053831282173,-8.1803900025579,5.83113050307239));
#6534=CARTESIAN_POINT('Ctrl Pts',(51.905418859873,-8.47115443665376,5.21270174283258));
#6535=CARTESIAN_POINT('Ctrl Pts',(51.9055915910215,-8.45742137547814,4.83693803243862));
#6536=CARTESIAN_POINT('Ctrl Pts',(51.7733047989138,-7.22488159751938,5.59435925178476));
#6537=CARTESIAN_POINT('Ctrl Pts',(51.7909773723368,-7.43533208926205,5.63390358695102));
#6538=CARTESIAN_POINT('Ctrl Pts',(51.8178430327111,-7.9268191672659,5.54946875868068));
#6539=CARTESIAN_POINT('Ctrl Pts',(51.8085803480449,-8.11475788970088,5.1030964592304));
#6540=CARTESIAN_POINT('Ctrl Pts',(51.7917965779031,-8.07389934558713,4.83693803243862));
#6541=CARTESIAN_POINT('Ctrl Pts',(51.4264382908272,-7.22488159751938,5.33501428774424));
#6542=CARTESIAN_POINT('Ctrl Pts',(51.4838254106866,-7.38319944173072,5.37241731756162));
#6543=CARTESIAN_POINT('Ctrl Pts',(51.5766958147595,-7.73995198260629,5.33489876651868));
#6544=CARTESIAN_POINT('Ctrl Pts',(51.5438067797477,-7.85639283336967,5.02854600721888));
#6545=CARTESIAN_POINT('Ctrl Pts',(51.4877163712249,-7.81394996526691,4.83693803243862));
#6546=CARTESIAN_POINT('Ctrl Pts',(51.2311597454787,-7.22488159751938,5.2677744922977));
#6547=CARTESIAN_POINT('Ctrl Pts',(51.3065215809983,-7.36987838441279,5.2937236532553));
#6548=CARTESIAN_POINT('Ctrl Pts',(51.4330743837519,-7.67558219477054,5.25685268059166));
#6549=CARTESIAN_POINT('Ctrl Pts',(51.3874107844912,-7.76929104075639,5.00635772750288));
#6550=CARTESIAN_POINT('Ctrl Pts',(51.3123282340973,-7.73586213555492,4.83693803243862));
#6551=CARTESIAN_POINT('',(51.3123282340973,-7.73586213555491,4.83693803243862));
#6552=CARTESIAN_POINT('Origin',(50.9055915910215,-8.64940759319752,4.83693803243863));
#6553=CARTESIAN_POINT('Origin',(50.9055915910215,-7.00745317543844,4.62686204611701));
#6554=CARTESIAN_POINT('Origin',(50.9055915910215,-8.64940759319752,10.75));
#6555=CARTESIAN_POINT('',(51.3123282340973,-7.73586213555491,-4.83693803243861));
#6556=CARTESIAN_POINT('Origin',(50.9055915910215,-8.64940759319751,-4.83693803243861));
#6557=CARTESIAN_POINT('',(51.3123282340974,-7.73586213555492,10.75));
#6558=CARTESIAN_POINT('Ctrl Pts',(51.9055915910215,-8.64940759319751,-4.83693803243861));
#6559=CARTESIAN_POINT('Ctrl Pts',(51.9055915910215,-8.64940759319751,-5.26763813150092));
#6560=CARTESIAN_POINT('Ctrl Pts',(51.9055915910215,-8.30728882244404,-5.97195327632428));
#6561=CARTESIAN_POINT('Ctrl Pts',(51.9055915910215,-7.5592122053471,-6.213293067897));
#6562=CARTESIAN_POINT('Ctrl Pts',(51.9055915910215,-7.22488159751937,-6.21329306789701));
#6563=CARTESIAN_POINT('Ctrl Pts',(51.9055915910215,-8.45742137547814,-4.83693803243861));
#6564=CARTESIAN_POINT('Ctrl Pts',(51.905418859873,-8.47115443665376,-5.21270174283257));
#6565=CARTESIAN_POINT('Ctrl Pts',(51.9053831282173,-8.1803900025579,-5.83113050307238));
#6566=CARTESIAN_POINT('Ctrl Pts',(51.9053821246954,-7.51782816032568,-6.02009295368563));
#6567=CARTESIAN_POINT('Ctrl Pts',(51.9055915910215,-7.22488159751937,-6.00676243974434));
#6568=CARTESIAN_POINT('Ctrl Pts',(51.7917965779031,-8.07389934558713,-4.83693803243861));
#6569=CARTESIAN_POINT('Ctrl Pts',(51.8085803480449,-8.11475788970089,-5.10309645923039));
#6570=CARTESIAN_POINT('Ctrl Pts',(51.8178430327111,-7.92681916726589,-5.54946875868067));
#6571=CARTESIAN_POINT('Ctrl Pts',(51.7909773723368,-7.43533208926205,-5.63390358695101));
#6572=CARTESIAN_POINT('Ctrl Pts',(51.7733047989138,-7.22488159751937,-5.59435925178475));
#6573=CARTESIAN_POINT('Ctrl Pts',(51.4877163712249,-7.81394996526692,-4.83693803243861));
#6574=CARTESIAN_POINT('Ctrl Pts',(51.5438067797477,-7.85639283336967,-5.02854600721887));
#6575=CARTESIAN_POINT('Ctrl Pts',(51.5766958147595,-7.73995198260629,-5.33489876651867));
#6576=CARTESIAN_POINT('Ctrl Pts',(51.4838254106866,-7.38319944173072,-5.37241731756161));
#6577=CARTESIAN_POINT('Ctrl Pts',(51.4264382908272,-7.22488159751937,-5.33501428774423));
#6578=CARTESIAN_POINT('Ctrl Pts',(51.3123282340973,-7.73586213555492,-4.83693803243861));
#6579=CARTESIAN_POINT('Ctrl Pts',(51.3874107844912,-7.76929104075639,-5.00635772750286));
#6580=CARTESIAN_POINT('Ctrl Pts',(51.4330743837519,-7.67558219477054,-5.25685268059165));
#6581=CARTESIAN_POINT('Ctrl Pts',(51.3065215809983,-7.36987838441279,-5.29372365325529));
#6582=CARTESIAN_POINT('Ctrl Pts',(51.2311597454787,-7.22488159751937,-5.26777449229769));
#6583=CARTESIAN_POINT('',(51.2311597454787,-7.22488159751937,-5.26777449229769));
#6584=CARTESIAN_POINT('Origin',(50.9055915910215,-7.22488159751938,-6.213293067897));
#6585=CARTESIAN_POINT('Origin',(50.9055915910215,-7.00745317543844,-4.626862046117));
#6586=CARTESIAN_POINT('Origin',(50.9055915910215,0.,-6.21329306789701));
#6587=CARTESIAN_POINT('',(51.2311597454787,0.,-5.26777449229768));
#6588=CARTESIAN_POINT('Origin',(40.9055915910215,-3.10248446160609,0.));
#6589=CARTESIAN_POINT('',(41.2022232694836,-3.23455339382863,-1.35574971986518));
#6590=CARTESIAN_POINT('',(44.9492052855247,-4.90281727070532,-2.64593909448789));
#6591=CARTESIAN_POINT('',(41.2022232694836,-3.23455339382863,1.35574971986519));
#6592=CARTESIAN_POINT('',(41.2022232694836,-3.23455339382863,-0.856198126906839));
#6593=CARTESIAN_POINT('',(40.2771711189343,-2.82269364099773,1.03722872069807));
#6594=CARTESIAN_POINT('Origin',(45.1525736070626,-4.44604454188402,-2.64593909448789));
#6595=CARTESIAN_POINT('',(41.2428075137929,-2.77778066500733,-1.82850900766483));
#6596=CARTESIAN_POINT('',(44.989789529834,-4.44604454188402,-3.11869838228755));
#6597=CARTESIAN_POINT('Origin',(41.4055915910215,-2.77778066500733,-1.35574971986518));
#6598=CARTESIAN_POINT('Origin',(51.9055915910215,0.,-5.49999999999999));
#6599=CARTESIAN_POINT('',(41.2428075137929,2.77778066500735,-1.82850900766483));
#6600=CARTESIAN_POINT('',(49.9945790287844,6.6743203907477,-4.84198560547833));
#6601=CARTESIAN_POINT('',(41.2428075137929,0.,-1.82850900766483));
#6602=CARTESIAN_POINT('Origin',(50.157363106013,6.6743203907477,-4.36922631767867));
#6603=CARTESIAN_POINT('',(41.2022232694836,3.23455339382866,-1.35574971986518));
#6604=CARTESIAN_POINT('',(49.9539947844751,7.131093119569,-4.36922631767867));
#6605=CARTESIAN_POINT('Origin',(41.4055915910215,2.77778066500735,-1.35574971986518));
#6606=CARTESIAN_POINT('Ctrl Pts',(32.3093341337014,7.22488159751936,-41.0962574573201));
#6607=CARTESIAN_POINT('Ctrl Pts',(32.3093341337014,7.55921220534709,-41.0962574573201));
#6608=CARTESIAN_POINT('Ctrl Pts',(32.4800247754195,8.30724113579238,-40.9255668156021));
#6609=CARTESIAN_POINT('Ctrl Pts',(32.9780131518896,8.64940759319751,-40.4275784391319));
#6610=CARTESIAN_POINT('Ctrl Pts',(33.2825641125943,8.64940759319752,-40.1230274784272));
#6611=CARTESIAN_POINT('Ctrl Pts',(32.4553733413909,7.22488159751936,-40.9502182496306));
#6612=CARTESIAN_POINT('Ctrl Pts',(32.4457991295267,7.51782816032566,-40.9594962313756));
#6613=CARTESIAN_POINT('Ctrl Pts',(32.5794354207686,8.18034199627427,-40.8258259047588));
#6614=CARTESIAN_POINT('Ctrl Pts',(33.0167369054845,8.47115443665376,-40.3886104068042));
#6615=CARTESIAN_POINT('Ctrl Pts',(33.2825641125943,8.45742137547814,-40.1230274784272));
#6616=CARTESIAN_POINT('Ctrl Pts',(32.6534248575088,7.22488159751936,-40.5650608092791));
#6617=CARTESIAN_POINT('Ctrl Pts',(32.6379591864636,7.43533208926204,-40.6055192733411));
#6618=CARTESIAN_POINT('Ctrl Pts',(32.7167188957745,7.92677536615726,-40.5647730832313));
#6619=CARTESIAN_POINT('Ctrl Pts',(33.0257550062485,8.11476649523907,-40.2426232289903));
#6620=CARTESIAN_POINT('Ctrl Pts',(33.2020895170218,8.07390795112532,-40.0425528828547));
#6621=CARTESIAN_POINT('Ctrl Pts',(32.5915584671244,7.22488159751937,-40.1364080283065));
#6622=CARTESIAN_POINT('Ctrl Pts',(32.6056893527089,7.38319944173071,-40.2034347859326));
#6623=CARTESIAN_POINT('Ctrl Pts',(32.6978940045436,7.73991520930007,-40.2425408671196));
#6624=CARTESIAN_POINT('Ctrl Pts',(32.8912563209157,7.85639283336968,-40.0026942833417));
#6625=CARTESIAN_POINT('Ctrl Pts',(32.9870817109863,7.81394996526692,-39.8275450768192));
#6626=CARTESIAN_POINT('Ctrl Pts',(32.501021398814,7.22488159751937,-39.9507795293445));
#6627=CARTESIAN_POINT('Ctrl Pts',(32.5359614360734,7.36987838441279,-40.0224172219623));
#6628=CARTESIAN_POINT('Ctrl Pts',(32.6515227563133,7.675557382035,-40.0858002674034));
#6629=CARTESIAN_POINT('Ctrl Pts',(32.7963571351695,7.76929104075639,-39.8764161314954));
#6630=CARTESIAN_POINT('Ctrl Pts',(32.8630635698837,7.73586213555492,-39.7035269357166));
#6631=CARTESIAN_POINT('',(32.501021398814,7.22488159751937,-39.9507795293445));
#6632=CARTESIAN_POINT('Origin',(31.6022273525149,7.22488159751936,-40.3891506761336));
#6633=CARTESIAN_POINT('',(32.8630635698837,7.73586213555492,-39.7035269357166));
#6634=CARTESIAN_POINT('Origin',(32.5754573314078,8.64940759319752,-39.4159206972407));
#6635=CARTESIAN_POINT('Origin',(32.7240034859002,7.00745317543845,-39.2673745427482));
#6636=CARTESIAN_POINT('Origin',(43.5970869120796,8.64940759319751,-28.3942911165688));
#6637=CARTESIAN_POINT('',(39.7035269357166,7.73586213555491,-32.8630635698837));
#6638=CARTESIAN_POINT('Origin',(39.4159206972407,8.64940759319751,-32.5754573314077));
#6639=CARTESIAN_POINT('',(43.8846931505555,7.73586213555491,-28.6818973550448));
#6640=CARTESIAN_POINT('Ctrl Pts',(40.1230274784272,8.64940759319751,-33.2825641125943));
#6641=CARTESIAN_POINT('Ctrl Pts',(40.4275784391319,8.64940759319751,-32.9780131518896));
#6642=CARTESIAN_POINT('Ctrl Pts',(40.9255668156021,8.30724113579239,-32.4800247754195));
#6643=CARTESIAN_POINT('Ctrl Pts',(41.0962574573201,7.5592122053471,-32.3093341337014));
#6644=CARTESIAN_POINT('Ctrl Pts',(41.0962574573201,7.22488159751938,-32.3093341337014));
#6645=CARTESIAN_POINT('Ctrl Pts',(40.1230274784272,8.45742137547814,-33.2825641125943));
#6646=CARTESIAN_POINT('Ctrl Pts',(40.3886104068042,8.47115443665376,-33.0167369054845));
#6647=CARTESIAN_POINT('Ctrl Pts',(40.8258259047588,8.18034199627428,-32.5794354207686));
#6648=CARTESIAN_POINT('Ctrl Pts',(40.9594962313756,7.51782816032568,-32.4457991295267));
#6649=CARTESIAN_POINT('Ctrl Pts',(40.9502182496306,7.22488159751938,-32.4553733413909));
#6650=CARTESIAN_POINT('Ctrl Pts',(40.0425528828547,8.07390795112532,-33.2020895170217));
#6651=CARTESIAN_POINT('Ctrl Pts',(40.2426232289903,8.11476649523907,-33.0257550062485));
#6652=CARTESIAN_POINT('Ctrl Pts',(40.5647730832314,7.92677536615726,-32.7167188957745));
#6653=CARTESIAN_POINT('Ctrl Pts',(40.6055192733411,7.43533208926205,-32.6379591864636));
#6654=CARTESIAN_POINT('Ctrl Pts',(40.5650608092791,7.22488159751937,-32.6534248575088));
#6655=CARTESIAN_POINT('Ctrl Pts',(39.8275450768192,7.81394996526691,-32.9870817109862));
#6656=CARTESIAN_POINT('Ctrl Pts',(40.0026942833417,7.85639283336967,-32.8912563209157));
#6657=CARTESIAN_POINT('Ctrl Pts',(40.2425408671196,7.73991520930007,-32.6978940045436));
#6658=CARTESIAN_POINT('Ctrl Pts',(40.2034347859326,7.38319944173072,-32.6056893527089));
#6659=CARTESIAN_POINT('Ctrl Pts',(40.1364080283065,7.22488159751937,-32.5915584671244));
#6660=CARTESIAN_POINT('Ctrl Pts',(39.7035269357166,7.73586213555491,-32.8630635698837));
#6661=CARTESIAN_POINT('Ctrl Pts',(39.8764161314954,7.76929104075638,-32.7963571351695));
#6662=CARTESIAN_POINT('Ctrl Pts',(40.0858002674035,7.675557382035,-32.6515227563133));
#6663=CARTESIAN_POINT('Ctrl Pts',(40.0224172219623,7.36987838441279,-32.5359614360734));
#6664=CARTESIAN_POINT('Ctrl Pts',(39.9507795293445,7.22488159751937,-32.501021398814));
#6665=CARTESIAN_POINT('',(39.9507795293445,7.22488159751937,-32.501021398814));
#6666=CARTESIAN_POINT('Origin',(40.3891506761336,7.22488159751938,-31.6022273525149));
#6667=CARTESIAN_POINT('Origin',(39.2673745427482,7.00745317543844,-32.7240034859002));
#6668=CARTESIAN_POINT('Origin',(40.3891506761336,0.,-31.6022273525149));
#6669=CARTESIAN_POINT('',(39.9507795293445,-7.22488159751937,-32.501021398814));
#6670=CARTESIAN_POINT('Origin',(40.3891506761336,-7.22488159751937,-31.6022273525149));
#6671=CARTESIAN_POINT('',(39.9507795293445,0.,-32.501021398814));
#6672=CARTESIAN_POINT('Ctrl Pts',(41.0962574573201,-7.22488159751936,-32.3093341337014));
#6673=CARTESIAN_POINT('Ctrl Pts',(41.0962574573201,-7.55921220534709,-32.3093341337014));
#6674=CARTESIAN_POINT('Ctrl Pts',(40.9255668156021,-8.30724113579239,-32.4800247754194));
#6675=CARTESIAN_POINT('Ctrl Pts',(40.4275784391319,-8.64940759319751,-32.9780131518896));
#6676=CARTESIAN_POINT('Ctrl Pts',(40.1230274784272,-8.64940759319751,-33.2825641125943));
#6677=CARTESIAN_POINT('Ctrl Pts',(40.9502182496307,-7.22488159751936,-32.4553733413909));
#6678=CARTESIAN_POINT('Ctrl Pts',(40.9594962313756,-7.51782816032567,-32.4457991295266));
#6679=CARTESIAN_POINT('Ctrl Pts',(40.8258259047588,-8.18034199627427,-32.5794354207685));
#6680=CARTESIAN_POINT('Ctrl Pts',(40.3886104068042,-8.47115443665376,-33.0167369054845));
#6681=CARTESIAN_POINT('Ctrl Pts',(40.1230274784272,-8.45742137547814,-33.2825641125943));
#6682=CARTESIAN_POINT('Ctrl Pts',(40.5650608092791,-7.22488159751937,-32.6534248575088));
#6683=CARTESIAN_POINT('Ctrl Pts',(40.6055192733411,-7.43533208926204,-32.6379591864636));
#6684=CARTESIAN_POINT('Ctrl Pts',(40.5647730832314,-7.92677536615726,-32.7167188957745));
#6685=CARTESIAN_POINT('Ctrl Pts',(40.2426232289903,-8.11476649523908,-33.0257550062485));
#6686=CARTESIAN_POINT('Ctrl Pts',(40.0425528828547,-8.07390795112532,-33.2020895170217));
#6687=CARTESIAN_POINT('Ctrl Pts',(40.1364080283065,-7.22488159751937,-32.5915584671244));
#6688=CARTESIAN_POINT('Ctrl Pts',(40.2034347859326,-7.38319944173072,-32.6056893527089));
#6689=CARTESIAN_POINT('Ctrl Pts',(40.2425408671197,-7.73991520930007,-32.6978940045436));
#6690=CARTESIAN_POINT('Ctrl Pts',(40.0026942833417,-7.85639283336968,-32.8912563209157));
#6691=CARTESIAN_POINT('Ctrl Pts',(39.8275450768192,-7.81394996526692,-32.9870817109862));
#6692=CARTESIAN_POINT('Ctrl Pts',(39.9507795293445,-7.22488159751937,-32.501021398814));
#6693=CARTESIAN_POINT('Ctrl Pts',(40.0224172219623,-7.36987838441279,-32.5359614360734));
#6694=CARTESIAN_POINT('Ctrl Pts',(40.0858002674035,-7.67555738203501,-32.6515227563133));
#6695=CARTESIAN_POINT('Ctrl Pts',(39.8764161314954,-7.76929104075639,-32.7963571351695));
#6696=CARTESIAN_POINT('Ctrl Pts',(39.7035269357166,-7.73586213555492,-32.8630635698837));
#6697=CARTESIAN_POINT('',(39.7035269357166,-7.73586213555491,-32.8630635698837));
#6698=CARTESIAN_POINT('Origin',(39.4159206972407,-8.64940759319751,-32.5754573314077));
#6699=CARTESIAN_POINT('Origin',(39.2673745427482,-7.00745317543844,-32.7240034859002));
#6700=CARTESIAN_POINT('Origin',(43.5970869120796,-8.64940759319751,-28.3942911165688));
#6701=CARTESIAN_POINT('',(32.8630635698837,-7.73586213555491,-39.7035269357166));
#6702=CARTESIAN_POINT('Origin',(32.5754573314078,-8.64940759319751,-39.4159206972407));
#6703=CARTESIAN_POINT('',(43.8846931505556,-7.73586213555491,-28.6818973550448));
#6704=CARTESIAN_POINT('Ctrl Pts',(33.2825641125943,-8.64940759319752,-40.1230274784272));
#6705=CARTESIAN_POINT('Ctrl Pts',(32.9780131518896,-8.64940759319752,-40.4275784391319));
#6706=CARTESIAN_POINT('Ctrl Pts',(32.4800247754195,-8.3072411357924,-40.9255668156021));
#6707=CARTESIAN_POINT('Ctrl Pts',(32.3093341337014,-7.5592122053471,-41.0962574573201));
#6708=CARTESIAN_POINT('Ctrl Pts',(32.3093341337014,-7.22488159751937,-41.0962574573201));
#6709=CARTESIAN_POINT('Ctrl Pts',(33.2825641125943,-8.45742137547814,-40.1230274784272));
#6710=CARTESIAN_POINT('Ctrl Pts',(33.0167369054845,-8.47115443665376,-40.3886104068042));
#6711=CARTESIAN_POINT('Ctrl Pts',(32.5794354207686,-8.18034199627428,-40.8258259047588));
#6712=CARTESIAN_POINT('Ctrl Pts',(32.4457991295267,-7.51782816032567,-40.9594962313756));
#6713=CARTESIAN_POINT('Ctrl Pts',(32.4553733413909,-7.22488159751937,-40.9502182496306));
#6714=CARTESIAN_POINT('Ctrl Pts',(33.2020895170218,-8.07390795112532,-40.0425528828547));
#6715=CARTESIAN_POINT('Ctrl Pts',(33.0257550062485,-8.11476649523908,-40.2426232289903));
#6716=CARTESIAN_POINT('Ctrl Pts',(32.7167188957745,-7.92677536615727,-40.5647730832313));
#6717=CARTESIAN_POINT('Ctrl Pts',(32.6379591864636,-7.43533208926204,-40.6055192733411));
#6718=CARTESIAN_POINT('Ctrl Pts',(32.6534248575088,-7.22488159751937,-40.5650608092791));
#6719=CARTESIAN_POINT('Ctrl Pts',(32.9870817109863,-7.81394996526692,-39.8275450768192));
#6720=CARTESIAN_POINT('Ctrl Pts',(32.8912563209157,-7.85639283336968,-40.0026942833417));
#6721=CARTESIAN_POINT('Ctrl Pts',(32.6978940045436,-7.73991520930008,-40.2425408671197));
#6722=CARTESIAN_POINT('Ctrl Pts',(32.6056893527089,-7.38319944173072,-40.2034347859326));
#6723=CARTESIAN_POINT('Ctrl Pts',(32.5915584671244,-7.22488159751937,-40.1364080283065));
#6724=CARTESIAN_POINT('Ctrl Pts',(32.8630635698837,-7.73586213555492,-39.7035269357166));
#6725=CARTESIAN_POINT('Ctrl Pts',(32.7963571351695,-7.76929104075639,-39.8764161314954));
#6726=CARTESIAN_POINT('Ctrl Pts',(32.6515227563133,-7.67555738203501,-40.0858002674035));
#6727=CARTESIAN_POINT('Ctrl Pts',(32.5359614360734,-7.36987838441279,-40.0224172219623));
#6728=CARTESIAN_POINT('Ctrl Pts',(32.501021398814,-7.22488159751937,-39.9507795293445));
#6729=CARTESIAN_POINT('',(32.5010213988141,-7.22488159751938,-39.9507795293445));
#6730=CARTESIAN_POINT('Origin',(31.6022273525149,-7.22488159751937,-40.3891506761336));
#6731=CARTESIAN_POINT('Origin',(32.7240034859002,-7.00745317543845,-39.2673745427482));
#6732=CARTESIAN_POINT('Origin',(31.6022273525149,0.,-40.3891506761336));
#6733=CARTESIAN_POINT('',(32.5010213988141,0.,-39.9507795293445));
#6734=CARTESIAN_POINT('Origin',(28.9246212024587,-3.10248446160609,-28.9246212024587));
#6735=CARTESIAN_POINT('',(28.1757116533056,-3.23455339382863,-30.0930312943225));
#6736=CARTESIAN_POINT('',(29.9129263900217,-4.90281727070532,-33.6548493426597));
#6737=CARTESIAN_POINT('',(30.0930312943225,-3.23455339382863,-28.1757116533056));
#6738=CARTESIAN_POINT('',(28.528947972239,-3.23455339382863,-29.7397949753891));
#6739=CARTESIAN_POINT('',(29.2136922872565,-2.82269364099773,-27.7468293631624));
#6740=CARTESIAN_POINT('Origin',(30.0567295092597,-4.44604454188402,-33.7986524618976));
#6741=CARTESIAN_POINT('',(27.870117749394,-2.77778066500734,-30.456019986955));
#6742=CARTESIAN_POINT('',(29.6073324861101,-4.44604454188402,-34.0178380352922));
#6743=CARTESIAN_POINT('Origin',(28.3195147725436,-2.77778066500734,-30.2368344135604));
#6744=CARTESIAN_POINT('Origin',(32.8137084989848,0.,-40.5918830920368));
#6745=CARTESIAN_POINT('',(27.870117749394,2.77778066500736,-30.456019986955));
#6746=CARTESIAN_POINT('',(31.9277049977789,6.6743203907477,-38.7753067098616));
#6747=CARTESIAN_POINT('',(27.870117749394,0.,-30.456019986955));
#6748=CARTESIAN_POINT('Origin',(32.3771020209284,6.6743203907477,-38.5561211364671));
#6749=CARTESIAN_POINT('',(28.1757116533056,3.23455339382866,-30.0930312943225));
#6750=CARTESIAN_POINT('',(32.2332989016905,7.131093119569,-38.4123180172291));
#6751=CARTESIAN_POINT('Origin',(28.3195147725436,2.77778066500736,-30.2368344135604));
#6752=CARTESIAN_POINT('Ctrl Pts',(-4.8369380324386,-8.64940759319751,-51.9055915910215));
#6753=CARTESIAN_POINT('Ctrl Pts',(-5.15996310673533,-8.64940759319752,-51.9055915910215));
#6754=CARTESIAN_POINT('Ctrl Pts',(-5.88274319075893,-8.39962116598225,-51.9055915910215));
#6755=CARTESIAN_POINT('Ctrl Pts',(-6.213293067897,-7.67065574128968,-51.9055915910215));
#6756=CARTESIAN_POINT('Ctrl Pts',(-6.213293067897,-7.22488159751938,-51.9055915910215));
#6757=CARTESIAN_POINT('Ctrl Pts',(-4.8369380324386,-8.45742137547814,-51.9055915910215));
#6758=CARTESIAN_POINT('Ctrl Pts',(-5.11876081523406,-8.46772117135985,-51.9054620426602));
#6759=CARTESIAN_POINT('Ctrl Pts',(-5.75321330278477,-8.26255131080643,-51.9054288990909));
#6760=CARTESIAN_POINT('Ctrl Pts',(-6.02453645833272,-7.61547701459445,-51.9053123025867));
#6761=CARTESIAN_POINT('Ctrl Pts',(-6.00676243974434,-7.22488159751938,-51.9055915910215));
#6762=CARTESIAN_POINT('Ctrl Pts',(-4.8369380324386,-8.07389934558713,-51.7917965779031));
#6763=CARTESIAN_POINT('Ctrl Pts',(-5.03655685253244,-8.10454325367245,-51.8043844055095));
#6764=CARTESIAN_POINT('Ctrl Pts',(-5.49431891016725,-7.9884901367515,-51.8187782335475));
#6765=CARTESIAN_POINT('Ctrl Pts',(-5.64708503200642,-7.50548225317627,-51.7968682301444));
#6766=CARTESIAN_POINT('Ctrl Pts',(-5.59435925178474,-7.22488159751937,-51.7733047989138));
#6767=CARTESIAN_POINT('Ctrl Pts',(-4.8369380324386,-7.81394996526692,-51.4877163712249));
#6768=CARTESIAN_POINT('Ctrl Pts',(-4.98064401352379,-7.84578211634399,-51.529784177617));
#6769=CARTESIAN_POINT('Ctrl Pts',(-5.29889435903307,-7.78222457725638,-51.5803509875315));
#6770=CARTESIAN_POINT('Ctrl Pts',(-5.3848849941674,-7.43597205646784,-51.5029544506397));
#6771=CARTESIAN_POINT('Ctrl Pts',(-5.33501428774422,-7.22488159751937,-51.4264382908272));
#6772=CARTESIAN_POINT('Ctrl Pts',(-4.8369380324386,-7.73586213555492,-51.3123282340973));
#6773=CARTESIAN_POINT('Ctrl Pts',(-4.96400280373679,-7.76093381445602,-51.3686401468927));
#6774=CARTESIAN_POINT('Ctrl Pts',(-5.22892750397767,-7.70870200495468,-51.438335415701));
#6775=CARTESIAN_POINT('Ctrl Pts',(-5.30237337357448,-7.4182106467106,-51.3316421928382));
#6776=CARTESIAN_POINT('Ctrl Pts',(-5.26777449229768,-7.22488159751937,-51.2311597454787));
#6777=CARTESIAN_POINT('',(-4.8369380324386,-7.73586213555491,-51.3123282340973));
#6778=CARTESIAN_POINT('Origin',(-4.8369380324386,-8.64940759319751,-50.9055915910215));
#6779=CARTESIAN_POINT('',(-5.26777449229768,-7.22488159751938,-51.2311597454787));
#6780=CARTESIAN_POINT('Origin',(-6.21329306789699,-7.22488159751938,-50.9055915910215));
#6781=CARTESIAN_POINT('Origin',(-4.62686204611699,-7.00745317543845,-50.9055915910215));
#6782=CARTESIAN_POINT('Origin',(-6.21329306789699,0.,-50.9055915910215));
#6783=CARTESIAN_POINT('',(-5.26777449229768,7.22488159751938,-51.2311597454787));
#6784=CARTESIAN_POINT('Origin',(-6.21329306789699,7.22488159751938,-50.9055915910215));
#6785=CARTESIAN_POINT('',(-5.26777449229767,0.,-51.2311597454787));
#6786=CARTESIAN_POINT('Ctrl Pts',(-6.213293067897,7.22488159751937,-51.9055915910215));
#6787=CARTESIAN_POINT('Ctrl Pts',(-6.213293067897,7.5592122053471,-51.9055915910215));
#6788=CARTESIAN_POINT('Ctrl Pts',(-5.97195327632427,8.30728882244404,-51.9055915910215));
#6789=CARTESIAN_POINT('Ctrl Pts',(-5.26763813150091,8.64940759319752,-51.9055915910215));
#6790=CARTESIAN_POINT('Ctrl Pts',(-4.8369380324386,8.64940759319752,-51.9055915910215));
#6791=CARTESIAN_POINT('Ctrl Pts',(-6.00676243974433,7.22488159751937,-51.9055915910215));
#6792=CARTESIAN_POINT('Ctrl Pts',(-6.02009295368563,7.51782816032568,-51.9053821246954));
#6793=CARTESIAN_POINT('Ctrl Pts',(-5.83113050307237,8.1803900025579,-51.9053831282173));
#6794=CARTESIAN_POINT('Ctrl Pts',(-5.21270174283256,8.47115443665376,-51.905418859873));
#6795=CARTESIAN_POINT('Ctrl Pts',(-4.8369380324386,8.45742137547814,-51.9055915910215));
#6796=CARTESIAN_POINT('Ctrl Pts',(-5.59435925178474,7.22488159751937,-51.7733047989138));
#6797=CARTESIAN_POINT('Ctrl Pts',(-5.633903586951,7.43533208926205,-51.7909773723368));
#6798=CARTESIAN_POINT('Ctrl Pts',(-5.54946875868066,7.9268191672659,-51.8178430327111));
#6799=CARTESIAN_POINT('Ctrl Pts',(-5.10309645923039,8.11475788970089,-51.8085803480449));
#6800=CARTESIAN_POINT('Ctrl Pts',(-4.8369380324386,8.07389934558714,-51.7917965779031));
#6801=CARTESIAN_POINT('Ctrl Pts',(-5.33501428774422,7.22488159751938,-51.4264382908272));
#6802=CARTESIAN_POINT('Ctrl Pts',(-5.3724173175616,7.38319944173072,-51.4838254106866));
#6803=CARTESIAN_POINT('Ctrl Pts',(-5.33489876651866,7.73995198260629,-51.5766958147595));
#6804=CARTESIAN_POINT('Ctrl Pts',(-5.02854600721886,7.85639283336968,-51.5438067797477));
#6805=CARTESIAN_POINT('Ctrl Pts',(-4.8369380324386,7.81394996526692,-51.4877163712249));
#6806=CARTESIAN_POINT('Ctrl Pts',(-5.26777449229768,7.22488159751938,-51.2311597454787));
#6807=CARTESIAN_POINT('Ctrl Pts',(-5.29372365325528,7.36987838441279,-51.3065215809983));
#6808=CARTESIAN_POINT('Ctrl Pts',(-5.25685268059164,7.67558219477054,-51.4330743837519));
#6809=CARTESIAN_POINT('Ctrl Pts',(-5.00635772750286,7.76929104075639,-51.3874107844912));
#6810=CARTESIAN_POINT('Ctrl Pts',(-4.8369380324386,7.73586213555492,-51.3123282340973));
#6811=CARTESIAN_POINT('',(-4.8369380324386,7.73586213555491,-51.3123282340973));
#6812=CARTESIAN_POINT('Origin',(-4.8369380324386,8.64940759319752,-50.9055915910215));
#6813=CARTESIAN_POINT('Origin',(-4.62686204611699,7.00745317543845,-50.9055915910215));
#6814=CARTESIAN_POINT('Origin',(10.75,8.64940759319752,-50.9055915910215));
#6815=CARTESIAN_POINT('',(4.83693803243863,7.73586213555492,-51.3123282340973));
#6816=CARTESIAN_POINT('Origin',(4.83693803243863,8.64940759319752,-50.9055915910215));
#6817=CARTESIAN_POINT('',(10.75,7.73586213555492,-51.3123282340973));
#6818=CARTESIAN_POINT('Ctrl Pts',(4.83693803243863,8.64940759319752,-51.9055915910215));
#6819=CARTESIAN_POINT('Ctrl Pts',(5.15996310673536,8.64940759319752,-51.9055915910215));
#6820=CARTESIAN_POINT('Ctrl Pts',(5.88274319075896,8.39962116598226,-51.9055915910215));
#6821=CARTESIAN_POINT('Ctrl Pts',(6.21329306789703,7.67065574128968,-51.9055915910215));
#6822=CARTESIAN_POINT('Ctrl Pts',(6.21329306789703,7.22488159751938,-51.9055915910215));
#6823=CARTESIAN_POINT('Ctrl Pts',(4.83693803243863,8.45742137547814,-51.9055915910215));
#6824=CARTESIAN_POINT('Ctrl Pts',(5.1187608152341,8.46772117135986,-51.9054620426602));
#6825=CARTESIAN_POINT('Ctrl Pts',(5.7532133027848,8.26255131080644,-51.9054288990909));
#6826=CARTESIAN_POINT('Ctrl Pts',(6.02453645833275,7.61547701459445,-51.9053123025867));
#6827=CARTESIAN_POINT('Ctrl Pts',(6.00676243974436,7.22488159751938,-51.9055915910215));
#6828=CARTESIAN_POINT('Ctrl Pts',(4.83693803243863,8.07389934558714,-51.7917965779031));
#6829=CARTESIAN_POINT('Ctrl Pts',(5.03655685253247,8.10454325367246,-51.8043844055095));
#6830=CARTESIAN_POINT('Ctrl Pts',(5.49431891016729,7.98849013675151,-51.8187782335476));
#6831=CARTESIAN_POINT('Ctrl Pts',(5.64708503200645,7.50548225317627,-51.7968682301444));
#6832=CARTESIAN_POINT('Ctrl Pts',(5.59435925178477,7.22488159751938,-51.7733047989138));
#6833=CARTESIAN_POINT('Ctrl Pts',(4.83693803243863,7.81394996526692,-51.4877163712249));
#6834=CARTESIAN_POINT('Ctrl Pts',(4.98064401352382,7.84578211634399,-51.529784177617));
#6835=CARTESIAN_POINT('Ctrl Pts',(5.2988943590331,7.78222457725639,-51.5803509875316));
#6836=CARTESIAN_POINT('Ctrl Pts',(5.38488499416743,7.43597205646784,-51.5029544506397));
#6837=CARTESIAN_POINT('Ctrl Pts',(5.33501428774425,7.22488159751938,-51.4264382908272));
#6838=CARTESIAN_POINT('Ctrl Pts',(4.83693803243863,7.73586213555492,-51.3123282340973));
#6839=CARTESIAN_POINT('Ctrl Pts',(4.96400280373682,7.76093381445602,-51.3686401468927));
#6840=CARTESIAN_POINT('Ctrl Pts',(5.22892750397771,7.70870200495469,-51.4383354157011));
#6841=CARTESIAN_POINT('Ctrl Pts',(5.30237337357451,7.4182106467106,-51.3316421928382));
#6842=CARTESIAN_POINT('Ctrl Pts',(5.26777449229771,7.22488159751938,-51.2311597454787));
#6843=CARTESIAN_POINT('',(5.26777449229771,7.22488159751938,-51.2311597454787));
#6844=CARTESIAN_POINT('Origin',(6.21329306789703,7.22488159751938,-50.9055915910215));
#6845=CARTESIAN_POINT('Origin',(4.62686204611702,7.00745317543845,-50.9055915910215));
#6846=CARTESIAN_POINT('Origin',(6.21329306789703,0.,-50.9055915910215));
#6847=CARTESIAN_POINT('',(5.26777449229771,-7.22488159751938,-51.2311597454787));
#6848=CARTESIAN_POINT('Origin',(6.21329306789703,-7.22488159751938,-50.9055915910215));
#6849=CARTESIAN_POINT('',(5.26777449229771,0.,-51.2311597454787));
#6850=CARTESIAN_POINT('Ctrl Pts',(6.21329306789702,-7.22488159751938,-51.9055915910215));
#6851=CARTESIAN_POINT('Ctrl Pts',(6.21329306789702,-7.67065574128969,-51.9055915910215));
#6852=CARTESIAN_POINT('Ctrl Pts',(5.88274319075896,-8.39962116598226,-51.9055915910215));
#6853=CARTESIAN_POINT('Ctrl Pts',(5.15996310673536,-8.64940759319752,-51.9055915910215));
#6854=CARTESIAN_POINT('Ctrl Pts',(4.83693803243862,-8.64940759319752,-51.9055915910215));
#6855=CARTESIAN_POINT('Ctrl Pts',(6.00676243974436,-7.22488159751938,-51.9055915910215));
#6856=CARTESIAN_POINT('Ctrl Pts',(6.02453645833275,-7.61547701459446,-51.9053123025867));
#6857=CARTESIAN_POINT('Ctrl Pts',(5.7532133027848,-8.26255131080644,-51.9054288990909));
#6858=CARTESIAN_POINT('Ctrl Pts',(5.11876081523409,-8.46772117135986,-51.9054620426602));
#6859=CARTESIAN_POINT('Ctrl Pts',(4.83693803243862,-8.45742137547814,-51.9055915910215));
#6860=CARTESIAN_POINT('Ctrl Pts',(5.59435925178477,-7.22488159751938,-51.7733047989138));
#6861=CARTESIAN_POINT('Ctrl Pts',(5.64708503200644,-7.50548225317628,-51.7968682301444));
#6862=CARTESIAN_POINT('Ctrl Pts',(5.49431891016728,-7.98849013675151,-51.8187782335476));
#6863=CARTESIAN_POINT('Ctrl Pts',(5.03655685253246,-8.10454325367245,-51.8043844055095));
#6864=CARTESIAN_POINT('Ctrl Pts',(4.83693803243862,-8.07389934558713,-51.7917965779031));
#6865=CARTESIAN_POINT('Ctrl Pts',(5.33501428774425,-7.22488159751938,-51.4264382908272));
#6866=CARTESIAN_POINT('Ctrl Pts',(5.38488499416742,-7.43597205646785,-51.5029544506397));
#6867=CARTESIAN_POINT('Ctrl Pts',(5.2988943590331,-7.78222457725639,-51.5803509875316));
#6868=CARTESIAN_POINT('Ctrl Pts',(4.98064401352382,-7.84578211634399,-51.529784177617));
#6869=CARTESIAN_POINT('Ctrl Pts',(4.83693803243863,-7.81394996526692,-51.4877163712249));
#6870=CARTESIAN_POINT('Ctrl Pts',(5.26777449229771,-7.22488159751938,-51.2311597454787));
#6871=CARTESIAN_POINT('Ctrl Pts',(5.30237337357451,-7.41821064671061,-51.3316421928382));
#6872=CARTESIAN_POINT('Ctrl Pts',(5.2289275039777,-7.70870200495469,-51.438335415701));
#6873=CARTESIAN_POINT('Ctrl Pts',(4.96400280373682,-7.76093381445602,-51.3686401468927));
#6874=CARTESIAN_POINT('Ctrl Pts',(4.83693803243863,-7.73586213555492,-51.3123282340973));
#6875=CARTESIAN_POINT('',(4.83693803243863,-7.73586213555491,-51.3123282340973));
#6876=CARTESIAN_POINT('Origin',(4.83693803243863,-8.64940759319752,-50.9055915910215));
#6877=CARTESIAN_POINT('Origin',(4.62686204611702,-7.00745317543845,-50.9055915910215));
#6878=CARTESIAN_POINT('Origin',(10.75,-8.64940759319752,-50.9055915910215));
#6879=CARTESIAN_POINT('',(10.75,-7.73586213555492,-51.3123282340973));
#6880=CARTESIAN_POINT('Origin',(1.7123962538137,0.,-40.9055915910215));
#6881=CARTESIAN_POINT('',(1.82850900766485,-2.77778066500734,-41.2428075137929));
#6882=CARTESIAN_POINT('',(1.50998800849774,-2.36592091217644,-40.3177553632436));
#6883=CARTESIAN_POINT('',(1.82850900766485,2.77778066500736,-41.2428075137929));
#6884=CARTESIAN_POINT('',(1.82850900766485,0.,-41.2428075137929));
#6885=CARTESIAN_POINT('',(3.23327523168852,4.59419676104012,-45.3225448621941));
#6886=CARTESIAN_POINT('Origin',(1.03722872069808,-2.36592091217644,-40.4805394404722));
#6887=CARTESIAN_POINT('',(1.35574971986519,-3.23455339382863,-41.2022232694836));
#6888=CARTESIAN_POINT('',(1.03722872069808,-2.82269364099774,-40.2771711189343));
#6889=CARTESIAN_POINT('Origin',(1.35574971986519,-2.77778066500733,-41.4055915910215));
#6890=CARTESIAN_POINT('Origin',(4.44089209850063E-15,-3.10248446160609,
-40.9055915910215));
#6891=CARTESIAN_POINT('',(-1.35574971986517,-3.23455339382863,-41.2022232694836));
#6892=CARTESIAN_POINT('',(-2.64593909448788,-4.90281727070532,-44.9492052855247));
#6893=CARTESIAN_POINT('',(-0.856198126906835,-3.23455339382863,-41.2022232694836));
#6894=CARTESIAN_POINT('Origin',(-2.64593909448788,-4.44604454188402,-45.1525736070626));
#6895=CARTESIAN_POINT('',(-1.82850900766483,-2.77778066500733,-41.2428075137929));
#6896=CARTESIAN_POINT('',(-3.11869838228754,-4.44604454188402,-44.989789529834));
#6897=CARTESIAN_POINT('Origin',(-1.35574971986517,-2.77778066500733,-41.4055915910215));
#6898=CARTESIAN_POINT('Ctrl Pts',(-40.1230274784272,-8.64940759319752,-33.2825641125943));
#6899=CARTESIAN_POINT('Ctrl Pts',(-40.3514406989557,-8.64940759319751,-33.0541508920658));
#6900=CARTESIAN_POINT('Ctrl Pts',(-40.8624908183619,-8.39956607411182,-32.5431007726596));
#6901=CARTESIAN_POINT('Ctrl Pts',(-41.0962574573201,-7.67065574128967,-32.3093341337014));
#6902=CARTESIAN_POINT('Ctrl Pts',(-41.0962574573201,-7.22488159751937,-32.3093341337014));
#6903=CARTESIAN_POINT('Ctrl Pts',(-40.1230274784272,-8.45742137547814,-33.2825641125943));
#6904=CARTESIAN_POINT('Ctrl Pts',(-40.3222146747099,-8.46772117135985,-33.083193707262));
#6905=CARTESIAN_POINT('Ctrl Pts',(-40.7707683830125,-8.26249640988858,-32.6345605703462));
#6906=CARTESIAN_POINT('Ctrl Pts',(-40.9625888919572,-7.61547701459444,-32.4426077255719));
#6907=CARTESIAN_POINT('Ctrl Pts',(-40.9502182496306,-7.22488159751937,-32.4553733413909));
#6908=CARTESIAN_POINT('Ctrl Pts',(-40.0425528828547,-8.07390795112532,-33.2020895170218));
#6909=CARTESIAN_POINT('Ctrl Pts',(-40.1926056424564,-8.10455185921064,-33.0698386339418));
#6910=CARTESIAN_POINT('Ctrl Pts',(-40.5264441070152,-7.98843691535378,-32.7563706874139));
#6911=CARTESIAN_POINT('Ctrl Pts',(-40.6190054280284,-7.50548225317627,-32.6328039627819));
#6912=CARTESIAN_POINT('Ctrl Pts',(-40.5650608092791,-7.22488159751937,-32.6534248575088));
#6913=CARTESIAN_POINT('Ctrl Pts',(-39.8275450768192,-7.81394996526692,-32.9870817109863));
#6914=CARTESIAN_POINT('Ctrl Pts',(-39.9589069817111,-7.84578211634398,-32.9152126684334));
#6915=CARTESIAN_POINT('Ctrl Pts',(-40.2196657744578,-7.78218698804782,-32.7259389678841));
#6916=CARTESIAN_POINT('Ctrl Pts',(-40.2257770384747,-7.43597205646784,-32.6103996479038));
#6917=CARTESIAN_POINT('Ctrl Pts',(-40.1364080283065,-7.22488159751937,-32.5915584671244));
#6918=CARTESIAN_POINT('Ctrl Pts',(-39.7035269357166,-7.73586213555492,-32.8630635698837));
#6919=CARTESIAN_POINT('Ctrl Pts',(-39.8331938325507,-7.76093381445602,-32.8130337438481));
#6920=CARTESIAN_POINT('Ctrl Pts',(-40.0697755823326,-7.70867453595125,-32.6749870673996));
#6921=CARTESIAN_POINT('Ctrl Pts',(-40.0462964528349,-7.4182106467106,-32.5476081151599));
#6922=CARTESIAN_POINT('Ctrl Pts',(-39.9507795293445,-7.22488159751937,-32.501021398814));
#6923=CARTESIAN_POINT('',(-39.7035269357166,-7.73586213555491,-32.8630635698837));
#6924=CARTESIAN_POINT('Origin',(-39.4159206972407,-8.64940759319752,-32.5754573314078));
#6925=CARTESIAN_POINT('',(-39.9507795293445,-7.22488159751937,-32.5010213988141));
#6926=CARTESIAN_POINT('Origin',(-40.3891506761336,-7.22488159751937,-31.6022273525149));
#6927=CARTESIAN_POINT('Origin',(-39.2673745427482,-7.00745317543845,-32.7240034859002));
#6928=CARTESIAN_POINT('Origin',(-40.3891506761336,0.,-31.6022273525149));
#6929=CARTESIAN_POINT('',(-39.9507795293445,7.22488159751938,-32.5010213988141));
#6930=CARTESIAN_POINT('Origin',(-40.3891506761336,7.22488159751938,-31.6022273525149));
#6931=CARTESIAN_POINT('',(-39.9507795293445,0.,-32.5010213988141));
#6932=CARTESIAN_POINT('Ctrl Pts',(-41.0962574573201,7.22488159751936,-32.3093341337014));
#6933=CARTESIAN_POINT('Ctrl Pts',(-41.0962574573201,7.67065574128967,-32.3093341337014));
#6934=CARTESIAN_POINT('Ctrl Pts',(-40.8624908183619,8.39956607411183,-32.5431007726596));
#6935=CARTESIAN_POINT('Ctrl Pts',(-40.3514406989557,8.64940759319752,-33.0541508920658));
#6936=CARTESIAN_POINT('Ctrl Pts',(-40.1230274784272,8.64940759319752,-33.2825641125943));
#6937=CARTESIAN_POINT('Ctrl Pts',(-40.9502182496306,7.22488159751936,-32.4553733413909));
#6938=CARTESIAN_POINT('Ctrl Pts',(-40.9625888919572,7.61547701459444,-32.4426077255719));
#6939=CARTESIAN_POINT('Ctrl Pts',(-40.7707683830125,8.26249640988858,-32.6345605703462));
#6940=CARTESIAN_POINT('Ctrl Pts',(-40.3222146747099,8.46772117135985,-33.083193707262));
#6941=CARTESIAN_POINT('Ctrl Pts',(-40.1230274784272,8.45742137547814,-33.2825641125943));
#6942=CARTESIAN_POINT('Ctrl Pts',(-40.5650608092791,7.22488159751936,-32.6534248575088));
#6943=CARTESIAN_POINT('Ctrl Pts',(-40.6190054280284,7.50548225317626,-32.6328039627818));
#6944=CARTESIAN_POINT('Ctrl Pts',(-40.5264441070152,7.98843691535378,-32.7563706874139));
#6945=CARTESIAN_POINT('Ctrl Pts',(-40.1926056424564,8.10455185921064,-33.0698386339418));
#6946=CARTESIAN_POINT('Ctrl Pts',(-40.0425528828547,8.07390795112532,-33.2020895170218));
#6947=CARTESIAN_POINT('Ctrl Pts',(-40.1364080283065,7.22488159751936,-32.5915584671244));
#6948=CARTESIAN_POINT('Ctrl Pts',(-40.2257770384747,7.43597205646783,-32.6103996479038));
#6949=CARTESIAN_POINT('Ctrl Pts',(-40.2196657744578,7.78218698804782,-32.7259389678841));
#6950=CARTESIAN_POINT('Ctrl Pts',(-39.9589069817111,7.84578211634399,-32.9152126684334));
#6951=CARTESIAN_POINT('Ctrl Pts',(-39.8275450768192,7.81394996526692,-32.9870817109863));
#6952=CARTESIAN_POINT('Ctrl Pts',(-39.9507795293445,7.22488159751937,-32.501021398814));
#6953=CARTESIAN_POINT('Ctrl Pts',(-40.0462964528349,7.41821064671059,-32.5476081151599));
#6954=CARTESIAN_POINT('Ctrl Pts',(-40.0697755823326,7.70867453595125,-32.6749870673996));
#6955=CARTESIAN_POINT('Ctrl Pts',(-39.8331938325507,7.76093381445602,-32.8130337438481));
#6956=CARTESIAN_POINT('Ctrl Pts',(-39.7035269357166,7.73586213555492,-32.8630635698837));
#6957=CARTESIAN_POINT('',(-39.7035269357166,7.73586213555492,-32.8630635698837));
#6958=CARTESIAN_POINT('Origin',(-39.4159206972407,8.64940759319752,-32.5754573314078));
#6959=CARTESIAN_POINT('Origin',(-39.2673745427482,7.00745317543845,-32.7240034859002));
#6960=CARTESIAN_POINT('Origin',(-28.3942911165688,8.64940759319751,-43.5970869120796));
#6961=CARTESIAN_POINT('',(-32.8630635698837,7.73586213555491,-39.7035269357166));
#6962=CARTESIAN_POINT('Origin',(-32.5754573314077,8.64940759319751,-39.4159206972407));
#6963=CARTESIAN_POINT('',(-28.6818973550448,7.73586213555491,-43.8846931505555));
#6964=CARTESIAN_POINT('Ctrl Pts',(-33.2825641125943,8.64940759319752,-40.1230274784272));
#6965=CARTESIAN_POINT('Ctrl Pts',(-33.0541508920658,8.64940759319752,-40.3514406989557));
#6966=CARTESIAN_POINT('Ctrl Pts',(-32.5431007726596,8.39956607411183,-40.8624908183619));
#6967=CARTESIAN_POINT('Ctrl Pts',(-32.3093341337014,7.67065574128968,-41.0962574573201));
#6968=CARTESIAN_POINT('Ctrl Pts',(-32.3093341337014,7.22488159751938,-41.0962574573201));
#6969=CARTESIAN_POINT('Ctrl Pts',(-33.2825641125943,8.45742137547814,-40.1230274784272));
#6970=CARTESIAN_POINT('Ctrl Pts',(-33.0831937072619,8.46772117135986,-40.3222146747099));
#6971=CARTESIAN_POINT('Ctrl Pts',(-32.6345605703462,8.26249640988858,-40.7707683830125));
#6972=CARTESIAN_POINT('Ctrl Pts',(-32.4426077255719,7.61547701459445,-40.9625888919573));
#6973=CARTESIAN_POINT('Ctrl Pts',(-32.4553733413909,7.22488159751938,-40.9502182496306));
#6974=CARTESIAN_POINT('Ctrl Pts',(-33.2020895170217,8.07390795112532,-40.0425528828547));
#6975=CARTESIAN_POINT('Ctrl Pts',(-33.0698386339418,8.10455185921064,-40.1926056424564));
#6976=CARTESIAN_POINT('Ctrl Pts',(-32.7563706874139,7.98843691535379,-40.5264441070152));
#6977=CARTESIAN_POINT('Ctrl Pts',(-32.6328039627818,7.50548225317627,-40.6190054280284));
#6978=CARTESIAN_POINT('Ctrl Pts',(-32.6534248575088,7.22488159751937,-40.5650608092791));
#6979=CARTESIAN_POINT('Ctrl Pts',(-32.9870817109863,7.81394996526692,-39.8275450768192));
#6980=CARTESIAN_POINT('Ctrl Pts',(-32.9152126684333,7.84578211634399,-39.9589069817111));
#6981=CARTESIAN_POINT('Ctrl Pts',(-32.7259389678841,7.78218698804782,-40.2196657744578));
#6982=CARTESIAN_POINT('Ctrl Pts',(-32.6103996479037,7.43597205646784,-40.2257770384747));
#6983=CARTESIAN_POINT('Ctrl Pts',(-32.5915584671244,7.22488159751937,-40.1364080283065));
#6984=CARTESIAN_POINT('Ctrl Pts',(-32.8630635698837,7.73586213555492,-39.7035269357166));
#6985=CARTESIAN_POINT('Ctrl Pts',(-32.813033743848,7.76093381445602,-39.8331938325507));
#6986=CARTESIAN_POINT('Ctrl Pts',(-32.6749870673996,7.70867453595125,-40.0697755823326));
#6987=CARTESIAN_POINT('Ctrl Pts',(-32.5476081151599,7.4182106467106,-40.0462964528349));
#6988=CARTESIAN_POINT('Ctrl Pts',(-32.501021398814,7.22488159751937,-39.9507795293445));
#6989=CARTESIAN_POINT('',(-32.501021398814,7.22488159751937,-39.9507795293445));
#6990=CARTESIAN_POINT('Origin',(-31.6022273525149,7.22488159751938,-40.3891506761336));
#6991=CARTESIAN_POINT('Origin',(-32.7240034859002,7.00745317543844,-39.2673745427482));
#6992=CARTESIAN_POINT('Origin',(-31.6022273525149,0.,-40.3891506761336));
#6993=CARTESIAN_POINT('',(-32.501021398814,-7.22488159751937,-39.9507795293445));
#6994=CARTESIAN_POINT('Origin',(-31.6022273525149,-7.22488159751937,-40.3891506761336));
#6995=CARTESIAN_POINT('',(-32.501021398814,0.,-39.9507795293445));
#6996=CARTESIAN_POINT('Ctrl Pts',(-32.3093341337014,-7.22488159751937,-41.0962574573201));
#6997=CARTESIAN_POINT('Ctrl Pts',(-32.3093341337014,-7.67065574128967,-41.0962574573201));
#6998=CARTESIAN_POINT('Ctrl Pts',(-32.5431007726596,-8.39956607411182,-40.8624908183619));
#6999=CARTESIAN_POINT('Ctrl Pts',(-33.0541508920658,-8.64940759319751,-40.3514406989557));
#7000=CARTESIAN_POINT('Ctrl Pts',(-33.2825641125943,-8.64940759319751,-40.1230274784272));
#7001=CARTESIAN_POINT('Ctrl Pts',(-32.4553733413909,-7.22488159751937,-40.9502182496307));
#7002=CARTESIAN_POINT('Ctrl Pts',(-32.4426077255719,-7.61547701459444,-40.9625888919573));
#7003=CARTESIAN_POINT('Ctrl Pts',(-32.6345605703462,-8.26249640988858,-40.7707683830125));
#7004=CARTESIAN_POINT('Ctrl Pts',(-33.0831937072619,-8.46772117135985,-40.32221467471));
#7005=CARTESIAN_POINT('Ctrl Pts',(-33.2825641125943,-8.45742137547814,-40.1230274784272));
#7006=CARTESIAN_POINT('Ctrl Pts',(-32.6534248575088,-7.22488159751937,-40.5650608092791));
#7007=CARTESIAN_POINT('Ctrl Pts',(-32.6328039627818,-7.50548225317627,-40.6190054280284));
#7008=CARTESIAN_POINT('Ctrl Pts',(-32.7563706874139,-7.98843691535379,-40.5264441070153));
#7009=CARTESIAN_POINT('Ctrl Pts',(-33.0698386339418,-8.10455185921064,-40.1926056424564));
#7010=CARTESIAN_POINT('Ctrl Pts',(-33.2020895170217,-8.07390795112532,-40.0425528828547));
#7011=CARTESIAN_POINT('Ctrl Pts',(-32.5915584671244,-7.22488159751937,-40.1364080283065));
#7012=CARTESIAN_POINT('Ctrl Pts',(-32.6103996479037,-7.43597205646783,-40.2257770384747));
#7013=CARTESIAN_POINT('Ctrl Pts',(-32.7259389678841,-7.78218698804783,-40.2196657744578));
#7014=CARTESIAN_POINT('Ctrl Pts',(-32.9152126684333,-7.84578211634399,-39.9589069817111));
#7015=CARTESIAN_POINT('Ctrl Pts',(-32.9870817109862,-7.81394996526692,-39.8275450768192));
#7016=CARTESIAN_POINT('Ctrl Pts',(-32.501021398814,-7.22488159751937,-39.9507795293445));
#7017=CARTESIAN_POINT('Ctrl Pts',(-32.5476081151598,-7.4182106467106,-40.0462964528349));
#7018=CARTESIAN_POINT('Ctrl Pts',(-32.6749870673996,-7.70867453595126,-40.0697755823326));
#7019=CARTESIAN_POINT('Ctrl Pts',(-32.813033743848,-7.76093381445602,-39.8331938325507));
#7020=CARTESIAN_POINT('Ctrl Pts',(-32.8630635698837,-7.73586213555492,-39.7035269357166));
#7021=CARTESIAN_POINT('',(-32.8630635698837,-7.73586213555491,-39.7035269357166));
#7022=CARTESIAN_POINT('Origin',(-32.5754573314077,-8.64940759319751,-39.4159206972407));
#7023=CARTESIAN_POINT('Origin',(-32.7240034859002,-7.00745317543844,-39.2673745427482));
#7024=CARTESIAN_POINT('Origin',(-28.3942911165688,-8.64940759319751,-43.5970869120796));
#7025=CARTESIAN_POINT('',(-28.6818973550448,-7.73586213555491,-43.8846931505556));
#7026=CARTESIAN_POINT('Origin',(-27.7137741993086,0.,-30.1354682056088));
#7027=CARTESIAN_POINT('',(-27.870117749394,-2.77778066500734,-30.456019986955));
#7028=CARTESIAN_POINT('',(-27.4412354592508,-2.36592091217643,-29.576680979889));
#7029=CARTESIAN_POINT('',(-27.870117749394,2.77778066500736,-30.456019986955));
#7030=CARTESIAN_POINT('',(-27.870117749394,0.,-30.456019986955));
#7031=CARTESIAN_POINT('',(-29.7616079709195,4.59419676104012,-34.3341496544584));
#7032=CARTESIAN_POINT('Origin',(-27.8906324824003,-2.36592091217643,-29.3574954064945));
#7033=CARTESIAN_POINT('',(-28.1757116533056,-3.23455339382863,-30.0930312943225));
#7034=CARTESIAN_POINT('',(-27.7468293631624,-2.82269364099773,-29.2136922872565));
#7035=CARTESIAN_POINT('Origin',(-28.3195147725436,-2.77778066500733,-30.2368344135605));
#7036=CARTESIAN_POINT('Origin',(-28.9246212024587,-3.10248446160609,-28.9246212024587));
#7037=CARTESIAN_POINT('',(-30.0930312943225,-3.23455339382863,-28.1757116533056));
#7038=CARTESIAN_POINT('',(-33.6548493426597,-4.90281727070532,-29.9129263900217));
#7039=CARTESIAN_POINT('',(-29.7397949753891,-3.23455339382863,-28.528947972239));
#7040=CARTESIAN_POINT('Origin',(-33.7986524618976,-4.44604454188402,-30.0567295092597));
#7041=CARTESIAN_POINT('',(-30.456019986955,-2.77778066500734,-27.870117749394));
#7042=CARTESIAN_POINT('',(-34.0178380352922,-4.44604454188402,-29.6073324861101));
#7043=CARTESIAN_POINT('Origin',(-30.2368344135604,-2.77778066500734,-28.3195147725436));
#7044=CARTESIAN_POINT('Ctrl Pts',(-51.9055915910215,-7.22488159751938,-6.21329306789703));
#7045=CARTESIAN_POINT('Ctrl Pts',(-51.9055915910215,-7.55921220534711,-6.21329306789703));
#7046=CARTESIAN_POINT('Ctrl Pts',(-51.9055915910215,-8.30728882244405,-5.9719532763243));
#7047=CARTESIAN_POINT('Ctrl Pts',(-51.9055915910215,-8.64940759319752,-5.26763813150094));
#7048=CARTESIAN_POINT('Ctrl Pts',(-51.9055915910215,-8.64940759319752,-4.83693803243862));
#7049=CARTESIAN_POINT('Ctrl Pts',(-51.9055915910215,-7.22488159751938,-6.00676243974436));
#7050=CARTESIAN_POINT('Ctrl Pts',(-51.9053821246954,-7.51782816032569,-6.02009295368565));
#7051=CARTESIAN_POINT('Ctrl Pts',(-51.9053831282173,-8.18039000255791,-5.8311305030724));
#7052=CARTESIAN_POINT('Ctrl Pts',(-51.9054188598731,-8.47115443665377,-5.21270174283258));
#7053=CARTESIAN_POINT('Ctrl Pts',(-51.9055915910215,-8.45742137547815,-4.83693803243863));
#7054=CARTESIAN_POINT('Ctrl Pts',(-51.7733047989138,-7.22488159751938,-5.59435925178477));
#7055=CARTESIAN_POINT('Ctrl Pts',(-51.7909773723368,-7.43533208926206,-5.63390358695103));
#7056=CARTESIAN_POINT('Ctrl Pts',(-51.8178430327111,-7.9268191672659,-5.54946875868069));
#7057=CARTESIAN_POINT('Ctrl Pts',(-51.808580348045,-8.11475788970089,-5.10309645923041));
#7058=CARTESIAN_POINT('Ctrl Pts',(-51.7917965779031,-8.07389934558714,-4.83693803243863));
#7059=CARTESIAN_POINT('Ctrl Pts',(-51.4264382908272,-7.22488159751938,-5.33501428774425));
#7060=CARTESIAN_POINT('Ctrl Pts',(-51.4838254106866,-7.38319944173073,-5.37241731756163));
#7061=CARTESIAN_POINT('Ctrl Pts',(-51.5766958147595,-7.7399519826063,-5.33489876651869));
#7062=CARTESIAN_POINT('Ctrl Pts',(-51.5438067797477,-7.85639283336968,-5.02854600721889));
#7063=CARTESIAN_POINT('Ctrl Pts',(-51.4877163712249,-7.81394996526692,-4.83693803243863));
#7064=CARTESIAN_POINT('Ctrl Pts',(-51.2311597454787,-7.22488159751938,-5.26777449229771));
#7065=CARTESIAN_POINT('Ctrl Pts',(-51.3065215809983,-7.3698783844128,-5.29372365325531));
#7066=CARTESIAN_POINT('Ctrl Pts',(-51.433074383752,-7.67558219477055,-5.25685268059167));
#7067=CARTESIAN_POINT('Ctrl Pts',(-51.3874107844912,-7.76929104075639,-5.00635772750288));
#7068=CARTESIAN_POINT('Ctrl Pts',(-51.3123282340973,-7.73586213555492,-4.83693803243863));
#7069=CARTESIAN_POINT('',(-51.2311597454787,-7.22488159751938,-5.26777449229771));
#7070=CARTESIAN_POINT('Origin',(-50.9055915910215,-7.22488159751939,-6.21329306789703));
#7071=CARTESIAN_POINT('',(-51.3123282340973,-7.73586213555492,-4.83693803243863));
#7072=CARTESIAN_POINT('Origin',(-50.9055915910215,-8.64940759319752,-4.83693803243863));
#7073=CARTESIAN_POINT('Origin',(-50.9055915910215,-7.00745317543845,-4.62686204611702));
#7074=CARTESIAN_POINT('Origin',(-50.9055915910215,-8.64940759319752,-10.75));
#7075=CARTESIAN_POINT('',(-51.3123282340974,-7.73586213555492,4.8369380324386));
#7076=CARTESIAN_POINT('Origin',(-50.9055915910215,-8.64940759319752,4.8369380324386));
#7077=CARTESIAN_POINT('',(-51.3123282340974,-7.73586213555492,-10.75));
#7078=CARTESIAN_POINT('Ctrl Pts',(-51.9055915910215,-8.64940759319752,4.8369380324386));
#7079=CARTESIAN_POINT('Ctrl Pts',(-51.9055915910215,-8.64940759319752,5.15996310673533));
#7080=CARTESIAN_POINT('Ctrl Pts',(-51.9055915910215,-8.39962116598226,5.88274319075893));
#7081=CARTESIAN_POINT('Ctrl Pts',(-51.9055915910215,-7.67065574128969,6.213293067897));
#7082=CARTESIAN_POINT('Ctrl Pts',(-51.9055915910215,-7.22488159751938,6.213293067897));
#7083=CARTESIAN_POINT('Ctrl Pts',(-51.9055915910215,-8.45742137547815,4.8369380324386));
#7084=CARTESIAN_POINT('Ctrl Pts',(-51.9054620426602,-8.46772117135986,5.11876081523407));
#7085=CARTESIAN_POINT('Ctrl Pts',(-51.9054288990909,-8.26255131080644,5.75321330278477));
#7086=CARTESIAN_POINT('Ctrl Pts',(-51.9053123025867,-7.61547701459446,6.02453645833272));
#7087=CARTESIAN_POINT('Ctrl Pts',(-51.9055915910215,-7.22488159751938,6.00676243974434));
#7088=CARTESIAN_POINT('Ctrl Pts',(-51.7917965779031,-8.07389934558714,4.8369380324386));
#7089=CARTESIAN_POINT('Ctrl Pts',(-51.8043844055095,-8.10454325367246,5.03655685253244));
#7090=CARTESIAN_POINT('Ctrl Pts',(-51.8187782335476,-7.98849013675151,5.49431891016725));
#7091=CARTESIAN_POINT('Ctrl Pts',(-51.7968682301444,-7.50548225317628,5.64708503200642));
#7092=CARTESIAN_POINT('Ctrl Pts',(-51.7733047989138,-7.22488159751938,5.59435925178474));
#7093=CARTESIAN_POINT('Ctrl Pts',(-51.4877163712249,-7.81394996526692,4.8369380324386));
#7094=CARTESIAN_POINT('Ctrl Pts',(-51.529784177617,-7.84578211634399,4.98064401352379));
#7095=CARTESIAN_POINT('Ctrl Pts',(-51.5803509875316,-7.78222457725639,5.29889435903307));
#7096=CARTESIAN_POINT('Ctrl Pts',(-51.5029544506397,-7.43597205646785,5.3848849941674));
#7097=CARTESIAN_POINT('Ctrl Pts',(-51.4264382908272,-7.22488159751938,5.33501428774423));
#7098=CARTESIAN_POINT('Ctrl Pts',(-51.3123282340974,-7.73586213555492,4.8369380324386));
#7099=CARTESIAN_POINT('Ctrl Pts',(-51.3686401468927,-7.76093381445603,4.96400280373679));
#7100=CARTESIAN_POINT('Ctrl Pts',(-51.438335415701,-7.70870200495469,5.22892750397768));
#7101=CARTESIAN_POINT('Ctrl Pts',(-51.3316421928382,-7.4182106467106,5.30237337357449));
#7102=CARTESIAN_POINT('Ctrl Pts',(-51.2311597454787,-7.22488159751938,5.26777449229769));
#7103=CARTESIAN_POINT('',(-51.2311597454787,-7.22488159751938,5.26777449229768));
#7104=CARTESIAN_POINT('Origin',(-50.9055915910215,-7.22488159751938,6.213293067897));
#7105=CARTESIAN_POINT('Origin',(-50.9055915910215,-7.00745317543845,4.62686204611699));
#7106=CARTESIAN_POINT('Origin',(-50.9055915910215,0.,6.213293067897));
#7107=CARTESIAN_POINT('',(-51.2311597454787,7.22488159751938,5.26777449229768));
#7108=CARTESIAN_POINT('Origin',(-50.9055915910215,7.22488159751938,6.213293067897));
#7109=CARTESIAN_POINT('',(-51.2311597454787,0.,5.26777449229768));
#7110=CARTESIAN_POINT('Ctrl Pts',(-51.9055915910215,7.22488159751938,6.213293067897));
#7111=CARTESIAN_POINT('Ctrl Pts',(-51.9055915910215,7.67065574128969,6.213293067897));
#7112=CARTESIAN_POINT('Ctrl Pts',(-51.9055915910215,8.39962116598226,5.88274319075893));
#7113=CARTESIAN_POINT('Ctrl Pts',(-51.9055915910215,8.64940759319752,5.15996310673533));
#7114=CARTESIAN_POINT('Ctrl Pts',(-51.9055915910215,8.64940759319752,4.8369380324386));
#7115=CARTESIAN_POINT('Ctrl Pts',(-51.9055915910215,7.22488159751938,6.00676243974434));
#7116=CARTESIAN_POINT('Ctrl Pts',(-51.9053123025867,7.61547701459446,6.02453645833273));
#7117=CARTESIAN_POINT('Ctrl Pts',(-51.9054288990909,8.26255131080644,5.75321330278478));
#7118=CARTESIAN_POINT('Ctrl Pts',(-51.9054620426602,8.46772117135986,5.11876081523407));
#7119=CARTESIAN_POINT('Ctrl Pts',(-51.9055915910215,8.45742137547815,4.8369380324386));
#7120=CARTESIAN_POINT('Ctrl Pts',(-51.7733047989138,7.22488159751938,5.59435925178474));
#7121=CARTESIAN_POINT('Ctrl Pts',(-51.7968682301444,7.50548225317628,5.64708503200642));
#7122=CARTESIAN_POINT('Ctrl Pts',(-51.8187782335476,7.98849013675151,5.49431891016726));
#7123=CARTESIAN_POINT('Ctrl Pts',(-51.8043844055095,8.10454325367245,5.03655685253244));
#7124=CARTESIAN_POINT('Ctrl Pts',(-51.7917965779031,8.07389934558714,4.8369380324386));
#7125=CARTESIAN_POINT('Ctrl Pts',(-51.4264382908272,7.22488159751938,5.33501428774423));
#7126=CARTESIAN_POINT('Ctrl Pts',(-51.5029544506397,7.43597205646785,5.3848849941674));
#7127=CARTESIAN_POINT('Ctrl Pts',(-51.5803509875316,7.78222457725639,5.29889435903307));
#7128=CARTESIAN_POINT('Ctrl Pts',(-51.529784177617,7.84578211634399,4.9806440135238));
#7129=CARTESIAN_POINT('Ctrl Pts',(-51.4877163712249,7.81394996526692,4.8369380324386));
#7130=CARTESIAN_POINT('Ctrl Pts',(-51.2311597454787,7.22488159751938,5.26777449229769));
#7131=CARTESIAN_POINT('Ctrl Pts',(-51.3316421928382,7.41821064671061,5.30237337357449));
#7132=CARTESIAN_POINT('Ctrl Pts',(-51.438335415701,7.70870200495469,5.22892750397768));
#7133=CARTESIAN_POINT('Ctrl Pts',(-51.3686401468927,7.76093381445602,4.9640028037368));
#7134=CARTESIAN_POINT('Ctrl Pts',(-51.3123282340973,7.73586213555492,4.8369380324386));
#7135=CARTESIAN_POINT('',(-51.3123282340973,7.73586213555492,4.83693803243861));
#7136=CARTESIAN_POINT('Origin',(-50.9055915910215,8.64940759319752,4.8369380324386));
#7137=CARTESIAN_POINT('Origin',(-50.9055915910215,7.00745317543845,4.626862046117));
#7138=CARTESIAN_POINT('Origin',(-50.9055915910215,8.64940759319752,-10.75));
#7139=CARTESIAN_POINT('',(-51.3123282340973,7.73586213555492,-4.83693803243863));
#7140=CARTESIAN_POINT('Origin',(-50.9055915910215,8.64940759319752,-4.83693803243863));
#7141=CARTESIAN_POINT('',(-51.3123282340973,7.73586213555492,-10.75));
#7142=CARTESIAN_POINT('Ctrl Pts',(-51.9055915910215,8.64940759319752,-4.83693803243863));
#7143=CARTESIAN_POINT('Ctrl Pts',(-51.9055915910215,8.64940759319752,-5.15996310673536));
#7144=CARTESIAN_POINT('Ctrl Pts',(-51.9055915910216,8.39962116598226,-5.88274319075897));
#7145=CARTESIAN_POINT('Ctrl Pts',(-51.9055915910215,7.67065574128969,-6.21329306789703));
#7146=CARTESIAN_POINT('Ctrl Pts',(-51.9055915910215,7.22488159751938,-6.21329306789703));
#7147=CARTESIAN_POINT('Ctrl Pts',(-51.9055915910215,8.45742137547815,-4.83693803243863));
#7148=CARTESIAN_POINT('Ctrl Pts',(-51.9054620426602,8.46772117135986,-5.1187608152341));
#7149=CARTESIAN_POINT('Ctrl Pts',(-51.9054288990909,8.26255131080644,-5.75321330278481));
#7150=CARTESIAN_POINT('Ctrl Pts',(-51.9053123025867,7.61547701459446,-6.02453645833275));
#7151=CARTESIAN_POINT('Ctrl Pts',(-51.9055915910215,7.22488159751938,-6.00676243974437));
#7152=CARTESIAN_POINT('Ctrl Pts',(-51.7917965779031,8.07389934558715,-4.83693803243863));
#7153=CARTESIAN_POINT('Ctrl Pts',(-51.8043844055095,8.10454325367246,-5.03655685253247));
#7154=CARTESIAN_POINT('Ctrl Pts',(-51.8187782335476,7.98849013675152,-5.49431891016729));
#7155=CARTESIAN_POINT('Ctrl Pts',(-51.7968682301444,7.50548225317628,-5.64708503200645));
#7156=CARTESIAN_POINT('Ctrl Pts',(-51.7733047989138,7.22488159751938,-5.59435925178478));
#7157=CARTESIAN_POINT('Ctrl Pts',(-51.4877163712249,7.81394996526693,-4.83693803243863));
#7158=CARTESIAN_POINT('Ctrl Pts',(-51.529784177617,7.84578211634399,-4.98064401352383));
#7159=CARTESIAN_POINT('Ctrl Pts',(-51.5803509875316,7.78222457725639,-5.29889435903311));
#7160=CARTESIAN_POINT('Ctrl Pts',(-51.5029544506397,7.43597205646785,-5.38488499416743));
#7161=CARTESIAN_POINT('Ctrl Pts',(-51.4264382908272,7.22488159751938,-5.33501428774426));
#7162=CARTESIAN_POINT('Ctrl Pts',(-51.3123282340974,7.73586213555493,-4.83693803243863));
#7163=CARTESIAN_POINT('Ctrl Pts',(-51.3686401468927,7.76093381445603,-4.96400280373682));
#7164=CARTESIAN_POINT('Ctrl Pts',(-51.4383354157011,7.70870200495469,-5.22892750397771));
#7165=CARTESIAN_POINT('Ctrl Pts',(-51.3316421928382,7.41821064671061,-5.30237337357452));
#7166=CARTESIAN_POINT('Ctrl Pts',(-51.2311597454787,7.22488159751938,-5.26777449229772));
#7167=CARTESIAN_POINT('',(-51.2311597454787,7.22488159751938,-5.26777449229771));
#7168=CARTESIAN_POINT('Origin',(-50.9055915910215,7.22488159751938,-6.21329306789703));
#7169=CARTESIAN_POINT('Origin',(-50.9055915910215,7.00745317543845,-4.62686204611702));
#7170=CARTESIAN_POINT('Origin',(-50.9055915910215,0.,-6.21329306789703));
#7171=CARTESIAN_POINT('',(-51.2311597454787,0.,-5.26777449229771));
#7172=CARTESIAN_POINT('Origin',(-51.9055915910215,8.,-4.44089209850063E-15));
#7173=CARTESIAN_POINT('',(-41.2022232694836,3.23455339382866,-1.3557497198652));
#7174=CARTESIAN_POINT('',(-45.2819606178847,5.05096948986142,-2.76051594388886));
#7175=CARTESIAN_POINT('',(-41.2022232694836,3.23455339382866,1.35574971986518));
#7176=CARTESIAN_POINT('',(-41.2022232694836,3.23455339382866,0.856198126906836));
#7177=CARTESIAN_POINT('',(-49.9539947844751,7.131093119569,4.36922631767866));
#7178=CARTESIAN_POINT('Origin',(-45.4853289394226,4.59419676104012,-2.76051594388886));
#7179=CARTESIAN_POINT('',(-41.2428075137929,2.77778066500736,-1.82850900766485));
#7180=CARTESIAN_POINT('',(-45.3225448621941,4.59419676104012,-3.23327523168852));
#7181=CARTESIAN_POINT('Origin',(-41.4055915910215,2.77778066500736,-1.35574971986519));
#7182=CARTESIAN_POINT('Origin',(-40.9055915910215,0.,-1.7123962538137));
#7183=CARTESIAN_POINT('',(-41.2428075137929,-2.77778066500734,-1.82850900766485));
#7184=CARTESIAN_POINT('',(-40.3177553632436,-2.36592091217644,-1.50998800849774));
#7185=CARTESIAN_POINT('',(-41.2428075137929,0.,-1.82850900766485));
#7186=CARTESIAN_POINT('Origin',(-40.4805394404722,-2.36592091217644,-1.03722872069808));
#7187=CARTESIAN_POINT('',(-41.2022232694836,-3.23455339382863,-1.35574971986519));
#7188=CARTESIAN_POINT('',(-40.2771711189343,-2.82269364099774,-1.03722872069808));
#7189=CARTESIAN_POINT('Origin',(-41.4055915910215,-2.77778066500733,-1.35574971986519));
#7190=CARTESIAN_POINT('Ctrl Pts',(-41.0962574573201,-7.22488159751937,32.3093341337014));
#7191=CARTESIAN_POINT('Ctrl Pts',(-41.0962574573201,-7.5592122053471,32.3093341337014));
#7192=CARTESIAN_POINT('Ctrl Pts',(-40.9255668156021,-8.3072411357924,32.4800247754195));
#7193=CARTESIAN_POINT('Ctrl Pts',(-40.4275784391319,-8.64940759319752,32.9780131518896));
#7194=CARTESIAN_POINT('Ctrl Pts',(-40.1230274784272,-8.64940759319752,33.2825641125943));
#7195=CARTESIAN_POINT('Ctrl Pts',(-40.9502182496307,-7.22488159751937,32.4553733413909));
#7196=CARTESIAN_POINT('Ctrl Pts',(-40.9594962313756,-7.51782816032568,32.4457991295267));
#7197=CARTESIAN_POINT('Ctrl Pts',(-40.8258259047588,-8.18034199627428,32.5794354207686));
#7198=CARTESIAN_POINT('Ctrl Pts',(-40.3886104068042,-8.47115443665376,33.0167369054845));
#7199=CARTESIAN_POINT('Ctrl Pts',(-40.1230274784272,-8.45742137547814,33.2825641125943));
#7200=CARTESIAN_POINT('Ctrl Pts',(-40.5650608092791,-7.22488159751937,32.6534248575088));
#7201=CARTESIAN_POINT('Ctrl Pts',(-40.6055192733411,-7.43533208926205,32.6379591864636));
#7202=CARTESIAN_POINT('Ctrl Pts',(-40.5647730832314,-7.92677536615727,32.7167188957745));
#7203=CARTESIAN_POINT('Ctrl Pts',(-40.2426232289903,-8.11476649523908,33.0257550062485));
#7204=CARTESIAN_POINT('Ctrl Pts',(-40.0425528828547,-8.07390795112532,33.2020895170217));
#7205=CARTESIAN_POINT('Ctrl Pts',(-40.1364080283065,-7.22488159751938,32.5915584671244));
#7206=CARTESIAN_POINT('Ctrl Pts',(-40.2034347859326,-7.38319944173072,32.6056893527089));
#7207=CARTESIAN_POINT('Ctrl Pts',(-40.2425408671197,-7.73991520930008,32.6978940045436));
#7208=CARTESIAN_POINT('Ctrl Pts',(-40.0026942833417,-7.85639283336968,32.8912563209157));
#7209=CARTESIAN_POINT('Ctrl Pts',(-39.8275450768192,-7.81394996526692,32.9870817109862));
#7210=CARTESIAN_POINT('Ctrl Pts',(-39.9507795293445,-7.22488159751938,32.501021398814));
#7211=CARTESIAN_POINT('Ctrl Pts',(-40.0224172219623,-7.36987838441279,32.5359614360734));
#7212=CARTESIAN_POINT('Ctrl Pts',(-40.0858002674035,-7.67555738203501,32.6515227563133));
#7213=CARTESIAN_POINT('Ctrl Pts',(-39.8764161314954,-7.76929104075639,32.7963571351695));
#7214=CARTESIAN_POINT('Ctrl Pts',(-39.7035269357166,-7.73586213555492,32.8630635698837));
#7215=CARTESIAN_POINT('',(-39.9507795293445,-7.22488159751937,32.501021398814));
#7216=CARTESIAN_POINT('Origin',(-40.3891506761336,-7.22488159751938,31.6022273525149));
#7217=CARTESIAN_POINT('',(-39.7035269357166,-7.73586213555491,32.8630635698837));
#7218=CARTESIAN_POINT('Origin',(-39.4159206972407,-8.64940759319752,32.5754573314077));
#7219=CARTESIAN_POINT('Origin',(-39.2673745427482,-7.00745317543845,32.7240034859002));
#7220=CARTESIAN_POINT('Origin',(-43.5970869120796,-8.64940759319751,28.3942911165688));
#7221=CARTESIAN_POINT('',(-32.8630635698837,-7.73586213555492,39.7035269357166));
#7222=CARTESIAN_POINT('Origin',(-32.5754573314078,-8.64940759319751,39.4159206972407));
#7223=CARTESIAN_POINT('',(-43.8846931505556,-7.73586213555492,28.6818973550448));
#7224=CARTESIAN_POINT('Ctrl Pts',(-33.2825641125943,-8.64940759319752,40.1230274784272));
#7225=CARTESIAN_POINT('Ctrl Pts',(-32.9780131518896,-8.64940759319752,40.4275784391319));
#7226=CARTESIAN_POINT('Ctrl Pts',(-32.4800247754195,-8.3072411357924,40.925566815602));
#7227=CARTESIAN_POINT('Ctrl Pts',(-32.3093341337014,-7.5592122053471,41.0962574573201));
#7228=CARTESIAN_POINT('Ctrl Pts',(-32.3093341337014,-7.22488159751937,41.0962574573201));
#7229=CARTESIAN_POINT('Ctrl Pts',(-33.2825641125943,-8.45742137547814,40.1230274784272));
#7230=CARTESIAN_POINT('Ctrl Pts',(-33.0167369054845,-8.47115443665376,40.3886104068042));
#7231=CARTESIAN_POINT('Ctrl Pts',(-32.5794354207686,-8.18034199627428,40.8258259047588));
#7232=CARTESIAN_POINT('Ctrl Pts',(-32.4457991295267,-7.51782816032568,40.9594962313756));
#7233=CARTESIAN_POINT('Ctrl Pts',(-32.4553733413909,-7.22488159751937,40.9502182496306));
#7234=CARTESIAN_POINT('Ctrl Pts',(-33.2020895170218,-8.07390795112532,40.0425528828547));
#7235=CARTESIAN_POINT('Ctrl Pts',(-33.0257550062485,-8.11476649523908,40.2426232289903));
#7236=CARTESIAN_POINT('Ctrl Pts',(-32.7167188957745,-7.92677536615728,40.5647730832313));
#7237=CARTESIAN_POINT('Ctrl Pts',(-32.6379591864636,-7.43533208926205,40.6055192733411));
#7238=CARTESIAN_POINT('Ctrl Pts',(-32.6534248575088,-7.22488159751937,40.5650608092791));
#7239=CARTESIAN_POINT('Ctrl Pts',(-32.9870817109863,-7.81394996526691,39.8275450768192));
#7240=CARTESIAN_POINT('Ctrl Pts',(-32.8912563209157,-7.85639283336968,40.0026942833417));
#7241=CARTESIAN_POINT('Ctrl Pts',(-32.6978940045436,-7.73991520930008,40.2425408671197));
#7242=CARTESIAN_POINT('Ctrl Pts',(-32.6056893527089,-7.38319944173072,40.2034347859326));
#7243=CARTESIAN_POINT('Ctrl Pts',(-32.5915584671244,-7.22488159751937,40.1364080283065));
#7244=CARTESIAN_POINT('Ctrl Pts',(-32.8630635698837,-7.73586213555492,39.7035269357166));
#7245=CARTESIAN_POINT('Ctrl Pts',(-32.7963571351695,-7.76929104075639,39.8764161314954));
#7246=CARTESIAN_POINT('Ctrl Pts',(-32.6515227563133,-7.67555738203502,40.0858002674035));
#7247=CARTESIAN_POINT('Ctrl Pts',(-32.5359614360734,-7.36987838441279,40.0224172219623));
#7248=CARTESIAN_POINT('Ctrl Pts',(-32.501021398814,-7.22488159751937,39.9507795293445));
#7249=CARTESIAN_POINT('',(-32.5010213988141,-7.22488159751937,39.9507795293445));
#7250=CARTESIAN_POINT('Origin',(-31.6022273525149,-7.22488159751937,40.3891506761336));
#7251=CARTESIAN_POINT('Origin',(-32.7240034859002,-7.00745317543845,39.2673745427482));
#7252=CARTESIAN_POINT('Origin',(-31.6022273525149,0.,40.3891506761335));
#7253=CARTESIAN_POINT('',(-32.5010213988141,7.22488159751937,39.9507795293445));
#7254=CARTESIAN_POINT('Origin',(-31.6022273525149,7.22488159751937,40.3891506761335));
#7255=CARTESIAN_POINT('',(-32.5010213988141,0.,39.9507795293445));
#7256=CARTESIAN_POINT('Ctrl Pts',(-32.3093341337014,7.22488159751937,41.0962574573201));
#7257=CARTESIAN_POINT('Ctrl Pts',(-32.3093341337014,7.5592122053471,41.0962574573201));
#7258=CARTESIAN_POINT('Ctrl Pts',(-32.4800247754195,8.30724113579239,40.9255668156021));
#7259=CARTESIAN_POINT('Ctrl Pts',(-32.9780131518896,8.64940759319752,40.4275784391319));
#7260=CARTESIAN_POINT('Ctrl Pts',(-33.2825641125943,8.64940759319752,40.1230274784272));
#7261=CARTESIAN_POINT('Ctrl Pts',(-32.4553733413909,7.22488159751937,40.9502182496306));
#7262=CARTESIAN_POINT('Ctrl Pts',(-32.4457991295267,7.51782816032568,40.9594962313756));
#7263=CARTESIAN_POINT('Ctrl Pts',(-32.5794354207686,8.18034199627428,40.8258259047588));
#7264=CARTESIAN_POINT('Ctrl Pts',(-33.0167369054845,8.47115443665376,40.3886104068042));
#7265=CARTESIAN_POINT('Ctrl Pts',(-33.2825641125943,8.45742137547814,40.1230274784272));
#7266=CARTESIAN_POINT('Ctrl Pts',(-32.6534248575088,7.22488159751937,40.5650608092791));
#7267=CARTESIAN_POINT('Ctrl Pts',(-32.6379591864636,7.43533208926204,40.6055192733411));
#7268=CARTESIAN_POINT('Ctrl Pts',(-32.7167188957745,7.92677536615727,40.5647730832314));
#7269=CARTESIAN_POINT('Ctrl Pts',(-33.0257550062485,8.11476649523908,40.2426232289903));
#7270=CARTESIAN_POINT('Ctrl Pts',(-33.2020895170218,8.07390795112532,40.0425528828547));
#7271=CARTESIAN_POINT('Ctrl Pts',(-32.5915584671244,7.22488159751937,40.1364080283065));
#7272=CARTESIAN_POINT('Ctrl Pts',(-32.6056893527089,7.38319944173072,40.2034347859326));
#7273=CARTESIAN_POINT('Ctrl Pts',(-32.6978940045436,7.73991520930008,40.2425408671197));
#7274=CARTESIAN_POINT('Ctrl Pts',(-32.8912563209157,7.85639283336968,40.0026942833417));
#7275=CARTESIAN_POINT('Ctrl Pts',(-32.9870817109863,7.81394996526692,39.8275450768192));
#7276=CARTESIAN_POINT('Ctrl Pts',(-32.5010213988141,7.22488159751937,39.9507795293445));
#7277=CARTESIAN_POINT('Ctrl Pts',(-32.5359614360734,7.36987838441279,40.0224172219623));
#7278=CARTESIAN_POINT('Ctrl Pts',(-32.6515227563134,7.67555738203501,40.0858002674035));
#7279=CARTESIAN_POINT('Ctrl Pts',(-32.7963571351695,7.76929104075639,39.8764161314954));
#7280=CARTESIAN_POINT('Ctrl Pts',(-32.8630635698837,7.73586213555492,39.7035269357166));
#7281=CARTESIAN_POINT('',(-32.8630635698837,7.73586213555492,39.7035269357166));
#7282=CARTESIAN_POINT('Origin',(-32.5754573314078,8.64940759319752,39.4159206972407));
#7283=CARTESIAN_POINT('Origin',(-32.7240034859002,7.00745317543845,39.2673745427482));
#7284=CARTESIAN_POINT('Origin',(-43.5970869120796,8.64940759319752,28.3942911165688));
#7285=CARTESIAN_POINT('',(-39.7035269357166,7.73586213555492,32.8630635698837));
#7286=CARTESIAN_POINT('Origin',(-39.4159206972407,8.64940759319752,32.5754573314077));
#7287=CARTESIAN_POINT('',(-43.8846931505556,7.73586213555492,28.6818973550448));
#7288=CARTESIAN_POINT('Ctrl Pts',(-40.1230274784272,8.64940759319752,33.2825641125943));
#7289=CARTESIAN_POINT('Ctrl Pts',(-40.3514406989557,8.64940759319752,33.0541508920658));
#7290=CARTESIAN_POINT('Ctrl Pts',(-40.8624908183619,8.39956607411184,32.5431007726596));
#7291=CARTESIAN_POINT('Ctrl Pts',(-41.0962574573201,7.67065574128968,32.3093341337014));
#7292=CARTESIAN_POINT('Ctrl Pts',(-41.0962574573201,7.22488159751938,32.3093341337014));
#7293=CARTESIAN_POINT('Ctrl Pts',(-40.1230274784272,8.45742137547814,33.2825641125943));
#7294=CARTESIAN_POINT('Ctrl Pts',(-40.3222146747099,8.46772117135986,33.0831937072619));
#7295=CARTESIAN_POINT('Ctrl Pts',(-40.7707683830126,8.26249640988859,32.6345605703462));
#7296=CARTESIAN_POINT('Ctrl Pts',(-40.9625888919573,7.61547701459445,32.4426077255719));
#7297=CARTESIAN_POINT('Ctrl Pts',(-40.9502182496307,7.22488159751938,32.4553733413909));
#7298=CARTESIAN_POINT('Ctrl Pts',(-40.0425528828547,8.07390795112532,33.2020895170217));
#7299=CARTESIAN_POINT('Ctrl Pts',(-40.1926056424563,8.10455185921064,33.0698386339418));
#7300=CARTESIAN_POINT('Ctrl Pts',(-40.5264441070153,7.98843691535379,32.7563706874139));
#7301=CARTESIAN_POINT('Ctrl Pts',(-40.6190054280284,7.50548225317627,32.6328039627818));
#7302=CARTESIAN_POINT('Ctrl Pts',(-40.5650608092791,7.22488159751937,32.6534248575088));
#7303=CARTESIAN_POINT('Ctrl Pts',(-39.8275450768192,7.81394996526691,32.9870817109862));
#7304=CARTESIAN_POINT('Ctrl Pts',(-39.9589069817111,7.84578211634399,32.9152126684333));
#7305=CARTESIAN_POINT('Ctrl Pts',(-40.2196657744578,7.78218698804783,32.7259389678841));
#7306=CARTESIAN_POINT('Ctrl Pts',(-40.2257770384747,7.43597205646784,32.6103996479037));
#7307=CARTESIAN_POINT('Ctrl Pts',(-40.1364080283065,7.22488159751938,32.5915584671244));
#7308=CARTESIAN_POINT('Ctrl Pts',(-39.7035269357166,7.73586213555492,32.8630635698837));
#7309=CARTESIAN_POINT('Ctrl Pts',(-39.8331938325507,7.76093381445602,32.813033743848));
#7310=CARTESIAN_POINT('Ctrl Pts',(-40.0697755823326,7.70867453595126,32.6749870673996));
#7311=CARTESIAN_POINT('Ctrl Pts',(-40.0462964528349,7.4182106467106,32.5476081151599));
#7312=CARTESIAN_POINT('Ctrl Pts',(-39.9507795293445,7.22488159751938,32.501021398814));
#7313=CARTESIAN_POINT('',(-39.9507795293445,7.22488159751938,32.501021398814));
#7314=CARTESIAN_POINT('Origin',(-40.3891506761336,7.22488159751938,31.6022273525149));
#7315=CARTESIAN_POINT('Origin',(-39.2673745427482,7.00745317543845,32.7240034859002));
#7316=CARTESIAN_POINT('Origin',(-40.3891506761336,0.,31.6022273525149));
#7317=CARTESIAN_POINT('',(-39.9507795293445,0.,32.501021398814));
#7318=CARTESIAN_POINT('Origin',(-36.7027957955108,8.,36.7027957955108));
#7319=CARTESIAN_POINT('',(-30.0930312943225,3.23455339382866,28.1757116533056));
#7320=CARTESIAN_POINT('',(-33.9711609618259,5.05096948986142,30.0672018748311));
#7321=CARTESIAN_POINT('',(-28.1757116533056,3.23455339382866,30.0930312943225));
#7322=CARTESIAN_POINT('',(-28.528947972239,3.23455339382866,29.7397949753891));
#7323=CARTESIAN_POINT('',(-32.2332989016905,7.131093119569,38.4123180172291));
#7324=CARTESIAN_POINT('Origin',(-34.1149640810639,4.59419676104012,30.2110049940691));
#7325=CARTESIAN_POINT('',(-30.456019986955,2.77778066500736,27.870117749394));
#7326=CARTESIAN_POINT('',(-34.3341496544584,4.59419676104012,29.7616079709195));
#7327=CARTESIAN_POINT('Origin',(-30.2368344135605,2.77778066500736,28.3195147725436));
#7328=CARTESIAN_POINT('Origin',(-30.1354682056088,0.,27.7137741993086));
#7329=CARTESIAN_POINT('',(-30.456019986955,-2.77778066500734,27.870117749394));
#7330=CARTESIAN_POINT('',(-29.576680979889,-2.36592091217643,27.4412354592508));
#7331=CARTESIAN_POINT('',(-30.456019986955,0.,27.870117749394));
#7332=CARTESIAN_POINT('Origin',(-29.3574954064945,-2.36592091217643,27.8906324824003));
#7333=CARTESIAN_POINT('',(-30.0930312943225,-3.23455339382863,28.1757116533056));
#7334=CARTESIAN_POINT('',(-29.2136922872565,-2.82269364099773,27.7468293631624));
#7335=CARTESIAN_POINT('Origin',(-30.2368344135604,-2.77778066500733,28.3195147725436));
#7336=CARTESIAN_POINT('Ctrl Pts',(4.8369380324386,-8.64940759319751,51.9055915910215));
#7337=CARTESIAN_POINT('Ctrl Pts',(5.15996310673533,-8.64940759319751,51.9055915910215));
#7338=CARTESIAN_POINT('Ctrl Pts',(5.88274319075893,-8.39962116598225,51.9055915910215));
#7339=CARTESIAN_POINT('Ctrl Pts',(6.213293067897,-7.67065574128968,51.9055915910215));
#7340=CARTESIAN_POINT('Ctrl Pts',(6.213293067897,-7.22488159751937,51.9055915910215));
#7341=CARTESIAN_POINT('Ctrl Pts',(4.8369380324386,-8.45742137547814,51.9055915910215));
#7342=CARTESIAN_POINT('Ctrl Pts',(5.11876081523407,-8.46772117135985,51.9054620426601));
#7343=CARTESIAN_POINT('Ctrl Pts',(5.75321330278478,-8.26255131080643,51.9054288990909));
#7344=CARTESIAN_POINT('Ctrl Pts',(6.02453645833273,-7.61547701459445,51.9053123025867));
#7345=CARTESIAN_POINT('Ctrl Pts',(6.00676243974434,-7.22488159751937,51.9055915910215));
#7346=CARTESIAN_POINT('Ctrl Pts',(4.8369380324386,-8.07389934558713,51.7917965779031));
#7347=CARTESIAN_POINT('Ctrl Pts',(5.03655685253244,-8.10454325367245,51.8043844055095));
#7348=CARTESIAN_POINT('Ctrl Pts',(5.49431891016726,-7.9884901367515,51.8187782335476));
#7349=CARTESIAN_POINT('Ctrl Pts',(5.64708503200642,-7.50548225317627,51.7968682301444));
#7350=CARTESIAN_POINT('Ctrl Pts',(5.59435925178475,-7.22488159751937,51.7733047989138));
#7351=CARTESIAN_POINT('Ctrl Pts',(4.8369380324386,-7.81394996526691,51.4877163712248));
#7352=CARTESIAN_POINT('Ctrl Pts',(4.9806440135238,-7.84578211634398,51.529784177617));
#7353=CARTESIAN_POINT('Ctrl Pts',(5.29889435903308,-7.78222457725638,51.5803509875315));
#7354=CARTESIAN_POINT('Ctrl Pts',(5.3848849941674,-7.43597205646784,51.5029544506397));
#7355=CARTESIAN_POINT('Ctrl Pts',(5.33501428774423,-7.22488159751937,51.4264382908272));
#7356=CARTESIAN_POINT('Ctrl Pts',(4.8369380324386,-7.73586213555491,51.3123282340973));
#7357=CARTESIAN_POINT('Ctrl Pts',(4.9640028037368,-7.76093381445602,51.3686401468927));
#7358=CARTESIAN_POINT('Ctrl Pts',(5.22892750397768,-7.70870200495468,51.438335415701));
#7359=CARTESIAN_POINT('Ctrl Pts',(5.30237337357449,-7.4182106467106,51.3316421928382));
#7360=CARTESIAN_POINT('Ctrl Pts',(5.26777449229769,-7.22488159751937,51.2311597454787));
#7361=CARTESIAN_POINT('',(4.8369380324386,-7.73586213555491,51.3123282340973));
#7362=CARTESIAN_POINT('Origin',(4.8369380324386,-8.64940759319751,50.9055915910215));
#7363=CARTESIAN_POINT('',(5.26777449229768,-7.22488159751937,51.2311597454787));
#7364=CARTESIAN_POINT('Origin',(6.213293067897,-7.22488159751937,50.9055915910215));
#7365=CARTESIAN_POINT('Origin',(4.626862046117,-7.00745317543844,50.9055915910215));
#7366=CARTESIAN_POINT('Origin',(6.213293067897,0.,50.9055915910215));
#7367=CARTESIAN_POINT('',(5.26777449229769,7.22488159751938,51.2311597454787));
#7368=CARTESIAN_POINT('Origin',(6.213293067897,7.22488159751938,50.9055915910215));
#7369=CARTESIAN_POINT('',(5.26777449229768,0.,51.2311597454787));
#7370=CARTESIAN_POINT('Ctrl Pts',(6.21329306789701,7.22488159751938,51.9055915910215));
#7371=CARTESIAN_POINT('Ctrl Pts',(6.21329306789701,7.67065574128968,51.9055915910215));
#7372=CARTESIAN_POINT('Ctrl Pts',(5.88274319075894,8.39962116598225,51.9055915910215));
#7373=CARTESIAN_POINT('Ctrl Pts',(5.15996310673534,8.64940759319752,51.9055915910215));
#7374=CARTESIAN_POINT('Ctrl Pts',(4.8369380324386,8.64940759319752,51.9055915910215));
#7375=CARTESIAN_POINT('Ctrl Pts',(6.00676243974434,7.22488159751938,51.9055915910215));
#7376=CARTESIAN_POINT('Ctrl Pts',(6.02453645833273,7.61547701459445,51.9053123025867));
#7377=CARTESIAN_POINT('Ctrl Pts',(5.75321330278478,8.26255131080643,51.9054288990909));
#7378=CARTESIAN_POINT('Ctrl Pts',(5.11876081523407,8.46772117135986,51.9054620426601));
#7379=CARTESIAN_POINT('Ctrl Pts',(4.83693803243861,8.45742137547814,51.9055915910215));
#7380=CARTESIAN_POINT('Ctrl Pts',(5.59435925178475,7.22488159751938,51.7733047989138));
#7381=CARTESIAN_POINT('Ctrl Pts',(5.64708503200643,7.50548225317627,51.7968682301444));
#7382=CARTESIAN_POINT('Ctrl Pts',(5.49431891016726,7.98849013675151,51.8187782335475));
#7383=CARTESIAN_POINT('Ctrl Pts',(5.03655685253244,8.10454325367245,51.8043844055095));
#7384=CARTESIAN_POINT('Ctrl Pts',(4.8369380324386,8.07389934558714,51.7917965779031));
#7385=CARTESIAN_POINT('Ctrl Pts',(5.33501428774423,7.22488159751938,51.4264382908272));
#7386=CARTESIAN_POINT('Ctrl Pts',(5.3848849941674,7.43597205646784,51.5029544506397));
#7387=CARTESIAN_POINT('Ctrl Pts',(5.29889435903307,7.78222457725638,51.5803509875315));
#7388=CARTESIAN_POINT('Ctrl Pts',(4.9806440135238,7.84578211634399,51.529784177617));
#7389=CARTESIAN_POINT('Ctrl Pts',(4.83693803243861,7.81394996526692,51.4877163712248));
#7390=CARTESIAN_POINT('Ctrl Pts',(5.26777449229769,7.22488159751938,51.2311597454787));
#7391=CARTESIAN_POINT('Ctrl Pts',(5.30237337357449,7.4182106467106,51.3316421928382));
#7392=CARTESIAN_POINT('Ctrl Pts',(5.22892750397768,7.70870200495468,51.438335415701));
#7393=CARTESIAN_POINT('Ctrl Pts',(4.9640028037368,7.76093381445602,51.3686401468927));
#7394=CARTESIAN_POINT('Ctrl Pts',(4.83693803243861,7.73586213555492,51.3123282340973));
#7395=CARTESIAN_POINT('',(4.83693803243861,7.73586213555491,51.3123282340973));
#7396=CARTESIAN_POINT('Origin',(4.83693803243861,8.64940759319752,50.9055915910215));
#7397=CARTESIAN_POINT('Origin',(4.626862046117,7.00745317543845,50.9055915910215));
#7398=CARTESIAN_POINT('Origin',(-10.75,8.64940759319751,50.9055915910215));
#7399=CARTESIAN_POINT('',(-4.83693803243862,7.73586213555491,51.3123282340973));
#7400=CARTESIAN_POINT('Origin',(-4.83693803243862,8.64940759319751,50.9055915910215));
#7401=CARTESIAN_POINT('',(-10.75,7.73586213555491,51.3123282340973));
#7402=CARTESIAN_POINT('Ctrl Pts',(-4.83693803243861,8.64940759319751,51.9055915910215));
#7403=CARTESIAN_POINT('Ctrl Pts',(-5.15996310673535,8.64940759319752,51.9055915910215));
#7404=CARTESIAN_POINT('Ctrl Pts',(-5.88274319075895,8.39962116598225,51.9055915910215));
#7405=CARTESIAN_POINT('Ctrl Pts',(-6.21329306789702,7.67065574128967,51.9055915910215));
#7406=CARTESIAN_POINT('Ctrl Pts',(-6.21329306789701,7.22488159751937,51.9055915910215));
#7407=CARTESIAN_POINT('Ctrl Pts',(-4.83693803243861,8.45742137547814,51.9055915910215));
#7408=CARTESIAN_POINT('Ctrl Pts',(-5.11876081523408,8.46772117135985,51.9054620426601));
#7409=CARTESIAN_POINT('Ctrl Pts',(-5.75321330278479,8.26255131080643,51.9054288990909));
#7410=CARTESIAN_POINT('Ctrl Pts',(-6.02453645833274,7.61547701459445,51.9053123025867));
#7411=CARTESIAN_POINT('Ctrl Pts',(-6.00676243974435,7.22488159751937,51.9055915910215));
#7412=CARTESIAN_POINT('Ctrl Pts',(-4.83693803243861,8.07389934558713,51.7917965779031));
#7413=CARTESIAN_POINT('Ctrl Pts',(-5.03655685253245,8.10454325367244,51.8043844055095));
#7414=CARTESIAN_POINT('Ctrl Pts',(-5.49431891016727,7.98849013675151,51.8187782335476));
#7415=CARTESIAN_POINT('Ctrl Pts',(-5.64708503200643,7.50548225317627,51.7968682301444));
#7416=CARTESIAN_POINT('Ctrl Pts',(-5.59435925178476,7.22488159751937,51.7733047989138));
#7417=CARTESIAN_POINT('Ctrl Pts',(-4.83693803243861,7.81394996526691,51.4877163712248));
#7418=CARTESIAN_POINT('Ctrl Pts',(-4.98064401352381,7.84578211634398,51.529784177617));
#7419=CARTESIAN_POINT('Ctrl Pts',(-5.29889435903309,7.78222457725638,51.5803509875316));
#7420=CARTESIAN_POINT('Ctrl Pts',(-5.38488499416741,7.43597205646784,51.5029544506397));
#7421=CARTESIAN_POINT('Ctrl Pts',(-5.33501428774424,7.22488159751937,51.4264382908272));
#7422=CARTESIAN_POINT('Ctrl Pts',(-4.83693803243862,7.73586213555491,51.3123282340973));
#7423=CARTESIAN_POINT('Ctrl Pts',(-4.96400280373681,7.76093381445602,51.3686401468927));
#7424=CARTESIAN_POINT('Ctrl Pts',(-5.22892750397769,7.70870200495468,51.438335415701));
#7425=CARTESIAN_POINT('Ctrl Pts',(-5.3023733735745,7.4182106467106,51.3316421928382));
#7426=CARTESIAN_POINT('Ctrl Pts',(-5.2677744922977,7.22488159751937,51.2311597454787));
#7427=CARTESIAN_POINT('',(-5.26777449229769,7.22488159751937,51.2311597454787));
#7428=CARTESIAN_POINT('Origin',(-6.21329306789701,7.22488159751937,50.9055915910215));
#7429=CARTESIAN_POINT('Origin',(-4.62686204611701,7.00745317543845,50.9055915910215));
#7430=CARTESIAN_POINT('Origin',(-6.21329306789701,0.,50.9055915910215));
#7431=CARTESIAN_POINT('',(-5.2677744922977,-7.22488159751937,51.2311597454787));
#7432=CARTESIAN_POINT('Origin',(-6.21329306789701,-7.22488159751937,50.9055915910215));
#7433=CARTESIAN_POINT('',(-5.2677744922977,0.,51.2311597454787));
#7434=CARTESIAN_POINT('Ctrl Pts',(-6.21329306789701,-7.22488159751937,51.9055915910215));
#7435=CARTESIAN_POINT('Ctrl Pts',(-6.21329306789701,-7.5592122053471,51.9055915910215));
#7436=CARTESIAN_POINT('Ctrl Pts',(-5.97195327632429,-8.30728882244404,51.9055915910215));
#7437=CARTESIAN_POINT('Ctrl Pts',(-5.26763813150093,-8.64940759319751,51.9055915910215));
#7438=CARTESIAN_POINT('Ctrl Pts',(-4.83693803243862,-8.64940759319751,51.9055915910215));
#7439=CARTESIAN_POINT('Ctrl Pts',(-6.00676243974435,-7.22488159751937,51.9055915910215));
#7440=CARTESIAN_POINT('Ctrl Pts',(-6.02009295368564,-7.51782816032568,51.9053821246954));
#7441=CARTESIAN_POINT('Ctrl Pts',(-5.83113050307239,-8.1803900025579,51.9053831282173));
#7442=CARTESIAN_POINT('Ctrl Pts',(-5.21270174283258,-8.47115443665376,51.905418859873));
#7443=CARTESIAN_POINT('Ctrl Pts',(-4.83693803243862,-8.45742137547814,51.9055915910215));
#7444=CARTESIAN_POINT('Ctrl Pts',(-5.59435925178476,-7.22488159751937,51.7733047989138));
#7445=CARTESIAN_POINT('Ctrl Pts',(-5.63390358695102,-7.43533208926205,51.7909773723367));
#7446=CARTESIAN_POINT('Ctrl Pts',(-5.54946875868068,-7.9268191672659,51.8178430327111));
#7447=CARTESIAN_POINT('Ctrl Pts',(-5.1030964592304,-8.11475788970089,51.8085803480449));
#7448=CARTESIAN_POINT('Ctrl Pts',(-4.83693803243862,-8.07389934558713,51.7917965779031));
#7449=CARTESIAN_POINT('Ctrl Pts',(-5.33501428774424,-7.22488159751937,51.4264382908272));
#7450=CARTESIAN_POINT('Ctrl Pts',(-5.37241731756162,-7.38319944173072,51.4838254106866));
#7451=CARTESIAN_POINT('Ctrl Pts',(-5.33489876651868,-7.73995198260629,51.5766958147595));
#7452=CARTESIAN_POINT('Ctrl Pts',(-5.02854600721888,-7.85639283336967,51.5438067797477));
#7453=CARTESIAN_POINT('Ctrl Pts',(-4.83693803243862,-7.81394996526692,51.4877163712248));
#7454=CARTESIAN_POINT('Ctrl Pts',(-5.2677744922977,-7.22488159751937,51.2311597454787));
#7455=CARTESIAN_POINT('Ctrl Pts',(-5.2937236532553,-7.36987838441279,51.3065215809983));
#7456=CARTESIAN_POINT('Ctrl Pts',(-5.25685268059166,-7.67558219477054,51.4330743837519));
#7457=CARTESIAN_POINT('Ctrl Pts',(-5.00635772750288,-7.76929104075639,51.3874107844912));
#7458=CARTESIAN_POINT('Ctrl Pts',(-4.83693803243862,-7.73586213555492,51.3123282340973));
#7459=CARTESIAN_POINT('',(-4.83693803243862,-7.73586213555491,51.3123282340973));
#7460=CARTESIAN_POINT('Origin',(-4.83693803243862,-8.64940759319751,50.9055915910215));
#7461=CARTESIAN_POINT('Origin',(-4.62686204611701,-7.00745317543844,50.9055915910215));
#7462=CARTESIAN_POINT('Origin',(-10.75,-8.64940759319751,50.9055915910215));
#7463=CARTESIAN_POINT('',(-10.75,-7.73586213555491,51.3123282340973));
#7464=CARTESIAN_POINT('Origin',(-1.71239625381369,0.,40.9055915910215));
#7465=CARTESIAN_POINT('',(-1.82850900766485,-2.77778066500734,41.2428075137929));
#7466=CARTESIAN_POINT('',(-1.50998800849773,-2.36592091217643,40.3177553632436));
#7467=CARTESIAN_POINT('',(-1.82850900766485,2.77778066500736,41.2428075137929));
#7468=CARTESIAN_POINT('',(-1.82850900766485,0.,41.2428075137929));
#7469=CARTESIAN_POINT('',(-3.23327523168851,4.59419676104012,45.3225448621941));
#7470=CARTESIAN_POINT('Origin',(-1.03722872069807,-2.36592091217643,40.4805394404722));
#7471=CARTESIAN_POINT('',(-1.35574971986519,-3.23455339382863,41.2022232694836));
#7472=CARTESIAN_POINT('',(-1.03722872069807,-2.82269364099773,40.2771711189343));
#7473=CARTESIAN_POINT('Origin',(-1.35574971986519,-2.77778066500733,41.4055915910215));
#7474=CARTESIAN_POINT('Origin',(0.,-3.10248446160609,40.9055915910215));
#7475=CARTESIAN_POINT('',(1.35574971986517,-3.23455339382863,41.2022232694836));
#7476=CARTESIAN_POINT('',(2.64593909448789,-4.90281727070532,44.9492052855247));
#7477=CARTESIAN_POINT('',(0.856198126906841,-3.23455339382863,41.2022232694836));
#7478=CARTESIAN_POINT('Origin',(2.64593909448789,-4.44604454188402,45.1525736070626));
#7479=CARTESIAN_POINT('',(1.82850900766483,-2.77778066500733,41.2428075137929));
#7480=CARTESIAN_POINT('',(3.11869838228755,-4.44604454188402,44.989789529834));
#7481=CARTESIAN_POINT('Origin',(1.35574971986517,-2.77778066500733,41.4055915910215));
#7482=CARTESIAN_POINT('Origin',(-30.2368344135604,2.77778066500736,28.3195147725436));
#7483=CARTESIAN_POINT('',(-29.8832810229672,2.77778066500736,27.9659613819503));
#7484=CARTESIAN_POINT('Origin',(-30.2368344135605,2.77778066500736,28.3195147725436));
#7485=CARTESIAN_POINT('Origin',(-30.2368344135604,2.77778066500736,28.3195147725436));
#7486=CARTESIAN_POINT('Origin',(-28.3195147725436,2.77778066500736,30.2368344135604));
#7487=CARTESIAN_POINT('',(-27.870117749394,2.77778066500736,30.456019986955));
#7488=CARTESIAN_POINT('',(-27.9659613819503,2.77778066500736,29.8832810229672));
#7489=CARTESIAN_POINT('Origin',(-28.3195147725436,2.77778066500736,30.2368344135604));
#7490=CARTESIAN_POINT('Origin',(-28.3195147725436,2.77778066500736,30.2368344135604));
#7491=CARTESIAN_POINT('Origin',(-28.3195147725436,2.77778066500736,30.2368344135604));
#7492=CARTESIAN_POINT('Origin',(-32.3771020209284,6.6743203907477,38.5561211364671));
#7493=CARTESIAN_POINT('',(-31.9277049977789,6.6743203907477,38.7753067098616));
#7494=CARTESIAN_POINT('Origin',(-28.672751091477,2.77778066500736,29.8835980946271));
#7495=CARTESIAN_POINT('',(-28.3191977008837,2.77778066500736,29.5300447040338));
#7496=CARTESIAN_POINT('Origin',(-30.2368344135605,-2.77778066500734,28.3195147725436));
#7497=CARTESIAN_POINT('',(-29.8832810229672,-2.77778066500733,27.9659613819503));
#7498=CARTESIAN_POINT('Origin',(-30.2368344135604,-2.77778066500733,28.3195147725436));
#7499=CARTESIAN_POINT('Origin',(-30.2368344135605,-2.77778066500734,28.3195147725436));
#7500=CARTESIAN_POINT('Origin',(-30.2368344135605,0.,28.3195147725436));
#7501=CARTESIAN_POINT('',(-29.8832810229672,0.,27.9659613819503));
#7502=CARTESIAN_POINT('Origin',(-28.3195147725436,-2.77778066500733,30.2368344135604));
#7503=CARTESIAN_POINT('',(-27.870117749394,-2.77778066500734,30.456019986955));
#7504=CARTESIAN_POINT('',(-28.1757116533056,-3.23455339382863,30.0930312943225));
#7505=CARTESIAN_POINT('Origin',(-28.3195147725436,-2.77778066500734,30.2368344135604));
#7506=CARTESIAN_POINT('',(-27.9659613819503,-2.77778066500733,29.8832810229672));
#7507=CARTESIAN_POINT('Origin',(-28.3195147725436,-2.77778066500733,30.2368344135604));
#7508=CARTESIAN_POINT('Origin',(-28.3195147725436,-2.77778066500733,30.2368344135604));
#7509=CARTESIAN_POINT('Origin',(-28.3195147725436,0.,30.2368344135604));
#7510=CARTESIAN_POINT('',(-27.9659613819503,0.,29.8832810229672));
#7511=CARTESIAN_POINT('',(-27.870117749394,0.,30.456019986955));
#7512=CARTESIAN_POINT('Origin',(-28.672751091477,-2.77778066500733,29.883598094627));
#7513=CARTESIAN_POINT('',(-28.3191977008837,-2.77778066500733,29.5300447040338));
#7514=CARTESIAN_POINT('',(-28.528947972239,-3.23455339382863,29.7397949753891));
#7515=CARTESIAN_POINT('Origin',(-30.0567295092597,-4.44604454188402,33.7986524618976));
#7516=CARTESIAN_POINT('',(-29.6073324861101,-4.44604454188402,34.0178380352922));
#7517=CARTESIAN_POINT('',(-29.9129263900217,-4.90281727070532,33.6548493426597));
#7518=CARTESIAN_POINT('Origin',(-28.9246212024587,-3.10248446160609,28.9246212024587));
#7519=CARTESIAN_POINT('Origin',(-27.7137741993086,0.,30.1354682056088));
#7520=CARTESIAN_POINT('Origin',(-41.4055915910215,2.77778066500736,-1.3557497198652));
#7521=CARTESIAN_POINT('',(-40.9055915910215,2.77778066500736,-1.35574971986519));
#7522=CARTESIAN_POINT('Origin',(-41.4055915910215,2.77778066500736,-1.35574971986519));
#7523=CARTESIAN_POINT('Origin',(-41.4055915910215,2.77778066500736,-1.3557497198652));
#7524=CARTESIAN_POINT('Origin',(-41.4055915910215,2.77778066500736,1.35574971986518));
#7525=CARTESIAN_POINT('',(-41.2428075137929,2.77778066500736,1.82850900766483));
#7526=CARTESIAN_POINT('',(-40.9055915910215,2.77778066500736,1.35574971986517));
#7527=CARTESIAN_POINT('Origin',(-41.4055915910215,2.77778066500736,1.35574971986517));
#7528=CARTESIAN_POINT('Origin',(-41.4055915910215,2.77778066500736,1.35574971986518));
#7529=CARTESIAN_POINT('Origin',(-41.4055915910215,2.77778066500736,1.35574971986517));
#7530=CARTESIAN_POINT('Origin',(-50.157363106013,6.6743203907477,4.36922631767866));
#7531=CARTESIAN_POINT('',(-49.9945790287844,6.6743203907477,4.84198560547832));
#7532=CARTESIAN_POINT('Origin',(-41.4055915910215,2.77778066500736,0.856198126906836));
#7533=CARTESIAN_POINT('',(-40.9055915910215,2.77778066500736,0.856198126906836));
#7534=CARTESIAN_POINT('Origin',(-41.4055915910215,-2.77778066500734,-1.35574971986519));
#7535=CARTESIAN_POINT('',(-40.9055915910215,-2.77778066500733,-1.35574971986519));
#7536=CARTESIAN_POINT('Origin',(-41.4055915910215,-2.77778066500733,-1.35574971986519));
#7537=CARTESIAN_POINT('Origin',(-41.4055915910215,-2.77778066500734,-1.35574971986519));
#7538=CARTESIAN_POINT('Origin',(-41.4055915910215,0.,-1.35574971986519));
#7539=CARTESIAN_POINT('',(-40.9055915910215,0.,-1.35574971986519));
#7540=CARTESIAN_POINT('Origin',(-41.4055915910215,-2.77778066500733,1.35574971986517));
#7541=CARTESIAN_POINT('',(-41.2428075137929,-2.77778066500733,1.82850900766483));
#7542=CARTESIAN_POINT('',(-41.2022232694836,-3.23455339382863,1.35574971986517));
#7543=CARTESIAN_POINT('Origin',(-41.4055915910215,-2.77778066500733,1.35574971986517));
#7544=CARTESIAN_POINT('',(-40.9055915910215,-2.77778066500733,1.35574971986517));
#7545=CARTESIAN_POINT('Origin',(-41.4055915910215,-2.77778066500733,1.35574971986517));
#7546=CARTESIAN_POINT('Origin',(-41.4055915910215,-2.77778066500733,1.35574971986517));
#7547=CARTESIAN_POINT('Origin',(-41.4055915910215,0.,1.35574971986517));
#7548=CARTESIAN_POINT('',(-40.9055915910215,0.,1.35574971986517));
#7549=CARTESIAN_POINT('',(-41.2428075137929,0.,1.82850900766483));
#7550=CARTESIAN_POINT('Origin',(-41.4055915910215,-2.77778066500733,0.856198126906835));
#7551=CARTESIAN_POINT('',(-40.9055915910215,-2.77778066500733,0.856198126906835));
#7552=CARTESIAN_POINT('',(-41.2022232694836,-3.23455339382863,0.856198126906835));
#7553=CARTESIAN_POINT('Origin',(-45.1525736070626,-4.44604454188402,2.64593909448788));
#7554=CARTESIAN_POINT('',(-44.989789529834,-4.44604454188402,3.11869838228754));
#7555=CARTESIAN_POINT('',(-44.9492052855247,-4.90281727070532,2.64593909448788));
#7556=CARTESIAN_POINT('Origin',(-40.9055915910215,-3.10248446160609,-4.44089209850063E-15));
#7557=CARTESIAN_POINT('Origin',(-40.9055915910215,0.,1.71239625381367));
#7558=CARTESIAN_POINT('Origin',(-28.3195147725436,2.77778066500736,-30.2368344135604));
#7559=CARTESIAN_POINT('',(-27.9659613819503,2.77778066500736,-29.8832810229672));
#7560=CARTESIAN_POINT('Origin',(-28.3195147725436,2.77778066500736,-30.2368344135605));
#7561=CARTESIAN_POINT('',(-28.1757116533056,3.23455339382866,-30.0930312943225));
#7562=CARTESIAN_POINT('Origin',(-28.3195147725436,2.77778066500736,-30.2368344135604));
#7563=CARTESIAN_POINT('Origin',(-28.3195147725436,2.77778066500736,-30.2368344135605));
#7564=CARTESIAN_POINT('Origin',(-30.2368344135604,2.77778066500736,-28.3195147725436));
#7565=CARTESIAN_POINT('',(-30.456019986955,2.77778066500736,-27.870117749394));
#7566=CARTESIAN_POINT('',(-29.8832810229672,2.77778066500736,-27.9659613819503));
#7567=CARTESIAN_POINT('Origin',(-30.2368344135604,2.77778066500736,-28.3195147725436));
#7568=CARTESIAN_POINT('',(-30.0930312943225,3.23455339382866,-28.1757116533056));
#7569=CARTESIAN_POINT('Origin',(-30.2368344135604,2.77778066500736,-28.3195147725436));
#7570=CARTESIAN_POINT('Origin',(-30.2368344135604,2.77778066500736,-28.3195147725436));
#7571=CARTESIAN_POINT('Origin',(-38.5561211364671,6.6743203907477,-32.3771020209284));
#7572=CARTESIAN_POINT('',(-38.4123180172291,7.131093119569,-32.2332989016905));
#7573=CARTESIAN_POINT('',(-38.7753067098616,6.6743203907477,-31.9277049977789));
#7574=CARTESIAN_POINT('Origin',(-29.8835980946271,2.77778066500736,-28.672751091477));
#7575=CARTESIAN_POINT('',(-29.5300447040338,2.77778066500736,-28.3191977008837));
#7576=CARTESIAN_POINT('',(-29.7397949753891,3.23455339382866,-28.528947972239));
#7577=CARTESIAN_POINT('Origin',(-28.3195147725436,-2.77778066500734,-30.2368344135605));
#7578=CARTESIAN_POINT('',(-27.9659613819503,-2.77778066500733,-29.8832810229672));
#7579=CARTESIAN_POINT('Origin',(-28.3195147725436,-2.77778066500733,-30.2368344135605));
#7580=CARTESIAN_POINT('Origin',(-28.3195147725436,-2.77778066500734,-30.2368344135605));
#7581=CARTESIAN_POINT('Origin',(-28.3195147725436,0.,-30.2368344135605));
#7582=CARTESIAN_POINT('',(-27.9659613819503,0.,-29.8832810229672));
#7583=CARTESIAN_POINT('Origin',(-30.2368344135604,-2.77778066500733,-28.3195147725436));
#7584=CARTESIAN_POINT('',(-29.8832810229672,-2.77778066500733,-27.9659613819503));
#7585=CARTESIAN_POINT('Origin',(-30.2368344135604,-2.77778066500733,-28.3195147725436));
#7586=CARTESIAN_POINT('Origin',(-30.2368344135604,-2.77778066500733,-28.3195147725436));
#7587=CARTESIAN_POINT('Origin',(-30.2368344135604,0.,-28.3195147725436));
#7588=CARTESIAN_POINT('',(-29.8832810229672,0.,-27.9659613819503));
#7589=CARTESIAN_POINT('',(-30.456019986955,0.,-27.870117749394));
#7590=CARTESIAN_POINT('Origin',(-29.8835980946271,-2.77778066500733,-28.672751091477));
#7591=CARTESIAN_POINT('',(-29.5300447040338,-2.77778066500733,-28.3191977008837));
#7592=CARTESIAN_POINT('Origin',(-30.2110049940691,4.59419676104012,-34.1149640810639));
#7593=CARTESIAN_POINT('',(-30.0672018748311,5.05096948986142,-33.9711609618259));
#7594=CARTESIAN_POINT('Origin',(-30.1354682056088,0.,-27.7137741993086));
#7595=CARTESIAN_POINT('Origin',(1.3557497198652,2.77778066500736,-41.4055915910215));
#7596=CARTESIAN_POINT('',(1.35574971986519,2.77778066500736,-40.9055915910215));
#7597=CARTESIAN_POINT('Origin',(1.35574971986519,2.77778066500736,-41.4055915910215));
#7598=CARTESIAN_POINT('',(1.3557497198652,3.23455339382866,-41.2022232694836));
#7599=CARTESIAN_POINT('Origin',(1.3557497198652,2.77778066500736,-41.4055915910215));
#7600=CARTESIAN_POINT('Origin',(1.35574971986519,2.77778066500736,-41.4055915910215));
#7601=CARTESIAN_POINT('Origin',(-1.35574971986518,2.77778066500736,-41.4055915910215));
#7602=CARTESIAN_POINT('',(-1.82850900766483,2.77778066500736,-41.2428075137929));
#7603=CARTESIAN_POINT('',(-1.35574971986517,2.77778066500736,-40.9055915910215));
#7604=CARTESIAN_POINT('Origin',(-1.35574971986517,2.77778066500736,-41.4055915910215));
#7605=CARTESIAN_POINT('',(-1.35574971986518,3.23455339382866,-41.2022232694836));
#7606=CARTESIAN_POINT('Origin',(-1.35574971986518,2.77778066500736,-41.4055915910215));
#7607=CARTESIAN_POINT('Origin',(-1.35574971986517,2.77778066500736,-41.4055915910215));
#7608=CARTESIAN_POINT('Origin',(-4.36922631767866,6.6743203907477,-50.157363106013));
#7609=CARTESIAN_POINT('',(-4.36922631767866,7.131093119569,-49.9539947844751));
#7610=CARTESIAN_POINT('',(-4.84198560547832,6.6743203907477,-49.9945790287844));
#7611=CARTESIAN_POINT('Origin',(-0.856198126906836,2.77778066500736,-41.4055915910215));
#7612=CARTESIAN_POINT('',(-0.856198126906836,2.77778066500736,-40.9055915910215));
#7613=CARTESIAN_POINT('',(-0.856198126906836,3.23455339382866,-41.2022232694836));
#7614=CARTESIAN_POINT('Origin',(1.35574971986519,-2.77778066500734,-41.4055915910215));
#7615=CARTESIAN_POINT('',(1.35574971986519,-2.77778066500733,-40.9055915910215));
#7616=CARTESIAN_POINT('Origin',(1.35574971986519,-2.77778066500733,-41.4055915910215));
#7617=CARTESIAN_POINT('Origin',(1.35574971986519,-2.77778066500734,-41.4055915910215));
#7618=CARTESIAN_POINT('Origin',(1.35574971986519,0.,-41.4055915910215));
#7619=CARTESIAN_POINT('',(1.35574971986519,0.,-40.9055915910215));
#7620=CARTESIAN_POINT('Origin',(-1.35574971986517,-2.77778066500733,-41.4055915910215));
#7621=CARTESIAN_POINT('',(-1.35574971986517,-2.77778066500733,-40.9055915910215));
#7622=CARTESIAN_POINT('Origin',(-1.35574971986517,-2.77778066500733,-41.4055915910215));
#7623=CARTESIAN_POINT('Origin',(-1.35574971986517,-2.77778066500733,-41.4055915910215));
#7624=CARTESIAN_POINT('Origin',(-1.35574971986517,0.,-41.4055915910215));
#7625=CARTESIAN_POINT('',(-1.35574971986517,0.,-40.9055915910215));
#7626=CARTESIAN_POINT('',(-1.82850900766483,0.,-41.2428075137929));
#7627=CARTESIAN_POINT('Origin',(-0.856198126906835,-2.77778066500733,-41.4055915910215));
#7628=CARTESIAN_POINT('',(-0.856198126906835,-2.77778066500733,-40.9055915910215));
#7629=CARTESIAN_POINT('Origin',(2.76051594388886,4.59419676104012,-45.4853289394226));
#7630=CARTESIAN_POINT('',(2.76051594388886,5.05096948986142,-45.2819606178847));
#7631=CARTESIAN_POINT('Origin',(-1.71239625381367,0.,-40.9055915910215));
#7632=CARTESIAN_POINT('Origin',(30.2368344135604,2.77778066500736,-28.3195147725436));
#7633=CARTESIAN_POINT('',(29.8832810229672,2.77778066500736,-27.9659613819503));
#7634=CARTESIAN_POINT('',(30.456019986955,2.77778066500736,-27.870117749394));
#7635=CARTESIAN_POINT('Origin',(30.2368344135605,2.77778066500736,-28.3195147725436));
#7636=CARTESIAN_POINT('',(30.0930312943225,3.23455339382866,-28.1757116533056));
#7637=CARTESIAN_POINT('Origin',(30.2368344135604,2.77778066500736,-28.3195147725436));
#7638=CARTESIAN_POINT('Origin',(30.2368344135605,2.77778066500736,-28.3195147725436));
#7639=CARTESIAN_POINT('Origin',(28.3195147725436,2.77778066500736,-30.2368344135604));
#7640=CARTESIAN_POINT('',(27.9659613819503,2.77778066500736,-29.8832810229672));
#7641=CARTESIAN_POINT('Origin',(28.3195147725436,2.77778066500736,-30.2368344135604));
#7642=CARTESIAN_POINT('Origin',(28.3195147725436,2.77778066500736,-30.2368344135604));
#7643=CARTESIAN_POINT('Origin',(28.672751091477,2.77778066500736,-29.8835980946271));
#7644=CARTESIAN_POINT('',(28.3191977008837,2.77778066500736,-29.5300447040338));
#7645=CARTESIAN_POINT('',(28.528947972239,3.23455339382866,-29.7397949753891));
#7646=CARTESIAN_POINT('Origin',(30.2368344135605,-2.77778066500734,-28.3195147725436));
#7647=CARTESIAN_POINT('',(29.8832810229672,-2.77778066500733,-27.9659613819503));
#7648=CARTESIAN_POINT('Origin',(30.2368344135605,-2.77778066500733,-28.3195147725436));
#7649=CARTESIAN_POINT('',(30.456019986955,-2.77778066500734,-27.870117749394));
#7650=CARTESIAN_POINT('Origin',(30.2368344135605,-2.77778066500734,-28.3195147725436));
#7651=CARTESIAN_POINT('Origin',(30.2368344135605,-2.77778066500733,-28.3195147725436));
#7652=CARTESIAN_POINT('Origin',(30.2368344135605,0.,-28.3195147725436));
#7653=CARTESIAN_POINT('',(30.456019986955,0.,-27.870117749394));
#7654=CARTESIAN_POINT('',(29.8832810229672,0.,-27.9659613819503));
#7655=CARTESIAN_POINT('Origin',(29.3574954064945,-2.36592091217643,-27.8906324824003));
#7656=CARTESIAN_POINT('',(29.576680979889,-2.36592091217643,-27.4412354592508));
#7657=CARTESIAN_POINT('Origin',(28.3195147725436,-2.77778066500733,-30.2368344135604));
#7658=CARTESIAN_POINT('',(27.9659613819503,-2.77778066500733,-29.8832810229672));
#7659=CARTESIAN_POINT('Origin',(28.3195147725436,-2.77778066500733,-30.2368344135604));
#7660=CARTESIAN_POINT('Origin',(28.3195147725436,-2.77778066500733,-30.2368344135604));
#7661=CARTESIAN_POINT('Origin',(28.3195147725436,0.,-30.2368344135604));
#7662=CARTESIAN_POINT('',(27.9659613819503,0.,-29.8832810229672));
#7663=CARTESIAN_POINT('Origin',(28.672751091477,-2.77778066500733,-29.8835980946271));
#7664=CARTESIAN_POINT('',(28.3191977008837,-2.77778066500733,-29.5300447040338));
#7665=CARTESIAN_POINT('Origin',(34.1149640810639,4.59419676104012,-30.2110049940691));
#7666=CARTESIAN_POINT('',(34.3341496544584,4.59419676104012,-29.7616079709195));
#7667=CARTESIAN_POINT('',(33.9711609618259,5.05096948986142,-30.0672018748311));
#7668=CARTESIAN_POINT('Origin',(30.1354682056088,0.,-27.7137741993086));
#7669=CARTESIAN_POINT('Origin',(27.7137741993086,0.,-30.1354682056088));
#7670=CARTESIAN_POINT('Origin',(41.4055915910215,2.77778066500736,1.35574971986519));
#7671=CARTESIAN_POINT('',(40.9055915910215,2.77778066500736,1.35574971986519));
#7672=CARTESIAN_POINT('',(41.2428075137929,2.77778066500736,1.82850900766485));
#7673=CARTESIAN_POINT('Origin',(41.4055915910215,2.77778066500736,1.35574971986519));
#7674=CARTESIAN_POINT('',(41.2022232694836,3.23455339382866,1.35574971986519));
#7675=CARTESIAN_POINT('Origin',(41.4055915910215,2.77778066500736,1.35574971986519));
#7676=CARTESIAN_POINT('Origin',(41.4055915910215,2.77778066500736,1.35574971986519));
#7677=CARTESIAN_POINT('Origin',(41.4055915910215,2.77778066500735,-1.35574971986518));
#7678=CARTESIAN_POINT('',(40.9055915910215,2.77778066500736,-1.35574971986518));
#7679=CARTESIAN_POINT('Origin',(41.4055915910215,2.77778066500735,-1.35574971986518));
#7680=CARTESIAN_POINT('Origin',(41.4055915910215,2.77778066500736,-1.35574971986518));
#7681=CARTESIAN_POINT('Origin',(41.4055915910215,2.77778066500736,-0.856198126906839));
#7682=CARTESIAN_POINT('',(40.9055915910215,2.77778066500736,-0.856198126906839));
#7683=CARTESIAN_POINT('',(41.2022232694836,3.23455339382866,-0.856198126906839));
#7684=CARTESIAN_POINT('Origin',(41.4055915910215,-2.77778066500733,1.35574971986519));
#7685=CARTESIAN_POINT('',(40.9055915910215,-2.77778066500733,1.35574971986519));
#7686=CARTESIAN_POINT('Origin',(41.4055915910215,-2.77778066500733,1.35574971986519));
#7687=CARTESIAN_POINT('',(41.2428075137929,-2.77778066500733,1.82850900766485));
#7688=CARTESIAN_POINT('Origin',(41.4055915910215,-2.77778066500733,1.35574971986519));
#7689=CARTESIAN_POINT('Origin',(41.4055915910215,-2.77778066500733,1.35574971986519));
#7690=CARTESIAN_POINT('Origin',(41.4055915910215,0.,1.35574971986519));
#7691=CARTESIAN_POINT('',(41.2428075137929,0.,1.82850900766485));
#7692=CARTESIAN_POINT('',(40.9055915910215,0.,1.35574971986519));
#7693=CARTESIAN_POINT('Origin',(40.4805394404722,-2.36592091217643,1.03722872069807));
#7694=CARTESIAN_POINT('',(40.3177553632436,-2.36592091217643,1.50998800849773));
#7695=CARTESIAN_POINT('Origin',(41.4055915910215,-2.77778066500733,-1.35574971986518));
#7696=CARTESIAN_POINT('',(40.9055915910215,-2.77778066500733,-1.35574971986518));
#7697=CARTESIAN_POINT('Origin',(41.4055915910215,-2.77778066500733,-1.35574971986518));
#7698=CARTESIAN_POINT('Origin',(41.4055915910215,-2.77778066500733,-1.35574971986518));
#7699=CARTESIAN_POINT('Origin',(41.4055915910215,0.,-1.35574971986518));
#7700=CARTESIAN_POINT('',(40.9055915910215,0.,-1.35574971986518));
#7701=CARTESIAN_POINT('Origin',(41.4055915910215,-2.77778066500733,-0.856198126906839));
#7702=CARTESIAN_POINT('',(40.9055915910215,-2.77778066500733,-0.856198126906839));
#7703=CARTESIAN_POINT('Origin',(45.4853289394226,4.59419676104012,2.76051594388885));
#7704=CARTESIAN_POINT('',(45.3225448621941,4.59419676104012,3.23327523168851));
#7705=CARTESIAN_POINT('',(45.2819606178847,5.05096948986141,2.76051594388885));
#7706=CARTESIAN_POINT('Origin',(40.9055915910215,0.,1.71239625381369));
#7707=CARTESIAN_POINT('Origin',(40.9055915910215,0.,-1.71239625381368));
#7708=CARTESIAN_POINT('Origin',(28.3195147725436,2.77778066500736,30.2368344135604));
#7709=CARTESIAN_POINT('',(27.9659613819503,2.77778066500736,29.8832810229672));
#7710=CARTESIAN_POINT('',(27.870117749394,2.77778066500736,30.456019986955));
#7711=CARTESIAN_POINT('Origin',(28.3195147725436,2.77778066500736,30.2368344135604));
#7712=CARTESIAN_POINT('',(28.1757116533056,3.23455339382866,30.0930312943225));
#7713=CARTESIAN_POINT('Origin',(28.3195147725436,2.77778066500736,30.2368344135604));
#7714=CARTESIAN_POINT('Origin',(28.3195147725436,2.77778066500736,30.2368344135604));
#7715=CARTESIAN_POINT('Origin',(30.2368344135604,2.77778066500736,28.3195147725436));
#7716=CARTESIAN_POINT('',(29.8832810229672,2.77778066500736,27.9659613819503));
#7717=CARTESIAN_POINT('Origin',(30.2368344135604,2.77778066500736,28.3195147725436));
#7718=CARTESIAN_POINT('Origin',(30.2368344135604,2.77778066500736,28.3195147725436));
#7719=CARTESIAN_POINT('Origin',(29.8835980946271,2.77778066500736,28.672751091477));
#7720=CARTESIAN_POINT('',(29.5300447040338,2.77778066500736,28.3191977008837));
#7721=CARTESIAN_POINT('',(29.7397949753891,3.23455339382866,28.528947972239));
#7722=CARTESIAN_POINT('Origin',(28.3195147725436,-2.77778066500734,30.2368344135604));
#7723=CARTESIAN_POINT('',(27.9659613819503,-2.77778066500734,29.8832810229672));
#7724=CARTESIAN_POINT('Origin',(28.3195147725436,-2.77778066500734,30.2368344135605));
#7725=CARTESIAN_POINT('',(27.870117749394,-2.77778066500734,30.456019986955));
#7726=CARTESIAN_POINT('Origin',(28.3195147725436,-2.77778066500734,30.2368344135604));
#7727=CARTESIAN_POINT('Origin',(28.3195147725436,-2.77778066500734,30.2368344135605));
#7728=CARTESIAN_POINT('Origin',(28.3195147725436,0.,30.2368344135604));
#7729=CARTESIAN_POINT('',(27.870117749394,0.,30.456019986955));
#7730=CARTESIAN_POINT('',(27.9659613819503,0.,29.8832810229672));
#7731=CARTESIAN_POINT('Origin',(27.8906324824003,-2.36592091217643,29.3574954064944));
#7732=CARTESIAN_POINT('',(27.4412354592508,-2.36592091217643,29.576680979889));
#7733=CARTESIAN_POINT('Origin',(30.2368344135604,-2.77778066500734,28.3195147725436));
#7734=CARTESIAN_POINT('',(29.8832810229672,-2.77778066500734,27.9659613819503));
#7735=CARTESIAN_POINT('Origin',(30.2368344135604,-2.77778066500734,28.3195147725436));
#7736=CARTESIAN_POINT('Origin',(30.2368344135604,-2.77778066500734,28.3195147725436));
#7737=CARTESIAN_POINT('Origin',(30.2368344135604,0.,28.3195147725436));
#7738=CARTESIAN_POINT('',(29.8832810229672,0.,27.9659613819503));
#7739=CARTESIAN_POINT('Origin',(29.8835980946271,-2.77778066500734,28.672751091477));
#7740=CARTESIAN_POINT('',(29.5300447040338,-2.77778066500734,28.3191977008837));
#7741=CARTESIAN_POINT('Origin',(30.2110049940691,4.59419676104012,34.1149640810639));
#7742=CARTESIAN_POINT('',(29.7616079709195,4.59419676104012,34.3341496544584));
#7743=CARTESIAN_POINT('',(30.0672018748311,5.05096948986142,33.9711609618259));
#7744=CARTESIAN_POINT('Origin',(27.7137741993086,0.,30.1354682056088));
#7745=CARTESIAN_POINT('Origin',(30.1354682056088,0.,27.7137741993086));
#7746=CARTESIAN_POINT('Origin',(-36.7027957955108,8.,-36.7027957955108));
#7747=CARTESIAN_POINT('Origin',(4.44089209850063E-15,8.,-51.9055915910215));
#7748=CARTESIAN_POINT('Origin',(36.7027957955108,8.,-36.7027957955108));
#7749=CARTESIAN_POINT('Origin',(51.9055915910215,8.,0.));
#7750=CARTESIAN_POINT('Origin',(36.7027957955108,8.,36.7027957955108));
#7751=CARTESIAN_POINT('Origin',(-32.8137084989848,0.,40.5918830920368));
#7752=CARTESIAN_POINT('Origin',(-51.9055915910215,0.,5.49999999999998));
#7753=CARTESIAN_POINT('Origin',(-40.5918830920368,0.,-32.8137084989848));
#7754=CARTESIAN_POINT('Origin',(-5.49999999999998,0.,-51.9055915910215));
#7755=CARTESIAN_POINT('Origin',(-1.35574971986519,2.77778066500736,41.4055915910215));
#7756=CARTESIAN_POINT('',(-1.35574971986518,2.77778066500736,40.9055915910215));
#7757=CARTESIAN_POINT('Origin',(-1.35574971986518,2.77778066500736,41.4055915910215));
#7758=CARTESIAN_POINT('',(-1.35574971986519,3.23455339382866,41.2022232694836));
#7759=CARTESIAN_POINT('Origin',(-1.35574971986519,2.77778066500736,41.4055915910215));
#7760=CARTESIAN_POINT('Origin',(-1.35574971986519,2.77778066500736,41.4055915910215));
#7761=CARTESIAN_POINT('Origin',(1.35574971986517,2.77778066500736,41.4055915910215));
#7762=CARTESIAN_POINT('',(1.35574971986518,3.23455339382866,41.2022232694836));
#7763=CARTESIAN_POINT('',(1.82850900766483,2.77778066500736,41.2428075137929));
#7764=CARTESIAN_POINT('Origin',(1.35574971986518,2.77778066500737,41.4055915910215));
#7765=CARTESIAN_POINT('',(1.35574971986517,2.77778066500736,40.9055915910215));
#7766=CARTESIAN_POINT('Origin',(1.35574971986517,2.77778066500736,41.4055915910215));
#7767=CARTESIAN_POINT('Origin',(1.35574971986517,2.77778066500736,41.4055915910215));
#7768=CARTESIAN_POINT('Origin',(0.856198126906841,2.77778066500736,41.4055915910215));
#7769=CARTESIAN_POINT('',(0.856198126906841,2.77778066500736,40.9055915910215));
#7770=CARTESIAN_POINT('',(0.856198126906841,3.23455339382866,41.2022232694836));
#7771=CARTESIAN_POINT('Origin',(-1.35574971986518,-2.77778066500734,41.4055915910215));
#7772=CARTESIAN_POINT('',(-1.35574971986518,-2.77778066500733,40.9055915910215));
#7773=CARTESIAN_POINT('Origin',(-1.35574971986518,-2.77778066500733,41.4055915910215));
#7774=CARTESIAN_POINT('Origin',(-1.35574971986518,-2.77778066500734,41.4055915910215));
#7775=CARTESIAN_POINT('Origin',(-1.35574971986518,0.,41.4055915910215));
#7776=CARTESIAN_POINT('',(-1.35574971986518,0.,40.9055915910215));
#7777=CARTESIAN_POINT('Origin',(1.35574971986517,-2.77778066500733,41.4055915910215));
#7778=CARTESIAN_POINT('',(1.35574971986517,-2.77778066500733,40.9055915910215));
#7779=CARTESIAN_POINT('Origin',(1.35574971986517,-2.77778066500733,41.4055915910215));
#7780=CARTESIAN_POINT('Origin',(1.35574971986518,-2.77778066500733,41.4055915910215));
#7781=CARTESIAN_POINT('Origin',(1.35574971986517,0.,41.4055915910215));
#7782=CARTESIAN_POINT('',(1.35574971986517,0.,40.9055915910215));
#7783=CARTESIAN_POINT('',(1.82850900766483,0.,41.2428075137929));
#7784=CARTESIAN_POINT('Origin',(0.856198126906841,-2.77778066500733,41.4055915910215));
#7785=CARTESIAN_POINT('',(0.856198126906841,-2.77778066500733,40.9055915910215));
#7786=CARTESIAN_POINT('Origin',(4.36922631767867,6.6743203907477,50.157363106013));
#7787=CARTESIAN_POINT('',(4.36922631767867,7.131093119569,49.9539947844751));
#7788=CARTESIAN_POINT('',(4.84198560547832,6.6743203907477,49.9945790287844));
#7789=CARTESIAN_POINT('Origin',(-2.76051594388885,4.59419676104012,45.4853289394226));
#7790=CARTESIAN_POINT('',(-2.76051594388885,5.05096948986142,45.2819606178847));
#7791=CARTESIAN_POINT('Origin',(1.71239625381368,0.,40.9055915910215));
#7792=CARTESIAN_POINT('Origin',(0.,8.,51.9055915910215));
#7793=CARTESIAN_POINT('Origin',(5.49999999999999,0.,51.9055915910215));
#7794=UNCERTAINTY_MEASURE_WITH_UNIT(LENGTH_MEASURE(0.01),#7798,
'DISTANCE_ACCURACY_VALUE',
'Maximum model space distance between geometric entities at asserted c
onnectivities');
#7795=UNCERTAINTY_MEASURE_WITH_UNIT(LENGTH_MEASURE(0.01),#7798,
'DISTANCE_ACCURACY_VALUE',
'Maximum model space distance between geometric entities at asserted c
onnectivities');
#7796=(
GEOMETRIC_REPRESENTATION_CONTEXT(3)
GLOBAL_UNCERTAINTY_ASSIGNED_CONTEXT((#7794))
GLOBAL_UNIT_ASSIGNED_CONTEXT((#7798,#7800,#7801))
REPRESENTATION_CONTEXT('','3D')
);
#7797=(
GEOMETRIC_REPRESENTATION_CONTEXT(3)
GLOBAL_UNCERTAINTY_ASSIGNED_CONTEXT((#7795))
GLOBAL_UNIT_ASSIGNED_CONTEXT((#7798,#7800,#7801))
REPRESENTATION_CONTEXT('','3D')
);
#7798=(
LENGTH_UNIT()
NAMED_UNIT(*)
SI_UNIT(.MILLI.,.METRE.)
);
#7799=(
LENGTH_UNIT()
NAMED_UNIT(*)
SI_UNIT($,.METRE.)
);
#7800=(
NAMED_UNIT(*)
PLANE_ANGLE_UNIT()
SI_UNIT($,.RADIAN.)
);
#7801=(
NAMED_UNIT(*)
SI_UNIT($,.STERADIAN.)
SOLID_ANGLE_UNIT()
);
#7802=SHAPE_DEFINITION_REPRESENTATION(#7803,#7804);
#7803=PRODUCT_DEFINITION_SHAPE('',$,#7806);
#7804=SHAPE_REPRESENTATION('',(#3830),#7796);
#7805=PRODUCT_DEFINITION_CONTEXT('part definition',#7810,'design');
#7806=PRODUCT_DEFINITION('2026-04-01-00-36-03-887','hnac\X\ED kolo',#7807,
#7805);
#7807=PRODUCT_DEFINITION_FORMATION('',$,#7812);
#7808=PRODUCT_RELATED_PRODUCT_CATEGORY('hnac\X\ED kolo','hnac\X\ED kol
o',(#7812));
#7809=APPLICATION_PROTOCOL_DEFINITION('international standard',
'automotive_design',2009,#7810);
#7810=APPLICATION_CONTEXT(
'Core Data for Automotive Mechanical Design Process');
#7811=PRODUCT_CONTEXT('part definition',#7810,'mechanical');
#7812=PRODUCT('2026-04-01-00-36-03-887','hnac\X\ED kolo',$,(#7811));
#7813=PRESENTATION_STYLE_ASSIGNMENT((#7814));
#7814=SURFACE_STYLE_USAGE(.BOTH.,#7815);
#7815=SURFACE_SIDE_STYLE('',(#7816));
#7816=SURFACE_STYLE_FILL_AREA(#7817);
#7817=FILL_AREA_STYLE('Ocel \X2\2013\X0\ sat\X\E9n',(#7818));
#7818=FILL_AREA_STYLE_COLOUR('Ocel \X2\2013\X0\ sat\X\E9n',#7819);
#7819=COLOUR_RGB('Ocel \X2\2013\X0\ sat\X\E9n',0.627450980392157,0.627450980392157,
0.627450980392157);
ENDSEC;
END-ISO-10303-21;
