ISO-10303-21;
HEADER;
/* Generated by software containing ST-Developer
 * from STEP Tools, Inc. (www.steptools.com) 
 */

FILE_DESCRIPTION(
/* description */ (''),
/* implementation_level */ '2;1');

FILE_NAME(
/* name */ '',
/* time_stamp */ '2026-04-16T01:42:24+02:00',
/* author */ (''),
/* organization */ (''),
/* preprocessor_version */ 'ST-DEVELOPER v20.1',
/* originating_system */ 'Autodesk Translation Framework v15.8.0.0',
/* authorisation */ '');

FILE_SCHEMA (('AUTOMOTIVE_DESIGN { 1 0 10303 214 3 1 1 }'));
ENDSEC;

DATA;
#10=MECHANICAL_DESIGN_GEOMETRIC_PRESENTATION_REPRESENTATION('',(#13),#1915);
#11=SHAPE_REPRESENTATION_RELATIONSHIP('SRR','None',#1922,#12);
#12=ADVANCED_BREP_SHAPE_REPRESENTATION('',(#14),#1914);
#13=STYLED_ITEM('',(#1931),#14);
#14=MANIFOLD_SOLID_BREP('T\X2\011B\X0\leso1',#338);
#15=PLANE('',#366);
#16=PLANE('',#376);
#17=TOROIDAL_SURFACE('',#361,8.75,0.5);
#18=TOROIDAL_SURFACE('',#371,9.5,0.5);
#19=TOROIDAL_SURFACE('',#373,8.75,0.5);
#20=TOROIDAL_SURFACE('',#378,9.5,0.5);
#21=(
BOUNDED_SURFACE()
B_SPLINE_SURFACE(1,2,((#834,#835,#836,#837,#838,#839,#840,#841,#842),(#843,
#844,#845,#846,#847,#848,#849,#850,#851)),.UNSPECIFIED.,.F.,.T.,.F.)
B_SPLINE_SURFACE_WITH_KNOTS((2,2),(3,2,2,2,3),(0.76513043754804,0.866723860693671),
(-3.14159265358979,-1.5707963267949,0.,1.5707963267949,3.14159265358979),
 .UNSPECIFIED.)
GEOMETRIC_REPRESENTATION_ITEM()
RATIONAL_B_SPLINE_SURFACE(((1.,0.707106781186548,1.,0.707106781186548,1.,
0.707106781186548,1.,0.707106781186548,1.),(1.,0.707106781186548,1.,0.707106781186548,
1.,0.707106781186548,1.,0.707106781186548,1.)))
REPRESENTATION_ITEM('')
SURFACE()
);
#22=(
BOUNDED_SURFACE()
B_SPLINE_SURFACE(1,2,((#1165,#1166,#1167,#1168,#1169,#1170,#1171,#1172,
#1173),(#1174,#1175,#1176,#1177,#1178,#1179,#1180,#1181,#1182)),
 .UNSPECIFIED.,.F.,.T.,.F.)
B_SPLINE_SURFACE_WITH_KNOTS((2,2),(3,2,2,2,3),(0.76513043754804,0.866709018809042),
(-3.14159265358979,-1.5707963267949,0.,1.5707963267949,3.14159265358979),
 .UNSPECIFIED.)
GEOMETRIC_REPRESENTATION_ITEM()
RATIONAL_B_SPLINE_SURFACE(((1.,0.707106781186548,1.,0.707106781186548,1.,
0.707106781186548,1.,0.707106781186548,1.),(1.,0.707106781186548,1.,0.707106781186548,
1.,0.707106781186548,1.,0.707106781186548,1.)))
REPRESENTATION_ITEM('')
SURFACE()
);
#23=(
BOUNDED_SURFACE()
B_SPLINE_SURFACE(1,2,((#1479,#1480,#1481,#1482,#1483,#1484,#1485,#1486,
#1487),(#1488,#1489,#1490,#1491,#1492,#1493,#1494,#1495,#1496)),
 .UNSPECIFIED.,.F.,.T.,.F.)
B_SPLINE_SURFACE_WITH_KNOTS((2,2),(3,2,2,2,3),(0.0222222222222222,0.123758451340849),
(-3.14159265358979,-1.5707963267949,0.,1.5707963267949,3.14159265358979),
 .UNSPECIFIED.)
GEOMETRIC_REPRESENTATION_ITEM()
RATIONAL_B_SPLINE_SURFACE(((1.,0.707106781186548,1.,0.707106781186548,1.,
0.707106781186548,1.,0.707106781186548,1.),(1.,0.707106781186548,1.,0.707106781186548,
1.,0.707106781186548,1.,0.707106781186548,1.)))
REPRESENTATION_ITEM('')
SURFACE()
);
#24=(
BOUNDED_SURFACE()
B_SPLINE_SURFACE(1,2,((#1793,#1794,#1795,#1796,#1797,#1798,#1799,#1800,
#1801),(#1802,#1803,#1804,#1805,#1806,#1807,#1808,#1809,#1810)),
 .UNSPECIFIED.,.F.,.T.,.F.)
B_SPLINE_SURFACE_WITH_KNOTS((2,2),(3,2,2,2,3),(0.0222222222222222,0.123758451340849),
(-3.14159265358979,-1.5707963267949,0.,1.5707963267949,3.14159265358979),
 .UNSPECIFIED.)
GEOMETRIC_REPRESENTATION_ITEM()
RATIONAL_B_SPLINE_SURFACE(((1.,0.707106781186548,1.,0.707106781186548,1.,
0.707106781186548,1.,0.707106781186548,1.),(1.,0.707106781186548,1.,0.707106781186548,
1.,0.707106781186548,1.,0.707106781186548,1.)))
REPRESENTATION_ITEM('')
SURFACE()
);
#25=FACE_BOUND('',#61,.T.);
#26=FACE_BOUND('',#62,.T.);
#27=FACE_BOUND('',#63,.T.);
#28=FACE_BOUND('',#73,.T.);
#29=FACE_BOUND('',#75,.T.);
#30=FACE_BOUND('',#76,.T.);
#31=FACE_BOUND('',#77,.T.);
#32=FACE_BOUND('',#81,.T.);
#33=LINE('',#729,#37);
#34=LINE('',#731,#38);
#35=LINE('',#1895,#39);
#36=LINE('',#1897,#40);
#37=VECTOR('',#388,10.);
#38=VECTOR('',#389,10.);
#39=VECTOR('',#418,8.25);
#40=VECTOR('',#419,8.25);
#41=CYLINDRICAL_SURFACE('',#353,10.);
#42=CYLINDRICAL_SURFACE('',#368,8.25);
#43=FACE_OUTER_BOUND('',#59,.T.);
#44=FACE_OUTER_BOUND('',#60,.T.);
#45=FACE_OUTER_BOUND('',#64,.T.);
#46=FACE_OUTER_BOUND('',#65,.T.);
#47=FACE_OUTER_BOUND('',#66,.T.);
#48=FACE_OUTER_BOUND('',#67,.T.);
#49=FACE_OUTER_BOUND('',#68,.T.);
#50=FACE_OUTER_BOUND('',#69,.T.);
#51=FACE_OUTER_BOUND('',#70,.T.);
#52=FACE_OUTER_BOUND('',#71,.T.);
#53=FACE_OUTER_BOUND('',#72,.T.);
#54=FACE_OUTER_BOUND('',#74,.T.);
#55=FACE_OUTER_BOUND('',#78,.T.);
#56=FACE_OUTER_BOUND('',#79,.T.);
#57=FACE_OUTER_BOUND('',#80,.T.);
#58=FACE_OUTER_BOUND('',#82,.T.);
#59=EDGE_LOOP('',(#216,#217,#218,#219,#220,#221,#222));
#60=EDGE_LOOP('',(#223,#224,#225,#226,#227,#228,#229,#230,#231,#232,#233));
#61=EDGE_LOOP('',(#234));
#62=EDGE_LOOP('',(#235));
#63=EDGE_LOOP('',(#236));
#64=EDGE_LOOP('',(#237,#238,#239,#240,#241,#242,#243));
#65=EDGE_LOOP('',(#244,#245,#246,#247,#248));
#66=EDGE_LOOP('',(#249,#250,#251,#252,#253,#254));
#67=EDGE_LOOP('',(#255,#256,#257,#258,#259));
#68=EDGE_LOOP('',(#260,#261,#262,#263,#264,#265));
#69=EDGE_LOOP('',(#266,#267,#268,#269,#270));
#70=EDGE_LOOP('',(#271,#272,#273,#274,#275,#276));
#71=EDGE_LOOP('',(#277,#278,#279,#280,#281));
#72=EDGE_LOOP('',(#282));
#73=EDGE_LOOP('',(#283));
#74=EDGE_LOOP('',(#284,#285,#286,#287,#288,#289,#290,#291,#292,#293,#294));
#75=EDGE_LOOP('',(#295,#296));
#76=EDGE_LOOP('',(#297,#298));
#77=EDGE_LOOP('',(#299,#300));
#78=EDGE_LOOP('',(#301,#302,#303,#304,#305));
#79=EDGE_LOOP('',(#306,#307,#308,#309,#310));
#80=EDGE_LOOP('',(#311));
#81=EDGE_LOOP('',(#312));
#82=EDGE_LOOP('',(#313,#314,#315,#316,#317));
#83=B_SPLINE_CURVE_WITH_KNOTS('',3,(#645,#646,#647,#648,#649,#650,#651,
#652,#653,#654,#655,#656),.UNSPECIFIED.,.F.,.F.,(4,1,1,1,1,1,1,1,1,4),(0.,
0.633428701629351,1.2668574032587,1.68914320434494,1.90028610488805,2.00585755515961,
2.11142900543117,2.16421473056695,2.21700045570273,2.21707151868154),
 .UNSPECIFIED.);
#84=B_SPLINE_CURVE_WITH_KNOTS('',3,(#657,#658,#659,#660,#661,#662,#663,
#664,#665,#666,#667,#668,#669,#670,#671,#672,#673,#674,#675,#676,#677,#678,
#679,#680,#681),.UNSPECIFIED.,.F.,.F.,(4,1,1,1,1,1,1,1,1,1,1,1,1,1,1,1,
1,1,1,1,1,1,4),(2.21707151868154,2.26978618083851,2.32257190597429,2.42814335624584,
2.5337148065174,2.74485770706052,2.95600060760364,3.37828640868987,3.8005722097761,
5.06742961303481,5.70085831466416,6.01757266547883,6.33428701629351,6.49264419170084,
6.57182277940451,6.65100136710818,6.73017995481185,6.80935854251552,6.96771571792286,
7.28443006873753,7.60114441955221,8.23457312118156,8.86800182281091),
 .UNSPECIFIED.);
#85=B_SPLINE_CURVE_WITH_KNOTS('',3,(#683,#684,#685,#686,#687,#688,#689,
#690,#691,#692),.UNSPECIFIED.,.F.,.F.,(4,1,1,1,1,1,1,4),(-8.86800182281091,
-8.23457312118156,-7.60114441955221,-7.28443006873753,-6.96771571792286,
-6.80935854251552,-6.73017995481185,-6.65114786016363),.UNSPECIFIED.);
#86=B_SPLINE_CURVE_WITH_KNOTS('',3,(#694,#695,#696,#697,#698,#699,#700,
#701,#702,#703,#704,#705,#706,#707,#708,#709,#710,#711,#712),
 .UNSPECIFIED.,.F.,.F.,(4,1,1,1,1,1,1,1,1,1,1,1,1,1,1,1,4),(-6.65114786016363,
-6.65100136710818,-6.57182277940451,-6.49264419170084,-6.33428701629351,
-6.01757266547883,-5.70085831466416,-5.06742961303481,-3.8005722097761,
-3.37828640868987,-2.95600060760364,-2.74485770706052,-2.5337148065174,
-2.42814335624584,-2.32257190597429,-2.26978618083851,-2.21707151868154),
 .UNSPECIFIED.);
#87=B_SPLINE_CURVE_WITH_KNOTS('',3,(#713,#714,#715,#716,#717,#718,#719,
#720,#721,#722,#723,#724),.UNSPECIFIED.,.F.,.F.,(4,1,1,1,1,1,1,1,1,4),(-2.21707151868154,
-2.21700045570273,-2.16421473056695,-2.11142900543117,-2.00585755515961,
-1.90028610488805,-1.68914320434494,-1.2668574032587,-0.633428701629351,
0.),.UNSPECIFIED.);
#88=B_SPLINE_CURVE_WITH_KNOTS('',3,(#737,#738,#739,#740,#741,#742,#743,
#744,#745,#746,#747,#748,#749,#750,#751,#752,#753,#754,#755,#756,#757,#758,
#759,#760,#761,#762,#763,#764,#765,#766,#767,#768,#769),.UNSPECIFIED.,.T.,
 .F.,(4,1,1,1,1,1,1,1,1,1,1,1,1,1,1,1,1,1,1,1,1,1,1,1,1,1,1,1,1,1,4),(-8.86800182281091,
-8.23457312118156,-7.60114441955221,-7.28443006873753,-6.96771571792286,
-6.80935854251552,-6.73017995481185,-6.65100136710818,-6.57182277940451,
-6.49264419170084,-6.33428701629351,-6.01757266547883,-5.70085831466416,
-5.06742961303481,-3.8005722097761,-3.37828640868987,-2.95600060760364,
-2.74485770706052,-2.5337148065174,-2.42814335624584,-2.32257190597429,
-2.26978618083851,-2.21700045570273,-2.16421473056695,-2.11142900543117,
-2.00585755515961,-1.90028610488805,-1.68914320434494,-1.2668574032587,
-0.633428701629351,0.),.UNSPECIFIED.);
#89=B_SPLINE_CURVE_WITH_KNOTS('',3,(#771,#772,#773,#774,#775,#776,#777,
#778,#779,#780,#781,#782,#783,#784,#785,#786,#787,#788,#789,#790,#791,#792,
#793,#794,#795,#796,#797,#798,#799,#800,#801),.UNSPECIFIED.,.T.,.F.,(4,
1,1,1,1,1,1,1,1,1,1,1,1,1,1,1,1,1,1,1,1,1,1,1,1,1,1,1,4),(-15.5190031899191,
-15.4398246022154,-15.3606460145118,-15.2022888391044,-14.8855744882897,
-14.2521457866604,-12.9852883834017,-12.5630025823155,-12.1407167812292,
-11.718430980143,-11.5072880795999,-11.2961451790568,-11.1905737287852,
-11.1377880036494,-11.0850022785136,-11.0322165533779,-10.9794308282421,
-10.8738593779705,-10.768287927699,-10.6627164774274,-10.4515735768843,
-10.0292877757981,-9.18471617362558,-7.91785877036688,-7.28443006873753,
-6.96771571792286,-6.80935854251552,-6.73017995481185,-6.65100136710818),
 .UNSPECIFIED.);
#90=B_SPLINE_CURVE_WITH_KNOTS('',3,(#803,#804,#805,#806,#807,#808,#809,
#810,#811,#812,#813,#814,#815,#816,#817,#818,#819,#820,#821,#822,#823,#824,
#825,#826,#827,#828,#829,#830,#831,#832,#833),.UNSPECIFIED.,.T.,.F.,(4,
1,1,1,1,1,1,1,1,1,1,1,1,1,1,1,1,1,1,1,1,1,1,1,1,1,1,1,4),(-11.0850022785136,
-11.00582369081,-10.9266451031063,-10.768287927699,-10.4515735768843,-9.81814487525494,
-8.55128747199623,-8.12900167091,-7.70671586982377,-7.28443006873753,-7.07328716819442,
-6.8621442676513,-6.75657281737974,-6.70378709224396,-6.65100136710818,
-6.5982156419724,-6.54542991683662,-6.43985846656507,-6.33428701629351,
-6.22871556602195,-6.01757266547883,-5.5952868643926,-4.75071526222013,
-3.48385785896143,-2.85042915733208,-2.5337148065174,-2.37535763111007,
-2.2961790434064,-2.21700045570273),.UNSPECIFIED.);
#91=B_SPLINE_CURVE_WITH_KNOTS('',3,(#854,#855,#856,#857,#858,#859,#860,
#861,#862,#863,#864,#865,#866,#867,#868,#869,#870,#871),.UNSPECIFIED.,.F.,
 .F.,(4,2,2,2,2,2,2,2,4),(0.,0.934206266521965,1.40130939978295,1.86841253304393,
1.99949628428808,2.13058003553224,2.17430757486219,2.19617134452716,2.21803511419214),
 .UNSPECIFIED.);
#92=B_SPLINE_CURVE_WITH_KNOTS('',3,(#873,#874,#875,#876,#877,#878,#879,
#880,#881,#882,#883,#884,#885,#886,#887,#888,#889,#890),.UNSPECIFIED.,.F.,
 .F.,(4,2,2,2,2,2,2,2,4),(6.65410534257641,6.67596911224139,6.69783288190636,
6.74156042123631,6.87264417248047,7.00372792372462,7.47083105698561,7.93793419024659,
8.87214045676855),.UNSPECIFIED.);
#93=B_SPLINE_CURVE_WITH_KNOTS('',1,(#891,#892),.UNSPECIFIED.,.F.,.F.,(2,
2),(0.811111111111111,0.866669195496784),.UNSPECIFIED.);
#94=B_SPLINE_CURVE_WITH_KNOTS('',3,(#893,#894,#895,#896,#897,#898,#899,
#900,#901,#902,#903,#904,#905,#906,#907,#908,#909,#910,#911,#912,#913,#914,
#915,#916,#917,#918,#919,#920,#921,#922,#923,#924,#925,#926),
 .UNSPECIFIED.,.F.,.F.,(4,2,2,2,2,2,2,2,2,2,2,2,2,2,2,2,4),(2.21803511419214,
2.23989888385711,2.26176265352209,2.30549019285204,2.43657394409619,2.56765769534035,
3.03476082860133,3.50186396186231,4.43607022838428,5.37027649490624,5.83737962816722,
6.30448276142821,6.43556651267236,6.56665026391651,6.61037780324646,6.63224157291144,
6.65410534257641),.UNSPECIFIED.);
#95=B_SPLINE_CURVE_WITH_KNOTS('',3,(#1128,#1129,#1130,#1131,#1132,#1133,
#1134,#1135,#1136,#1137,#1138,#1139,#1140,#1141,#1142,#1143,#1144,#1145,
#1146,#1147,#1148,#1149,#1150,#1151,#1152,#1153,#1154),.UNSPECIFIED.,.F.,
 .F.,(4,1,1,1,1,1,1,1,1,1,1,1,1,1,1,1,1,1,1,1,1,1,1,1,4),(0.,0.633428701629351,
1.2668574032587,1.68914320434494,1.90028610488805,2.00585755515961,2.11142900543117,
2.16421473056695,2.21700045570273,2.26978618083851,2.32257190597429,2.42814335624584,
2.5337148065174,2.74485770706052,2.95600060760364,3.37828640868987,3.8005722097761,
5.06742961303481,5.70085831466416,6.01757266547883,6.33428701629351,6.49264419170084,
6.57182277940451,6.65100136710818,6.65114786016363),.UNSPECIFIED.);
#96=B_SPLINE_CURVE_WITH_KNOTS('',3,(#1155,#1156,#1157,#1158,#1159,#1160,
#1161,#1162,#1163,#1164),.UNSPECIFIED.,.F.,.F.,(4,1,1,1,1,1,1,4),(6.65114786016363,
6.73017995481185,6.80935854251552,6.96771571792286,7.28443006873753,7.60114441955221,
8.23457312118156,8.86800182281091),.UNSPECIFIED.);
#97=B_SPLINE_CURVE_WITH_KNOTS('',3,(#1185,#1186,#1187,#1188,#1189,#1190,
#1191,#1192,#1193,#1194,#1195,#1196,#1197,#1198,#1199,#1200,#1201,#1202),
 .UNSPECIFIED.,.F.,.F.,(4,2,2,2,2,2,2,2,4),(0.,0.934206266521965,1.40130939978295,
1.86841253304393,1.99949628428808,2.13058003553224,2.17430757486219,2.19617134452716,
2.21803511419214),.UNSPECIFIED.);
#98=B_SPLINE_CURVE_WITH_KNOTS('',3,(#1203,#1204,#1205,#1206,#1207,#1208,
#1209,#1210,#1211,#1212,#1213,#1214,#1215,#1216,#1217,#1218,#1219,#1220,
#1221,#1222,#1223,#1224,#1225,#1226,#1227,#1228,#1229,#1230,#1231,#1232,
#1233,#1234,#1235,#1236,#1237,#1238,#1239,#1240,#1241,#1242,#1243,#1244,
#1245,#1246,#1247,#1248,#1249,#1250,#1251,#1252),.UNSPECIFIED.,.F.,.F.,
(4,2,2,2,2,2,2,2,2,2,2,2,2,2,2,2,2,2,2,2,2,2,2,2,4),(2.21803511419214,2.23989888385711,
2.26176265352209,2.30549019285204,2.43657394409619,2.56765769534035,3.03476082860133,
3.50186396186231,4.43607022838428,5.37027649490624,5.83737962816722,6.3044827614282,
6.43556651267236,6.56665026391651,6.61037780324646,6.63224157291144,6.65410534257641,
6.67596911224139,6.69783288190636,6.74156042123631,6.87264417248047,7.00372792372462,
7.4708310569856,7.93793419024659,8.87214045676855),.UNSPECIFIED.);
#99=B_SPLINE_CURVE_WITH_KNOTS('',1,(#1253,#1254),.UNSPECIFIED.,.F.,.F.,
(2,2),(0.811111111111111,0.866674398629537),.UNSPECIFIED.);
#100=B_SPLINE_CURVE_WITH_KNOTS('',3,(#1444,#1445,#1446,#1447,#1448,#1449,
#1450,#1451,#1452,#1453,#1454,#1455,#1456,#1457,#1458,#1459,#1460),
 .UNSPECIFIED.,.F.,.F.,(4,1,1,1,1,1,1,1,1,1,1,1,1,1,4),(2.21700045570273,
2.2961790434064,2.37535763111007,2.5337148065174,2.85042915733208,3.48385785896143,
4.75071526222013,5.5952868643926,6.01757266547883,6.22871556602195,6.33428701629351,
6.43985846656507,6.54542991683662,6.5982156419724,6.65095864656644),
 .UNSPECIFIED.);
#101=B_SPLINE_CURVE_WITH_KNOTS('',3,(#1461,#1462,#1463,#1464,#1465,#1466,
#1467,#1468,#1469,#1470,#1471,#1472,#1473,#1474,#1475,#1476,#1477,#1478),
 .UNSPECIFIED.,.F.,.F.,(4,1,1,1,1,1,1,1,1,1,1,1,1,1,1,4),(6.65095864656644,
6.65100136710818,6.70378709224396,6.75657281737974,6.8621442676513,7.07328716819442,
7.28443006873753,7.70671586982377,8.12900167091,8.55128747199623,9.81814487525494,
10.4515735768843,10.768287927699,10.9266451031063,11.00582369081,11.0850022785136),
 .UNSPECIFIED.);
#102=B_SPLINE_CURVE_WITH_KNOTS('',1,(#1498,#1499),.UNSPECIFIED.,.F.,.F.,
(2,2),(0.0222222222222222,0.0777777777777777),.UNSPECIFIED.);
#103=B_SPLINE_CURVE_WITH_KNOTS('',3,(#1501,#1502,#1503,#1504,#1505,#1506,
#1507,#1508,#1509,#1510,#1511,#1512,#1513,#1514,#1515,#1516,#1517,#1518),
 .UNSPECIFIED.,.F.,.F.,(4,2,2,2,2,2,2,2,4),(0.,0.934206266521964,1.40130939978295,
1.86841253304393,1.99949628428808,2.13058003553224,2.17430757486219,2.19617134452716,
2.21803511419214),.UNSPECIFIED.);
#104=B_SPLINE_CURVE_WITH_KNOTS('',3,(#1519,#1520,#1521,#1522,#1523,#1524,
#1525,#1526,#1527,#1528,#1529,#1530,#1531,#1532,#1533,#1534,#1535,#1536,
#1537,#1538,#1539,#1540,#1541,#1542,#1543,#1544,#1545,#1546,#1547,#1548,
#1549,#1550,#1551,#1552,#1553,#1554,#1555,#1556,#1557,#1558,#1559,#1560,
#1561,#1562,#1563,#1564,#1565,#1566,#1567,#1568),.UNSPECIFIED.,.F.,.F.,
(4,2,2,2,2,2,2,2,2,2,2,2,2,2,2,2,2,2,2,2,2,2,2,2,4),(2.21803511419214,2.23989888385711,
2.26176265352209,2.30549019285204,2.43657394409619,2.56765769534035,3.03476082860133,
3.50186396186231,4.43607022838428,5.37027649490624,5.83737962816722,6.3044827614282,
6.43556651267236,6.56665026391651,6.61037780324646,6.63224157291144,6.65410534257641,
6.67596911224139,6.69783288190636,6.74156042123631,6.87264417248047,7.00372792372462,
7.4708310569856,7.93793419024659,8.87214045676855),.UNSPECIFIED.);
#105=B_SPLINE_CURVE_WITH_KNOTS('',3,(#1758,#1759,#1760,#1761,#1762,#1763,
#1764,#1765,#1766,#1767,#1768,#1769,#1770,#1771,#1772,#1773,#1774),
 .UNSPECIFIED.,.F.,.F.,(4,1,1,1,1,1,1,1,1,1,1,1,1,1,4),(6.65100136710818,
6.73017995481185,6.80935854251552,6.96771571792286,7.28443006873753,7.91785877036688,
9.18471617362558,10.0292877757981,10.4515735768843,10.6627164774274,10.768287927699,
10.8738593779705,10.9794308282421,11.0322165533779,11.0849595579719),
 .UNSPECIFIED.);
#106=B_SPLINE_CURVE_WITH_KNOTS('',3,(#1775,#1776,#1777,#1778,#1779,#1780,
#1781,#1782,#1783,#1784,#1785,#1786,#1787,#1788,#1789,#1790,#1791,#1792),
 .UNSPECIFIED.,.F.,.F.,(4,1,1,1,1,1,1,1,1,1,1,1,1,1,1,4),(11.0849595579719,
11.0850022785136,11.1377880036494,11.1905737287852,11.2961451790568,11.5072880795999,
11.718430980143,12.1407167812292,12.5630025823155,12.9852883834017,14.2521457866604,
14.8855744882897,15.2022888391044,15.3606460145118,15.4398246022154,15.5190031899191),
 .UNSPECIFIED.);
#107=B_SPLINE_CURVE_WITH_KNOTS('',1,(#1812,#1813),.UNSPECIFIED.,.F.,.F.,
(2,2),(0.0222222222222222,0.0777777777777777),.UNSPECIFIED.);
#108=B_SPLINE_CURVE_WITH_KNOTS('',3,(#1815,#1816,#1817,#1818,#1819,#1820,
#1821,#1822,#1823,#1824,#1825,#1826,#1827,#1828,#1829,#1830,#1831,#1832,
#1833,#1834,#1835,#1836,#1837,#1838,#1839,#1840,#1841,#1842,#1843,#1844,
#1845,#1846,#1847,#1848,#1849,#1850,#1851,#1852,#1853,#1854,#1855,#1856,
#1857,#1858,#1859,#1860,#1861,#1862,#1863,#1864),.UNSPECIFIED.,.F.,.F.,
(4,2,2,2,2,2,2,2,2,2,2,2,2,2,2,2,2,2,2,2,2,2,2,2,4),(0.,0.934206266521964,
1.40130939978295,1.86841253304393,1.99949628428808,2.13058003553224,2.17430757486219,
2.19617134452716,2.21803511419214,2.23989888385711,2.26176265352209,2.30549019285204,
2.43657394409619,2.56765769534035,3.03476082860133,3.50186396186231,4.43607022838427,
5.37027649490624,5.83737962816722,6.3044827614282,6.43556651267236,6.56665026391651,
6.61037780324646,6.63224157291144,6.65410534257641),.UNSPECIFIED.);
#109=B_SPLINE_CURVE_WITH_KNOTS('',3,(#1865,#1866,#1867,#1868,#1869,#1870,
#1871,#1872,#1873,#1874,#1875,#1876,#1877,#1878,#1879,#1880,#1881,#1882),
 .UNSPECIFIED.,.F.,.F.,(4,2,2,2,2,2,2,2,4),(6.65410534257641,6.67596911224139,
6.69783288190636,6.74156042123631,6.87264417248047,7.00372792372462,7.4708310569856,
7.93793419024658,8.87214045676855),.UNSPECIFIED.);
#110=CIRCLE('',#352,0.5);
#111=CIRCLE('',#354,10.);
#112=CIRCLE('',#355,10.);
#113=CIRCLE('',#356,10.);
#114=CIRCLE('',#357,10.);
#115=CIRCLE('',#358,0.499999999999999);
#116=CIRCLE('',#359,0.5);
#117=CIRCLE('',#360,0.5);
#118=CIRCLE('',#362,8.75);
#119=CIRCLE('',#363,0.5);
#120=CIRCLE('',#364,8.25);
#121=CIRCLE('',#365,8.25);
#122=CIRCLE('',#367,9.5);
#123=CIRCLE('',#369,8.25);
#124=CIRCLE('',#370,8.25);
#125=CIRCLE('',#372,0.5);
#126=CIRCLE('',#374,8.75);
#127=CIRCLE('',#375,0.5);
#128=CIRCLE('',#377,9.5);
#129=CIRCLE('',#379,0.5);
#130=VERTEX_POINT('',#641);
#131=VERTEX_POINT('',#642);
#132=VERTEX_POINT('',#644);
#133=VERTEX_POINT('',#682);
#134=VERTEX_POINT('',#693);
#135=VERTEX_POINT('',#726);
#136=VERTEX_POINT('',#727);
#137=VERTEX_POINT('',#730);
#138=VERTEX_POINT('',#732);
#139=VERTEX_POINT('',#736);
#140=VERTEX_POINT('',#770);
#141=VERTEX_POINT('',#802);
#142=VERTEX_POINT('',#852);
#143=VERTEX_POINT('',#853);
#144=VERTEX_POINT('',#872);
#145=VERTEX_POINT('',#1125);
#146=VERTEX_POINT('',#1127);
#147=VERTEX_POINT('',#1183);
#148=VERTEX_POINT('',#1184);
#149=VERTEX_POINT('',#1441);
#150=VERTEX_POINT('',#1443);
#151=VERTEX_POINT('',#1497);
#152=VERTEX_POINT('',#1500);
#153=VERTEX_POINT('',#1755);
#154=VERTEX_POINT('',#1757);
#155=VERTEX_POINT('',#1811);
#156=VERTEX_POINT('',#1814);
#157=VERTEX_POINT('',#1884);
#158=VERTEX_POINT('',#1886);
#159=VERTEX_POINT('',#1888);
#160=VERTEX_POINT('',#1892);
#161=VERTEX_POINT('',#1896);
#162=VERTEX_POINT('',#1898);
#163=VERTEX_POINT('',#1904);
#164=VERTEX_POINT('',#1908);
#165=EDGE_CURVE('',#130,#131,#110,.T.);
#166=EDGE_CURVE('',#131,#132,#83,.T.);
#167=EDGE_CURVE('',#132,#131,#84,.T.);
#168=EDGE_CURVE('',#130,#133,#85,.T.);
#169=EDGE_CURVE('',#133,#134,#86,.T.);
#170=EDGE_CURVE('',#134,#130,#87,.T.);
#171=EDGE_CURVE('',#135,#136,#111,.T.);
#172=EDGE_CURVE('',#135,#133,#33,.T.);
#173=EDGE_CURVE('',#134,#137,#34,.T.);
#174=EDGE_CURVE('',#138,#137,#112,.T.);
#175=EDGE_CURVE('',#137,#138,#113,.T.);
#176=EDGE_CURVE('',#136,#135,#114,.T.);
#177=EDGE_CURVE('',#139,#139,#88,.T.);
#178=EDGE_CURVE('',#140,#140,#89,.T.);
#179=EDGE_CURVE('',#141,#141,#90,.T.);
#180=EDGE_CURVE('',#142,#143,#91,.T.);
#181=EDGE_CURVE('',#144,#142,#92,.T.);
#182=EDGE_CURVE('',#144,#132,#93,.T.);
#183=EDGE_CURVE('',#143,#144,#94,.T.);
#184=EDGE_CURVE('',#139,#145,#115,.T.);
#185=EDGE_CURVE('',#145,#146,#95,.T.);
#186=EDGE_CURVE('',#146,#145,#96,.T.);
#187=EDGE_CURVE('',#147,#148,#97,.T.);
#188=EDGE_CURVE('',#148,#147,#98,.T.);
#189=EDGE_CURVE('',#148,#146,#99,.T.);
#190=EDGE_CURVE('',#141,#149,#116,.T.);
#191=EDGE_CURVE('',#149,#150,#100,.T.);
#192=EDGE_CURVE('',#150,#149,#101,.T.);
#193=EDGE_CURVE('',#150,#151,#102,.T.);
#194=EDGE_CURVE('',#152,#151,#103,.T.);
#195=EDGE_CURVE('',#151,#152,#104,.T.);
#196=EDGE_CURVE('',#140,#153,#117,.T.);
#197=EDGE_CURVE('',#153,#154,#105,.T.);
#198=EDGE_CURVE('',#154,#153,#106,.T.);
#199=EDGE_CURVE('',#154,#155,#107,.T.);
#200=EDGE_CURVE('',#156,#155,#108,.T.);
#201=EDGE_CURVE('',#155,#156,#109,.T.);
#202=EDGE_CURVE('',#157,#157,#118,.T.);
#203=EDGE_CURVE('',#157,#158,#119,.T.);
#204=EDGE_CURVE('',#158,#159,#120,.T.);
#205=EDGE_CURVE('',#159,#158,#121,.T.);
#206=EDGE_CURVE('',#160,#160,#122,.T.);
#207=EDGE_CURVE('',#159,#143,#35,.T.);
#208=EDGE_CURVE('',#144,#161,#36,.T.);
#209=EDGE_CURVE('',#162,#161,#123,.T.);
#210=EDGE_CURVE('',#161,#162,#124,.T.);
#211=EDGE_CURVE('',#160,#136,#125,.T.);
#212=EDGE_CURVE('',#163,#163,#126,.T.);
#213=EDGE_CURVE('',#163,#162,#127,.T.);
#214=EDGE_CURVE('',#164,#164,#128,.T.);
#215=EDGE_CURVE('',#164,#138,#129,.T.);
#216=ORIENTED_EDGE('',*,*,#165,.T.);
#217=ORIENTED_EDGE('',*,*,#166,.T.);
#218=ORIENTED_EDGE('',*,*,#167,.T.);
#219=ORIENTED_EDGE('',*,*,#165,.F.);
#220=ORIENTED_EDGE('',*,*,#168,.T.);
#221=ORIENTED_EDGE('',*,*,#169,.T.);
#222=ORIENTED_EDGE('',*,*,#170,.T.);
#223=ORIENTED_EDGE('',*,*,#171,.F.);
#224=ORIENTED_EDGE('',*,*,#172,.T.);
#225=ORIENTED_EDGE('',*,*,#168,.F.);
#226=ORIENTED_EDGE('',*,*,#170,.F.);
#227=ORIENTED_EDGE('',*,*,#173,.T.);
#228=ORIENTED_EDGE('',*,*,#174,.F.);
#229=ORIENTED_EDGE('',*,*,#175,.F.);
#230=ORIENTED_EDGE('',*,*,#173,.F.);
#231=ORIENTED_EDGE('',*,*,#169,.F.);
#232=ORIENTED_EDGE('',*,*,#172,.F.);
#233=ORIENTED_EDGE('',*,*,#176,.F.);
#234=ORIENTED_EDGE('',*,*,#177,.F.);
#235=ORIENTED_EDGE('',*,*,#178,.F.);
#236=ORIENTED_EDGE('',*,*,#179,.F.);
#237=ORIENTED_EDGE('',*,*,#180,.F.);
#238=ORIENTED_EDGE('',*,*,#181,.F.);
#239=ORIENTED_EDGE('',*,*,#182,.T.);
#240=ORIENTED_EDGE('',*,*,#166,.F.);
#241=ORIENTED_EDGE('',*,*,#167,.F.);
#242=ORIENTED_EDGE('',*,*,#182,.F.);
#243=ORIENTED_EDGE('',*,*,#183,.F.);
#244=ORIENTED_EDGE('',*,*,#184,.T.);
#245=ORIENTED_EDGE('',*,*,#185,.T.);
#246=ORIENTED_EDGE('',*,*,#186,.T.);
#247=ORIENTED_EDGE('',*,*,#184,.F.);
#248=ORIENTED_EDGE('',*,*,#177,.T.);
#249=ORIENTED_EDGE('',*,*,#187,.F.);
#250=ORIENTED_EDGE('',*,*,#188,.F.);
#251=ORIENTED_EDGE('',*,*,#189,.T.);
#252=ORIENTED_EDGE('',*,*,#185,.F.);
#253=ORIENTED_EDGE('',*,*,#186,.F.);
#254=ORIENTED_EDGE('',*,*,#189,.F.);
#255=ORIENTED_EDGE('',*,*,#190,.T.);
#256=ORIENTED_EDGE('',*,*,#191,.T.);
#257=ORIENTED_EDGE('',*,*,#192,.T.);
#258=ORIENTED_EDGE('',*,*,#190,.F.);
#259=ORIENTED_EDGE('',*,*,#179,.T.);
#260=ORIENTED_EDGE('',*,*,#191,.F.);
#261=ORIENTED_EDGE('',*,*,#192,.F.);
#262=ORIENTED_EDGE('',*,*,#193,.T.);
#263=ORIENTED_EDGE('',*,*,#194,.F.);
#264=ORIENTED_EDGE('',*,*,#195,.F.);
#265=ORIENTED_EDGE('',*,*,#193,.F.);
#266=ORIENTED_EDGE('',*,*,#196,.T.);
#267=ORIENTED_EDGE('',*,*,#197,.T.);
#268=ORIENTED_EDGE('',*,*,#198,.T.);
#269=ORIENTED_EDGE('',*,*,#196,.F.);
#270=ORIENTED_EDGE('',*,*,#178,.T.);
#271=ORIENTED_EDGE('',*,*,#197,.F.);
#272=ORIENTED_EDGE('',*,*,#198,.F.);
#273=ORIENTED_EDGE('',*,*,#199,.T.);
#274=ORIENTED_EDGE('',*,*,#200,.F.);
#275=ORIENTED_EDGE('',*,*,#201,.F.);
#276=ORIENTED_EDGE('',*,*,#199,.F.);
#277=ORIENTED_EDGE('',*,*,#202,.T.);
#278=ORIENTED_EDGE('',*,*,#203,.T.);
#279=ORIENTED_EDGE('',*,*,#204,.T.);
#280=ORIENTED_EDGE('',*,*,#205,.T.);
#281=ORIENTED_EDGE('',*,*,#203,.F.);
#282=ORIENTED_EDGE('',*,*,#206,.F.);
#283=ORIENTED_EDGE('',*,*,#202,.F.);
#284=ORIENTED_EDGE('',*,*,#205,.F.);
#285=ORIENTED_EDGE('',*,*,#207,.T.);
#286=ORIENTED_EDGE('',*,*,#183,.T.);
#287=ORIENTED_EDGE('',*,*,#208,.T.);
#288=ORIENTED_EDGE('',*,*,#209,.F.);
#289=ORIENTED_EDGE('',*,*,#210,.F.);
#290=ORIENTED_EDGE('',*,*,#208,.F.);
#291=ORIENTED_EDGE('',*,*,#181,.T.);
#292=ORIENTED_EDGE('',*,*,#180,.T.);
#293=ORIENTED_EDGE('',*,*,#207,.F.);
#294=ORIENTED_EDGE('',*,*,#204,.F.);
#295=ORIENTED_EDGE('',*,*,#194,.T.);
#296=ORIENTED_EDGE('',*,*,#195,.T.);
#297=ORIENTED_EDGE('',*,*,#187,.T.);
#298=ORIENTED_EDGE('',*,*,#188,.T.);
#299=ORIENTED_EDGE('',*,*,#200,.T.);
#300=ORIENTED_EDGE('',*,*,#201,.T.);
#301=ORIENTED_EDGE('',*,*,#206,.T.);
#302=ORIENTED_EDGE('',*,*,#211,.T.);
#303=ORIENTED_EDGE('',*,*,#176,.T.);
#304=ORIENTED_EDGE('',*,*,#171,.T.);
#305=ORIENTED_EDGE('',*,*,#211,.F.);
#306=ORIENTED_EDGE('',*,*,#212,.T.);
#307=ORIENTED_EDGE('',*,*,#213,.T.);
#308=ORIENTED_EDGE('',*,*,#209,.T.);
#309=ORIENTED_EDGE('',*,*,#210,.T.);
#310=ORIENTED_EDGE('',*,*,#213,.F.);
#311=ORIENTED_EDGE('',*,*,#214,.F.);
#312=ORIENTED_EDGE('',*,*,#212,.F.);
#313=ORIENTED_EDGE('',*,*,#214,.T.);
#314=ORIENTED_EDGE('',*,*,#215,.T.);
#315=ORIENTED_EDGE('',*,*,#174,.T.);
#316=ORIENTED_EDGE('',*,*,#175,.T.);
#317=ORIENTED_EDGE('',*,*,#215,.F.);
#318=B_SPLINE_SURFACE_WITH_KNOTS('',3,3,((#443,#444,#445,#446,#447,#448,
#449,#450,#451,#452,#453,#454,#455,#456,#457,#458,#459,#460,#461,#462,#463,
#464,#465,#466,#467,#468,#469,#470,#471,#472,#473,#474,#475),(#476,#477,
#478,#479,#480,#481,#482,#483,#484,#485,#486,#487,#488,#489,#490,#491,#492,
#493,#494,#495,#496,#497,#498,#499,#500,#501,#502,#503,#504,#505,#506,#507,
#508),(#509,#510,#511,#512,#513,#514,#515,#516,#517,#518,#519,#520,#521,
#522,#523,#524,#525,#526,#527,#528,#529,#530,#531,#532,#533,#534,#535,#536,
#537,#538,#539,#540,#541),(#542,#543,#544,#545,#546,#547,#548,#549,#550,
#551,#552,#553,#554,#555,#556,#557,#558,#559,#560,#561,#562,#563,#564,#565,
#566,#567,#568,#569,#570,#571,#572,#573,#574),(#575,#576,#577,#578,#579,
#580,#581,#582,#583,#584,#585,#586,#587,#588,#589,#590,#591,#592,#593,#594,
#595,#596,#597,#598,#599,#600,#601,#602,#603,#604,#605,#606,#607),(#608,
#609,#610,#611,#612,#613,#614,#615,#616,#617,#618,#619,#620,#621,#622,#623,
#624,#625,#626,#627,#628,#629,#630,#631,#632,#633,#634,#635,#636,#637,#638,
#639,#640)),.UNSPECIFIED.,.F.,.T.,.F.,(4,1,1,4),(4,1,1,1,1,1,1,1,1,1,1,
1,1,1,1,1,1,1,1,1,1,1,1,1,1,1,1,1,1,1,4),(0.,0.285714285714286,0.571428571428571,
1.),(0.,0.633428701629351,1.2668574032587,1.68914320434494,1.90028610488805,
2.00585755515961,2.11142900543117,2.16421473056695,2.21700045570273,2.26978618083851,
2.32257190597429,2.42814335624584,2.5337148065174,2.74485770706052,2.95600060760364,
3.37828640868987,3.8005722097761,5.06742961303481,5.70085831466416,6.01757266547883,
6.33428701629351,6.49264419170084,6.57182277940451,6.65100136710818,6.73017995481185,
6.80935854251552,6.96771571792286,7.28443006873753,7.60114441955221,8.23457312118156,
8.86800182281091),.UNSPECIFIED.);
#319=B_SPLINE_SURFACE_WITH_KNOTS('',3,3,((#927,#928,#929,#930,#931,#932,
#933,#934,#935,#936,#937,#938,#939,#940,#941,#942,#943,#944,#945,#946,#947,
#948,#949,#950,#951,#952,#953,#954,#955,#956,#957,#958,#959),(#960,#961,
#962,#963,#964,#965,#966,#967,#968,#969,#970,#971,#972,#973,#974,#975,#976,
#977,#978,#979,#980,#981,#982,#983,#984,#985,#986,#987,#988,#989,#990,#991,
#992),(#993,#994,#995,#996,#997,#998,#999,#1000,#1001,#1002,#1003,#1004,
#1005,#1006,#1007,#1008,#1009,#1010,#1011,#1012,#1013,#1014,#1015,#1016,
#1017,#1018,#1019,#1020,#1021,#1022,#1023,#1024,#1025),(#1026,#1027,#1028,
#1029,#1030,#1031,#1032,#1033,#1034,#1035,#1036,#1037,#1038,#1039,#1040,
#1041,#1042,#1043,#1044,#1045,#1046,#1047,#1048,#1049,#1050,#1051,#1052,
#1053,#1054,#1055,#1056,#1057,#1058),(#1059,#1060,#1061,#1062,#1063,#1064,
#1065,#1066,#1067,#1068,#1069,#1070,#1071,#1072,#1073,#1074,#1075,#1076,
#1077,#1078,#1079,#1080,#1081,#1082,#1083,#1084,#1085,#1086,#1087,#1088,
#1089,#1090,#1091),(#1092,#1093,#1094,#1095,#1096,#1097,#1098,#1099,#1100,
#1101,#1102,#1103,#1104,#1105,#1106,#1107,#1108,#1109,#1110,#1111,#1112,
#1113,#1114,#1115,#1116,#1117,#1118,#1119,#1120,#1121,#1122,#1123,#1124)),
 .UNSPECIFIED.,.F.,.T.,.F.,(4,1,1,4),(4,1,1,1,1,1,1,1,1,1,1,1,1,1,1,1,1,
1,1,1,1,1,1,1,1,1,1,1,1,1,4),(0.,0.285714285714286,0.571428571428571,1.),
(0.,0.633428701629351,1.2668574032587,1.68914320434494,1.90028610488805,
2.00585755515961,2.11142900543117,2.16421473056695,2.21700045570273,2.26978618083851,
2.32257190597429,2.42814335624584,2.5337148065174,2.74485770706052,2.95600060760364,
3.37828640868987,3.8005722097761,5.06742961303481,5.70085831466416,6.01757266547883,
6.33428701629351,6.49264419170084,6.57182277940451,6.65100136710818,6.73017995481185,
6.80935854251552,6.96771571792286,7.28443006873753,7.60114441955221,8.23457312118156,
8.86800182281091),.UNSPECIFIED.);
#320=B_SPLINE_SURFACE_WITH_KNOTS('',3,3,((#1255,#1256,#1257,#1258,#1259,
#1260,#1261,#1262,#1263,#1264,#1265,#1266,#1267,#1268,#1269,#1270,#1271,
#1272,#1273,#1274,#1275,#1276,#1277,#1278,#1279,#1280,#1281,#1282,#1283,
#1284,#1285),(#1286,#1287,#1288,#1289,#1290,#1291,#1292,#1293,#1294,#1295,
#1296,#1297,#1298,#1299,#1300,#1301,#1302,#1303,#1304,#1305,#1306,#1307,
#1308,#1309,#1310,#1311,#1312,#1313,#1314,#1315,#1316),(#1317,#1318,#1319,
#1320,#1321,#1322,#1323,#1324,#1325,#1326,#1327,#1328,#1329,#1330,#1331,
#1332,#1333,#1334,#1335,#1336,#1337,#1338,#1339,#1340,#1341,#1342,#1343,
#1344,#1345,#1346,#1347),(#1348,#1349,#1350,#1351,#1352,#1353,#1354,#1355,
#1356,#1357,#1358,#1359,#1360,#1361,#1362,#1363,#1364,#1365,#1366,#1367,
#1368,#1369,#1370,#1371,#1372,#1373,#1374,#1375,#1376,#1377,#1378),(#1379,
#1380,#1381,#1382,#1383,#1384,#1385,#1386,#1387,#1388,#1389,#1390,#1391,
#1392,#1393,#1394,#1395,#1396,#1397,#1398,#1399,#1400,#1401,#1402,#1403,
#1404,#1405,#1406,#1407,#1408,#1409),(#1410,#1411,#1412,#1413,#1414,#1415,
#1416,#1417,#1418,#1419,#1420,#1421,#1422,#1423,#1424,#1425,#1426,#1427,
#1428,#1429,#1430,#1431,#1432,#1433,#1434,#1435,#1436,#1437,#1438,#1439,
#1440)),.UNSPECIFIED.,.F.,.T.,.F.,(4,1,1,4),(4,1,1,1,1,1,1,1,1,1,1,1,1,
1,1,1,1,1,1,1,1,1,1,1,1,1,1,1,4),(0.,0.285714285714286,0.571428571428571,
1.),(2.21700045570273,2.2961790434064,2.37535763111007,2.5337148065174,
2.85042915733208,3.48385785896143,4.75071526222013,5.5952868643926,6.01757266547883,
6.22871556602195,6.33428701629351,6.43985846656507,6.54542991683662,6.5982156419724,
6.65100136710818,6.70378709224396,6.75657281737974,6.8621442676513,7.07328716819442,
7.28443006873753,7.70671586982377,8.12900167091,8.55128747199623,9.81814487525494,
10.4515735768843,10.768287927699,10.9266451031063,11.00582369081,11.0850022785136),
 .UNSPECIFIED.);
#321=B_SPLINE_SURFACE_WITH_KNOTS('',3,3,((#1569,#1570,#1571,#1572,#1573,
#1574,#1575,#1576,#1577,#1578,#1579,#1580,#1581,#1582,#1583,#1584,#1585,
#1586,#1587,#1588,#1589,#1590,#1591,#1592,#1593,#1594,#1595,#1596,#1597,
#1598,#1599),(#1600,#1601,#1602,#1603,#1604,#1605,#1606,#1607,#1608,#1609,
#1610,#1611,#1612,#1613,#1614,#1615,#1616,#1617,#1618,#1619,#1620,#1621,
#1622,#1623,#1624,#1625,#1626,#1627,#1628,#1629,#1630),(#1631,#1632,#1633,
#1634,#1635,#1636,#1637,#1638,#1639,#1640,#1641,#1642,#1643,#1644,#1645,
#1646,#1647,#1648,#1649,#1650,#1651,#1652,#1653,#1654,#1655,#1656,#1657,
#1658,#1659,#1660,#1661),(#1662,#1663,#1664,#1665,#1666,#1667,#1668,#1669,
#1670,#1671,#1672,#1673,#1674,#1675,#1676,#1677,#1678,#1679,#1680,#1681,
#1682,#1683,#1684,#1685,#1686,#1687,#1688,#1689,#1690,#1691,#1692),(#1693,
#1694,#1695,#1696,#1697,#1698,#1699,#1700,#1701,#1702,#1703,#1704,#1705,
#1706,#1707,#1708,#1709,#1710,#1711,#1712,#1713,#1714,#1715,#1716,#1717,
#1718,#1719,#1720,#1721,#1722,#1723),(#1724,#1725,#1726,#1727,#1728,#1729,
#1730,#1731,#1732,#1733,#1734,#1735,#1736,#1737,#1738,#1739,#1740,#1741,
#1742,#1743,#1744,#1745,#1746,#1747,#1748,#1749,#1750,#1751,#1752,#1753,
#1754)),.UNSPECIFIED.,.F.,.T.,.F.,(4,1,1,4),(4,1,1,1,1,1,1,1,1,1,1,1,1,
1,1,1,1,1,1,1,1,1,1,1,1,1,1,1,4),(0.,0.285714285714286,0.571428571428571,
1.),(6.65100136710818,6.73017995481185,6.80935854251552,6.96771571792286,
7.28443006873753,7.91785877036688,9.18471617362558,10.0292877757981,10.4515735768843,
10.6627164774274,10.768287927699,10.8738593779705,10.9794308282421,11.0322165533779,
11.0850022785136,11.1377880036494,11.1905737287852,11.2961451790568,11.5072880795999,
11.718430980143,12.1407167812292,12.5630025823155,12.9852883834017,14.2521457866604,
14.8855744882897,15.2022888391044,15.3606460145118,15.4398246022154,15.5190031899191),
 .UNSPECIFIED.);
#322=ADVANCED_FACE('',(#43),#318,.F.);
#323=ADVANCED_FACE('',(#44,#25,#26,#27),#41,.T.);
#324=ADVANCED_FACE('',(#45),#21,.T.);
#325=ADVANCED_FACE('',(#46),#319,.F.);
#326=ADVANCED_FACE('',(#47),#22,.T.);
#327=ADVANCED_FACE('',(#48),#320,.F.);
#328=ADVANCED_FACE('',(#49),#23,.T.);
#329=ADVANCED_FACE('',(#50),#321,.F.);
#330=ADVANCED_FACE('',(#51),#24,.T.);
#331=ADVANCED_FACE('',(#52),#17,.T.);
#332=ADVANCED_FACE('',(#53,#28),#15,.T.);
#333=ADVANCED_FACE('',(#54,#29,#30,#31),#42,.F.);
#334=ADVANCED_FACE('',(#55),#18,.T.);
#335=ADVANCED_FACE('',(#56),#19,.T.);
#336=ADVANCED_FACE('',(#57,#32),#16,.F.);
#337=ADVANCED_FACE('',(#58),#20,.T.);
#338=CLOSED_SHELL('',(#322,#323,#324,#325,#326,#327,#328,#329,#330,#331,
#332,#333,#334,#335,#336,#337));
#339=DERIVED_UNIT_ELEMENT(#341,1.);
#340=DERIVED_UNIT_ELEMENT(#1917,-3.);
#341=(
MASS_UNIT()
NAMED_UNIT(*)
SI_UNIT(.KILO.,.GRAM.)
);
#342=DERIVED_UNIT((#339,#340));
#343=MEASURE_REPRESENTATION_ITEM('density measure',
POSITIVE_RATIO_MEASURE(7850.),#342);
#344=PROPERTY_DEFINITION_REPRESENTATION(#349,#346);
#345=PROPERTY_DEFINITION_REPRESENTATION(#350,#347);
#346=REPRESENTATION('material name',(#348),#1914);
#347=REPRESENTATION('density',(#343),#1914);
#348=DESCRIPTIVE_REPRESENTATION_ITEM('Ocel','Ocel');
#349=PROPERTY_DEFINITION('material property','material name',#1924);
#350=PROPERTY_DEFINITION('material property','density of part',#1924);
#351=AXIS2_PLACEMENT_3D('',#442,#380,#381);
#352=AXIS2_PLACEMENT_3D('',#643,#382,#383);
#353=AXIS2_PLACEMENT_3D('',#725,#384,#385);
#354=AXIS2_PLACEMENT_3D('',#728,#386,#387);
#355=AXIS2_PLACEMENT_3D('',#733,#390,#391);
#356=AXIS2_PLACEMENT_3D('',#734,#392,#393);
#357=AXIS2_PLACEMENT_3D('',#735,#394,#395);
#358=AXIS2_PLACEMENT_3D('',#1126,#396,#397);
#359=AXIS2_PLACEMENT_3D('',#1442,#398,#399);
#360=AXIS2_PLACEMENT_3D('',#1756,#400,#401);
#361=AXIS2_PLACEMENT_3D('',#1883,#402,#403);
#362=AXIS2_PLACEMENT_3D('',#1885,#404,#405);
#363=AXIS2_PLACEMENT_3D('',#1887,#406,#407);
#364=AXIS2_PLACEMENT_3D('',#1889,#408,#409);
#365=AXIS2_PLACEMENT_3D('',#1890,#410,#411);
#366=AXIS2_PLACEMENT_3D('',#1891,#412,#413);
#367=AXIS2_PLACEMENT_3D('',#1893,#414,#415);
#368=AXIS2_PLACEMENT_3D('',#1894,#416,#417);
#369=AXIS2_PLACEMENT_3D('',#1899,#420,#421);
#370=AXIS2_PLACEMENT_3D('',#1900,#422,#423);
#371=AXIS2_PLACEMENT_3D('',#1901,#424,#425);
#372=AXIS2_PLACEMENT_3D('',#1902,#426,#427);
#373=AXIS2_PLACEMENT_3D('',#1903,#428,#429);
#374=AXIS2_PLACEMENT_3D('',#1905,#430,#431);
#375=AXIS2_PLACEMENT_3D('',#1906,#432,#433);
#376=AXIS2_PLACEMENT_3D('',#1907,#434,#435);
#377=AXIS2_PLACEMENT_3D('',#1909,#436,#437);
#378=AXIS2_PLACEMENT_3D('',#1910,#438,#439);
#379=AXIS2_PLACEMENT_3D('',#1911,#440,#441);
#380=DIRECTION('axis',(0.,0.,1.));
#381=DIRECTION('refdir',(1.,0.,0.));
#382=DIRECTION('center_axis',(-1.,2.98568322399094E-16,-5.55111512312578E-16));
#383=DIRECTION('ref_axis',(0.,-0.880694764772711,-0.473684210526316));
#384=DIRECTION('center_axis',(1.,0.,0.));
#385=DIRECTION('ref_axis',(0.,1.,0.));
#386=DIRECTION('center_axis',(1.,0.,0.));
#387=DIRECTION('ref_axis',(0.,1.,0.));
#388=DIRECTION('',(-1.,0.,0.));
#389=DIRECTION('',(-1.,0.,0.));
#390=DIRECTION('center_axis',(-1.,0.,0.));
#391=DIRECTION('ref_axis',(0.,1.,0.));
#392=DIRECTION('center_axis',(-1.,0.,0.));
#393=DIRECTION('ref_axis',(0.,1.,0.));
#394=DIRECTION('center_axis',(1.,0.,0.));
#395=DIRECTION('ref_axis',(0.,1.,0.));
#396=DIRECTION('center_axis',(-1.,5.55111512312578E-16,2.98568322399094E-16));
#397=DIRECTION('ref_axis',(0.,0.473684210526317,-0.88069476477271));
#398=DIRECTION('center_axis',(-6.373731259854E-15,-6.19192268349931E-16,
1.));
#399=DIRECTION('ref_axis',(0.,1.,6.19192268349931E-16));
#400=DIRECTION('center_axis',(-3.61827596177245E-15,1.,-6.49435944794984E-16));
#401=DIRECTION('ref_axis',(0.,6.49435944794984E-16,1.));
#402=DIRECTION('center_axis',(-1.,0.,0.));
#403=DIRECTION('ref_axis',(0.,0.,1.));
#404=DIRECTION('center_axis',(1.,0.,0.));
#405=DIRECTION('ref_axis',(0.,1.,0.));
#406=DIRECTION('center_axis',(0.,-1.,1.22464679914735E-16));
#407=DIRECTION('ref_axis',(0.,-1.22464679914735E-16,-1.));
#408=DIRECTION('center_axis',(-1.,0.,0.));
#409=DIRECTION('ref_axis',(0.,1.,0.));
#410=DIRECTION('center_axis',(-1.,0.,0.));
#411=DIRECTION('ref_axis',(0.,1.,0.));
#412=DIRECTION('center_axis',(1.,0.,0.));
#413=DIRECTION('ref_axis',(0.,1.,0.));
#414=DIRECTION('center_axis',(-1.,0.,0.));
#415=DIRECTION('ref_axis',(0.,1.,0.));
#416=DIRECTION('center_axis',(1.,0.,0.));
#417=DIRECTION('ref_axis',(0.,1.,0.));
#418=DIRECTION('',(-1.,0.,0.));
#419=DIRECTION('',(-1.,0.,0.));
#420=DIRECTION('center_axis',(1.,0.,0.));
#421=DIRECTION('ref_axis',(0.,1.,0.));
#422=DIRECTION('center_axis',(1.,0.,0.));
#423=DIRECTION('ref_axis',(0.,1.,0.));
#424=DIRECTION('center_axis',(1.,0.,0.));
#425=DIRECTION('ref_axis',(0.,0.,-1.));
#426=DIRECTION('center_axis',(0.,-1.,-1.22464679914735E-16));
#427=DIRECTION('ref_axis',(0.,-1.22464679914735E-16,1.));
#428=DIRECTION('center_axis',(1.,0.,0.));
#429=DIRECTION('ref_axis',(0.,0.,-1.));
#430=DIRECTION('center_axis',(-1.,0.,0.));
#431=DIRECTION('ref_axis',(0.,1.,0.));
#432=DIRECTION('center_axis',(0.,-1.,-1.22464679914735E-16));
#433=DIRECTION('ref_axis',(0.,-1.22464679914735E-16,1.));
#434=DIRECTION('center_axis',(1.,0.,0.));
#435=DIRECTION('ref_axis',(0.,1.,0.));
#436=DIRECTION('center_axis',(1.,0.,0.));
#437=DIRECTION('ref_axis',(0.,1.,0.));
#438=DIRECTION('center_axis',(-1.,0.,0.));
#439=DIRECTION('ref_axis',(0.,0.,1.));
#440=DIRECTION('center_axis',(0.,-1.,1.22464679914735E-16));
#441=DIRECTION('ref_axis',(0.,-1.22464679914735E-16,-1.));
#442=CARTESIAN_POINT('',(0.,0.,0.));
#443=CARTESIAN_POINT('Ctrl Pts',(1.66533453693773E-15,-8.36660026534075,
-4.));
#444=CARTESIAN_POINT('Ctrl Pts',(-2.30149813216137,-8.36660026534075,-4.));
#445=CARTESIAN_POINT('Ctrl Pts',(-6.90323439891278,-8.43463258297499,-3.87707528962947));
#446=CARTESIAN_POINT('Ctrl Pts',(-13.0096684292991,-8.7020516054092,-3.34109688772039));
#447=CARTESIAN_POINT('Ctrl Pts',(-17.5086071967088,-9.00427731483017,-2.57721700849522));
#448=CARTESIAN_POINT('Ctrl Pts',(-20.052457204998,-9.21712768189701,-1.85362973207922));
#449=CARTESIAN_POINT('Ctrl Pts',(-21.388462630945,-9.3470909619728,-1.27776492659317));
#450=CARTESIAN_POINT('Ctrl Pts',(-22.1108596256479,-9.43135030038032,-0.798405897932629));
#451=CARTESIAN_POINT('Ctrl Pts',(-22.4471097906818,-9.48743883669822,-0.340471584301864));
#452=CARTESIAN_POINT('Ctrl Pts',(-22.5258573343982,-9.50632490481891,-0.000457768548006309));
#453=CARTESIAN_POINT('Ctrl Pts',(-22.4472512244535,-9.48760247962719,0.33950014989464));
#454=CARTESIAN_POINT('Ctrl Pts',(-22.1113877017263,-9.43152169460041,0.79753334342877));
#455=CARTESIAN_POINT('Ctrl Pts',(-21.3899226074301,-9.3473554463851,1.2769302274137));
#456=CARTESIAN_POINT('Ctrl Pts',(-20.052692234082,-9.21719412171556,1.85232444896036));
#457=CARTESIAN_POINT('Ctrl Pts',(-18.2359720530886,-9.06499587461695,2.37371124966858));
#458=CARTESIAN_POINT('Ctrl Pts',(-15.2703414471808,-8.85015413782916,2.978672352254));
#459=CARTESIAN_POINT('Ctrl Pts',(-11.4879344823523,-8.63193799562207,3.48205441142013));
#460=CARTESIAN_POINT('Ctrl Pts',(-3.84721608420541,-8.33323462443274,4.07068119716484));
#461=CARTESIAN_POINT('Ctrl Pts',(4.60989546308937,-8.33348811418121,4.06489114976455));
#462=CARTESIAN_POINT('Ctrl Pts',(12.6266329597598,-8.68532290325699,3.3814479065098));
#463=CARTESIAN_POINT('Ctrl Pts',(17.1385535765677,-8.97781678825524,2.63996507386242));
#464=CARTESIAN_POINT('Ctrl Pts',(19.8868155563531,-9.19870284862259,1.94788944124626));
#465=CARTESIAN_POINT('Ctrl Pts',(21.646685688631,-9.37255427352142,1.16464127385446));
#466=CARTESIAN_POINT('Ctrl Pts',(22.3750585434752,-9.47068952606299,0.516005222681183));
#467=CARTESIAN_POINT('Ctrl Pts',(22.5622562083885,-9.51484157716066,0.000935241221804051));
#468=CARTESIAN_POINT('Ctrl Pts',(22.3764357759672,-9.47098723126932,-0.513939824828781));
#469=CARTESIAN_POINT('Ctrl Pts',(21.6497811767608,-9.37259114173439,-1.16413756170187));
#470=CARTESIAN_POINT('Ctrl Pts',(19.8918038376665,-9.19916257692408,-1.94595111386895));
#471=CARTESIAN_POINT('Ctrl Pts',(17.1384654712727,-8.97783979980685,-2.6407146641558));
#472=CARTESIAN_POINT('Ctrl Pts',(12.6302851917479,-8.68530953603982,-3.37851939415049));
#473=CARTESIAN_POINT('Ctrl Pts',(6.90318361302693,-8.43467863570741,-3.8746027713321));
#474=CARTESIAN_POINT('Ctrl Pts',(2.30149813216137,-8.36660026534075,-4.));
#475=CARTESIAN_POINT('Ctrl Pts',(1.11022302462516E-15,-8.36660026534075,
-4.));
#476=CARTESIAN_POINT('Ctrl Pts',(1.66704858404136E-15,-8.46489863302781,
-4.));
#477=CARTESIAN_POINT('Ctrl Pts',(-2.3005322726683,-8.46489863302781,-4.));
#478=CARTESIAN_POINT('Ctrl Pts',(-6.90036228771977,-8.53217170934694,-3.8771721551318));
#479=CARTESIAN_POINT('Ctrl Pts',(-13.004547813874,-8.7963618914388,-3.34165789174634));
#480=CARTESIAN_POINT('Ctrl Pts',(-17.5022995502136,-9.09415518722147,-2.57846304310058));
#481=CARTESIAN_POINT('Ctrl Pts',(-20.0457216547836,-9.3028185332185,-1.85581562659343));
#482=CARTESIAN_POINT('Ctrl Pts',(-21.3821270278056,-9.4293006702118,-1.28092312771667));
#483=CARTESIAN_POINT('Ctrl Pts',(-22.1054576334504,-9.51038821320572,-0.802834775430828));
#484=CARTESIAN_POINT('Ctrl Pts',(-22.4453535298261,-9.56316713453899,-0.344787821800209));
#485=CARTESIAN_POINT('Ctrl Pts',(-22.5267631819735,-9.58064173162773,-0.000488403552203523));
#486=CARTESIAN_POINT('Ctrl Pts',(-22.4455420738465,-9.56331377312747,0.343813117468742));
#487=CARTESIAN_POINT('Ctrl Pts',(-22.1060220678952,-9.51054502254977,0.801921997797799));
#488=CARTESIAN_POINT('Ctrl Pts',(-21.3836043714899,-9.42954765090979,1.28012771097408));
#489=CARTESIAN_POINT('Ctrl Pts',(-20.0459810560496,-9.3028724593092,1.85450730411632));
#490=CARTESIAN_POINT('Ctrl Pts',(-18.2295456390727,-9.15369636921226,2.37521907039761));
#491=CARTESIAN_POINT('Ctrl Pts',(-15.2645890489198,-8.94235779523016,2.97955483610938));
#492=CARTESIAN_POINT('Ctrl Pts',(-11.4833863090865,-8.72709472495951,3.48247649321661));
#493=CARTESIAN_POINT('Ctrl Pts',(-3.84549524689143,-8.43195649648839,4.07066100059074));
#494=CARTESIAN_POINT('Ctrl Pts',(4.60782951594999,-8.43217629521851,4.06473211868368));
#495=CARTESIAN_POINT('Ctrl Pts',(12.6216842145552,-8.77986991409378,3.38207794934522));
#496=CARTESIAN_POINT('Ctrl Pts',(17.132303691109,-9.06805999221639,2.64101634303288));
#497=CARTESIAN_POINT('Ctrl Pts',(19.8801198436438,-9.28494040909778,1.95019261820204));
#498=CARTESIAN_POINT('Ctrl Pts',(21.640228033891,-9.45410959411652,1.1675355475227));
#499=CARTESIAN_POINT('Ctrl Pts',(22.3713461730085,-9.54765100226226,0.521661315983303));
#500=CARTESIAN_POINT('Ctrl Pts',(22.5641109577155,-9.58852948479247,0.000954229841520323));
#501=CARTESIAN_POINT('Ctrl Pts',(22.372753422327,-9.54792707302113,-0.519601987722738));
#502=CARTESIAN_POINT('Ctrl Pts',(21.6432711599131,-9.45417299269192,-1.1669421029488));
#503=CARTESIAN_POINT('Ctrl Pts',(19.8851264480197,-9.28537947838257,-1.94828922108902));
#504=CARTESIAN_POINT('Ctrl Pts',(17.1322003474498,-9.06809549414574,-2.64171394678009));
#505=CARTESIAN_POINT('Ctrl Pts',(12.6253440616366,-8.77983617024755,-3.37918939035909));
#506=CARTESIAN_POINT('Ctrl Pts',(6.90028741100931,-8.53220887277239,-3.87461251355975));
#507=CARTESIAN_POINT('Ctrl Pts',(2.3005322726683,-8.46489863302781,-4.));
#508=CARTESIAN_POINT('Ctrl Pts',(1.10835315505757E-15,-8.46489863302781,
-4.));
#509=CARTESIAN_POINT('Ctrl Pts',(1.70360293496447E-15,-8.66070421033218,
-4.05969981085366));
#510=CARTESIAN_POINT('Ctrl Pts',(-2.29970260326796,-8.66070421033218,-4.05969981085366));
#511=CARTESIAN_POINT('Ctrl Pts',(-6.89787973281328,-8.72648124250577,-3.9360689723794));
#512=CARTESIAN_POINT('Ctrl Pts',(-13.0009307764637,-8.98432393058637,-3.39747868105402));
#513=CARTESIAN_POINT('Ctrl Pts',(-17.49990039111,-9.27336410950867,-2.62986101064806));
#514=CARTESIAN_POINT('Ctrl Pts',(-20.0466591671799,-9.47376811617599,-1.90356136890286));
#515=CARTESIAN_POINT('Ctrl Pts',(-21.3885879569358,-9.59335293367807,-1.32448700598224));
#516=CARTESIAN_POINT('Ctrl Pts',(-22.1196613339261,-9.66814960398949,-0.842112563984875));
#517=CARTESIAN_POINT('Ctrl Pts',(-22.4741405681903,-9.71435600942408,-0.369746425056296));
#518=CARTESIAN_POINT('Ctrl Pts',(-22.5638192505749,-9.72902507496246,-0.000545946956141778));
#519=CARTESIAN_POINT('Ctrl Pts',(-22.4744575635388,-9.7144692854378,0.368789836938698));
#520=CARTESIAN_POINT('Ctrl Pts',(-22.1203256136613,-9.66827808998682,0.841123440615628));
#521=CARTESIAN_POINT('Ctrl Pts',(-21.3901447813495,-9.59356174685942,1.32378283900366));
#522=CARTESIAN_POINT('Ctrl Pts',(-20.0469884644288,-9.47378710567524,1.90214688388452));
#523=CARTESIAN_POINT('Ctrl Pts',(-18.2280676339304,-9.33058093128237,2.42557181871463));
#524=CARTESIAN_POINT('Ctrl Pts',(-15.2613907532216,-9.1261595054261,3.03330873704676));
#525=CARTESIAN_POINT('Ctrl Pts',(-11.4800719290325,-8.91671924823238,3.53901244748559));
#526=CARTESIAN_POINT('Ctrl Pts',(-3.84373869223901,-8.62859917332075,4.1309042841297));
#527=CARTESIAN_POINT('Ctrl Pts',(4.60574267452413,-8.62874757727579,4.1245334115602));
#528=CARTESIAN_POINT('Ctrl Pts',(12.6181503537075,-8.96829728808873,3.43835499785755));
#529=CARTESIAN_POINT('Ctrl Pts',(17.1297753465678,-9.24799511132793,2.69247677059084));
#530=CARTESIAN_POINT('Ctrl Pts',(19.8803982269411,-9.45695935514328,1.99901675776493));
#531=CARTESIAN_POINT('Ctrl Pts',(21.6472500938672,-9.61686712978852,1.20960516631356));
#532=CARTESIAN_POINT('Ctrl Pts',(22.3934619097678,-9.70129141057733,0.557006029988058));
#533=CARTESIAN_POINT('Ctrl Pts',(22.6045051043098,-9.73566380336073,0.00106277913043018));
#534=CARTESIAN_POINT('Ctrl Pts',(22.39498025832,-9.70152436584741,-0.554852604580165));
#535=CARTESIAN_POINT('Ctrl Pts',(21.6500947380119,-9.6169856157352,-1.20885246900711));
#536=CARTESIAN_POINT('Ctrl Pts',(19.8854820267243,-9.45735679446756,-1.99715158370581));
#537=CARTESIAN_POINT('Ctrl Pts',(17.1296144882223,-9.24805946611582,-2.69308713782959));
#538=CARTESIAN_POINT('Ctrl Pts',(12.6218449793658,-8.96821857965428,-3.43551407527417));
#539=CARTESIAN_POINT('Ctrl Pts',(6.89777408760163,-8.72650472870093,-3.93331334549696));
#540=CARTESIAN_POINT('Ctrl Pts',(2.29970260326795,-8.66070421033218,-4.05969981085366));
#541=CARTESIAN_POINT('Ctrl Pts',(1.10462846563718E-15,-8.66070421033218,
-4.05969981085366));
#542=CARTESIAN_POINT('Ctrl Pts',(1.86194948997984E-15,-8.88961088785965,
-4.33776117844094));
#543=CARTESIAN_POINT('Ctrl Pts',(-2.30252478206216,-8.88961088785965,-4.33776117844094));
#544=CARTESIAN_POINT('Ctrl Pts',(-6.90628512706458,-8.95530750265107,-4.21021928165672));
#545=CARTESIAN_POINT('Ctrl Pts',(-13.0195199926563,-9.21233345659241,-3.65578681049419));
#546=CARTESIAN_POINT('Ctrl Pts',(-17.5323016203572,-9.49920667410037,-2.86503633722975));
#547=CARTESIAN_POINT('Ctrl Pts',(-20.0979249615089,-9.69634400504442,-2.11646062857188));
#548=CARTESIAN_POINT('Ctrl Pts',(-21.4637183847522,-9.81259383762718,-1.51209815610087));
#549=CARTESIAN_POINT('Ctrl Pts',(-22.2258430280659,-9.88386918382324,-1.00146905488807));
#550=CARTESIAN_POINT('Ctrl Pts',(-22.6265928081223,-9.92593060346248,-0.461528607428443));
#551=CARTESIAN_POINT('Ctrl Pts',(-22.7386938027107,-9.93874550951888,-0.000683016734264317));
#552=CARTESIAN_POINT('Ctrl Pts',(-22.6272240981219,-9.92601855425273,0.460514089082188));
#553=CARTESIAN_POINT('Ctrl Pts',(-22.2267571500262,-9.88397508209169,1.00024238081092));
#554=CARTESIAN_POINT('Ctrl Pts',(-21.4655277814899,-9.81279236981063,1.51158415210541));
#555=CARTESIAN_POINT('Ctrl Pts',(-20.0983921159365,-9.69637924922578,2.11470422195207));
#556=CARTESIAN_POINT('Ctrl Pts',(-18.2656676286159,-9.55552520867273,2.65446257398822));
#557=CARTESIAN_POINT('Ctrl Pts',(-15.286241649732,-9.35321285956347,3.28085227989469));
#558=CARTESIAN_POINT('Ctrl Pts',(-11.4961450459107,-9.14495211343243,3.80118691116992));
#559=CARTESIAN_POINT('Ctrl Pts',(-3.84755705650099,-8.8576283621323,4.41141525382152));
#560=CARTESIAN_POINT('Ctrl Pts',(4.61042533759551,-8.85774584954612,4.40386490563565));
#561=CARTESIAN_POINT('Ctrl Pts',(12.6359524852992,-9.19641761115796,3.69833285627628));
#562=CARTESIAN_POINT('Ctrl Pts',(17.1611899557408,-9.4739775649027,2.92888694069899));
#563=CARTESIAN_POINT('Ctrl Pts',(19.9281875869485,-9.6801396477351,2.21646946452908));
#564=CARTESIAN_POINT('Ctrl Pts',(21.7258749984852,-9.83548957952188,1.39180906040649));
#565=CARTESIAN_POINT('Ctrl Pts',(22.5266116996254,-9.91447158278622,0.689735058162937));
#566=CARTESIAN_POINT('Ctrl Pts',(22.7892350015242,-9.94456158131098,0.00143818509012691));
#567=CARTESIAN_POINT('Ctrl Pts',(22.5284665449545,-9.91467704035426,-0.687164018852716));
#568=CARTESIAN_POINT('Ctrl Pts',(21.7281231735138,-9.8356396008255,-1.39083124313581));
#569=CARTESIAN_POINT('Ctrl Pts',(19.9335170249042,-9.68051476135322,-2.21459379254448));
#570=CARTESIAN_POINT('Ctrl Pts',(17.1608687224561,-9.47404905477885,-2.92935134678456));
#571=CARTESIAN_POINT('Ctrl Pts',(12.6397460064786,-9.19631796861318,-3.6955248348973));
#572=CARTESIAN_POINT('Ctrl Pts',(6.9062051446972,-8.9553055993046,-4.20701262181079));
#573=CARTESIAN_POINT('Ctrl Pts',(2.30252478206217,-8.88961088785966,-4.33776117844093));
#574=CARTESIAN_POINT('Ctrl Pts',(1.10027411428631E-15,-8.88961088785966,
-4.33776117844093));
#575=CARTESIAN_POINT('Ctrl Pts',(2.01117564822987E-15,-8.87679122476792,
-4.60698581855162));
#576=CARTESIAN_POINT('Ctrl Pts',(-2.30753460705192,-8.87679122476792,-4.60698581855162));
#577=CARTESIAN_POINT('Ctrl Pts',(-6.92128590652765,-8.94584616036644,-4.47688522527481));
#578=CARTESIAN_POINT('Ctrl Pts',(-13.0500089913565,-9.21673056253545,-3.91177643906618));
#579=CARTESIAN_POINT('Ctrl Pts',(-17.5800788723176,-9.52062704410927,-3.10315707624653));
#580=CARTESIAN_POINT('Ctrl Pts',(-20.1671898382507,-9.73214425488026,-2.33509648512988));
#581=CARTESIAN_POINT('Ctrl Pts',(-21.5586181866956,-9.85890664180566,-1.70576690202421));
#582=CARTESIAN_POINT('Ctrl Pts',(-22.3534548953453,-9.93887018733753,-1.16519411353339));
#583=CARTESIAN_POINT('Ctrl Pts',(-22.7993767977297,-9.9891243845362,-0.55383621643551));
#584=CARTESIAN_POINT('Ctrl Pts',(-22.9319681348488,-10.0052755086465,-0.00079835980158386));
#585=CARTESIAN_POINT('Ctrl Pts',(-22.8002807155299,-9.98925592226258,0.552729288295441));
#586=CARTESIAN_POINT('Ctrl Pts',(-22.3545888545754,-9.93901805282852,1.1637407474429));
#587=CARTESIAN_POINT('Ctrl Pts',(-21.5606717945335,-9.85911439170897,1.70539606447672));
#588=CARTESIAN_POINT('Ctrl Pts',(-20.1677549628296,-9.73211040470677,2.33297128223407));
#589=CARTESIAN_POINT('Ctrl Pts',(-18.3193612914043,-9.58099081670209,2.88710997119778));
#590=CARTESIAN_POINT('Ctrl Pts',(-15.3247396526807,-9.36581301468594,3.5286996598704));
#591=CARTESIAN_POINT('Ctrl Pts',(-11.5227866027746,-9.14569915411621,4.05970040730061));
#592=CARTESIAN_POINT('Ctrl Pts',(-3.8552543621548,-8.84307081664324,4.68243635190806));
#593=CARTESIAN_POINT('Ctrl Pts',(4.61976975008894,-8.84322723748932,4.67381463302491));
#594=CARTESIAN_POINT('Ctrl Pts',(12.6652591684204,-9.19986572532228,3.95558866800954));
#595=CARTESIAN_POINT('Ctrl Pts',(17.2077877156343,-9.49400184899601,3.16791728213228));
#596=CARTESIAN_POINT('Ctrl Pts',(19.9935391688195,-9.71420173455447,2.43931256536755));
#597=CARTESIAN_POINT('Ctrl Pts',(21.8248218618078,-9.8838253486872,1.58073575211731));
#598=CARTESIAN_POINT('Ctrl Pts',(22.681239350968,-9.97474530058468,0.823954789292333));
#599=CARTESIAN_POINT('Ctrl Pts',(22.9918591525568,-10.0125942134704,0.00181048302870047));
#600=CARTESIAN_POINT('Ctrl Pts',(22.6834167033159,-9.97500065790951,-0.820945406241239));
#601=CARTESIAN_POINT('Ctrl Pts',(21.8265025445156,-9.88394634571933,-1.57965088790134));
#602=CARTESIAN_POINT('Ctrl Pts',(19.9991074645974,-9.71462370625626,-2.43739031144645));
#603=CARTESIAN_POINT('Ctrl Pts',(17.2073220246061,-9.49408598161417,-3.16830580640518));
#604=CARTESIAN_POINT('Ctrl Pts',(12.6691381572988,-9.19976705576799,-3.95274767165036));
#605=CARTESIAN_POINT('Ctrl Pts',(6.92127996941104,-8.94590058771973,-4.473324170976));
#606=CARTESIAN_POINT('Ctrl Pts',(2.30753460705191,-8.87679122476792,-4.60698581855162));
#607=CARTESIAN_POINT('Ctrl Pts',(1.10051797487571E-15,-8.87679122476792,
-4.60698581855162));
#608=CARTESIAN_POINT('Ctrl Pts',(2.08204249235598E-15,-8.80694764772711,
-4.73684210526316));
#609=CARTESIAN_POINT('Ctrl Pts',(-2.31059047046126,-8.80694764772711,-4.73684210526316));
#610=CARTESIAN_POINT('Ctrl Pts',(-6.93037333981206,-8.87856061365787,-4.60662229989328));
#611=CARTESIAN_POINT('Ctrl Pts',(-13.0684719975993,-9.16005432148338,-4.04076681056659));
#612=CARTESIAN_POINT('Ctrl Pts',(-17.6089638501651,-9.47818664718965,-3.22841365186943));
#613=CARTESIAN_POINT('Ctrl Pts',(-20.2089927881361,-9.70223966515474,-2.45420756868273));
#614=CARTESIAN_POINT('Ctrl Pts',(-21.6158503768695,-9.83904311786611,-1.81387974329815));
#615=CARTESIAN_POINT('Ctrl Pts',(-22.4303769309958,-9.92773715829508,-1.25839555384307));
#616=CARTESIAN_POINT('Ctrl Pts',(-22.9034578835571,-9.98677772284023,-0.607039534205211));
#617=CARTESIAN_POINT('Ctrl Pts',(-23.0483547460649,-10.0066577945462,-0.000860173588909394));
#618=CARTESIAN_POINT('Ctrl Pts',(-22.9045246862682,-9.98694997855493,0.605897836791512));
#619=CARTESIAN_POINT('Ctrl Pts',(-22.4316414596045,-9.92791757326358,1.25682363775609));
#620=CARTESIAN_POINT('Ctrl Pts',(-21.6180548256175,-9.83932152251063,1.81361167839666));
#621=CARTESIAN_POINT('Ctrl Pts',(-20.2096263416494,-9.70230960180585,2.45189577678879));
#622=CARTESIAN_POINT('Ctrl Pts',(-18.3518070681543,-9.54210092064942,3.01065516030446));
#623=CARTESIAN_POINT('Ctrl Pts',(-15.3480309695466,-9.3159517240307,3.65619442863618));
#624=CARTESIAN_POINT('Ctrl Pts',(-11.5389202625343,-9.08625052170743,4.1887221442841));
#625=CARTESIAN_POINT('Ctrl Pts',(-3.85992682559346,-8.77182592045553,4.81263079939209));
#626=CARTESIAN_POINT('Ctrl Pts',(4.62544525294088,-8.77209275176968,4.80341610920533));
#627=CARTESIAN_POINT('Ctrl Pts',(12.6830033438993,-9.14244516132316,4.08495552786247));
#628=CARTESIAN_POINT('Ctrl Pts',(17.235958763085,-9.4503334613213,3.29311100650849));
#629=CARTESIAN_POINT('Ctrl Pts',(20.0330006906125,-9.68284510381325,2.56036946119387));
#630=CARTESIAN_POINT('Ctrl Pts',(21.8844897457687,-9.86584660370676,1.68678250745865));
#631=CARTESIAN_POINT('Ctrl Pts',(22.7744092605944,-9.96914686953999,0.901207865076632));
#632=CARTESIAN_POINT('Ctrl Pts',(23.1138635833725,-10.0156227128007,0.00203035330356102));
#633=CARTESIAN_POINT('Ctrl Pts',(22.7767806578486,-9.96946024344139,-0.897940369440092));
#634=CARTESIAN_POINT('Ctrl Pts',(21.885826219041,-9.86588541235199,-1.68563560833779));
#635=CARTESIAN_POINT('Ctrl Pts',(20.0387139458823,-9.68332902834114,-2.55842995285668));
#636=CARTESIAN_POINT('Ctrl Pts',(17.2354014495217,-9.45035768400721,-3.29344044392934));
#637=CARTESIAN_POINT('Ctrl Pts',(12.686941512871,-9.14243109056824,-4.08211983777519));
#638=CARTESIAN_POINT('Ctrl Pts',(6.93040877844661,-8.87860909021832,-4.60284734963176));
#639=CARTESIAN_POINT('Ctrl Pts',(2.31059047046126,-8.80694764772711,-4.73684210526316));
#640=CARTESIAN_POINT('Ctrl Pts',(1.10184656641058E-15,-8.80694764772711,
-4.73684210526316));
#641=CARTESIAN_POINT('',(1.66533453693773E-15,-8.80694764772711,-4.73684210526316));
#642=CARTESIAN_POINT('',(1.66533453693773E-15,-8.36660026534075,-4.));
#643=CARTESIAN_POINT('Origin',(1.94289029309402E-15,-8.36660026534075,-4.5));
#644=CARTESIAN_POINT('',(-22.4996316780573,-9.50005689867763,-9.37757751504699E-6));
#645=CARTESIAN_POINT('Ctrl Pts',(1.66533453693773E-15,-8.36660026534075,
-4.));
#646=CARTESIAN_POINT('Ctrl Pts',(-2.30149813216137,-8.36660026534075,-4.));
#647=CARTESIAN_POINT('Ctrl Pts',(-6.90323439891278,-8.43463258297499,-3.87707528962947));
#648=CARTESIAN_POINT('Ctrl Pts',(-13.0096684292991,-8.7020516054092,-3.34109688772039));
#649=CARTESIAN_POINT('Ctrl Pts',(-17.5086071967088,-9.00427731483017,-2.57721700849522));
#650=CARTESIAN_POINT('Ctrl Pts',(-20.052457204998,-9.21712768189701,-1.85362973207922));
#651=CARTESIAN_POINT('Ctrl Pts',(-21.388462630945,-9.3470909619728,-1.27776492659317));
#652=CARTESIAN_POINT('Ctrl Pts',(-22.1108596256479,-9.43135030038032,-0.798405897932629));
#653=CARTESIAN_POINT('Ctrl Pts',(-22.4471097906818,-9.48743883669822,-0.340471584301864));
#654=CARTESIAN_POINT('Ctrl Pts',(-22.4996434912173,-9.50003802392517,-0.113643125511229));
#655=CARTESIAN_POINT('Ctrl Pts',(-22.499631741392,-9.50005688467488,-0.000161946624621283));
#656=CARTESIAN_POINT('Ctrl Pts',(-22.4996316780573,-9.50005689867763,-9.37757751505527E-6));
#657=CARTESIAN_POINT('Ctrl Pts',(-22.4996316780573,-9.50005689867763,-9.37757751505527E-6));
#658=CARTESIAN_POINT('Ctrl Pts',(-22.4995846962258,-9.50006728594895,0.113166651751824));
#659=CARTESIAN_POINT('Ctrl Pts',(-22.4471381850743,-9.48758360488583,0.339654307117269));
#660=CARTESIAN_POINT('Ctrl Pts',(-22.1113877017263,-9.43152169460041,0.79753334342877));
#661=CARTESIAN_POINT('Ctrl Pts',(-21.3899226074301,-9.3473554463851,1.2769302274137));
#662=CARTESIAN_POINT('Ctrl Pts',(-20.052692234082,-9.21719412171556,1.85232444896036));
#663=CARTESIAN_POINT('Ctrl Pts',(-18.2359720530886,-9.06499587461695,2.37371124966858));
#664=CARTESIAN_POINT('Ctrl Pts',(-15.2703414471808,-8.85015413782916,2.978672352254));
#665=CARTESIAN_POINT('Ctrl Pts',(-11.4879344823523,-8.63193799562207,3.48205441142013));
#666=CARTESIAN_POINT('Ctrl Pts',(-3.84721608420541,-8.33323462443274,4.07068119716484));
#667=CARTESIAN_POINT('Ctrl Pts',(4.60989546308937,-8.33348811418121,4.06489114976455));
#668=CARTESIAN_POINT('Ctrl Pts',(12.6266329597598,-8.68532290325699,3.3814479065098));
#669=CARTESIAN_POINT('Ctrl Pts',(17.1385535765677,-8.97781678825524,2.63996507386242));
#670=CARTESIAN_POINT('Ctrl Pts',(19.8868155563531,-9.19870284862259,1.94788944124626));
#671=CARTESIAN_POINT('Ctrl Pts',(21.646685688631,-9.37255427352142,1.16464127385446));
#672=CARTESIAN_POINT('Ctrl Pts',(22.3750585434752,-9.47068952606299,0.516005222681183));
#673=CARTESIAN_POINT('Ctrl Pts',(22.5622562083885,-9.51484157716066,0.000935241221804051));
#674=CARTESIAN_POINT('Ctrl Pts',(22.3764357759672,-9.47098723126932,-0.513939824828781));
#675=CARTESIAN_POINT('Ctrl Pts',(21.6497811767608,-9.37259114173439,-1.16413756170187));
#676=CARTESIAN_POINT('Ctrl Pts',(19.8918038376665,-9.19916257692408,-1.94595111386895));
#677=CARTESIAN_POINT('Ctrl Pts',(17.1384654712727,-8.97783979980685,-2.6407146641558));
#678=CARTESIAN_POINT('Ctrl Pts',(12.6302851917479,-8.68530953603982,-3.37851939415049));
#679=CARTESIAN_POINT('Ctrl Pts',(6.90318361302693,-8.43467863570741,-3.8746027713321));
#680=CARTESIAN_POINT('Ctrl Pts',(2.30149813216137,-8.36660026534075,-4.));
#681=CARTESIAN_POINT('Ctrl Pts',(1.11022302462516E-15,-8.36660026534075,
-4.));
#682=CARTESIAN_POINT('',(23.0011084114943,-10.0001831254364,0.000233794400220144));
#683=CARTESIAN_POINT('Ctrl Pts',(1.10184656641058E-15,-8.80694764772711,
-4.73684210526316));
#684=CARTESIAN_POINT('Ctrl Pts',(2.31059047046126,-8.80694764772711,-4.73684210526316));
#685=CARTESIAN_POINT('Ctrl Pts',(6.93040877844661,-8.87860909021832,-4.60284734963176));
#686=CARTESIAN_POINT('Ctrl Pts',(12.686941512871,-9.14243109056824,-4.08211983777519));
#687=CARTESIAN_POINT('Ctrl Pts',(17.2354014495217,-9.45035768400721,-3.29344044392934));
#688=CARTESIAN_POINT('Ctrl Pts',(20.0387139458823,-9.68332902834114,-2.55842995285668));
#689=CARTESIAN_POINT('Ctrl Pts',(21.885826219041,-9.86588541235199,-1.68563560833779));
#690=CARTESIAN_POINT('Ctrl Pts',(22.7763685557835,-9.96941233593914,-0.898304709994954));
#691=CARTESIAN_POINT('Ctrl Pts',(23.0010866477189,-10.0001782663963,-0.299069771093455));
#692=CARTESIAN_POINT('Ctrl Pts',(23.0011084114943,-10.0001831254364,0.000233794400220125));
#693=CARTESIAN_POINT('',(-23.0002340488285,-10.0000598933449,5.27292380705838E-5));
#694=CARTESIAN_POINT('Ctrl Pts',(23.0011084114943,-10.0001831254364,0.000233794400220125));
#695=CARTESIAN_POINT('Ctrl Pts',(23.0011084518354,-10.0001831344431,0.000788580326255353));
#696=CARTESIAN_POINT('Ctrl Pts',(23.0009214907159,-10.0001594276291,0.301201649807616));
#697=CARTESIAN_POINT('Ctrl Pts',(22.7744092605944,-9.96914686953999,0.901207865076632));
#698=CARTESIAN_POINT('Ctrl Pts',(21.8844897457687,-9.86584660370676,1.68678250745865));
#699=CARTESIAN_POINT('Ctrl Pts',(20.0330006906125,-9.68284510381325,2.56036946119387));
#700=CARTESIAN_POINT('Ctrl Pts',(17.235958763085,-9.4503334613213,3.29311100650849));
#701=CARTESIAN_POINT('Ctrl Pts',(12.6830033438993,-9.14244516132316,4.08495552786247));
#702=CARTESIAN_POINT('Ctrl Pts',(4.62544525294088,-8.77209275176968,4.80341610920533));
#703=CARTESIAN_POINT('Ctrl Pts',(-3.85992682559346,-8.77182592045553,4.81263079939209));
#704=CARTESIAN_POINT('Ctrl Pts',(-11.5389202625343,-9.08625052170743,4.1887221442841));
#705=CARTESIAN_POINT('Ctrl Pts',(-15.3480309695466,-9.3159517240307,3.65619442863618));
#706=CARTESIAN_POINT('Ctrl Pts',(-18.3518070681543,-9.54210092064942,3.01065516030446));
#707=CARTESIAN_POINT('Ctrl Pts',(-20.2096263416494,-9.70230960180585,2.45189577678879));
#708=CARTESIAN_POINT('Ctrl Pts',(-21.6180548256175,-9.83932152251063,1.81361167839666));
#709=CARTESIAN_POINT('Ctrl Pts',(-22.4316414596045,-9.92791757326358,1.25682363775609));
#710=CARTESIAN_POINT('Ctrl Pts',(-22.9043655310675,-9.98693011040613,0.606116914611704));
#711=CARTESIAN_POINT('Ctrl Pts',(-23.0002822412786,-10.0000708273147,0.201937027542722));
#712=CARTESIAN_POINT('Ctrl Pts',(-23.0002340488285,-10.0000598933449,5.27292380705919E-5));
#713=CARTESIAN_POINT('Ctrl Pts',(-23.0002340488285,-10.0000598933449,5.27292380705919E-5));
#714=CARTESIAN_POINT('Ctrl Pts',(-23.0002339838618,-10.0000598786051,-0.000219424637628758));
#715=CARTESIAN_POINT('Ctrl Pts',(-23.0001208145424,-10.0000400251844,-0.202647936721341));
#716=CARTESIAN_POINT('Ctrl Pts',(-22.9034578835571,-9.98677772284023,-0.607039534205211));
#717=CARTESIAN_POINT('Ctrl Pts',(-22.4303769309958,-9.92773715829508,-1.25839555384307));
#718=CARTESIAN_POINT('Ctrl Pts',(-21.6158503768695,-9.83904311786611,-1.81387974329815));
#719=CARTESIAN_POINT('Ctrl Pts',(-20.2089927881361,-9.70223966515474,-2.45420756868273));
#720=CARTESIAN_POINT('Ctrl Pts',(-17.6089638501651,-9.47818664718965,-3.22841365186943));
#721=CARTESIAN_POINT('Ctrl Pts',(-13.0684719975993,-9.16005432148338,-4.04076681056659));
#722=CARTESIAN_POINT('Ctrl Pts',(-6.93037333981206,-8.87856061365787,-4.60662229989328));
#723=CARTESIAN_POINT('Ctrl Pts',(-2.31059047046126,-8.80694764772711,-4.73684210526316));
#724=CARTESIAN_POINT('Ctrl Pts',(2.08204249235598E-15,-8.80694764772711,
-4.73684210526316));
#725=CARTESIAN_POINT('Origin',(0.,0.,0.));
#726=CARTESIAN_POINT('',(27.,-10.,-1.22464679914735E-15));
#727=CARTESIAN_POINT('',(27.,-1.22464679914735E-15,10.));
#728=CARTESIAN_POINT('Origin',(27.,0.,0.));
#729=CARTESIAN_POINT('',(0.,-10.,-1.22464679914735E-15));
#730=CARTESIAN_POINT('',(-27.,-10.,1.22464679914735E-15));
#731=CARTESIAN_POINT('',(0.,-10.,-1.22464679914735E-15));
#732=CARTESIAN_POINT('',(-27.,-1.22464679914735E-15,-10.));
#733=CARTESIAN_POINT('Origin',(-27.,0.,0.));
#734=CARTESIAN_POINT('Origin',(-27.,0.,0.));
#735=CARTESIAN_POINT('Origin',(27.,0.,0.));
#736=CARTESIAN_POINT('',(-1.66533453693773E-15,4.73684210526316,-8.80694764772711));
#737=CARTESIAN_POINT('Ctrl Pts',(-3.27065863076118E-17,4.73684210526316,
-8.80694764772711));
#738=CARTESIAN_POINT('Ctrl Pts',(2.31059047046127,4.73684210526316,-8.80694764772711));
#739=CARTESIAN_POINT('Ctrl Pts',(6.93040877844658,4.60284734963177,-8.87860909021833));
#740=CARTESIAN_POINT('Ctrl Pts',(12.686941512871,4.08211983777519,-9.14243109056823));
#741=CARTESIAN_POINT('Ctrl Pts',(17.2354014495216,3.29344044392934,-9.45035768400721));
#742=CARTESIAN_POINT('Ctrl Pts',(20.0387139458823,2.55842995285667,-9.68332902834113));
#743=CARTESIAN_POINT('Ctrl Pts',(21.885826219041,1.68563560833781,-9.86588541235199));
#744=CARTESIAN_POINT('Ctrl Pts',(22.7767806578486,0.897940369440097,-9.9694602434414));
#745=CARTESIAN_POINT('Ctrl Pts',(23.1138635833725,-0.00203035330357666,
-10.0156227128007));
#746=CARTESIAN_POINT('Ctrl Pts',(22.7744092605945,-0.901207865076629,-9.96914686954));
#747=CARTESIAN_POINT('Ctrl Pts',(21.8844897457687,-1.68678250745866,-9.86584660370676));
#748=CARTESIAN_POINT('Ctrl Pts',(20.0330006906125,-2.56036946119387,-9.68284510381326));
#749=CARTESIAN_POINT('Ctrl Pts',(17.235958763085,-3.29311100650849,-9.45033346132129));
#750=CARTESIAN_POINT('Ctrl Pts',(12.6830033438993,-4.08495552786246,-9.14244516132317));
#751=CARTESIAN_POINT('Ctrl Pts',(4.62544525294084,-4.80341610920534,-8.77209275176968));
#752=CARTESIAN_POINT('Ctrl Pts',(-3.85992682559344,-4.81263079939209,-8.77182592045553));
#753=CARTESIAN_POINT('Ctrl Pts',(-11.5389202625343,-4.1887221442841,-9.08625052170744));
#754=CARTESIAN_POINT('Ctrl Pts',(-15.3480309695466,-3.65619442863617,-9.31595172403069));
#755=CARTESIAN_POINT('Ctrl Pts',(-18.3518070681543,-3.01065516030446,-9.54210092064942));
#756=CARTESIAN_POINT('Ctrl Pts',(-20.2096263416494,-2.45189577678879,-9.70230960180585));
#757=CARTESIAN_POINT('Ctrl Pts',(-21.6180548256175,-1.81361167839667,-9.83932152251063));
#758=CARTESIAN_POINT('Ctrl Pts',(-22.4316414596045,-1.25682363775607,-9.92791757326359));
#759=CARTESIAN_POINT('Ctrl Pts',(-22.9045246862682,-0.60589783679152,-9.98694997855494));
#760=CARTESIAN_POINT('Ctrl Pts',(-23.0483547460649,0.000860173588918622,
-10.0066577945462));
#761=CARTESIAN_POINT('Ctrl Pts',(-22.9034578835571,0.607039534205221,-9.98677772284024));
#762=CARTESIAN_POINT('Ctrl Pts',(-22.4303769309958,1.25839555384307,-9.92773715829508));
#763=CARTESIAN_POINT('Ctrl Pts',(-21.6158503768695,1.81387974329816,-9.8390431178661));
#764=CARTESIAN_POINT('Ctrl Pts',(-20.2089927881361,2.45420756868272,-9.70223966515475));
#765=CARTESIAN_POINT('Ctrl Pts',(-17.6089638501651,3.22841365186943,-9.47818664718964));
#766=CARTESIAN_POINT('Ctrl Pts',(-13.0684719975993,4.04076681056659,-9.16005432148338));
#767=CARTESIAN_POINT('Ctrl Pts',(-6.93037333981205,4.60662229989327,-8.87856061365786));
#768=CARTESIAN_POINT('Ctrl Pts',(-2.31059047046127,4.73684210526316,-8.80694764772711));
#769=CARTESIAN_POINT('Ctrl Pts',(-2.07640758269652E-15,4.73684210526316,
-8.80694764772711));
#770=CARTESIAN_POINT('',(-23.,-8.32667268468867E-16,10.));
#771=CARTESIAN_POINT('Ctrl Pts',(-23.,-6.81570667389424E-16,10.));
#772=CARTESIAN_POINT('Ctrl Pts',(-23.,-0.304008783167447,10.));
#773=CARTESIAN_POINT('Ctrl Pts',(-22.7747833176788,-0.894136404701709,9.96914932215345));
#774=CARTESIAN_POINT('Ctrl Pts',(-21.884914667957,-1.68852739850209,9.86592326159211));
#775=CARTESIAN_POINT('Ctrl Pts',(-20.0363018625109,-2.55848328770522,9.68287733494539));
#776=CARTESIAN_POINT('Ctrl Pts',(-16.1146177479591,-3.58686039044972,9.35801295061347));
#777=CARTESIAN_POINT('Ctrl Pts',(-8.09676336053305,-4.64745019949376,8.87217172648683));
#778=CARTESIAN_POINT('Ctrl Pts',(0.38773824617542,-4.85635538964763,8.73784222792861));
#779=CARTESIAN_POINT('Ctrl Pts',(8.08056495226332,-4.49640031241071,8.93667362788339));
#780=CARTESIAN_POINT('Ctrl Pts',(12.6795643744299,-4.05383158331005,9.14644519193125));
#781=CARTESIAN_POINT('Ctrl Pts',(16.4838813646893,-3.4584869202773,9.39473677965342));
#782=CARTESIAN_POINT('Ctrl Pts',(19.4730022951478,-2.70177129263338,9.63549754848214));
#783=CARTESIAN_POINT('Ctrl Pts',(21.2898721416285,-2.03034317718324,9.80387426038991));
#784=CARTESIAN_POINT('Ctrl Pts',(22.4309570542969,-1.25895163876435,9.92777765133815));
#785=CARTESIAN_POINT('Ctrl Pts',(22.902892786798,-0.606412264535232,9.98669879500403));
#786=CARTESIAN_POINT('Ctrl Pts',(23.0482103649413,-0.000506294396039986,
10.0066384931904));
#787=CARTESIAN_POINT('Ctrl Pts',(22.9040978451916,0.606211837270918,9.98689254255919));
#788=CARTESIAN_POINT('Ctrl Pts',(22.4313998524665,1.25724874766835,9.927884426747));
#789=CARTESIAN_POINT('Ctrl Pts',(21.6176049052274,1.81298523296657,9.83927907089693));
#790=CARTESIAN_POINT('Ctrl Pts',(20.5622348363097,2.29427617778634,9.73658863209872));
#791=CARTESIAN_POINT('Ctrl Pts',(19.0990467638052,2.79965193927325,9.60530416905254));
#792=CARTESIAN_POINT('Ctrl Pts',(16.487875671354,3.45538156897314,9.39490254121149));
#793=CARTESIAN_POINT('Ctrl Pts',(11.1574693649705,4.2947449188683,9.04759661070516));
#794=CARTESIAN_POINT('Ctrl Pts',(1.93294913364227,4.89601876519958,8.71401118764987));
#795=CARTESIAN_POINT('Ctrl Pts',(-8.09610621292223,4.64636835054592,8.87187024817438));
#796=CARTESIAN_POINT('Ctrl Pts',(-16.1147109032936,3.58697794982446,9.3579857235212));
#797=CARTESIAN_POINT('Ctrl Pts',(-20.0369119101531,2.55835963292001,9.68293408579574));
#798=CARTESIAN_POINT('Ctrl Pts',(-21.8849111580584,1.68851155827293,9.86592327874241));
#799=CARTESIAN_POINT('Ctrl Pts',(-22.7748583014435,0.894078510921621,9.96915744048103));
#800=CARTESIAN_POINT('Ctrl Pts',(-23.,0.304008783167432,10.));
#801=CARTESIAN_POINT('Ctrl Pts',(-23.,-2.01324675455796E-15,10.));
#802=CARTESIAN_POINT('',(23.,10.,5.29090660172926E-15));
#803=CARTESIAN_POINT('Ctrl Pts',(23.,10.,5.28178378566217E-15));
#804=CARTESIAN_POINT('Ctrl Pts',(23.,10.,-0.304008783167429));
#805=CARTESIAN_POINT('Ctrl Pts',(22.7747833176788,9.96914932215344,-0.89413640470168));
#806=CARTESIAN_POINT('Ctrl Pts',(21.8849146679571,9.86592326159211,-1.68852739850206));
#807=CARTESIAN_POINT('Ctrl Pts',(20.0363018625109,9.68287733494539,-2.55848328770522));
#808=CARTESIAN_POINT('Ctrl Pts',(16.1146177479592,9.35801295061348,-3.5868603904497));
#809=CARTESIAN_POINT('Ctrl Pts',(8.09676336053304,8.87217172648683,-4.64745019949378));
#810=CARTESIAN_POINT('Ctrl Pts',(-0.387738246175366,8.73784222792862,-4.85635538964762));
#811=CARTESIAN_POINT('Ctrl Pts',(-8.08056495226331,8.93667362788338,-4.49640031241072));
#812=CARTESIAN_POINT('Ctrl Pts',(-12.6795643744299,9.14644519193125,-4.05383158331005));
#813=CARTESIAN_POINT('Ctrl Pts',(-16.4838813646893,9.39473677965342,-3.45848692027731));
#814=CARTESIAN_POINT('Ctrl Pts',(-19.4730022951477,9.63549754848214,-2.70177129263339));
#815=CARTESIAN_POINT('Ctrl Pts',(-21.2898721416284,9.80387426038991,-2.03034317718326));
#816=CARTESIAN_POINT('Ctrl Pts',(-22.4309570542969,9.92777765133815,-1.25895163876436));
#817=CARTESIAN_POINT('Ctrl Pts',(-22.902892786798,9.98669879500404,-0.606412264535245));
#818=CARTESIAN_POINT('Ctrl Pts',(-23.0482103649413,10.0066384931904,-0.000506294396048252));
#819=CARTESIAN_POINT('Ctrl Pts',(-22.9040978451916,9.9868925425592,0.606211837270901));
#820=CARTESIAN_POINT('Ctrl Pts',(-22.4313998524665,9.927884426747,1.25724874766833));
#821=CARTESIAN_POINT('Ctrl Pts',(-21.6176049052274,9.83927907089693,1.81298523296657));
#822=CARTESIAN_POINT('Ctrl Pts',(-20.5622348363097,9.73658863209873,2.29427617778634));
#823=CARTESIAN_POINT('Ctrl Pts',(-19.0990467638052,9.60530416905255,2.79965193927324));
#824=CARTESIAN_POINT('Ctrl Pts',(-16.487875671354,9.3949025412115,3.45538156897314));
#825=CARTESIAN_POINT('Ctrl Pts',(-11.1574693649705,9.04759661070516,4.2947449188683));
#826=CARTESIAN_POINT('Ctrl Pts',(-1.93294913364227,8.71401118764989,4.89601876519957));
#827=CARTESIAN_POINT('Ctrl Pts',(8.09610621292222,8.87187024817437,4.64636835054592));
#828=CARTESIAN_POINT('Ctrl Pts',(16.1147109032936,9.3579857235212,3.58697794982446));
#829=CARTESIAN_POINT('Ctrl Pts',(20.0369119101531,9.68293408579574,2.55835963292001));
#830=CARTESIAN_POINT('Ctrl Pts',(21.8849111580584,9.86592327874241,1.68851155827294));
#831=CARTESIAN_POINT('Ctrl Pts',(22.7748583014434,9.96915744048102,0.894078510921633));
#832=CARTESIAN_POINT('Ctrl Pts',(23.,10.,0.30400878316744));
#833=CARTESIAN_POINT('Ctrl Pts',(23.,10.,6.19192268349931E-15));
#834=CARTESIAN_POINT('Ctrl Pts',(-22.5,-7.21543484483091,-1.83697019872103E-15));
#835=CARTESIAN_POINT('Ctrl Pts',(-22.5,-7.21543484483091,-4.));
#836=CARTESIAN_POINT('Ctrl Pts',(0.,-7.21543484483091,-4.));
#837=CARTESIAN_POINT('Ctrl Pts',(22.5,-7.21543484483091,-4.));
#838=CARTESIAN_POINT('Ctrl Pts',(22.5,-7.21543484483091,-1.83697019872103E-15));
#839=CARTESIAN_POINT('Ctrl Pts',(22.5,-7.21543484483091,4.));
#840=CARTESIAN_POINT('Ctrl Pts',(0.,-7.21543484483091,4.));
#841=CARTESIAN_POINT('Ctrl Pts',(-22.5,-7.21543484483091,4.));
#842=CARTESIAN_POINT('Ctrl Pts',(-22.5,-7.21543484483091,-1.83697019872103E-15));
#843=CARTESIAN_POINT('Ctrl Pts',(-22.5,-9.50128686560759,-1.83697019872103E-15));
#844=CARTESIAN_POINT('Ctrl Pts',(-22.5,-9.50128686560759,-4.));
#845=CARTESIAN_POINT('Ctrl Pts',(0.,-9.50128686560759,-4.));
#846=CARTESIAN_POINT('Ctrl Pts',(22.5,-9.50128686560759,-4.));
#847=CARTESIAN_POINT('Ctrl Pts',(22.5,-9.50128686560759,-1.83697019872103E-15));
#848=CARTESIAN_POINT('Ctrl Pts',(22.5,-9.50128686560759,4.));
#849=CARTESIAN_POINT('Ctrl Pts',(0.,-9.50128686560759,4.));
#850=CARTESIAN_POINT('Ctrl Pts',(-22.5,-9.50128686560759,4.));
#851=CARTESIAN_POINT('Ctrl Pts',(-22.5,-9.50128686560759,-1.83697019872103E-15));
#852=CARTESIAN_POINT('',(-2.77555756156289E-16,-7.2154348448309,-4.));
#853=CARTESIAN_POINT('',(22.5,-8.25,-9.5185809971232E-16));
#854=CARTESIAN_POINT('Ctrl Pts',(-2.77555756156289E-16,-7.2154348448309,
-4.));
#855=CARTESIAN_POINT('Ctrl Pts',(3.11402088840655,-7.2154348448309,-4.));
#856=CARTESIAN_POINT('Ctrl Pts',(6.53134959615959,-7.28487934678599,-3.88595788597896));
#857=CARTESIAN_POINT('Ctrl Pts',(11.6060236837141,-7.49895196246708,-3.4431158833275));
#858=CARTESIAN_POINT('Ctrl Pts',(13.2878230372638,-7.58740853072548,-3.25111538011977));
#859=CARTESIAN_POINT('Ctrl Pts',(16.5506109440124,-7.78753512458068,-2.737299067502));
#860=CARTESIAN_POINT('Ctrl Pts',(18.1335790307511,-7.89929669301528,-2.42816937610986));
#861=CARTESIAN_POINT('Ctrl Pts',(20.0295564597365,-8.04595832605639,-1.82848478614791));
#862=CARTESIAN_POINT('Ctrl Pts',(20.4806965609529,-8.08175935806139,-1.66917211964745));
#863=CARTESIAN_POINT('Ctrl Pts',(21.3427286777121,-8.15195011383665,-1.28322974697074));
#864=CARTESIAN_POINT('Ctrl Pts',(21.7563120501457,-8.18655876891414,-1.06267987845224));
#865=CARTESIAN_POINT('Ctrl Pts',(22.1871830727898,-8.22316327243109,-0.67209752396526));
#866=CARTESIAN_POINT('Ctrl Pts',(22.2952953093419,-8.23240786015641,-0.554312849575153));
#867=CARTESIAN_POINT('Ctrl Pts',(22.4131532696043,-8.24252301263982,-0.357267215484095));
#868=CARTESIAN_POINT('Ctrl Pts',(22.4451338586771,-8.24527573127977,-0.288107366569074));
#869=CARTESIAN_POINT('Ctrl Pts',(22.4885891205827,-8.24901472347901,-0.145923132608737));
#870=CARTESIAN_POINT('Ctrl Pts',(22.5,-8.25,-0.0728792322165844));
#871=CARTESIAN_POINT('Ctrl Pts',(22.5,-8.25,-8.93382590128056E-16));
#872=CARTESIAN_POINT('',(-22.5,-8.25,-2.22376418388081E-15));
#873=CARTESIAN_POINT('Ctrl Pts',(-22.5,-8.25,-2.12069944938165E-15));
#874=CARTESIAN_POINT('Ctrl Pts',(-22.5,-8.25,-0.0728792322165856));
#875=CARTESIAN_POINT('Ctrl Pts',(-22.4885891205827,-8.24901472347901,-0.14592313260874));
#876=CARTESIAN_POINT('Ctrl Pts',(-22.4451338586771,-8.24527573127977,-0.288107366569076));
#877=CARTESIAN_POINT('Ctrl Pts',(-22.4131532696043,-8.24252301263982,-0.357267215484096));
#878=CARTESIAN_POINT('Ctrl Pts',(-22.2952953093419,-8.23240786015641,-0.554312849575155));
#879=CARTESIAN_POINT('Ctrl Pts',(-22.1871830727898,-8.22316327243109,-0.672097523965264));
#880=CARTESIAN_POINT('Ctrl Pts',(-21.7563120501457,-8.18655876891414,-1.06267987845224));
#881=CARTESIAN_POINT('Ctrl Pts',(-21.3427286777121,-8.15195011383665,-1.28322974697074));
#882=CARTESIAN_POINT('Ctrl Pts',(-20.4806965609529,-8.08175935806139,-1.66917211964745));
#883=CARTESIAN_POINT('Ctrl Pts',(-20.0295564597365,-8.04595832605639,-1.82848478614791));
#884=CARTESIAN_POINT('Ctrl Pts',(-18.1335790307511,-7.89929669301527,-2.42816937610986));
#885=CARTESIAN_POINT('Ctrl Pts',(-16.5506109440124,-7.78753512458068,-2.737299067502));
#886=CARTESIAN_POINT('Ctrl Pts',(-13.2878230372638,-7.58740853072548,-3.25111538011977));
#887=CARTESIAN_POINT('Ctrl Pts',(-11.6060236837141,-7.49895196246708,-3.4431158833275));
#888=CARTESIAN_POINT('Ctrl Pts',(-6.53134959615959,-7.28487934678599,-3.88595788597896));
#889=CARTESIAN_POINT('Ctrl Pts',(-3.11402088840655,-7.2154348448309,-4.));
#890=CARTESIAN_POINT('Ctrl Pts',(1.66533453693773E-15,-7.2154348448309,
-4.));
#891=CARTESIAN_POINT('Ctrl Pts',(-22.5,-8.25,-1.83697019872103E-15));
#892=CARTESIAN_POINT('Ctrl Pts',(-22.5,-9.50005689867763,-1.83697019872103E-15));
#893=CARTESIAN_POINT('Ctrl Pts',(22.5,-8.25,-8.93382590128073E-16));
#894=CARTESIAN_POINT('Ctrl Pts',(22.5,-8.25,0.0728792322165826));
#895=CARTESIAN_POINT('Ctrl Pts',(22.4885891205827,-8.24901472347901,0.145923132608735));
#896=CARTESIAN_POINT('Ctrl Pts',(22.4451338586771,-8.24527573127977,0.28810736656907));
#897=CARTESIAN_POINT('Ctrl Pts',(22.4131532696043,-8.24252301263982,0.357267215484092));
#898=CARTESIAN_POINT('Ctrl Pts',(22.2952953093419,-8.23240786015641,0.554312849575151));
#899=CARTESIAN_POINT('Ctrl Pts',(22.1871830727898,-8.2231632724311,0.672097523965258));
#900=CARTESIAN_POINT('Ctrl Pts',(21.7563120501457,-8.18655876891414,1.06267987845223));
#901=CARTESIAN_POINT('Ctrl Pts',(21.3427286777121,-8.15195011383665,1.28322974697074));
#902=CARTESIAN_POINT('Ctrl Pts',(20.4806965609529,-8.08175935806139,1.66917211964745));
#903=CARTESIAN_POINT('Ctrl Pts',(20.0295564597365,-8.0459583260564,1.82848478614791));
#904=CARTESIAN_POINT('Ctrl Pts',(18.1335790307511,-7.89929669301528,2.42816937610985));
#905=CARTESIAN_POINT('Ctrl Pts',(16.5506109440124,-7.78753512458068,2.737299067502));
#906=CARTESIAN_POINT('Ctrl Pts',(13.2878230372638,-7.58740853072548,3.25111538011977));
#907=CARTESIAN_POINT('Ctrl Pts',(11.6060236837141,-7.49895196246709,3.4431158833275));
#908=CARTESIAN_POINT('Ctrl Pts',(6.53134959615958,-7.284879346786,3.88595788597895));
#909=CARTESIAN_POINT('Ctrl Pts',(3.11402088840655,-7.21543484483091,4.));
#910=CARTESIAN_POINT('Ctrl Pts',(-3.11402088840655,-7.21543484483091,4.));
#911=CARTESIAN_POINT('Ctrl Pts',(-6.53134959615959,-7.284879346786,3.88595788597895));
#912=CARTESIAN_POINT('Ctrl Pts',(-11.6060236837141,-7.49895196246709,3.4431158833275));
#913=CARTESIAN_POINT('Ctrl Pts',(-13.2878230372638,-7.58740853072548,3.25111538011977));
#914=CARTESIAN_POINT('Ctrl Pts',(-16.5506109440125,-7.78753512458068,2.737299067502));
#915=CARTESIAN_POINT('Ctrl Pts',(-18.1335790307511,-7.89929669301528,2.42816937610985));
#916=CARTESIAN_POINT('Ctrl Pts',(-20.0295564597365,-8.0459583260564,1.82848478614791));
#917=CARTESIAN_POINT('Ctrl Pts',(-20.4806965609529,-8.08175935806139,1.66917211964745));
#918=CARTESIAN_POINT('Ctrl Pts',(-21.3427286777121,-8.15195011383665,1.28322974697074));
#919=CARTESIAN_POINT('Ctrl Pts',(-21.7563120501457,-8.18655876891414,1.06267987845223));
#920=CARTESIAN_POINT('Ctrl Pts',(-22.1871830727898,-8.22316327243109,0.672097523965257));
#921=CARTESIAN_POINT('Ctrl Pts',(-22.2952953093419,-8.23240786015641,0.554312849575144));
#922=CARTESIAN_POINT('Ctrl Pts',(-22.4131532696043,-8.24252301263982,0.357267215484084));
#923=CARTESIAN_POINT('Ctrl Pts',(-22.4451338586771,-8.24527573127977,0.288107366569062));
#924=CARTESIAN_POINT('Ctrl Pts',(-22.4885891205827,-8.24901472347901,0.145923132608727));
#925=CARTESIAN_POINT('Ctrl Pts',(-22.5,-8.25,0.0728792322165784));
#926=CARTESIAN_POINT('Ctrl Pts',(-22.5,-8.25,-2.12069944938165E-15));
#927=CARTESIAN_POINT('Ctrl Pts',(-2.4980018054066E-15,4.,-8.36660026534075));
#928=CARTESIAN_POINT('Ctrl Pts',(-2.30149813216137,4.,-8.36660026534075));
#929=CARTESIAN_POINT('Ctrl Pts',(-6.90323439891278,3.87707528962947,-8.43463258297497));
#930=CARTESIAN_POINT('Ctrl Pts',(-13.0096684292991,3.34109688772039,-8.70205160540921));
#931=CARTESIAN_POINT('Ctrl Pts',(-17.5086071967088,2.57721700849522,-9.00427731483016));
#932=CARTESIAN_POINT('Ctrl Pts',(-20.052457204998,1.85362973207922,-9.217127681897));
#933=CARTESIAN_POINT('Ctrl Pts',(-21.388462630945,1.27776492659318,-9.3470909619728));
#934=CARTESIAN_POINT('Ctrl Pts',(-22.110859625648,0.798405897932626,-9.43135030038033));
#935=CARTESIAN_POINT('Ctrl Pts',(-22.4471097906818,0.340471584301869,-9.48743883669823));
#936=CARTESIAN_POINT('Ctrl Pts',(-22.5258573343982,0.000457768548012249,
-9.50632490481892));
#937=CARTESIAN_POINT('Ctrl Pts',(-22.4472512244535,-0.339500149894646,-9.48760247962719));
#938=CARTESIAN_POINT('Ctrl Pts',(-22.1113877017263,-0.797533343428752,-9.43152169460041));
#939=CARTESIAN_POINT('Ctrl Pts',(-21.3899226074301,-1.2769302274137,-9.3473554463851));
#940=CARTESIAN_POINT('Ctrl Pts',(-20.052692234082,-1.85232444896036,-9.21719412171555));
#941=CARTESIAN_POINT('Ctrl Pts',(-18.2359720530886,-2.37371124966857,-9.06499587461695));
#942=CARTESIAN_POINT('Ctrl Pts',(-15.2703414471808,-2.978672352254,-8.85015413782916));
#943=CARTESIAN_POINT('Ctrl Pts',(-11.4879344823523,-3.48205441142013,-8.63193799562207));
#944=CARTESIAN_POINT('Ctrl Pts',(-3.84721608420539,-4.07068119716484,-8.33323462443275));
#945=CARTESIAN_POINT('Ctrl Pts',(4.60989546308932,-4.06489114976455,-8.3334881141812));
#946=CARTESIAN_POINT('Ctrl Pts',(12.6266329597598,-3.3814479065098,-8.685322903257));
#947=CARTESIAN_POINT('Ctrl Pts',(17.1385535765676,-2.63996507386243,-8.97781678825524));
#948=CARTESIAN_POINT('Ctrl Pts',(19.8868155563531,-1.94788944124626,-9.19870284862259));
#949=CARTESIAN_POINT('Ctrl Pts',(21.646685688631,-1.16464127385447,-9.37255427352142));
#950=CARTESIAN_POINT('Ctrl Pts',(22.3750585434752,-0.516005222681181,-9.470689526063));
#951=CARTESIAN_POINT('Ctrl Pts',(22.5622562083885,-0.00093524122181641,
-9.51484157716066));
#952=CARTESIAN_POINT('Ctrl Pts',(22.3764357759672,0.51393982482879,-9.47098723126932));
#953=CARTESIAN_POINT('Ctrl Pts',(21.6497811767608,1.16413756170188,-9.37259114173439));
#954=CARTESIAN_POINT('Ctrl Pts',(19.8918038376664,1.94595111386895,-9.19916257692408));
#955=CARTESIAN_POINT('Ctrl Pts',(17.1384654712727,2.64071466415581,-8.97783979980684));
#956=CARTESIAN_POINT('Ctrl Pts',(12.6302851917479,3.37851939415049,-8.68530953603983));
#957=CARTESIAN_POINT('Ctrl Pts',(6.90318361302691,3.8746027713321,-8.43467863570741));
#958=CARTESIAN_POINT('Ctrl Pts',(2.30149813216137,4.,-8.36660026534075));
#959=CARTESIAN_POINT('Ctrl Pts',(-1.66533453693773E-15,4.,-8.36660026534075));
#960=CARTESIAN_POINT('Ctrl Pts',(-2.49519700105522E-15,4.,-8.46489863302781));
#961=CARTESIAN_POINT('Ctrl Pts',(-2.3005322726683,4.,-8.46489863302781));
#962=CARTESIAN_POINT('Ctrl Pts',(-6.90036228771977,3.87717215513179,-8.53217170934693));
#963=CARTESIAN_POINT('Ctrl Pts',(-13.004547813874,3.34165789174634,-8.7963618914388));
#964=CARTESIAN_POINT('Ctrl Pts',(-17.5022995502136,2.57846304310058,-9.09415518722147));
#965=CARTESIAN_POINT('Ctrl Pts',(-20.0457216547836,1.85581562659343,-9.3028185332185));
#966=CARTESIAN_POINT('Ctrl Pts',(-21.3821270278056,1.28092312771668,-9.4293006702118));
#967=CARTESIAN_POINT('Ctrl Pts',(-22.1054576334504,0.802834775430825,-9.51038821320573));
#968=CARTESIAN_POINT('Ctrl Pts',(-22.4453535298261,0.344787821800214,-9.563167134539));
#969=CARTESIAN_POINT('Ctrl Pts',(-22.5267631819735,0.000488403552210084,
-9.58064173162773));
#970=CARTESIAN_POINT('Ctrl Pts',(-22.4455420738465,-0.343813117468748,-9.56331377312747));
#971=CARTESIAN_POINT('Ctrl Pts',(-22.1060220678952,-0.80192199779778,-9.51054502254977));
#972=CARTESIAN_POINT('Ctrl Pts',(-21.3836043714899,-1.28012771097409,-9.42954765090979));
#973=CARTESIAN_POINT('Ctrl Pts',(-20.0459810560496,-1.85450730411632,-9.30287245930919));
#974=CARTESIAN_POINT('Ctrl Pts',(-18.2295456390727,-2.37521907039761,-9.15369636921227));
#975=CARTESIAN_POINT('Ctrl Pts',(-15.2645890489198,-2.97955483610937,-8.94235779523016));
#976=CARTESIAN_POINT('Ctrl Pts',(-11.4833863090865,-3.48247649321661,-8.72709472495951));
#977=CARTESIAN_POINT('Ctrl Pts',(-3.84549524689141,-4.07066100059074,-8.43195649648839));
#978=CARTESIAN_POINT('Ctrl Pts',(4.60782951594996,-4.06473211868369,-8.43217629521849));
#979=CARTESIAN_POINT('Ctrl Pts',(12.6216842145552,-3.38207794934522,-8.7798699140938));
#980=CARTESIAN_POINT('Ctrl Pts',(17.132303691109,-2.64101634303288,-9.06805999221638));
#981=CARTESIAN_POINT('Ctrl Pts',(19.8801198436438,-1.95019261820204,-9.28494040909779));
#982=CARTESIAN_POINT('Ctrl Pts',(21.640228033891,-1.16753554752271,-9.45410959411653));
#983=CARTESIAN_POINT('Ctrl Pts',(22.3713461730085,-0.5216613159833,-9.54765100226227));
#984=CARTESIAN_POINT('Ctrl Pts',(22.5641109577155,-0.000954229841532595,
-9.58852948479248));
#985=CARTESIAN_POINT('Ctrl Pts',(22.372753422327,0.519601987722747,-9.54792707302114));
#986=CARTESIAN_POINT('Ctrl Pts',(21.6432711599131,1.16694210294882,-9.45417299269192));
#987=CARTESIAN_POINT('Ctrl Pts',(19.8851264480197,1.94828922108902,-9.28537947838256));
#988=CARTESIAN_POINT('Ctrl Pts',(17.1322003474498,2.64171394678009,-9.06809549414574));
#989=CARTESIAN_POINT('Ctrl Pts',(12.6253440616366,3.37918939035909,-8.77983617024755));
#990=CARTESIAN_POINT('Ctrl Pts',(6.90028741100929,3.87461251355975,-8.53220887277238));
#991=CARTESIAN_POINT('Ctrl Pts',(2.3005322726683,4.,-8.46489863302781));
#992=CARTESIAN_POINT('Ctrl Pts',(-1.66611364925756E-15,4.,-8.46489863302781));
#993=CARTESIAN_POINT('Ctrl Pts',(-2.45646991463688E-15,4.05969981085366,
-8.66070421033218));
#994=CARTESIAN_POINT('Ctrl Pts',(-2.29970260326796,4.05969981085366,-8.66070421033218));
#995=CARTESIAN_POINT('Ctrl Pts',(-6.89787973281328,3.9360689723794,-8.72648124250575));
#996=CARTESIAN_POINT('Ctrl Pts',(-13.0009307764637,3.39747868105403,-8.98432393058638));
#997=CARTESIAN_POINT('Ctrl Pts',(-17.49990039111,2.62986101064806,-9.27336410950867));
#998=CARTESIAN_POINT('Ctrl Pts',(-20.0466591671799,1.90356136890285,-9.47376811617599));
#999=CARTESIAN_POINT('Ctrl Pts',(-21.3885879569358,1.32448700598225,-9.59335293367807));
#1000=CARTESIAN_POINT('Ctrl Pts',(-22.1196613339261,0.842112563984872,-9.66814960398949));
#1001=CARTESIAN_POINT('Ctrl Pts',(-22.4741405681903,0.369746425056302,-9.71435600942409));
#1002=CARTESIAN_POINT('Ctrl Pts',(-22.5638192505749,0.00054594695614793,
-9.72902507496247));
#1003=CARTESIAN_POINT('Ctrl Pts',(-22.4744575635388,-0.368789836938703,
-9.71446928543781));
#1004=CARTESIAN_POINT('Ctrl Pts',(-22.1203256136614,-0.841123440615611,
-9.66827808998682));
#1005=CARTESIAN_POINT('Ctrl Pts',(-21.3901447813494,-1.32378283900367,-9.59356174685942));
#1006=CARTESIAN_POINT('Ctrl Pts',(-20.0469884644288,-1.90214688388452,-9.47378710567525));
#1007=CARTESIAN_POINT('Ctrl Pts',(-18.2280676339304,-2.42557181871463,-9.33058093128236));
#1008=CARTESIAN_POINT('Ctrl Pts',(-15.2613907532216,-3.03330873704676,-9.1261595054261));
#1009=CARTESIAN_POINT('Ctrl Pts',(-11.4800719290325,-3.53901244748558,-8.91671924823238));
#1010=CARTESIAN_POINT('Ctrl Pts',(-3.843738692239,-4.1309042841297,-8.62859917332075));
#1011=CARTESIAN_POINT('Ctrl Pts',(4.60574267452411,-4.1245334115602,-8.62874757727579));
#1012=CARTESIAN_POINT('Ctrl Pts',(12.6181503537075,-3.43835499785755,-8.96829728808873));
#1013=CARTESIAN_POINT('Ctrl Pts',(17.1297753465678,-2.69247677059084,-9.24799511132793));
#1014=CARTESIAN_POINT('Ctrl Pts',(19.8803982269412,-1.99901675776493,-9.45695935514329));
#1015=CARTESIAN_POINT('Ctrl Pts',(21.6472500938672,-1.20960516631357,-9.61686712978853));
#1016=CARTESIAN_POINT('Ctrl Pts',(22.3934619097678,-0.557006029988056,-9.70129141057733));
#1017=CARTESIAN_POINT('Ctrl Pts',(22.6045051043099,-0.00106277913044135,
-9.73566380336073));
#1018=CARTESIAN_POINT('Ctrl Pts',(22.39498025832,0.554852604580171,-9.70152436584741));
#1019=CARTESIAN_POINT('Ctrl Pts',(21.6500947380119,1.20885246900712,-9.6169856157352));
#1020=CARTESIAN_POINT('Ctrl Pts',(19.8854820267243,1.99715158370581,-9.45735679446756));
#1021=CARTESIAN_POINT('Ctrl Pts',(17.1296144882223,2.69308713782959,-9.24805946611582));
#1022=CARTESIAN_POINT('Ctrl Pts',(12.6218449793658,3.43551407527417,-8.96821857965428));
#1023=CARTESIAN_POINT('Ctrl Pts',(6.89777408760159,3.93331334549696,-8.72650472870092));
#1024=CARTESIAN_POINT('Ctrl Pts',(2.29970260326796,4.05969981085366,-8.66070421033218));
#1025=CARTESIAN_POINT('Ctrl Pts',(-1.53510539403173E-15,4.05969981085366,
-8.66070421033218));
#1026=CARTESIAN_POINT('Ctrl Pts',(-2.2955833213335E-15,4.33776117844094,
-8.88961088785966));
#1027=CARTESIAN_POINT('Ctrl Pts',(-2.30252478206216,4.33776117844094,-8.88961088785966));
#1028=CARTESIAN_POINT('Ctrl Pts',(-6.90628512706458,4.21021928165671,-8.95530750265106));
#1029=CARTESIAN_POINT('Ctrl Pts',(-13.0195199926563,3.65578681049419,-9.21233345659241));
#1030=CARTESIAN_POINT('Ctrl Pts',(-17.5323016203572,2.86503633722974,-9.49920667410037));
#1031=CARTESIAN_POINT('Ctrl Pts',(-20.0979249615089,2.11646062857188,-9.69634400504442));
#1032=CARTESIAN_POINT('Ctrl Pts',(-21.4637183847522,1.51209815610088,-9.81259383762718));
#1033=CARTESIAN_POINT('Ctrl Pts',(-22.2258430280659,1.00146905488807,-9.88386918382325));
#1034=CARTESIAN_POINT('Ctrl Pts',(-22.6265928081223,0.461528607428449,-9.92593060346249));
#1035=CARTESIAN_POINT('Ctrl Pts',(-22.7386938027108,0.000683016734272204,
-9.93874550951889));
#1036=CARTESIAN_POINT('Ctrl Pts',(-22.6272240981219,-0.460514089082195,
-9.92601855425274));
#1037=CARTESIAN_POINT('Ctrl Pts',(-22.2267571500262,-1.00024238081091,-9.8839750820917));
#1038=CARTESIAN_POINT('Ctrl Pts',(-21.4655277814899,-1.51158415210542,-9.81279236981063));
#1039=CARTESIAN_POINT('Ctrl Pts',(-20.0983921159365,-2.11470422195207,-9.69637924922578));
#1040=CARTESIAN_POINT('Ctrl Pts',(-18.2656676286159,-2.65446257398823,-9.55552520867274));
#1041=CARTESIAN_POINT('Ctrl Pts',(-15.286241649732,-3.28085227989469,-9.35321285956346));
#1042=CARTESIAN_POINT('Ctrl Pts',(-11.4961450459107,-3.80118691116992,-9.14495211343243));
#1043=CARTESIAN_POINT('Ctrl Pts',(-3.84755705650097,-4.41141525382152,-8.8576283621323));
#1044=CARTESIAN_POINT('Ctrl Pts',(4.61042533759548,-4.40386490563565,-8.85774584954611));
#1045=CARTESIAN_POINT('Ctrl Pts',(12.6359524852993,-3.69833285627627,-9.19641761115797));
#1046=CARTESIAN_POINT('Ctrl Pts',(17.1611899557408,-2.92888694069899,-9.47397756490269));
#1047=CARTESIAN_POINT('Ctrl Pts',(19.9281875869486,-2.21646946452907,-9.6801396477351));
#1048=CARTESIAN_POINT('Ctrl Pts',(21.7258749984852,-1.3918090604065,-9.83548957952189));
#1049=CARTESIAN_POINT('Ctrl Pts',(22.5266116996254,-0.689735058162935,-9.91447158278622));
#1050=CARTESIAN_POINT('Ctrl Pts',(22.7892350015242,-0.00143818509013999,
-9.94456158131099));
#1051=CARTESIAN_POINT('Ctrl Pts',(22.5284665449546,0.687164018852722,-9.91467704035427));
#1052=CARTESIAN_POINT('Ctrl Pts',(21.7281231735138,1.39083124313583,-9.83563960082551));
#1053=CARTESIAN_POINT('Ctrl Pts',(19.9335170249042,2.21459379254448,-9.68051476135322));
#1054=CARTESIAN_POINT('Ctrl Pts',(17.1608687224561,2.92935134678456,-9.47404905477885));
#1055=CARTESIAN_POINT('Ctrl Pts',(12.6397460064786,3.6955248348973,-9.19631796861319));
#1056=CARTESIAN_POINT('Ctrl Pts',(6.90620514469718,4.20701262181079,-8.95530559930461));
#1057=CARTESIAN_POINT('Ctrl Pts',(2.30252478206216,4.33776117844094,-8.88961088785965));
#1058=CARTESIAN_POINT('Ctrl Pts',(-9.1949944198629E-16,4.33776117844094,
-8.88961088785965));
#1059=CARTESIAN_POINT('Ctrl Pts',(-2.14649941509396E-15,4.60698581855162,
-8.87679122476792));
#1060=CARTESIAN_POINT('Ctrl Pts',(-2.30753460705192,4.60698581855162,-8.87679122476792));
#1061=CARTESIAN_POINT('Ctrl Pts',(-6.92128590652766,4.4768852252748,-8.94584616036643));
#1062=CARTESIAN_POINT('Ctrl Pts',(-13.0500089913565,3.91177643906618,-9.21673056253545));
#1063=CARTESIAN_POINT('Ctrl Pts',(-17.5800788723176,3.10315707624653,-9.52062704410927));
#1064=CARTESIAN_POINT('Ctrl Pts',(-20.1671898382507,2.33509648512988,-9.73214425488026));
#1065=CARTESIAN_POINT('Ctrl Pts',(-21.5586181866956,1.70576690202422,-9.85890664180566));
#1066=CARTESIAN_POINT('Ctrl Pts',(-22.3534548953453,1.16519411353338,-9.93887018733753));
#1067=CARTESIAN_POINT('Ctrl Pts',(-22.7993767977297,0.55383621643552,-9.98912438453621));
#1068=CARTESIAN_POINT('Ctrl Pts',(-22.9319681348488,0.000798359801592596,
-10.0052755086465));
#1069=CARTESIAN_POINT('Ctrl Pts',(-22.8002807155299,-0.552729288295448,
-9.98925592226259));
#1070=CARTESIAN_POINT('Ctrl Pts',(-22.3545888545754,-1.16374074744289,-9.93901805282852));
#1071=CARTESIAN_POINT('Ctrl Pts',(-21.5606717945335,-1.70539606447673,-9.85911439170897));
#1072=CARTESIAN_POINT('Ctrl Pts',(-20.1677549628297,-2.33297128223407,-9.73211040470677));
#1073=CARTESIAN_POINT('Ctrl Pts',(-18.3193612914043,-2.88710997119779,-9.58099081670209));
#1074=CARTESIAN_POINT('Ctrl Pts',(-15.3247396526807,-3.52869965987039,-9.36581301468594));
#1075=CARTESIAN_POINT('Ctrl Pts',(-11.5227866027746,-4.05970040730061,-9.14569915411621));
#1076=CARTESIAN_POINT('Ctrl Pts',(-3.8552543621548,-4.68243635190805,-8.84307081664325));
#1077=CARTESIAN_POINT('Ctrl Pts',(4.61976975008893,-4.67381463302492,-8.84322723748931));
#1078=CARTESIAN_POINT('Ctrl Pts',(12.6652591684204,-3.95558866800954,-9.19986572532229));
#1079=CARTESIAN_POINT('Ctrl Pts',(17.2077877156343,-3.16791728213228,-9.49400184899601));
#1080=CARTESIAN_POINT('Ctrl Pts',(19.9935391688195,-2.43931256536755,-9.71420173455448));
#1081=CARTESIAN_POINT('Ctrl Pts',(21.8248218618078,-1.58073575211732,-9.88382534868721));
#1082=CARTESIAN_POINT('Ctrl Pts',(22.681239350968,-0.823954789292331,-9.97474530058469));
#1083=CARTESIAN_POINT('Ctrl Pts',(22.9918591525568,-0.00181048302871464,
-10.0125942134704));
#1084=CARTESIAN_POINT('Ctrl Pts',(22.6834167033159,0.820945406241244,-9.97500065790952));
#1085=CARTESIAN_POINT('Ctrl Pts',(21.8265025445156,1.57965088790136,-9.88394634571933));
#1086=CARTESIAN_POINT('Ctrl Pts',(19.9991074645974,2.43739031144645,-9.71462370625627));
#1087=CARTESIAN_POINT('Ctrl Pts',(17.2073220246061,3.16830580640518,-9.49408598161417));
#1088=CARTESIAN_POINT('Ctrl Pts',(12.6691381572988,3.95274767165036,-9.19976705576799));
#1089=CARTESIAN_POINT('Ctrl Pts',(6.92127996941099,4.473324170976,-8.94590058771973));
#1090=CARTESIAN_POINT('Ctrl Pts',(2.30753460705193,4.60698581855162,-8.87679122476791));
#1091=CARTESIAN_POINT('Ctrl Pts',(-3.21599044912767E-16,4.60698581855162,
-8.87679122476791));
#1092=CARTESIAN_POINT('Ctrl Pts',(-2.07640758269652E-15,4.73684210526316,
-8.80694764772711));
#1093=CARTESIAN_POINT('Ctrl Pts',(-2.31059047046127,4.73684210526316,-8.80694764772711));
#1094=CARTESIAN_POINT('Ctrl Pts',(-6.93037333981205,4.60662229989327,-8.87856061365786));
#1095=CARTESIAN_POINT('Ctrl Pts',(-13.0684719975993,4.04076681056659,-9.16005432148338));
#1096=CARTESIAN_POINT('Ctrl Pts',(-17.6089638501651,3.22841365186943,-9.47818664718964));
#1097=CARTESIAN_POINT('Ctrl Pts',(-20.2089927881361,2.45420756868272,-9.70223966515475));
#1098=CARTESIAN_POINT('Ctrl Pts',(-21.6158503768695,1.81387974329816,-9.8390431178661));
#1099=CARTESIAN_POINT('Ctrl Pts',(-22.4303769309958,1.25839555384307,-9.92773715829508));
#1100=CARTESIAN_POINT('Ctrl Pts',(-22.9034578835571,0.607039534205221,-9.98677772284024));
#1101=CARTESIAN_POINT('Ctrl Pts',(-23.0483547460649,0.000860173588918622,
-10.0066577945462));
#1102=CARTESIAN_POINT('Ctrl Pts',(-22.9045246862682,-0.60589783679152,-9.98694997855494));
#1103=CARTESIAN_POINT('Ctrl Pts',(-22.4316414596045,-1.25682363775607,-9.92791757326359));
#1104=CARTESIAN_POINT('Ctrl Pts',(-21.6180548256175,-1.81361167839667,-9.83932152251063));
#1105=CARTESIAN_POINT('Ctrl Pts',(-20.2096263416494,-2.45189577678879,-9.70230960180585));
#1106=CARTESIAN_POINT('Ctrl Pts',(-18.3518070681543,-3.01065516030446,-9.54210092064942));
#1107=CARTESIAN_POINT('Ctrl Pts',(-15.3480309695466,-3.65619442863617,-9.31595172403069));
#1108=CARTESIAN_POINT('Ctrl Pts',(-11.5389202625343,-4.1887221442841,-9.08625052170744));
#1109=CARTESIAN_POINT('Ctrl Pts',(-3.85992682559344,-4.81263079939209,-8.77182592045553));
#1110=CARTESIAN_POINT('Ctrl Pts',(4.62544525294084,-4.80341610920534,-8.77209275176968));
#1111=CARTESIAN_POINT('Ctrl Pts',(12.6830033438993,-4.08495552786246,-9.14244516132317));
#1112=CARTESIAN_POINT('Ctrl Pts',(17.235958763085,-3.29311100650849,-9.45033346132129));
#1113=CARTESIAN_POINT('Ctrl Pts',(20.0330006906125,-2.56036946119387,-9.68284510381326));
#1114=CARTESIAN_POINT('Ctrl Pts',(21.8844897457687,-1.68678250745866,-9.86584660370676));
#1115=CARTESIAN_POINT('Ctrl Pts',(22.7744092605945,-0.901207865076629,-9.96914686954));
#1116=CARTESIAN_POINT('Ctrl Pts',(23.1138635833725,-0.00203035330357666,
-10.0156227128007));
#1117=CARTESIAN_POINT('Ctrl Pts',(22.7767806578486,0.897940369440097,-9.9694602434414));
#1118=CARTESIAN_POINT('Ctrl Pts',(21.885826219041,1.68563560833781,-9.86588541235199));
#1119=CARTESIAN_POINT('Ctrl Pts',(20.0387139458823,2.55842995285667,-9.68332902834113));
#1120=CARTESIAN_POINT('Ctrl Pts',(17.2354014495216,3.29344044392934,-9.45035768400721));
#1121=CARTESIAN_POINT('Ctrl Pts',(12.686941512871,4.08211983777519,-9.14243109056823));
#1122=CARTESIAN_POINT('Ctrl Pts',(6.93040877844658,4.60284734963177,-8.87860909021833));
#1123=CARTESIAN_POINT('Ctrl Pts',(2.31059047046127,4.73684210526316,-8.80694764772711));
#1124=CARTESIAN_POINT('Ctrl Pts',(-3.27065863076118E-17,4.73684210526316,
-8.80694764772711));
#1125=CARTESIAN_POINT('',(-2.4980018054066E-15,4.,-8.36660026534075));
#1126=CARTESIAN_POINT('Origin',(-2.22044604925031E-15,4.5,-8.36660026534075));
#1127=CARTESIAN_POINT('',(22.5000871611266,-1.49459233171346E-5,-9.50017396916458));
#1128=CARTESIAN_POINT('Ctrl Pts',(-2.4980018054066E-15,4.,-8.36660026534075));
#1129=CARTESIAN_POINT('Ctrl Pts',(-2.30149813216137,4.,-8.36660026534075));
#1130=CARTESIAN_POINT('Ctrl Pts',(-6.90323439891278,3.87707528962947,-8.43463258297497));
#1131=CARTESIAN_POINT('Ctrl Pts',(-13.0096684292991,3.34109688772039,-8.70205160540921));
#1132=CARTESIAN_POINT('Ctrl Pts',(-17.5086071967088,2.57721700849522,-9.00427731483016));
#1133=CARTESIAN_POINT('Ctrl Pts',(-20.052457204998,1.85362973207922,-9.217127681897));
#1134=CARTESIAN_POINT('Ctrl Pts',(-21.388462630945,1.27776492659318,-9.3470909619728));
#1135=CARTESIAN_POINT('Ctrl Pts',(-22.110859625648,0.798405897932626,-9.43135030038033));
#1136=CARTESIAN_POINT('Ctrl Pts',(-22.4471097906818,0.340471584301869,-9.48743883669823));
#1137=CARTESIAN_POINT('Ctrl Pts',(-22.5258573343982,0.000457768548012249,
-9.50632490481892));
#1138=CARTESIAN_POINT('Ctrl Pts',(-22.4472512244535,-0.339500149894646,
-9.48760247962719));
#1139=CARTESIAN_POINT('Ctrl Pts',(-22.1113877017263,-0.797533343428752,
-9.43152169460041));
#1140=CARTESIAN_POINT('Ctrl Pts',(-21.3899226074301,-1.2769302274137,-9.3473554463851));
#1141=CARTESIAN_POINT('Ctrl Pts',(-20.052692234082,-1.85232444896036,-9.21719412171555));
#1142=CARTESIAN_POINT('Ctrl Pts',(-18.2359720530886,-2.37371124966857,-9.06499587461695));
#1143=CARTESIAN_POINT('Ctrl Pts',(-15.2703414471808,-2.978672352254,-8.85015413782916));
#1144=CARTESIAN_POINT('Ctrl Pts',(-11.4879344823523,-3.48205441142013,-8.63193799562207));
#1145=CARTESIAN_POINT('Ctrl Pts',(-3.84721608420539,-4.07068119716484,-8.33323462443275));
#1146=CARTESIAN_POINT('Ctrl Pts',(4.60989546308932,-4.06489114976455,-8.3334881141812));
#1147=CARTESIAN_POINT('Ctrl Pts',(12.6266329597598,-3.3814479065098,-8.685322903257));
#1148=CARTESIAN_POINT('Ctrl Pts',(17.1385535765676,-2.63996507386243,-8.97781678825524));
#1149=CARTESIAN_POINT('Ctrl Pts',(19.8868155563531,-1.94788944124626,-9.19870284862259));
#1150=CARTESIAN_POINT('Ctrl Pts',(21.646685688631,-1.16464127385447,-9.37255427352142));
#1151=CARTESIAN_POINT('Ctrl Pts',(22.3750585434752,-0.516005222681181,-9.470689526063));
#1152=CARTESIAN_POINT('Ctrl Pts',(22.4999724352943,-0.172307581083456,-9.50015145624766));
#1153=CARTESIAN_POINT('Ctrl Pts',(22.5000871620537,-0.00033253952641232,
-9.50017397772092));
#1154=CARTESIAN_POINT('Ctrl Pts',(22.5000871611266,-1.49459233170969E-5,
-9.50017396916459));
#1155=CARTESIAN_POINT('Ctrl Pts',(22.5000871611266,-1.49459233170969E-5,
-9.50017396916459));
#1156=CARTESIAN_POINT('Ctrl Pts',(22.5000866609822,0.171324832761601,-9.50016935307651));
#1157=CARTESIAN_POINT('Ctrl Pts',(22.3760996691498,0.514240567289229,-9.47094171914219));
#1158=CARTESIAN_POINT('Ctrl Pts',(21.6497811767608,1.16413756170188,-9.37259114173439));
#1159=CARTESIAN_POINT('Ctrl Pts',(19.8918038376664,1.94595111386895,-9.19916257692408));
#1160=CARTESIAN_POINT('Ctrl Pts',(17.1384654712727,2.64071466415581,-8.97783979980684));
#1161=CARTESIAN_POINT('Ctrl Pts',(12.6302851917479,3.37851939415049,-8.68530953603983));
#1162=CARTESIAN_POINT('Ctrl Pts',(6.90318361302691,3.8746027713321,-8.43467863570741));
#1163=CARTESIAN_POINT('Ctrl Pts',(2.30149813216137,4.,-8.36660026534075));
#1164=CARTESIAN_POINT('Ctrl Pts',(-1.66533453693773E-15,4.,-8.36660026534075));
#1165=CARTESIAN_POINT('Ctrl Pts',(22.5,2.44929359829471E-15,-7.21543484483091));
#1166=CARTESIAN_POINT('Ctrl Pts',(22.5,-3.99999999999999,-7.21543484483091));
#1167=CARTESIAN_POINT('Ctrl Pts',(0.,-4.,-7.21543484483091));
#1168=CARTESIAN_POINT('Ctrl Pts',(-22.5,-3.99999999999999,-7.21543484483091));
#1169=CARTESIAN_POINT('Ctrl Pts',(-22.5,2.44929359829471E-15,-7.21543484483091));
#1170=CARTESIAN_POINT('Ctrl Pts',(-22.5,4.,-7.21543484483091));
#1171=CARTESIAN_POINT('Ctrl Pts',(0.,4.00000000000001,-7.21543484483091));
#1172=CARTESIAN_POINT('Ctrl Pts',(22.5,4.,-7.21543484483091));
#1173=CARTESIAN_POINT('Ctrl Pts',(22.5,2.44929359829471E-15,-7.21543484483091));
#1174=CARTESIAN_POINT('Ctrl Pts',(22.5,2.44929359829471E-15,-9.50095292320344));
#1175=CARTESIAN_POINT('Ctrl Pts',(22.5,-3.99999999999999,-9.50095292320344));
#1176=CARTESIAN_POINT('Ctrl Pts',(0.,-4.,-9.50095292320344));
#1177=CARTESIAN_POINT('Ctrl Pts',(-22.5,-3.99999999999999,-9.50095292320344));
#1178=CARTESIAN_POINT('Ctrl Pts',(-22.5,2.44929359829471E-15,-9.50095292320344));
#1179=CARTESIAN_POINT('Ctrl Pts',(-22.5,4.,-9.50095292320344));
#1180=CARTESIAN_POINT('Ctrl Pts',(0.,4.00000000000001,-9.50095292320344));
#1181=CARTESIAN_POINT('Ctrl Pts',(22.5,4.,-9.50095292320344));
#1182=CARTESIAN_POINT('Ctrl Pts',(22.5,2.44929359829471E-15,-9.50095292320344));
#1183=CARTESIAN_POINT('',(0.,4.,-7.2154348448309));
#1184=CARTESIAN_POINT('',(22.5,1.97284662931461E-15,-8.25));
#1185=CARTESIAN_POINT('Ctrl Pts',(0.,4.,-7.2154348448309));
#1186=CARTESIAN_POINT('Ctrl Pts',(3.11402088840655,4.,-7.2154348448309));
#1187=CARTESIAN_POINT('Ctrl Pts',(6.53134959615959,3.88595788597896,-7.28487934678599));
#1188=CARTESIAN_POINT('Ctrl Pts',(11.6060236837141,3.4431158833275,-7.49895196246708));
#1189=CARTESIAN_POINT('Ctrl Pts',(13.2878230372638,3.25111538011977,-7.58740853072547));
#1190=CARTESIAN_POINT('Ctrl Pts',(16.5506109440124,2.737299067502,-7.78753512458067));
#1191=CARTESIAN_POINT('Ctrl Pts',(18.1335790307511,2.42816937610986,-7.89929669301528));
#1192=CARTESIAN_POINT('Ctrl Pts',(20.0295564597365,1.82848478614791,-8.04595832605639));
#1193=CARTESIAN_POINT('Ctrl Pts',(20.4806965609529,1.66917211964745,-8.08175935806139));
#1194=CARTESIAN_POINT('Ctrl Pts',(21.3427286777121,1.28322974697074,-8.15195011383665));
#1195=CARTESIAN_POINT('Ctrl Pts',(21.7563120501457,1.06267987845224,-8.18655876891414));
#1196=CARTESIAN_POINT('Ctrl Pts',(22.1871830727898,0.672097523965263,-8.22316327243109));
#1197=CARTESIAN_POINT('Ctrl Pts',(22.2952953093419,0.554312849575155,-8.23240786015641));
#1198=CARTESIAN_POINT('Ctrl Pts',(22.4131532696043,0.357267215484096,-8.24252301263982));
#1199=CARTESIAN_POINT('Ctrl Pts',(22.4451338586771,0.288107366569075,-8.24527573127977));
#1200=CARTESIAN_POINT('Ctrl Pts',(22.4885891205827,0.145923132608738,-8.24901472347901));
#1201=CARTESIAN_POINT('Ctrl Pts',(22.5,0.0728792322165856,-8.25));
#1202=CARTESIAN_POINT('Ctrl Pts',(22.5,1.98625837999344E-15,-8.25));
#1203=CARTESIAN_POINT('Ctrl Pts',(22.5,1.98625837999346E-15,-8.25));
#1204=CARTESIAN_POINT('Ctrl Pts',(22.5,-0.0728792322165816,-8.25));
#1205=CARTESIAN_POINT('Ctrl Pts',(22.4885891205827,-0.145923132608735,-8.24901472347901));
#1206=CARTESIAN_POINT('Ctrl Pts',(22.4451338586771,-0.288107366569074,-8.24527573127977));
#1207=CARTESIAN_POINT('Ctrl Pts',(22.4131532696043,-0.357267215484095,-8.24252301263982));
#1208=CARTESIAN_POINT('Ctrl Pts',(22.2952953093419,-0.554312849575155,-8.23240786015641));
#1209=CARTESIAN_POINT('Ctrl Pts',(22.1871830727898,-0.67209752396526,-8.22316327243109));
#1210=CARTESIAN_POINT('Ctrl Pts',(21.7563120501457,-1.06267987845224,-8.18655876891414));
#1211=CARTESIAN_POINT('Ctrl Pts',(21.3427286777121,-1.28322974697073,-8.15195011383665));
#1212=CARTESIAN_POINT('Ctrl Pts',(20.4806965609529,-1.66917211964745,-8.08175935806139));
#1213=CARTESIAN_POINT('Ctrl Pts',(20.0295564597365,-1.82848478614791,-8.04595832605639));
#1214=CARTESIAN_POINT('Ctrl Pts',(18.1335790307511,-2.42816937610985,-7.89929669301528));
#1215=CARTESIAN_POINT('Ctrl Pts',(16.5506109440124,-2.737299067502,-7.78753512458068));
#1216=CARTESIAN_POINT('Ctrl Pts',(13.2878230372638,-3.25111538011977,-7.58740853072548));
#1217=CARTESIAN_POINT('Ctrl Pts',(11.6060236837141,-3.4431158833275,-7.49895196246709));
#1218=CARTESIAN_POINT('Ctrl Pts',(6.53134959615959,-3.88595788597895,-7.284879346786));
#1219=CARTESIAN_POINT('Ctrl Pts',(3.11402088840655,-4.,-7.21543484483091));
#1220=CARTESIAN_POINT('Ctrl Pts',(-3.11402088840655,-4.,-7.21543484483091));
#1221=CARTESIAN_POINT('Ctrl Pts',(-6.53134959615958,-3.88595788597895,-7.284879346786));
#1222=CARTESIAN_POINT('Ctrl Pts',(-11.6060236837141,-3.4431158833275,-7.49895196246709));
#1223=CARTESIAN_POINT('Ctrl Pts',(-13.2878230372638,-3.25111538011977,-7.58740853072548));
#1224=CARTESIAN_POINT('Ctrl Pts',(-16.5506109440124,-2.737299067502,-7.78753512458068));
#1225=CARTESIAN_POINT('Ctrl Pts',(-18.1335790307511,-2.42816937610985,-7.89929669301528));
#1226=CARTESIAN_POINT('Ctrl Pts',(-20.0295564597365,-1.82848478614791,-8.0459583260564));
#1227=CARTESIAN_POINT('Ctrl Pts',(-20.4806965609529,-1.66917211964745,-8.08175935806139));
#1228=CARTESIAN_POINT('Ctrl Pts',(-21.3427286777121,-1.28322974697073,-8.15195011383665));
#1229=CARTESIAN_POINT('Ctrl Pts',(-21.7563120501457,-1.06267987845223,-8.18655876891414));
#1230=CARTESIAN_POINT('Ctrl Pts',(-22.1871830727898,-0.672097523965259,
-8.2231632724311));
#1231=CARTESIAN_POINT('Ctrl Pts',(-22.2952953093419,-0.554312849575152,
-8.23240786015641));
#1232=CARTESIAN_POINT('Ctrl Pts',(-22.4131532696043,-0.357267215484094,
-8.24252301263982));
#1233=CARTESIAN_POINT('Ctrl Pts',(-22.4451338586771,-0.288107366569073,
-8.24527573127977));
#1234=CARTESIAN_POINT('Ctrl Pts',(-22.4885891205827,-0.145923132608735,
-8.24901472347901));
#1235=CARTESIAN_POINT('Ctrl Pts',(-22.5,-0.0728792322165812,-8.25));
#1236=CARTESIAN_POINT('Ctrl Pts',(-22.5,0.0728792322165856,-8.25));
#1237=CARTESIAN_POINT('Ctrl Pts',(-22.4885891205827,0.14592313260874,-8.24901472347901));
#1238=CARTESIAN_POINT('Ctrl Pts',(-22.4451338586771,0.288107366569076,-8.24527573127977));
#1239=CARTESIAN_POINT('Ctrl Pts',(-22.4131532696043,0.357267215484096,-8.24252301263982));
#1240=CARTESIAN_POINT('Ctrl Pts',(-22.2952953093419,0.554312849575155,-8.23240786015641));
#1241=CARTESIAN_POINT('Ctrl Pts',(-22.1871830727898,0.672097523965264,-8.22316327243109));
#1242=CARTESIAN_POINT('Ctrl Pts',(-21.7563120501457,1.06267987845224,-8.18655876891414));
#1243=CARTESIAN_POINT('Ctrl Pts',(-21.3427286777121,1.28322974697074,-8.15195011383665));
#1244=CARTESIAN_POINT('Ctrl Pts',(-20.4806965609529,1.66917211964746,-8.08175935806139));
#1245=CARTESIAN_POINT('Ctrl Pts',(-20.0295564597365,1.82848478614791,-8.04595832605639));
#1246=CARTESIAN_POINT('Ctrl Pts',(-18.1335790307511,2.42816937610986,-7.89929669301527));
#1247=CARTESIAN_POINT('Ctrl Pts',(-16.5506109440124,2.737299067502,-7.78753512458068));
#1248=CARTESIAN_POINT('Ctrl Pts',(-13.2878230372638,3.25111538011977,-7.58740853072548));
#1249=CARTESIAN_POINT('Ctrl Pts',(-11.6060236837141,3.4431158833275,-7.49895196246708));
#1250=CARTESIAN_POINT('Ctrl Pts',(-6.53134959615958,3.88595788597896,-7.28487934678599));
#1251=CARTESIAN_POINT('Ctrl Pts',(-3.11402088840655,4.,-7.2154348448309));
#1252=CARTESIAN_POINT('Ctrl Pts',(2.22044604925031E-15,4.,-7.2154348448309));
#1253=CARTESIAN_POINT('Ctrl Pts',(22.5,2.44929359829471E-15,-8.25));
#1254=CARTESIAN_POINT('Ctrl Pts',(22.5,2.44929359829471E-15,-9.50017396916458));
#1255=CARTESIAN_POINT('Ctrl Pts',(22.5,9.5,2.69546091939735E-15));
#1256=CARTESIAN_POINT('Ctrl Pts',(22.5,9.5,0.169575541436516));
#1257=CARTESIAN_POINT('Ctrl Pts',(22.3758736619258,9.47069956845697,0.517918741178816));
#1258=CARTESIAN_POINT('Ctrl Pts',(21.6473788735963,9.37262711480529,1.16190110136644));
#1259=CARTESIAN_POINT('Ctrl Pts',(19.8909096723578,9.19878738150595,1.94913828390748));
#1260=CARTESIAN_POINT('Ctrl Pts',(16.0356487427001,8.89008643734513,2.91365562072174));
#1261=CARTESIAN_POINT('Ctrl Pts',(8.0661344850511,8.42827673576567,3.91381819650738));
#1262=CARTESIAN_POINT('Ctrl Pts',(-1.92623502355879,8.27831062826737,4.15087581252228));
#1263=CARTESIAN_POINT('Ctrl Pts',(-11.1115834830249,8.59521678016991,3.58156614984248));
#1264=CARTESIAN_POINT('Ctrl Pts',(-16.3996110384102,8.92515741415091,2.78971056196621));
#1265=CARTESIAN_POINT('Ctrl Pts',(-18.9688594275398,9.12503896059992,2.17655733820144));
#1266=CARTESIAN_POINT('Ctrl Pts',(-20.38808111749,9.24975920049379,1.70950406722731));
#1267=CARTESIAN_POINT('Ctrl Pts',(-21.3893292143838,9.34731511735208,1.27659243828124));
#1268=CARTESIAN_POINT('Ctrl Pts',(-22.111257157608,9.43149020540965,0.797674243820439));
#1269=CARTESIAN_POINT('Ctrl Pts',(-22.4469542923411,9.48754791543124,0.339522456653023));
#1270=CARTESIAN_POINT('Ctrl Pts',(-22.5257096819518,9.50630656853085,-0.000481971278780743));
#1271=CARTESIAN_POINT('Ctrl Pts',(-22.4467614456494,9.48736385525384,-0.340393073098174));
#1272=CARTESIAN_POINT('Ctrl Pts',(-22.1117558280374,9.43138876877124,-0.798642149215595));
#1273=CARTESIAN_POINT('Ctrl Pts',(-21.0955254258926,9.31368054737041,-1.4640875273192));
#1274=CARTESIAN_POINT('Ctrl Pts',(-19.334931670594,9.15372267105803,-2.08558924732701));
#1275=CARTESIAN_POINT('Ctrl Pts',(-16.3966949579219,8.92499994067074,-2.79223365797809));
#1276=CARTESIAN_POINT('Ctrl Pts',(-12.6211732552009,8.68912293233469,-3.35460739653473));
#1277=CARTESIAN_POINT('Ctrl Pts',(-8.04782879303925,8.48983994648922,-3.77226943909282));
#1278=CARTESIAN_POINT('Ctrl Pts',(-0.38687105557748,8.30095011653217,-4.11343448057563));
#1279=CARTESIAN_POINT('Ctrl Pts',(8.06710612240622,8.4285631401625,-3.91474958498335));
#1280=CARTESIAN_POINT('Ctrl Pts',(16.0352486856889,8.89011230308279,-2.91355310232935));
#1281=CARTESIAN_POINT('Ctrl Pts',(19.8903799867931,9.19873346819812,-1.94925429831118));
#1282=CARTESIAN_POINT('Ctrl Pts',(21.6473736272753,9.37262709851251,-1.16191759994228));
#1283=CARTESIAN_POINT('Ctrl Pts',(22.3758134618565,9.47069185604577,-0.517961524460199));
#1284=CARTESIAN_POINT('Ctrl Pts',(22.5,9.5,-0.169575541436517));
#1285=CARTESIAN_POINT('Ctrl Pts',(22.5,9.5,2.19442519711066E-15));
#1286=CARTESIAN_POINT('Ctrl Pts',(22.5,9.57479982508547,2.74177639276421E-15));
#1287=CARTESIAN_POINT('Ctrl Pts',(22.5,9.57479982508547,0.171830550882343));
#1288=CARTESIAN_POINT('Ctrl Pts',(22.3721705078387,9.5476701995767,0.523062167143706));
#1289=CARTESIAN_POINT('Ctrl Pts',(21.6409191361859,9.45418754078576,1.16507863041087));
#1290=CARTESIAN_POINT('Ctrl Pts',(19.8842204467346,9.28503030499175,1.95122713794929));
#1291=CARTESIAN_POINT('Ctrl Pts',(16.0295992557313,8.98190571882992,2.91448992759318));
#1292=CARTESIAN_POINT('Ctrl Pts',(8.06267935412643,8.5259924050791,3.91394485547868));
#1293=CARTESIAN_POINT('Ctrl Pts',(-1.92535923150967,8.37755930690148,4.1507183849382));
#1294=CARTESIAN_POINT('Ctrl Pts',(-11.1070822559623,8.6909400562816,3.58192423571318));
#1295=CARTESIAN_POINT('Ctrl Pts',(-16.3935549028459,9.01626356641775,2.79075902414406));
#1296=CARTESIAN_POINT('Ctrl Pts',(-18.9623164851348,9.21260482912236,2.17829117172781));
#1297=CARTESIAN_POINT('Ctrl Pts',(-20.38144562661,9.33457603142126,1.71194061526988));
#1298=CARTESIAN_POINT('Ctrl Pts',(-21.3830213903584,9.42950542634353,1.27979417334063));
#1299=CARTESIAN_POINT('Ctrl Pts',(-22.1058944015475,9.51051646907312,0.802064984068363));
#1300=CARTESIAN_POINT('Ctrl Pts',(-22.4452458985276,9.56326264551971,0.343844828194905));
#1301=CARTESIAN_POINT('Ctrl Pts',(-22.526627096396,9.5806243168661,-0.000506182448144536));
#1302=CARTESIAN_POINT('Ctrl Pts',(-22.4449983432849,9.56309734397805,-0.344684132007232));
#1303=CARTESIAN_POINT('Ctrl Pts',(-22.1063503353696,9.51043168944386,-0.803066075357727));
#1304=CARTESIAN_POINT('Ctrl Pts',(-21.0888251540492,9.39708834394915,-1.46686129837824));
#1305=CARTESIAN_POINT('Ctrl Pts',(-19.3283180781703,9.24074865362101,-2.08745793025925));
#1306=CARTESIAN_POINT('Ctrl Pts',(-16.3906302675429,9.01612549821663,-2.79327512504876));
#1307=CARTESIAN_POINT('Ctrl Pts',(-12.6162408026105,8.78352417333071,-3.35515579439011));
#1308=CARTESIAN_POINT('Ctrl Pts',(-8.04452623598215,8.586740873411,-3.77246284483458));
#1309=CARTESIAN_POINT('Ctrl Pts',(-0.386671878109773,8.39996040780439,-4.11331782591486));
#1310=CARTESIAN_POINT('Ctrl Pts',(8.06365219810654,8.52628465764317,-3.91486664943299));
#1311=CARTESIAN_POINT('Ctrl Pts',(16.0292026536871,8.98192632316898,-2.91440424073912));
#1312=CARTESIAN_POINT('Ctrl Pts',(19.8836900800223,9.28497826058001,-1.95133880589064));
#1313=CARTESIAN_POINT('Ctrl Pts',(21.6409140072592,9.45418744464796,-1.16509573142652));
#1314=CARTESIAN_POINT('Ctrl Pts',(22.3721099979933,9.54766285023121,-0.523104732796063));
#1315=CARTESIAN_POINT('Ctrl Pts',(22.5,9.57479982508547,-0.171830550882343));
#1316=CARTESIAN_POINT('Ctrl Pts',(22.5,9.57479982508547,2.22679725028788E-15));
#1317=CARTESIAN_POINT('Ctrl Pts',(22.5342243172061,9.72415678948846,3.05239367077015E-15));
#1318=CARTESIAN_POINT('Ctrl Pts',(22.5342243172061,9.72415678948846,0.184540824023));
#1319=CARTESIAN_POINT('Ctrl Pts',(22.3942594467592,9.70133841021485,0.557080774216889));
#1320=CARTESIAN_POINT('Ctrl Pts',(21.6479090888144,9.61696267587546,1.20784794906039));
#1321=CARTESIAN_POINT('Ctrl Pts',(19.8844850411368,9.45706937539222,1.99956429351823));
#1322=CARTESIAN_POINT('Ctrl Pts',(16.0260639628151,9.16495422939314,2.96764746575508));
#1323=CARTESIAN_POINT('Ctrl Pts',(8.05948022258725,8.72065239758268,3.97314436683049));
#1324=CARTESIAN_POINT('Ctrl Pts',(-1.92446993342077,8.57523982279973,4.21133266639247));
#1325=CARTESIAN_POINT('Ctrl Pts',(-11.1034670301247,8.88167695070553,3.63905467421465));
#1326=CARTESIAN_POINT('Ctrl Pts',(-16.3906614902509,9.19790405309698,2.84343737431901));
#1327=CARTESIAN_POINT('Ctrl Pts',(-18.961676305482,9.38725602844783,2.22760538698784));
#1328=CARTESIAN_POINT('Ctrl Pts',(-20.3837647301328,9.50378683383102,1.75865077064528));
#1329=CARTESIAN_POINT('Ctrl Pts',(-21.3895866500297,9.59351506440786,1.32343190780975));
#1330=CARTESIAN_POINT('Ctrl Pts',(-22.1201936255958,9.6682558036228,0.841291329847246));
#1331=CARTESIAN_POINT('Ctrl Pts',(-22.4741529296184,9.71442514540892,0.368856695107527));
#1332=CARTESIAN_POINT('Ctrl Pts',(-22.5636984973991,9.7290098846063,-0.000526673808583331));
#1333=CARTESIAN_POINT('Ctrl Pts',(-22.4737602555431,9.71429675545766,-0.369565933764672));
#1334=CARTESIAN_POINT('Ctrl Pts',(-22.1205238780044,9.66820521584783,-0.842373674535271));
#1335=CARTESIAN_POINT('Ctrl Pts',(-21.0924734578916,9.5635114581069,-1.51226817610935));
#1336=CARTESIAN_POINT('Ctrl Pts',(-19.3281319933979,9.41433278449205,-2.13628068115502));
#1337=CARTESIAN_POINT('Ctrl Pts',(-16.387651919941,9.19779883829431,-2.84597062649616));
#1338=CARTESIAN_POINT('Ctrl Pts',(-12.6128782405731,8.97165833174623,-3.41098574357781));
#1339=CARTESIAN_POINT('Ctrl Pts',(-8.04179778279658,8.77979858055557,-3.83078527358198));
#1340=CARTESIAN_POINT('Ctrl Pts',(-0.386414820194963,8.59716802208164,-4.17368777553738));
#1341=CARTESIAN_POINT('Ctrl Pts',(8.06043407579114,8.72095952174824,-3.97406814225366));
#1342=CARTESIAN_POINT('Ctrl Pts',(16.0256952305593,9.16495959233588,-2.96757365083341));
#1343=CARTESIAN_POINT('Ctrl Pts',(19.8839477108687,9.45702224285924,-1.99967339016563));
#1344=CARTESIAN_POINT('Ctrl Pts',(21.6479048070401,9.61696220340911,-1.2078653855408));
#1345=CARTESIAN_POINT('Ctrl Pts',(22.3941974545338,9.70133184697604,-0.55712430606694));
#1346=CARTESIAN_POINT('Ctrl Pts',(22.5342243172061,9.72415678948846,-0.184540824022995));
#1347=CARTESIAN_POINT('Ctrl Pts',(22.5342243172061,9.72415678948846,2.48795012123275E-15));
#1348=CARTESIAN_POINT('Ctrl Pts',(22.7014691332073,9.93446114540217,4.24858601374775E-15));
#1349=CARTESIAN_POINT('Ctrl Pts',(22.7014691332073,9.93446114540217,0.23082145157528));
#1350=CARTESIAN_POINT('Ctrl Pts',(22.5272836102958,9.91449467458355,0.686748942349717));
#1351=CARTESIAN_POINT('Ctrl Pts',(21.7264401152669,9.83556552705007,1.39155616471404));
#1352=CARTESIAN_POINT('Ctrl Pts',(19.9322106233805,9.68022323205046,2.21591517477361));
#1353=CARTESIAN_POINT('Ctrl Pts',(16.0513257092115,9.39203977741719,3.21293945824331));
#1354=CARTESIAN_POINT('Ctrl Pts',(8.06866332712225,8.94967112027064,4.24848179340098));
#1355=CARTESIAN_POINT('Ctrl Pts',(-1.92648179199808,8.80418607399207,4.49405233822684));
#1356=CARTESIAN_POINT('Ctrl Pts',(-11.1178169682498,9.11024239411393,3.9042653032559));
#1357=CARTESIAN_POINT('Ctrl Pts',(-16.4190266914313,9.42440599997085,3.0852968639396));
#1358=CARTESIAN_POINT('Ctrl Pts',(-19.0040930238224,9.61133533486257,2.45037055268535));
#1359=CARTESIAN_POINT('Ctrl Pts',(-20.4409667231508,9.72555028358691,1.9653327041732));
#1360=CARTESIAN_POINT('Ctrl Pts',(-21.4650186935025,9.81274454479046,1.51113479312272));
#1361=CARTESIAN_POINT('Ctrl Pts',(-22.226587917008,9.88395509574356,1.00050705306742));
#1362=CARTESIAN_POINT('Ctrl Pts',(-22.6268757346576,9.92597799970033,0.46068019480879));
#1363=CARTESIAN_POINT('Ctrl Pts',(-22.7385747911506,9.93872962679467,-0.000535387597408918));
#1364=CARTESIAN_POINT('Ctrl Pts',(-22.626138972302,9.92587709153103,-0.461161480203283));
#1365=CARTESIAN_POINT('Ctrl Pts',(-22.226598362174,9.88392425997398,-1.0018395087713));
#1366=CARTESIAN_POINT('Ctrl Pts',(-21.1564666757211,9.78408000053285,-1.71106777190861));
#1367=CARTESIAN_POINT('Ctrl Pts',(-19.3731933609694,9.63802032622952,-2.35603054663451));
#1368=CARTESIAN_POINT('Ctrl Pts',(-16.4156542556171,9.42434575164017,-3.08803711621514));
#1369=CARTESIAN_POINT('Ctrl Pts',(-12.6313683890402,9.19961633966909,-3.66940157066212));
#1370=CARTESIAN_POINT('Ctrl Pts',(-8.05200134845947,9.00849827026597,-4.10192636729429));
#1371=CARTESIAN_POINT('Ctrl Pts',(-0.386640109110562,8.82611919717371,-4.45518780093165));
#1372=CARTESIAN_POINT('Ctrl Pts',(8.06951310823779,8.94998505040341,-4.24944791236409));
#1373=CARTESIAN_POINT('Ctrl Pts',(16.0510610570066,9.39205190638239,-3.21286432790597));
#1374=CARTESIAN_POINT('Ctrl Pts',(19.9316460674082,9.68017447701128,-2.21602691372363));
#1375=CARTESIAN_POINT('Ctrl Pts',(21.7264388145085,9.83556558881702,-1.39157360583139));
#1376=CARTESIAN_POINT('Ctrl Pts',(22.5272166163142,9.9144883456595,-0.686797764116829));
#1377=CARTESIAN_POINT('Ctrl Pts',(22.7014691332073,9.93446114540217,-0.230821451575273));
#1378=CARTESIAN_POINT('Ctrl Pts',(22.7014691332073,9.93446114540217,3.53927497348707E-15));
#1379=CARTESIAN_POINT('Ctrl Pts',(22.8878002623718,10.,5.47679170843099E-15));
#1380=CARTESIAN_POINT('Ctrl Pts',(22.8878002623718,10.,0.277237381866577));
#1381=CARTESIAN_POINT('Ctrl Pts',(22.681779740946,9.97485350019583,0.818384853601315));
#1382=CARTESIAN_POINT('Ctrl Pts',(21.8253029096734,9.88397249069412,1.58171322719536));
#1383=CARTESIAN_POINT('Ctrl Pts',(19.9974992761348,9.71436831853882,2.43786379690709));
#1384=CARTESIAN_POINT('Ctrl Pts',(16.0908155653731,9.40650981731201,3.45948133192815));
#1385=CARTESIAN_POINT('Ctrl Pts',(8.08574517464449,8.93969860572571,4.51620422954859));
#1386=CARTESIAN_POINT('Ctrl Pts',(-1.9305087193658,8.78709262675684,4.76622782398004));
#1387=CARTESIAN_POINT('Ctrl Pts',(-11.1425052551638,9.10881296579681,4.16513969329739));
#1388=CARTESIAN_POINT('Ctrl Pts',(-16.4619308009994,9.44127790176697,3.32879293044798));
#1389=CARTESIAN_POINT('Ctrl Pts',(-19.0632945800846,9.64079949858152,2.67774583020149));
#1390=CARTESIAN_POINT('Ctrl Pts',(-20.5165944979848,9.76391996417835,2.17783428262466));
#1391=CARTESIAN_POINT('Ctrl Pts',(-21.5601992639626,9.85906256853366,1.7048340951791));
#1392=CARTESIAN_POINT('Ctrl Pts',(-22.3543748200017,9.93899538022484,1.16410681029148));
#1393=CARTESIAN_POINT('Ctrl Pts',(-22.7998836209533,9.98920879412412,0.552987706573523));
#1394=CARTESIAN_POINT('Ctrl Pts',(-22.9318338494706,10.0052614295081,-0.000521782163950423));
#1395=CARTESIAN_POINT('Ctrl Pts',(-22.798853813878,9.98906113650272,-0.553306774798933));
#1396=CARTESIAN_POINT('Ctrl Pts',(-22.3541029042531,9.93893942573457,-1.16567894914569));
#1397=CARTESIAN_POINT('Ctrl Pts',(-21.2396721685326,9.8270211242555,-1.91641086056203));
#1398=CARTESIAN_POINT('Ctrl Pts',(-19.4354254601928,9.66934978965549,-2.58073565462872));
#1399=CARTESIAN_POINT('Ctrl Pts',(-16.4581668792495,9.44112699651263,-3.33175253123454));
#1400=CARTESIAN_POINT('Ctrl Pts',(-12.6613892108569,9.20342506101011,-3.92518093984436));
#1401=CARTESIAN_POINT('Ctrl Pts',(-8.06978528573003,9.00186073589316,-4.36667391970303));
#1402=CARTESIAN_POINT('Ctrl Pts',(-0.387323868326838,8.81008960643289,-4.72656361788507));
#1403=CARTESIAN_POINT('Ctrl Pts',(8.08647479710489,8.94003356667469,-4.51725258377));
#1404=CARTESIAN_POINT('Ctrl Pts',(16.090655850433,9.40649595218146,-3.4593630038492));
#1405=CARTESIAN_POINT('Ctrl Pts',(19.99690684761,9.7143237537362,-2.43798781733901));
#1406=CARTESIAN_POINT('Ctrl Pts',(21.8253045160258,9.88397101591758,-1.58172896222636));
#1407=CARTESIAN_POINT('Ctrl Pts',(22.681707786606,9.97484674252042,-0.818439749968189));
#1408=CARTESIAN_POINT('Ctrl Pts',(22.8878002623718,10.,-0.277237381866566));
#1409=CARTESIAN_POINT('Ctrl Pts',(22.8878002623718,10.,4.63754021822865E-15));
#1410=CARTESIAN_POINT('Ctrl Pts',(23.,10.,6.19192268349931E-15));
#1411=CARTESIAN_POINT('Ctrl Pts',(23.,10.,0.30400878316744));
#1412=CARTESIAN_POINT('Ctrl Pts',(22.7748583014434,9.96915744048102,0.894078510921633));
#1413=CARTESIAN_POINT('Ctrl Pts',(21.8849111580584,9.86592327874241,1.68851155827294));
#1414=CARTESIAN_POINT('Ctrl Pts',(20.0369119101531,9.68293408579574,2.55835963292001));
#1415=CARTESIAN_POINT('Ctrl Pts',(16.1147109032936,9.3579857235212,3.58697794982446));
#1416=CARTESIAN_POINT('Ctrl Pts',(8.09610621292222,8.87187024817437,4.64636835054592));
#1417=CARTESIAN_POINT('Ctrl Pts',(-1.93294913364227,8.71401118764989,4.89601876519957));
#1418=CARTESIAN_POINT('Ctrl Pts',(-11.1574693649705,9.04759661070516,4.2947449188683));
#1419=CARTESIAN_POINT('Ctrl Pts',(-16.487875671354,9.3949025412115,3.45538156897314));
#1420=CARTESIAN_POINT('Ctrl Pts',(-19.0990467638052,9.60530416905255,2.79965193927324));
#1421=CARTESIAN_POINT('Ctrl Pts',(-20.5622348363097,9.73658863209873,2.29427617778634));
#1422=CARTESIAN_POINT('Ctrl Pts',(-21.6176049052274,9.83927907089693,1.81298523296657));
#1423=CARTESIAN_POINT('Ctrl Pts',(-22.4313998524665,9.927884426747,1.25724874766833));
#1424=CARTESIAN_POINT('Ctrl Pts',(-22.9040978451916,9.9868925425592,0.606211837270901));
#1425=CARTESIAN_POINT('Ctrl Pts',(-23.0482103649413,10.0066384931904,-0.000506294396048252));
#1426=CARTESIAN_POINT('Ctrl Pts',(-22.902892786798,9.98669879500404,-0.606412264535245));
#1427=CARTESIAN_POINT('Ctrl Pts',(-22.4309570542969,9.92777765133815,-1.25895163876436));
#1428=CARTESIAN_POINT('Ctrl Pts',(-21.2898721416284,9.80387426038991,-2.03034317718326));
#1429=CARTESIAN_POINT('Ctrl Pts',(-19.4730022951477,9.63549754848214,-2.70177129263339));
#1430=CARTESIAN_POINT('Ctrl Pts',(-16.4838813646893,9.39473677965342,-3.45848692027731));
#1431=CARTESIAN_POINT('Ctrl Pts',(-12.6795643744299,9.14644519193125,-4.05383158331005));
#1432=CARTESIAN_POINT('Ctrl Pts',(-8.08056495226331,8.93667362788338,-4.49640031241072));
#1433=CARTESIAN_POINT('Ctrl Pts',(-0.387738246175366,8.73784222792862,-4.85635538964762));
#1434=CARTESIAN_POINT('Ctrl Pts',(8.09676336053304,8.87217172648683,-4.64745019949378));
#1435=CARTESIAN_POINT('Ctrl Pts',(16.1146177479592,9.35801295061348,-3.5868603904497));
#1436=CARTESIAN_POINT('Ctrl Pts',(20.0363018625109,9.68287733494539,-2.55848328770522));
#1437=CARTESIAN_POINT('Ctrl Pts',(21.8849146679571,9.86592326159211,-1.68852739850206));
#1438=CARTESIAN_POINT('Ctrl Pts',(22.7747833176788,9.96914932215344,-0.89413640470168));
#1439=CARTESIAN_POINT('Ctrl Pts',(23.,10.,-0.304008783167429));
#1440=CARTESIAN_POINT('Ctrl Pts',(23.,10.,5.28178378566217E-15));
#1441=CARTESIAN_POINT('',(22.5,9.5,2.69546091939735E-15));
#1442=CARTESIAN_POINT('Origin',(23.,9.5,5.88232654932434E-15));
#1443=CARTESIAN_POINT('',(-22.4994257706878,9.50002306960396,-0.000191282286098535));
#1444=CARTESIAN_POINT('Ctrl Pts',(22.5,9.5,2.69546091939735E-15));
#1445=CARTESIAN_POINT('Ctrl Pts',(22.5,9.5,0.169575541436516));
#1446=CARTESIAN_POINT('Ctrl Pts',(22.3758736619258,9.47069956845697,0.517918741178816));
#1447=CARTESIAN_POINT('Ctrl Pts',(21.6473788735963,9.37262711480529,1.16190110136644));
#1448=CARTESIAN_POINT('Ctrl Pts',(19.8909096723578,9.19878738150595,1.94913828390748));
#1449=CARTESIAN_POINT('Ctrl Pts',(16.0356487427001,8.89008643734513,2.91365562072174));
#1450=CARTESIAN_POINT('Ctrl Pts',(8.0661344850511,8.42827673576567,3.91381819650738));
#1451=CARTESIAN_POINT('Ctrl Pts',(-1.92623502355879,8.27831062826737,4.15087581252228));
#1452=CARTESIAN_POINT('Ctrl Pts',(-11.1115834830249,8.59521678016991,3.58156614984248));
#1453=CARTESIAN_POINT('Ctrl Pts',(-16.3996110384102,8.92515741415091,2.78971056196621));
#1454=CARTESIAN_POINT('Ctrl Pts',(-18.9688594275398,9.12503896059992,2.17655733820144));
#1455=CARTESIAN_POINT('Ctrl Pts',(-20.38808111749,9.24975920049379,1.70950406722731));
#1456=CARTESIAN_POINT('Ctrl Pts',(-21.3893292143838,9.34731511735208,1.27659243828124));
#1457=CARTESIAN_POINT('Ctrl Pts',(-22.111257157608,9.43149020540965,0.797674243820439));
#1458=CARTESIAN_POINT('Ctrl Pts',(-22.446886370742,9.48753657327512,0.339615154501247));
#1459=CARTESIAN_POINT('Ctrl Pts',(-22.4994153743206,9.50004356045397,0.113036286675902));
#1460=CARTESIAN_POINT('Ctrl Pts',(-22.4994257706878,9.50002306960397,-0.000191282286098518));
#1461=CARTESIAN_POINT('Ctrl Pts',(-22.4994257706878,9.50002306960397,-0.000191282286098518));
#1462=CARTESIAN_POINT('Ctrl Pts',(-22.4994257791086,9.50002305300688,-0.000282993843364922));
#1463=CARTESIAN_POINT('Ctrl Pts',(-22.4994149013125,9.49999744101059,-0.113693972937113));
#1464=CARTESIAN_POINT('Ctrl Pts',(-22.4467614456494,9.48736385525384,-0.340393073098174));
#1465=CARTESIAN_POINT('Ctrl Pts',(-22.1117558280374,9.43138876877124,-0.798642149215595));
#1466=CARTESIAN_POINT('Ctrl Pts',(-21.0955254258926,9.31368054737041,-1.4640875273192));
#1467=CARTESIAN_POINT('Ctrl Pts',(-19.334931670594,9.15372267105803,-2.08558924732701));
#1468=CARTESIAN_POINT('Ctrl Pts',(-16.3966949579219,8.92499994067074,-2.79223365797809));
#1469=CARTESIAN_POINT('Ctrl Pts',(-12.6211732552009,8.68912293233469,-3.35460739653473));
#1470=CARTESIAN_POINT('Ctrl Pts',(-8.04782879303925,8.48983994648922,-3.77226943909282));
#1471=CARTESIAN_POINT('Ctrl Pts',(-0.38687105557748,8.30095011653217,-4.11343448057563));
#1472=CARTESIAN_POINT('Ctrl Pts',(8.06710612240622,8.4285631401625,-3.91474958498335));
#1473=CARTESIAN_POINT('Ctrl Pts',(16.0352486856889,8.89011230308279,-2.91355310232935));
#1474=CARTESIAN_POINT('Ctrl Pts',(19.8903799867931,9.19873346819812,-1.94925429831118));
#1475=CARTESIAN_POINT('Ctrl Pts',(21.6473736272753,9.37262709851251,-1.16191759994228));
#1476=CARTESIAN_POINT('Ctrl Pts',(22.3758134618565,9.47069185604577,-0.517961524460199));
#1477=CARTESIAN_POINT('Ctrl Pts',(22.5,9.5,-0.169575541436517));
#1478=CARTESIAN_POINT('Ctrl Pts',(22.5,9.5,2.19442519711066E-15));
#1479=CARTESIAN_POINT('Ctrl Pts',(-22.5,9.5,-1.83697019872103E-15));
#1480=CARTESIAN_POINT('Ctrl Pts',(-22.5,9.5,-4.));
#1481=CARTESIAN_POINT('Ctrl Pts',(0.,9.5,-4.));
#1482=CARTESIAN_POINT('Ctrl Pts',(22.5,9.5,-4.));
#1483=CARTESIAN_POINT('Ctrl Pts',(22.5,9.5,-1.83697019872103E-15));
#1484=CARTESIAN_POINT('Ctrl Pts',(22.5,9.5,4.));
#1485=CARTESIAN_POINT('Ctrl Pts',(0.,9.5,4.));
#1486=CARTESIAN_POINT('Ctrl Pts',(-22.5,9.5,4.));
#1487=CARTESIAN_POINT('Ctrl Pts',(-22.5,9.5,-1.83697019872103E-15));
#1488=CARTESIAN_POINT('Ctrl Pts',(-22.5,7.2154348448309,-1.83697019872103E-15));
#1489=CARTESIAN_POINT('Ctrl Pts',(-22.5,7.2154348448309,-4.));
#1490=CARTESIAN_POINT('Ctrl Pts',(0.,7.2154348448309,-4.));
#1491=CARTESIAN_POINT('Ctrl Pts',(22.5,7.2154348448309,-4.));
#1492=CARTESIAN_POINT('Ctrl Pts',(22.5,7.2154348448309,-1.83697019872103E-15));
#1493=CARTESIAN_POINT('Ctrl Pts',(22.5,7.2154348448309,4.));
#1494=CARTESIAN_POINT('Ctrl Pts',(0.,7.2154348448309,4.));
#1495=CARTESIAN_POINT('Ctrl Pts',(-22.5,7.2154348448309,4.));
#1496=CARTESIAN_POINT('Ctrl Pts',(-22.5,7.2154348448309,-1.83697019872103E-15));
#1497=CARTESIAN_POINT('',(-22.5,8.25,-2.31266876202462E-15));
#1498=CARTESIAN_POINT('Ctrl Pts',(-22.5,9.5,-1.83697019872103E-15));
#1499=CARTESIAN_POINT('Ctrl Pts',(-22.5,8.25,-1.83697019872103E-15));
#1500=CARTESIAN_POINT('',(0.,7.2154348448309,-4.));
#1501=CARTESIAN_POINT('Ctrl Pts',(0.,7.2154348448309,-4.));
#1502=CARTESIAN_POINT('Ctrl Pts',(-3.11402088840655,7.2154348448309,-4.));
#1503=CARTESIAN_POINT('Ctrl Pts',(-6.53134959615959,7.284879346786,-3.88595788597896));
#1504=CARTESIAN_POINT('Ctrl Pts',(-11.6060236837141,7.49895196246708,-3.4431158833275));
#1505=CARTESIAN_POINT('Ctrl Pts',(-13.2878230372638,7.58740853072548,-3.25111538011977));
#1506=CARTESIAN_POINT('Ctrl Pts',(-16.5506109440124,7.78753512458067,-2.737299067502));
#1507=CARTESIAN_POINT('Ctrl Pts',(-18.1335790307511,7.89929669301527,-2.42816937610986));
#1508=CARTESIAN_POINT('Ctrl Pts',(-20.0295564597365,8.04595832605639,-1.82848478614791));
#1509=CARTESIAN_POINT('Ctrl Pts',(-20.4806965609529,8.08175935806139,-1.66917211964746));
#1510=CARTESIAN_POINT('Ctrl Pts',(-21.3427286777121,8.15195011383665,-1.28322974697074));
#1511=CARTESIAN_POINT('Ctrl Pts',(-21.7563120501457,8.18655876891414,-1.06267987845224));
#1512=CARTESIAN_POINT('Ctrl Pts',(-22.1871830727898,8.22316327243109,-0.672097523965265));
#1513=CARTESIAN_POINT('Ctrl Pts',(-22.2952953093419,8.23240786015641,-0.554312849575159));
#1514=CARTESIAN_POINT('Ctrl Pts',(-22.4131532696043,8.24252301263982,-0.3572672154841));
#1515=CARTESIAN_POINT('Ctrl Pts',(-22.4451338586771,8.24527573127977,-0.288107366569078));
#1516=CARTESIAN_POINT('Ctrl Pts',(-22.4885891205827,8.24901472347901,-0.145923132608739));
#1517=CARTESIAN_POINT('Ctrl Pts',(-22.5,8.25,-0.0728792322165859));
#1518=CARTESIAN_POINT('Ctrl Pts',(-22.5,8.25,-2.29850860566927E-15));
#1519=CARTESIAN_POINT('Ctrl Pts',(-22.5,8.25,-2.29850860566927E-15));
#1520=CARTESIAN_POINT('Ctrl Pts',(-22.5,8.25,0.0728792322165813));
#1521=CARTESIAN_POINT('Ctrl Pts',(-22.4885891205827,8.24901472347901,0.145923132608732));
#1522=CARTESIAN_POINT('Ctrl Pts',(-22.4451338586771,8.24527573127977,0.28810736656907));
#1523=CARTESIAN_POINT('Ctrl Pts',(-22.4131532696043,8.24252301263982,0.357267215484092));
#1524=CARTESIAN_POINT('Ctrl Pts',(-22.2952953093419,8.23240786015641,0.554312849575151));
#1525=CARTESIAN_POINT('Ctrl Pts',(-22.1871830727898,8.22316327243109,0.672097523965258));
#1526=CARTESIAN_POINT('Ctrl Pts',(-21.7563120501457,8.18655876891414,1.06267987845223));
#1527=CARTESIAN_POINT('Ctrl Pts',(-21.3427286777121,8.15195011383665,1.28322974697073));
#1528=CARTESIAN_POINT('Ctrl Pts',(-20.4806965609529,8.08175935806139,1.66917211964745));
#1529=CARTESIAN_POINT('Ctrl Pts',(-20.0295564597365,8.0459583260564,1.82848478614791));
#1530=CARTESIAN_POINT('Ctrl Pts',(-18.1335790307511,7.89929669301528,2.42816937610985));
#1531=CARTESIAN_POINT('Ctrl Pts',(-16.5506109440124,7.78753512458068,2.737299067502));
#1532=CARTESIAN_POINT('Ctrl Pts',(-13.2878230372638,7.58740853072548,3.25111538011977));
#1533=CARTESIAN_POINT('Ctrl Pts',(-11.6060236837141,7.49895196246709,3.4431158833275));
#1534=CARTESIAN_POINT('Ctrl Pts',(-6.53134959615959,7.284879346786,3.88595788597895));
#1535=CARTESIAN_POINT('Ctrl Pts',(-3.11402088840655,7.21543484483091,4.));
#1536=CARTESIAN_POINT('Ctrl Pts',(3.11402088840655,7.21543484483091,4.));
#1537=CARTESIAN_POINT('Ctrl Pts',(6.53134959615958,7.28487934678599,3.88595788597895));
#1538=CARTESIAN_POINT('Ctrl Pts',(11.6060236837141,7.49895196246708,3.4431158833275));
#1539=CARTESIAN_POINT('Ctrl Pts',(13.2878230372638,7.58740853072548,3.25111538011977));
#1540=CARTESIAN_POINT('Ctrl Pts',(16.5506109440124,7.78753512458068,2.737299067502));
#1541=CARTESIAN_POINT('Ctrl Pts',(18.1335790307511,7.89929669301528,2.42816937610985));
#1542=CARTESIAN_POINT('Ctrl Pts',(20.0295564597365,8.0459583260564,1.82848478614791));
#1543=CARTESIAN_POINT('Ctrl Pts',(20.4806965609529,8.08175935806139,1.66917211964745));
#1544=CARTESIAN_POINT('Ctrl Pts',(21.3427286777121,8.15195011383665,1.28322974697074));
#1545=CARTESIAN_POINT('Ctrl Pts',(21.7563120501457,8.18655876891414,1.06267987845223));
#1546=CARTESIAN_POINT('Ctrl Pts',(22.1871830727898,8.2231632724311,0.672097523965259));
#1547=CARTESIAN_POINT('Ctrl Pts',(22.2952953093419,8.23240786015641,0.554312849575153));
#1548=CARTESIAN_POINT('Ctrl Pts',(22.4131532696043,8.24252301263982,0.357267215484095));
#1549=CARTESIAN_POINT('Ctrl Pts',(22.4451338586771,8.24527573127977,0.288107366569074));
#1550=CARTESIAN_POINT('Ctrl Pts',(22.4885891205827,8.24901472347901,0.145923132608737));
#1551=CARTESIAN_POINT('Ctrl Pts',(22.5,8.25,0.0728792322165826));
#1552=CARTESIAN_POINT('Ctrl Pts',(22.5,8.25,-0.0728792322165844));
#1553=CARTESIAN_POINT('Ctrl Pts',(22.4885891205827,8.24901472347901,-0.145923132608737));
#1554=CARTESIAN_POINT('Ctrl Pts',(22.4451338586771,8.24527573127977,-0.288107366569074));
#1555=CARTESIAN_POINT('Ctrl Pts',(22.4131532696043,8.24252301263982,-0.357267215484094));
#1556=CARTESIAN_POINT('Ctrl Pts',(22.2952953093419,8.23240786015641,-0.554312849575153));
#1557=CARTESIAN_POINT('Ctrl Pts',(22.1871830727898,8.22316327243109,-0.672097523965261));
#1558=CARTESIAN_POINT('Ctrl Pts',(21.7563120501457,8.18655876891414,-1.06267987845223));
#1559=CARTESIAN_POINT('Ctrl Pts',(21.3427286777121,8.15195011383665,-1.28322974697074));
#1560=CARTESIAN_POINT('Ctrl Pts',(20.4806965609529,8.08175935806139,-1.66917211964745));
#1561=CARTESIAN_POINT('Ctrl Pts',(20.0295564597365,8.0459583260564,-1.82848478614791));
#1562=CARTESIAN_POINT('Ctrl Pts',(18.1335790307511,7.89929669301528,-2.42816937610986));
#1563=CARTESIAN_POINT('Ctrl Pts',(16.5506109440124,7.78753512458067,-2.737299067502));
#1564=CARTESIAN_POINT('Ctrl Pts',(13.2878230372638,7.58740853072548,-3.25111538011977));
#1565=CARTESIAN_POINT('Ctrl Pts',(11.6060236837141,7.49895196246708,-3.4431158833275));
#1566=CARTESIAN_POINT('Ctrl Pts',(6.53134959615959,7.28487934678599,-3.88595788597896));
#1567=CARTESIAN_POINT('Ctrl Pts',(3.11402088840655,7.2154348448309,-4.));
#1568=CARTESIAN_POINT('Ctrl Pts',(0.,7.2154348448309,-4.));
#1569=CARTESIAN_POINT('Ctrl Pts',(-22.5,-1.23702641187913E-16,9.5));
#1570=CARTESIAN_POINT('Ctrl Pts',(-22.5,0.169575541436514,9.5));
#1571=CARTESIAN_POINT('Ctrl Pts',(-22.3758736619258,0.517918741178812,9.47069956845697));
#1572=CARTESIAN_POINT('Ctrl Pts',(-21.6473788735964,1.16190110136643,9.37262711480529));
#1573=CARTESIAN_POINT('Ctrl Pts',(-19.8909096723578,1.94913828390748,9.19878738150595));
#1574=CARTESIAN_POINT('Ctrl Pts',(-16.0356487427001,2.91365562072174,8.89008643734513));
#1575=CARTESIAN_POINT('Ctrl Pts',(-8.06613448505109,3.91381819650739,8.42827673576567));
#1576=CARTESIAN_POINT('Ctrl Pts',(1.92623502355878,4.15087581252228,8.27831062826737));
#1577=CARTESIAN_POINT('Ctrl Pts',(11.1115834830249,3.58156614984249,8.5952167801699));
#1578=CARTESIAN_POINT('Ctrl Pts',(16.3996110384102,2.78971056196622,8.92515741415092));
#1579=CARTESIAN_POINT('Ctrl Pts',(18.9688594275398,2.17655733820144,9.12503896059991));
#1580=CARTESIAN_POINT('Ctrl Pts',(20.38808111749,1.70950406722732,9.24975920049379));
#1581=CARTESIAN_POINT('Ctrl Pts',(21.3893292143837,1.27659243828125,9.34731511735208));
#1582=CARTESIAN_POINT('Ctrl Pts',(22.1112571576079,0.797674243820453,9.43149020540964));
#1583=CARTESIAN_POINT('Ctrl Pts',(22.4469542923411,0.339522456653035,9.48754791543123));
#1584=CARTESIAN_POINT('Ctrl Pts',(22.5257096819518,-0.000481971278771702,
9.50630656853084));
#1585=CARTESIAN_POINT('Ctrl Pts',(22.4467614456494,-0.340393073098162,9.48736385525383));
#1586=CARTESIAN_POINT('Ctrl Pts',(22.1117558280374,-0.798642149215589,9.43138876877124));
#1587=CARTESIAN_POINT('Ctrl Pts',(21.0955254258926,-1.46408752731918,9.31368054737041));
#1588=CARTESIAN_POINT('Ctrl Pts',(19.3349316705941,-2.085589247327,9.15372267105803));
#1589=CARTESIAN_POINT('Ctrl Pts',(16.3966949579219,-2.79223365797808,8.92499994067075));
#1590=CARTESIAN_POINT('Ctrl Pts',(12.6211732552009,-3.35460739653473,8.68912293233468));
#1591=CARTESIAN_POINT('Ctrl Pts',(8.04782879303926,-3.77226943909281,8.48983994648923));
#1592=CARTESIAN_POINT('Ctrl Pts',(0.386871055577535,-4.11343448057562,8.30095011653217));
#1593=CARTESIAN_POINT('Ctrl Pts',(-8.06710612240622,-3.91474958498334,8.4285631401625));
#1594=CARTESIAN_POINT('Ctrl Pts',(-16.0352486856888,-2.91355310232936,8.89011230308279));
#1595=CARTESIAN_POINT('Ctrl Pts',(-19.8903799867931,-1.94925429831118,9.19873346819812));
#1596=CARTESIAN_POINT('Ctrl Pts',(-21.6473736272753,-1.1619175999423,9.3726270985125));
#1597=CARTESIAN_POINT('Ctrl Pts',(-22.3758134618565,-0.517961524460218,
9.47069185604577));
#1598=CARTESIAN_POINT('Ctrl Pts',(-22.5,-0.169575541436518,9.5));
#1599=CARTESIAN_POINT('Ctrl Pts',(-22.5,6.24500451351651E-16,9.5));
#1600=CARTESIAN_POINT('Ctrl Pts',(-22.5,-1.35731370479092E-16,9.57479982508547));
#1601=CARTESIAN_POINT('Ctrl Pts',(-22.5,0.171830550882341,9.57479982508547));
#1602=CARTESIAN_POINT('Ctrl Pts',(-22.3721705078387,0.523062167143701,9.5476701995767));
#1603=CARTESIAN_POINT('Ctrl Pts',(-21.6409191361859,1.16507863041086,9.45418754078576));
#1604=CARTESIAN_POINT('Ctrl Pts',(-19.8842204467346,1.95122713794929,9.28503030499174));
#1605=CARTESIAN_POINT('Ctrl Pts',(-16.0295992557313,2.91448992759318,8.98190571882993));
#1606=CARTESIAN_POINT('Ctrl Pts',(-8.06267935412644,3.91394485547869,8.52599240507909));
#1607=CARTESIAN_POINT('Ctrl Pts',(1.92535923150968,4.1507183849382,8.37755930690148));
#1608=CARTESIAN_POINT('Ctrl Pts',(11.1070822559623,3.58192423571319,8.69094005628159));
#1609=CARTESIAN_POINT('Ctrl Pts',(16.3935549028459,2.79075902414406,9.01626356641775));
#1610=CARTESIAN_POINT('Ctrl Pts',(18.9623164851348,2.17829117172781,9.21260482912235));
#1611=CARTESIAN_POINT('Ctrl Pts',(20.38144562661,1.71194061526988,9.33457603142126));
#1612=CARTESIAN_POINT('Ctrl Pts',(21.3830213903584,1.27979417334063,9.42950542634352));
#1613=CARTESIAN_POINT('Ctrl Pts',(22.1058944015475,0.802064984068376,9.51051646907312));
#1614=CARTESIAN_POINT('Ctrl Pts',(22.4452458985276,0.343844828194917,9.5632626455197));
#1615=CARTESIAN_POINT('Ctrl Pts',(22.526627096396,-0.000506182448136137,
9.58062431686609));
#1616=CARTESIAN_POINT('Ctrl Pts',(22.4449983432849,-0.344684132007219,9.56309734397805));
#1617=CARTESIAN_POINT('Ctrl Pts',(22.1063503353696,-0.803066075357721,9.51043168944386));
#1618=CARTESIAN_POINT('Ctrl Pts',(21.0888251540492,-1.46686129837822,9.39708834394915));
#1619=CARTESIAN_POINT('Ctrl Pts',(19.3283180781703,-2.08745793025924,9.24074865362101));
#1620=CARTESIAN_POINT('Ctrl Pts',(16.3906302675429,-2.79327512504875,9.01612549821663));
#1621=CARTESIAN_POINT('Ctrl Pts',(12.6162408026105,-3.35515579439011,8.78352417333072));
#1622=CARTESIAN_POINT('Ctrl Pts',(8.04452623598216,-3.77246284483457,8.586740873411));
#1623=CARTESIAN_POINT('Ctrl Pts',(0.386671878109828,-4.11331782591486,8.3999604078044));
#1624=CARTESIAN_POINT('Ctrl Pts',(-8.06365219810655,-3.91486664943297,8.52628465764316));
#1625=CARTESIAN_POINT('Ctrl Pts',(-16.0292026536871,-2.91440424073914,8.98192632316898));
#1626=CARTESIAN_POINT('Ctrl Pts',(-19.8836900800223,-1.95133880589064,9.28497826058001));
#1627=CARTESIAN_POINT('Ctrl Pts',(-21.6409140072591,-1.16509573142654,9.45418744464796));
#1628=CARTESIAN_POINT('Ctrl Pts',(-22.3721099979933,-0.523104732796082,
9.54766285023122));
#1629=CARTESIAN_POINT('Ctrl Pts',(-22.5,-0.171830550882346,9.57479982508547));
#1630=CARTESIAN_POINT('Ctrl Pts',(-22.5,6.15962766997219E-16,9.57479982508547));
#1631=CARTESIAN_POINT('Ctrl Pts',(-22.5342243172061,-2.83582826468179E-16,
9.72415678948846));
#1632=CARTESIAN_POINT('Ctrl Pts',(-22.5342243172061,0.184540824022997,9.72415678948846));
#1633=CARTESIAN_POINT('Ctrl Pts',(-22.3942594467592,0.557080774216883,9.70133841021486));
#1634=CARTESIAN_POINT('Ctrl Pts',(-21.6479090888144,1.20784794906038,9.61696267587546));
#1635=CARTESIAN_POINT('Ctrl Pts',(-19.8844850411369,1.99956429351822,9.45706937539222));
#1636=CARTESIAN_POINT('Ctrl Pts',(-16.0260639628151,2.96764746575508,9.16495422939314));
#1637=CARTESIAN_POINT('Ctrl Pts',(-8.05948022258724,3.9731443668305,8.72065239758268));
#1638=CARTESIAN_POINT('Ctrl Pts',(1.92446993342075,4.21133266639247,8.57523982279974));
#1639=CARTESIAN_POINT('Ctrl Pts',(11.1034670301247,3.63905467421466,8.88167695070553));
#1640=CARTESIAN_POINT('Ctrl Pts',(16.3906614902509,2.84343737431902,9.19790405309698));
#1641=CARTESIAN_POINT('Ctrl Pts',(18.961676305482,2.22760538698785,9.38725602844782));
#1642=CARTESIAN_POINT('Ctrl Pts',(20.3837647301328,1.75865077064528,9.50378683383101));
#1643=CARTESIAN_POINT('Ctrl Pts',(21.3895866500297,1.32343190780975,9.59351506440785));
#1644=CARTESIAN_POINT('Ctrl Pts',(22.1201936255958,0.841291329847263,9.66825580362279));
#1645=CARTESIAN_POINT('Ctrl Pts',(22.4741529296184,0.36885669510754,9.71442514540892));
#1646=CARTESIAN_POINT('Ctrl Pts',(22.5636984973991,-0.000526673808575097,
9.72900988460629));
#1647=CARTESIAN_POINT('Ctrl Pts',(22.4737602555431,-0.369565933764661,9.71429675545766));
#1648=CARTESIAN_POINT('Ctrl Pts',(22.1205238780044,-0.842373674535263,9.66820521584783));
#1649=CARTESIAN_POINT('Ctrl Pts',(21.0924734578916,-1.51226817610933,9.5635114581069));
#1650=CARTESIAN_POINT('Ctrl Pts',(19.328131993398,-2.13628068115501,9.41433278449205));
#1651=CARTESIAN_POINT('Ctrl Pts',(16.387651919941,-2.84597062649615,9.19779883829431));
#1652=CARTESIAN_POINT('Ctrl Pts',(12.6128782405731,-3.41098574357781,8.97165833174624));
#1653=CARTESIAN_POINT('Ctrl Pts',(8.0417977827966,-3.83078527358198,8.77979858055556));
#1654=CARTESIAN_POINT('Ctrl Pts',(0.386414820195001,-4.17368777553738,8.59716802208166));
#1655=CARTESIAN_POINT('Ctrl Pts',(-8.06043407579113,-3.97406814225365,8.72095952174823));
#1656=CARTESIAN_POINT('Ctrl Pts',(-16.0256952305592,-2.96757365083342,9.16495959233589));
#1657=CARTESIAN_POINT('Ctrl Pts',(-19.8839477108687,-1.99967339016563,9.45702224285924));
#1658=CARTESIAN_POINT('Ctrl Pts',(-21.64790480704,-1.20786538554082,9.61696220340911));
#1659=CARTESIAN_POINT('Ctrl Pts',(-22.3941974545338,-0.55712430606696,9.70133184697604));
#1660=CARTESIAN_POINT('Ctrl Pts',(-22.5342243172061,-0.184540824023003,
9.72415678948846));
#1661=CARTESIAN_POINT('Ctrl Pts',(-22.5342243172061,5.13422692377234E-16,
9.72415678948846));
#1662=CARTESIAN_POINT('Ctrl Pts',(-22.7014691332073,-9.22540243743506E-16,
9.93446114540216));
#1663=CARTESIAN_POINT('Ctrl Pts',(-22.7014691332073,0.230821451575275,9.93446114540216));
#1664=CARTESIAN_POINT('Ctrl Pts',(-22.5272836102958,0.686748942349709,9.91449467458355));
#1665=CARTESIAN_POINT('Ctrl Pts',(-21.7264401152669,1.39155616471403,9.83556552705007));
#1666=CARTESIAN_POINT('Ctrl Pts',(-19.9322106233805,2.21591517477361,9.68022323205045));
#1667=CARTESIAN_POINT('Ctrl Pts',(-16.0513257092115,3.21293945824331,9.3920397774172));
#1668=CARTESIAN_POINT('Ctrl Pts',(-8.06866332712227,4.24848179340099,8.94967112027063));
#1669=CARTESIAN_POINT('Ctrl Pts',(1.92648179199808,4.49405233822685,8.80418607399207));
#1670=CARTESIAN_POINT('Ctrl Pts',(11.1178169682498,3.9042653032559,9.11024239411393));
#1671=CARTESIAN_POINT('Ctrl Pts',(16.4190266914313,3.0852968639396,9.42440599997085));
#1672=CARTESIAN_POINT('Ctrl Pts',(19.0040930238224,2.45037055268535,9.61133533486256));
#1673=CARTESIAN_POINT('Ctrl Pts',(20.4409667231508,1.9653327041732,9.72555028358691));
#1674=CARTESIAN_POINT('Ctrl Pts',(21.4650186935025,1.51113479312273,9.81274454479045));
#1675=CARTESIAN_POINT('Ctrl Pts',(22.226587917008,1.00050705306744,9.88395509574355));
#1676=CARTESIAN_POINT('Ctrl Pts',(22.6268757346576,0.460680194808806,9.92597799970032));
#1677=CARTESIAN_POINT('Ctrl Pts',(22.7385747911506,-0.000535387597401377,
9.93872962679466));
#1678=CARTESIAN_POINT('Ctrl Pts',(22.6261389723019,-0.46116148020327,9.92587709153101));
#1679=CARTESIAN_POINT('Ctrl Pts',(22.226598362174,-1.00183950877129,9.88392425997398));
#1680=CARTESIAN_POINT('Ctrl Pts',(21.1564666757211,-1.71106777190858,9.78408000053284));
#1681=CARTESIAN_POINT('Ctrl Pts',(19.3731933609694,-2.3560305466345,9.63802032622952));
#1682=CARTESIAN_POINT('Ctrl Pts',(16.4156542556172,-3.08803711621513,9.42434575164016));
#1683=CARTESIAN_POINT('Ctrl Pts',(12.6313683890402,-3.66940157066212,9.1996163396691));
#1684=CARTESIAN_POINT('Ctrl Pts',(8.05200134845949,-4.10192636729428,9.00849827026596));
#1685=CARTESIAN_POINT('Ctrl Pts',(0.386640109110599,-4.45518780093164,8.82611919717372));
#1686=CARTESIAN_POINT('Ctrl Pts',(-8.06951310823777,-4.24944791236409,8.94998505040342));
#1687=CARTESIAN_POINT('Ctrl Pts',(-16.0510610570066,-3.21286432790598,9.39205190638237));
#1688=CARTESIAN_POINT('Ctrl Pts',(-19.9316460674082,-2.21602691372363,9.68017447701128));
#1689=CARTESIAN_POINT('Ctrl Pts',(-21.7264388145084,-1.39157360583141,9.835565588817));
#1690=CARTESIAN_POINT('Ctrl Pts',(-22.5272166163142,-0.686797764116853,
9.91448834565951));
#1691=CARTESIAN_POINT('Ctrl Pts',(-22.7014691332073,-0.230821451575286,
9.93446114540217));
#1692=CARTESIAN_POINT('Ctrl Pts',(-22.7014691332073,7.16406100099237E-17,
9.93446114540217));
#1693=CARTESIAN_POINT('Ctrl Pts',(-22.8878002623718,-1.60727714098065E-15,
10.));
#1694=CARTESIAN_POINT('Ctrl Pts',(-22.8878002623718,0.277237381866571,10.));
#1695=CARTESIAN_POINT('Ctrl Pts',(-22.681779740946,0.818384853601304,9.97485350019584));
#1696=CARTESIAN_POINT('Ctrl Pts',(-21.8253029096734,1.58171322719535,9.88397249069412));
#1697=CARTESIAN_POINT('Ctrl Pts',(-19.9974992761348,2.43786379690708,9.71436831853881));
#1698=CARTESIAN_POINT('Ctrl Pts',(-16.0908155653732,3.45948133192814,9.40650981731201));
#1699=CARTESIAN_POINT('Ctrl Pts',(-8.08574517464449,4.5162042295486,8.9396986057257));
#1700=CARTESIAN_POINT('Ctrl Pts',(1.93050871936579,4.76622782398004,8.78709262675683));
#1701=CARTESIAN_POINT('Ctrl Pts',(11.1425052551638,4.1651396932974,9.10881296579681));
#1702=CARTESIAN_POINT('Ctrl Pts',(16.4619308009994,3.32879293044799,9.44127790176697));
#1703=CARTESIAN_POINT('Ctrl Pts',(19.0632945800846,2.6777458302015,9.64079949858151));
#1704=CARTESIAN_POINT('Ctrl Pts',(20.5165944979848,2.17783428262467,9.76391996417835));
#1705=CARTESIAN_POINT('Ctrl Pts',(21.5601992639626,1.7048340951791,9.85906256853365));
#1706=CARTESIAN_POINT('Ctrl Pts',(22.3543748200016,1.1641068102915,9.93899538022483));
#1707=CARTESIAN_POINT('Ctrl Pts',(22.7998836209533,0.552987706573539,9.98920879412412));
#1708=CARTESIAN_POINT('Ctrl Pts',(22.9318338494705,-0.000521782163942815,
10.0052614295081));
#1709=CARTESIAN_POINT('Ctrl Pts',(22.798853813878,-0.553306774798921,9.98906113650271));
#1710=CARTESIAN_POINT('Ctrl Pts',(22.3541029042531,-1.16567894914568,9.93893942573456));
#1711=CARTESIAN_POINT('Ctrl Pts',(21.2396721685326,-1.916410860562,9.82702112425549));
#1712=CARTESIAN_POINT('Ctrl Pts',(19.4354254601929,-2.58073565462872,9.66934978965549));
#1713=CARTESIAN_POINT('Ctrl Pts',(16.4581668792495,-3.33175253123452,9.44112699651263));
#1714=CARTESIAN_POINT('Ctrl Pts',(12.6613892108569,-3.92518093984436,9.20342506101012));
#1715=CARTESIAN_POINT('Ctrl Pts',(8.06978528573003,-4.36667391970302,9.00186073589316));
#1716=CARTESIAN_POINT('Ctrl Pts',(0.387323868326885,-4.72656361788507,8.81008960643291));
#1717=CARTESIAN_POINT('Ctrl Pts',(-8.08647479710487,-4.51725258376998,8.94003356667469));
#1718=CARTESIAN_POINT('Ctrl Pts',(-16.090655850433,-3.45936300384921,9.40649595218145));
#1719=CARTESIAN_POINT('Ctrl Pts',(-19.99690684761,-2.43798781733901,9.7143237537362));
#1720=CARTESIAN_POINT('Ctrl Pts',(-21.8253045160258,-1.58172896222639,9.88397101591758));
#1721=CARTESIAN_POINT('Ctrl Pts',(-22.681707786606,-0.818439749968216,9.97484674252043));
#1722=CARTESIAN_POINT('Ctrl Pts',(-22.8878002623718,-0.277237381866584,
10.));
#1723=CARTESIAN_POINT('Ctrl Pts',(-22.8878002623718,-4.01295520228016E-16,
10.));
#1724=CARTESIAN_POINT('Ctrl Pts',(-23.,-2.01324675455796E-15,10.));
#1725=CARTESIAN_POINT('Ctrl Pts',(-23.,0.304008783167432,10.));
#1726=CARTESIAN_POINT('Ctrl Pts',(-22.7748583014435,0.894078510921621,9.96915744048103));
#1727=CARTESIAN_POINT('Ctrl Pts',(-21.8849111580584,1.68851155827293,9.86592327874241));
#1728=CARTESIAN_POINT('Ctrl Pts',(-20.0369119101531,2.55835963292001,9.68293408579574));
#1729=CARTESIAN_POINT('Ctrl Pts',(-16.1147109032936,3.58697794982446,9.3579857235212));
#1730=CARTESIAN_POINT('Ctrl Pts',(-8.09610621292223,4.64636835054592,8.87187024817438));
#1731=CARTESIAN_POINT('Ctrl Pts',(1.93294913364227,4.89601876519958,8.71401118764987));
#1732=CARTESIAN_POINT('Ctrl Pts',(11.1574693649705,4.2947449188683,9.04759661070516));
#1733=CARTESIAN_POINT('Ctrl Pts',(16.487875671354,3.45538156897314,9.39490254121149));
#1734=CARTESIAN_POINT('Ctrl Pts',(19.0990467638052,2.79965193927325,9.60530416905254));
#1735=CARTESIAN_POINT('Ctrl Pts',(20.5622348363097,2.29427617778634,9.73658863209872));
#1736=CARTESIAN_POINT('Ctrl Pts',(21.6176049052274,1.81298523296657,9.83927907089693));
#1737=CARTESIAN_POINT('Ctrl Pts',(22.4313998524665,1.25724874766835,9.927884426747));
#1738=CARTESIAN_POINT('Ctrl Pts',(22.9040978451916,0.606211837270918,9.98689254255919));
#1739=CARTESIAN_POINT('Ctrl Pts',(23.0482103649413,-0.000506294396039986,
10.0066384931904));
#1740=CARTESIAN_POINT('Ctrl Pts',(22.902892786798,-0.606412264535232,9.98669879500403));
#1741=CARTESIAN_POINT('Ctrl Pts',(22.4309570542969,-1.25895163876435,9.92777765133815));
#1742=CARTESIAN_POINT('Ctrl Pts',(21.2898721416285,-2.03034317718324,9.80387426038991));
#1743=CARTESIAN_POINT('Ctrl Pts',(19.4730022951478,-2.70177129263338,9.63549754848214));
#1744=CARTESIAN_POINT('Ctrl Pts',(16.4838813646893,-3.4584869202773,9.39473677965342));
#1745=CARTESIAN_POINT('Ctrl Pts',(12.6795643744299,-4.05383158331005,9.14644519193125));
#1746=CARTESIAN_POINT('Ctrl Pts',(8.08056495226332,-4.49640031241071,8.93667362788339));
#1747=CARTESIAN_POINT('Ctrl Pts',(0.38773824617542,-4.85635538964763,8.73784222792861));
#1748=CARTESIAN_POINT('Ctrl Pts',(-8.09676336053305,-4.64745019949376,8.87217172648683));
#1749=CARTESIAN_POINT('Ctrl Pts',(-16.1146177479591,-3.58686039044972,9.35801295061347));
#1750=CARTESIAN_POINT('Ctrl Pts',(-20.0363018625109,-2.55848328770522,9.68287733494539));
#1751=CARTESIAN_POINT('Ctrl Pts',(-21.884914667957,-1.68852739850209,9.86592326159211));
#1752=CARTESIAN_POINT('Ctrl Pts',(-22.7747833176788,-0.894136404701709,
9.96914932215345));
#1753=CARTESIAN_POINT('Ctrl Pts',(-23.,-0.304008783167447,10.));
#1754=CARTESIAN_POINT('Ctrl Pts',(-23.,-6.81570667389424E-16,10.));
#1755=CARTESIAN_POINT('',(-22.5,-1.23702641187913E-16,9.5));
#1756=CARTESIAN_POINT('Origin',(-23.,-1.93284062207413E-15,9.5));
#1757=CARTESIAN_POINT('',(22.4994257706878,-0.000191282286088612,9.50002306960396));
#1758=CARTESIAN_POINT('Ctrl Pts',(-22.5,-1.23702641187913E-16,9.5));
#1759=CARTESIAN_POINT('Ctrl Pts',(-22.5,0.169575541436514,9.5));
#1760=CARTESIAN_POINT('Ctrl Pts',(-22.3758736619258,0.517918741178812,9.47069956845697));
#1761=CARTESIAN_POINT('Ctrl Pts',(-21.6473788735964,1.16190110136643,9.37262711480529));
#1762=CARTESIAN_POINT('Ctrl Pts',(-19.8909096723578,1.94913828390748,9.19878738150595));
#1763=CARTESIAN_POINT('Ctrl Pts',(-16.0356487427001,2.91365562072174,8.89008643734513));
#1764=CARTESIAN_POINT('Ctrl Pts',(-8.06613448505109,3.91381819650739,8.42827673576567));
#1765=CARTESIAN_POINT('Ctrl Pts',(1.92623502355878,4.15087581252228,8.27831062826737));
#1766=CARTESIAN_POINT('Ctrl Pts',(11.1115834830249,3.58156614984249,8.5952167801699));
#1767=CARTESIAN_POINT('Ctrl Pts',(16.3996110384102,2.78971056196622,8.92515741415092));
#1768=CARTESIAN_POINT('Ctrl Pts',(18.9688594275398,2.17655733820144,9.12503896059991));
#1769=CARTESIAN_POINT('Ctrl Pts',(20.38808111749,1.70950406722732,9.24975920049379));
#1770=CARTESIAN_POINT('Ctrl Pts',(21.3893292143837,1.27659243828125,9.34731511735208));
#1771=CARTESIAN_POINT('Ctrl Pts',(22.1112571576079,0.797674243820453,9.43149020540964));
#1772=CARTESIAN_POINT('Ctrl Pts',(22.446886370742,0.339615154501259,9.48753657327511));
#1773=CARTESIAN_POINT('Ctrl Pts',(22.4994153743206,0.113036286675912,9.50004356045396));
#1774=CARTESIAN_POINT('Ctrl Pts',(22.4994257706878,-0.000191282286088561,
9.50002306960396));
#1775=CARTESIAN_POINT('Ctrl Pts',(22.4994257706878,-0.000191282286088561,
9.50002306960396));
#1776=CARTESIAN_POINT('Ctrl Pts',(22.4994257791086,-0.000282993843354964,
9.50002305300687));
#1777=CARTESIAN_POINT('Ctrl Pts',(22.4994149013125,-0.113693972937103,9.49999744101058));
#1778=CARTESIAN_POINT('Ctrl Pts',(22.4467614456494,-0.340393073098162,9.48736385525383));
#1779=CARTESIAN_POINT('Ctrl Pts',(22.1117558280374,-0.798642149215589,9.43138876877124));
#1780=CARTESIAN_POINT('Ctrl Pts',(21.0955254258926,-1.46408752731918,9.31368054737041));
#1781=CARTESIAN_POINT('Ctrl Pts',(19.3349316705941,-2.085589247327,9.15372267105803));
#1782=CARTESIAN_POINT('Ctrl Pts',(16.3966949579219,-2.79223365797808,8.92499994067075));
#1783=CARTESIAN_POINT('Ctrl Pts',(12.6211732552009,-3.35460739653473,8.68912293233468));
#1784=CARTESIAN_POINT('Ctrl Pts',(8.04782879303926,-3.77226943909281,8.48983994648923));
#1785=CARTESIAN_POINT('Ctrl Pts',(0.386871055577535,-4.11343448057562,8.30095011653217));
#1786=CARTESIAN_POINT('Ctrl Pts',(-8.06710612240622,-3.91474958498334,8.4285631401625));
#1787=CARTESIAN_POINT('Ctrl Pts',(-16.0352486856888,-2.91355310232936,8.89011230308279));
#1788=CARTESIAN_POINT('Ctrl Pts',(-19.8903799867931,-1.94925429831118,9.19873346819812));
#1789=CARTESIAN_POINT('Ctrl Pts',(-21.6473736272753,-1.1619175999423,9.3726270985125));
#1790=CARTESIAN_POINT('Ctrl Pts',(-22.3758134618565,-0.517961524460218,
9.47069185604577));
#1791=CARTESIAN_POINT('Ctrl Pts',(-22.5,-0.169575541436518,9.5));
#1792=CARTESIAN_POINT('Ctrl Pts',(-22.5,6.24500451351651E-16,9.5));
#1793=CARTESIAN_POINT('Ctrl Pts',(22.5,2.44929359829471E-15,9.5));
#1794=CARTESIAN_POINT('Ctrl Pts',(22.5,-3.99999999999999,9.5));
#1795=CARTESIAN_POINT('Ctrl Pts',(0.,-4.,9.5));
#1796=CARTESIAN_POINT('Ctrl Pts',(-22.5,-3.99999999999999,9.5));
#1797=CARTESIAN_POINT('Ctrl Pts',(-22.5,2.44929359829471E-15,9.5));
#1798=CARTESIAN_POINT('Ctrl Pts',(-22.5,4.,9.5));
#1799=CARTESIAN_POINT('Ctrl Pts',(0.,4.00000000000001,9.5));
#1800=CARTESIAN_POINT('Ctrl Pts',(22.5,4.,9.5));
#1801=CARTESIAN_POINT('Ctrl Pts',(22.5,2.44929359829471E-15,9.5));
#1802=CARTESIAN_POINT('Ctrl Pts',(22.5,2.44929359829471E-15,7.2154348448309));
#1803=CARTESIAN_POINT('Ctrl Pts',(22.5,-3.99999999999999,7.2154348448309));
#1804=CARTESIAN_POINT('Ctrl Pts',(0.,-4.,7.2154348448309));
#1805=CARTESIAN_POINT('Ctrl Pts',(-22.5,-3.99999999999999,7.2154348448309));
#1806=CARTESIAN_POINT('Ctrl Pts',(-22.5,2.44929359829471E-15,7.2154348448309));
#1807=CARTESIAN_POINT('Ctrl Pts',(-22.5,4.,7.2154348448309));
#1808=CARTESIAN_POINT('Ctrl Pts',(0.,4.00000000000001,7.2154348448309));
#1809=CARTESIAN_POINT('Ctrl Pts',(22.5,4.,7.2154348448309));
#1810=CARTESIAN_POINT('Ctrl Pts',(22.5,2.44929359829471E-15,7.2154348448309));
#1811=CARTESIAN_POINT('',(22.5,2.06825642049334E-15,8.25));
#1812=CARTESIAN_POINT('Ctrl Pts',(22.5,2.44929359829471E-15,9.5));
#1813=CARTESIAN_POINT('Ctrl Pts',(22.5,2.44929359829471E-15,8.25));
#1814=CARTESIAN_POINT('',(5.55111512312578E-16,4.,7.2154348448309));
#1815=CARTESIAN_POINT('Ctrl Pts',(5.55111512312578E-16,4.,7.2154348448309));
#1816=CARTESIAN_POINT('Ctrl Pts',(-3.11402088840655,4.,7.2154348448309));
#1817=CARTESIAN_POINT('Ctrl Pts',(-6.53134959615958,3.88595788597896,7.28487934678599));
#1818=CARTESIAN_POINT('Ctrl Pts',(-11.6060236837141,3.4431158833275,7.49895196246708));
#1819=CARTESIAN_POINT('Ctrl Pts',(-13.2878230372638,3.25111538011977,7.58740853072548));
#1820=CARTESIAN_POINT('Ctrl Pts',(-16.5506109440124,2.737299067502,7.78753512458068));
#1821=CARTESIAN_POINT('Ctrl Pts',(-18.1335790307511,2.42816937610986,7.89929669301527));
#1822=CARTESIAN_POINT('Ctrl Pts',(-20.0295564597365,1.82848478614791,8.04595832605639));
#1823=CARTESIAN_POINT('Ctrl Pts',(-20.4806965609529,1.66917211964746,8.08175935806139));
#1824=CARTESIAN_POINT('Ctrl Pts',(-21.3427286777121,1.28322974697074,8.15195011383665));
#1825=CARTESIAN_POINT('Ctrl Pts',(-21.7563120501457,1.06267987845224,8.18655876891414));
#1826=CARTESIAN_POINT('Ctrl Pts',(-22.1871830727898,0.672097523965264,8.22316327243109));
#1827=CARTESIAN_POINT('Ctrl Pts',(-22.2952953093419,0.554312849575158,8.23240786015641));
#1828=CARTESIAN_POINT('Ctrl Pts',(-22.4131532696043,0.357267215484098,8.24252301263982));
#1829=CARTESIAN_POINT('Ctrl Pts',(-22.4451338586771,0.288107366569078,8.24527573127977));
#1830=CARTESIAN_POINT('Ctrl Pts',(-22.4885891205827,0.145923132608741,8.24901472347901));
#1831=CARTESIAN_POINT('Ctrl Pts',(-22.5,0.072879232216586,8.25));
#1832=CARTESIAN_POINT('Ctrl Pts',(-22.5,-0.0728792322165812,8.25));
#1833=CARTESIAN_POINT('Ctrl Pts',(-22.4885891205827,-0.145923132608733,
8.24901472347901));
#1834=CARTESIAN_POINT('Ctrl Pts',(-22.4451338586771,-0.288107366569069,
8.24527573127977));
#1835=CARTESIAN_POINT('Ctrl Pts',(-22.4131532696043,-0.357267215484091,
8.24252301263982));
#1836=CARTESIAN_POINT('Ctrl Pts',(-22.2952953093419,-0.55431284957515,8.23240786015641));
#1837=CARTESIAN_POINT('Ctrl Pts',(-22.1871830727898,-0.672097523965258,
8.22316327243109));
#1838=CARTESIAN_POINT('Ctrl Pts',(-21.7563120501457,-1.06267987845223,8.18655876891414));
#1839=CARTESIAN_POINT('Ctrl Pts',(-21.3427286777121,-1.28322974697073,8.15195011383665));
#1840=CARTESIAN_POINT('Ctrl Pts',(-20.4806965609529,-1.66917211964745,8.08175935806139));
#1841=CARTESIAN_POINT('Ctrl Pts',(-20.0295564597365,-1.82848478614791,8.0459583260564));
#1842=CARTESIAN_POINT('Ctrl Pts',(-18.1335790307511,-2.42816937610985,7.89929669301528));
#1843=CARTESIAN_POINT('Ctrl Pts',(-16.5506109440124,-2.737299067502,7.78753512458068));
#1844=CARTESIAN_POINT('Ctrl Pts',(-13.2878230372638,-3.25111538011977,7.58740853072548));
#1845=CARTESIAN_POINT('Ctrl Pts',(-11.6060236837141,-3.4431158833275,7.49895196246709));
#1846=CARTESIAN_POINT('Ctrl Pts',(-6.53134959615959,-3.88595788597895,7.284879346786));
#1847=CARTESIAN_POINT('Ctrl Pts',(-3.11402088840655,-4.,7.21543484483091));
#1848=CARTESIAN_POINT('Ctrl Pts',(3.11402088840655,-4.,7.21543484483091));
#1849=CARTESIAN_POINT('Ctrl Pts',(6.53134959615959,-3.88595788597895,7.284879346786));
#1850=CARTESIAN_POINT('Ctrl Pts',(11.6060236837141,-3.4431158833275,7.49895196246709));
#1851=CARTESIAN_POINT('Ctrl Pts',(13.2878230372638,-3.25111538011977,7.58740853072548));
#1852=CARTESIAN_POINT('Ctrl Pts',(16.5506109440124,-2.737299067502,7.78753512458068));
#1853=CARTESIAN_POINT('Ctrl Pts',(18.1335790307511,-2.42816937610986,7.89929669301528));
#1854=CARTESIAN_POINT('Ctrl Pts',(20.0295564597365,-1.82848478614791,8.04595832605639));
#1855=CARTESIAN_POINT('Ctrl Pts',(20.4806965609529,-1.66917211964745,8.08175935806139));
#1856=CARTESIAN_POINT('Ctrl Pts',(21.3427286777121,-1.28322974697073,8.15195011383665));
#1857=CARTESIAN_POINT('Ctrl Pts',(21.7563120501457,-1.06267987845223,8.18655876891414));
#1858=CARTESIAN_POINT('Ctrl Pts',(22.1871830727898,-0.67209752396526,8.22316327243109));
#1859=CARTESIAN_POINT('Ctrl Pts',(22.2952953093419,-0.554312849575151,8.23240786015641));
#1860=CARTESIAN_POINT('Ctrl Pts',(22.4131532696043,-0.357267215484091,8.24252301263982));
#1861=CARTESIAN_POINT('Ctrl Pts',(22.4451338586771,-0.288107366569071,8.24527573127977));
#1862=CARTESIAN_POINT('Ctrl Pts',(22.4885891205827,-0.145923132608735,8.24901472347901));
#1863=CARTESIAN_POINT('Ctrl Pts',(22.5,-0.0728792322165813,8.25));
#1864=CARTESIAN_POINT('Ctrl Pts',(22.5,2.17707796235091E-15,8.25));
#1865=CARTESIAN_POINT('Ctrl Pts',(22.5,2.17707796235089E-15,8.25));
#1866=CARTESIAN_POINT('Ctrl Pts',(22.5,0.0728792322165826,8.25));
#1867=CARTESIAN_POINT('Ctrl Pts',(22.4885891205827,0.145923132608732,8.24901472347901));
#1868=CARTESIAN_POINT('Ctrl Pts',(22.4451338586771,0.288107366569068,8.24527573127977));
#1869=CARTESIAN_POINT('Ctrl Pts',(22.4131532696043,0.357267215484089,8.24252301263982));
#1870=CARTESIAN_POINT('Ctrl Pts',(22.2952953093419,0.55431284957515,8.23240786015641));
#1871=CARTESIAN_POINT('Ctrl Pts',(22.1871830727898,0.672097523965262,8.2231632724311));
#1872=CARTESIAN_POINT('Ctrl Pts',(21.7563120501457,1.06267987845224,8.18655876891414));
#1873=CARTESIAN_POINT('Ctrl Pts',(21.3427286777121,1.28322974697074,8.15195011383665));
#1874=CARTESIAN_POINT('Ctrl Pts',(20.4806965609529,1.66917211964746,8.08175935806139));
#1875=CARTESIAN_POINT('Ctrl Pts',(20.0295564597365,1.82848478614791,8.04595832605639));
#1876=CARTESIAN_POINT('Ctrl Pts',(18.1335790307511,2.42816937610986,7.89929669301528));
#1877=CARTESIAN_POINT('Ctrl Pts',(16.5506109440124,2.737299067502,7.78753512458068));
#1878=CARTESIAN_POINT('Ctrl Pts',(13.2878230372638,3.25111538011977,7.58740853072548));
#1879=CARTESIAN_POINT('Ctrl Pts',(11.6060236837141,3.4431158833275,7.49895196246708));
#1880=CARTESIAN_POINT('Ctrl Pts',(6.53134959615959,3.88595788597896,7.28487934678599));
#1881=CARTESIAN_POINT('Ctrl Pts',(3.11402088840655,4.,7.2154348448309));
#1882=CARTESIAN_POINT('Ctrl Pts',(-1.11022302462516E-15,4.,7.2154348448309));
#1883=CARTESIAN_POINT('Origin',(27.,0.,0.));
#1884=CARTESIAN_POINT('',(27.5,-1.07156594925393E-15,-8.75));
#1885=CARTESIAN_POINT('Origin',(27.5,0.,0.));
#1886=CARTESIAN_POINT('',(27.,-1.01033360929657E-15,-8.25));
#1887=CARTESIAN_POINT('Origin',(27.,-1.07156594925393E-15,-8.75));
#1888=CARTESIAN_POINT('',(27.,-8.25,1.01033360929657E-15));
#1889=CARTESIAN_POINT('Origin',(27.,0.,0.));
#1890=CARTESIAN_POINT('Origin',(27.,0.,0.));
#1891=CARTESIAN_POINT('Origin',(27.5,0.,0.));
#1892=CARTESIAN_POINT('',(27.5,-1.16341445918999E-15,9.5));
#1893=CARTESIAN_POINT('Origin',(27.5,0.,0.));
#1894=CARTESIAN_POINT('Origin',(0.,0.,0.));
#1895=CARTESIAN_POINT('',(0.,-8.25,-1.01033360929657E-15));
#1896=CARTESIAN_POINT('',(-27.,-8.25,-1.01033360929657E-15));
#1897=CARTESIAN_POINT('',(0.,-8.25,-1.01033360929657E-15));
#1898=CARTESIAN_POINT('',(-27.,-1.01033360929657E-15,8.25));
#1899=CARTESIAN_POINT('Origin',(-27.,0.,0.));
#1900=CARTESIAN_POINT('Origin',(-27.,0.,0.));
#1901=CARTESIAN_POINT('Origin',(27.,0.,0.));
#1902=CARTESIAN_POINT('Origin',(27.,-1.16341445918999E-15,9.5));
#1903=CARTESIAN_POINT('Origin',(-27.,0.,0.));
#1904=CARTESIAN_POINT('',(-27.5,-1.07156594925393E-15,8.75));
#1905=CARTESIAN_POINT('Origin',(-27.5,0.,0.));
#1906=CARTESIAN_POINT('Origin',(-27.,-1.07156594925393E-15,8.75));
#1907=CARTESIAN_POINT('Origin',(-27.5,0.,0.));
#1908=CARTESIAN_POINT('',(-27.5,-1.16341445918999E-15,-9.5));
#1909=CARTESIAN_POINT('Origin',(-27.5,0.,0.));
#1910=CARTESIAN_POINT('Origin',(-27.,0.,0.));
#1911=CARTESIAN_POINT('Origin',(-27.,-1.16341445918999E-15,-9.5));
#1912=UNCERTAINTY_MEASURE_WITH_UNIT(LENGTH_MEASURE(0.01),#1916,
'DISTANCE_ACCURACY_VALUE',
'Maximum model space distance between geometric entities at asserted c
onnectivities');
#1913=UNCERTAINTY_MEASURE_WITH_UNIT(LENGTH_MEASURE(0.01),#1916,
'DISTANCE_ACCURACY_VALUE',
'Maximum model space distance between geometric entities at asserted c
onnectivities');
#1914=(
GEOMETRIC_REPRESENTATION_CONTEXT(3)
GLOBAL_UNCERTAINTY_ASSIGNED_CONTEXT((#1912))
GLOBAL_UNIT_ASSIGNED_CONTEXT((#1916,#1918,#1919))
REPRESENTATION_CONTEXT('','3D')
);
#1915=(
GEOMETRIC_REPRESENTATION_CONTEXT(3)
GLOBAL_UNCERTAINTY_ASSIGNED_CONTEXT((#1913))
GLOBAL_UNIT_ASSIGNED_CONTEXT((#1916,#1918,#1919))
REPRESENTATION_CONTEXT('','3D')
);
#1916=(
LENGTH_UNIT()
NAMED_UNIT(*)
SI_UNIT(.MILLI.,.METRE.)
);
#1917=(
LENGTH_UNIT()
NAMED_UNIT(*)
SI_UNIT($,.METRE.)
);
#1918=(
NAMED_UNIT(*)
PLANE_ANGLE_UNIT()
SI_UNIT($,.RADIAN.)
);
#1919=(
NAMED_UNIT(*)
SI_UNIT($,.STERADIAN.)
SOLID_ANGLE_UNIT()
);
#1920=SHAPE_DEFINITION_REPRESENTATION(#1921,#1922);
#1921=PRODUCT_DEFINITION_SHAPE('',$,#1924);
#1922=SHAPE_REPRESENTATION('',(#351),#1914);
#1923=PRODUCT_DEFINITION_CONTEXT('part definition',#1928,'design');
#1924=PRODUCT_DEFINITION('2026-04-16-01-32-13-871',
'Distan\X2\010D\X0\n\X\ED v\X\E1le\X2\010D\X0\ek 55',#1925,#1923);
#1925=PRODUCT_DEFINITION_FORMATION('',$,#1930);
#1926=PRODUCT_RELATED_PRODUCT_CATEGORY('Distan\X2\010D\X0\n\X\ED v\X\E1
le\X2\010D\X0\ek 55','Distan\X2\010D\X0\n\X\ED v\X\E1le\X2\010D\X0\ek 
55',(#1930));
#1927=APPLICATION_PROTOCOL_DEFINITION('international standard',
'automotive_design',2009,#1928);
#1928=APPLICATION_CONTEXT(
'Core Data for Automotive Mechanical Design Process');
#1929=PRODUCT_CONTEXT('part definition',#1928,'mechanical');
#1930=PRODUCT('2026-04-16-01-32-13-871','Distan\X2\010D\X0\n\X\ED v\X\E1
le\X2\010D\X0\ek 55',$,(#1929));
#1931=PRESENTATION_STYLE_ASSIGNMENT((#1932));
#1932=SURFACE_STYLE_USAGE(.BOTH.,#1933);
#1933=SURFACE_SIDE_STYLE('',(#1934));
#1934=SURFACE_STYLE_FILL_AREA(#1935);
#1935=FILL_AREA_STYLE('Ocel \X2\2013\X0\ sat\X\E9n',(#1936));
#1936=FILL_AREA_STYLE_COLOUR('Ocel \X2\2013\X0\ sat\X\E9n',#1937);
#1937=COLOUR_RGB('Ocel \X2\2013\X0\ sat\X\E9n',0.627450980392157,0.627450980392157,
0.627450980392157);
ENDSEC;
END-ISO-10303-21;
