ISO-10303-21;
HEADER;
/* Generated by software containing ST-Developer
 * from STEP Tools, Inc. (www.steptools.com) 
 */

FILE_DESCRIPTION(
/* description */ (''),
/* implementation_level */ '2;1');

FILE_NAME(
/* name */ 'kolo zadn_.step',
/* time_stamp */ '2026-04-14T03:10:32+02:00',
/* author */ (''),
/* organization */ (''),
/* preprocessor_version */ 'ST-DEVELOPER v20.1',
/* originating_system */ 'Autodesk Translation Framework v14.24.0.0',
/* authorisation */ '');

FILE_SCHEMA (('AUTOMOTIVE_DESIGN { 1 0 10303 214 3 1 1 }'));
ENDSEC;

DATA;
#10=MECHANICAL_DESIGN_GEOMETRIC_PRESENTATION_REPRESENTATION('',(#13),#7809);
#11=SHAPE_REPRESENTATION_RELATIONSHIP('SRR','None',#7816,#12);
#12=ADVANCED_BREP_SHAPE_REPRESENTATION('',(#14),#7808);
#13=STYLED_ITEM('',(#7825),#14);
#14=MANIFOLD_SOLID_BREP('T\X2\011B\X0\leso2',#3821);
#15=SPHERICAL_SURFACE('',#4149,0.5);
#16=SPHERICAL_SURFACE('',#4152,0.5);
#17=SPHERICAL_SURFACE('',#4158,0.500000000000002);
#18=SPHERICAL_SURFACE('',#4162,0.499999999999999);
#19=SPHERICAL_SURFACE('',#4171,0.499999999999998);
#20=SPHERICAL_SURFACE('',#4174,0.499999999999998);
#21=SPHERICAL_SURFACE('',#4180,0.500000000000001);
#22=SPHERICAL_SURFACE('',#4184,0.499999999999989);
#23=SPHERICAL_SURFACE('',#4193,0.5);
#24=SPHERICAL_SURFACE('',#4197,0.5);
#25=SPHERICAL_SURFACE('',#4203,0.500000000000002);
#26=SPHERICAL_SURFACE('',#4207,0.499999999999999);
#27=SPHERICAL_SURFACE('',#4214,0.499999999999998);
#28=SPHERICAL_SURFACE('',#4218,0.499999999999998);
#29=SPHERICAL_SURFACE('',#4224,0.500000000000001);
#30=SPHERICAL_SURFACE('',#4228,0.499999999999989);
#31=SPHERICAL_SURFACE('',#4235,0.5);
#32=SPHERICAL_SURFACE('',#4239,0.5);
#33=SPHERICAL_SURFACE('',#4243,0.500000000000002);
#34=SPHERICAL_SURFACE('',#4249,0.499999999999999);
#35=SPHERICAL_SURFACE('',#4257,0.499999999999998);
#36=SPHERICAL_SURFACE('',#4261,0.5);
#37=SPHERICAL_SURFACE('',#4265,0.500000000000002);
#38=SPHERICAL_SURFACE('',#4271,0.499999999999989);
#39=SPHERICAL_SURFACE('',#4279,0.5);
#40=SPHERICAL_SURFACE('',#4283,0.5);
#41=SPHERICAL_SURFACE('',#4287,0.500000000000002);
#42=SPHERICAL_SURFACE('',#4293,0.499999999999999);
#43=SPHERICAL_SURFACE('',#4310,0.499999999999999);
#44=SPHERICAL_SURFACE('',#4314,0.500000000000007);
#45=SPHERICAL_SURFACE('',#4319,0.500000000000002);
#46=SPHERICAL_SURFACE('',#4323,0.499999999999989);
#47=B_SPLINE_SURFACE_WITH_KNOTS('',3,3,((#6326,#6327,#6328,#6329,#6330),
(#6331,#6332,#6333,#6334,#6335),(#6336,#6337,#6338,#6339,#6340),(#6341,
#6342,#6343,#6344,#6345),(#6346,#6347,#6348,#6349,#6350)),.UNSPECIFIED.,
 .F.,.F.,.F.,(4,1,4),(4,1,4),(0.,0.5,1.),(-0.844954815260619,-0.228675212635402,
0.593030924198221),.UNSPECIFIED.);
#48=B_SPLINE_SURFACE_WITH_KNOTS('',3,3,((#6360,#6361,#6362,#6363,#6364),
(#6365,#6366,#6367,#6368,#6369),(#6370,#6371,#6372,#6373,#6374),(#6375,
#6376,#6377,#6378,#6379),(#6380,#6381,#6382,#6383,#6384)),.UNSPECIFIED.,
 .F.,.F.,.F.,(4,1,4),(4,1,4),(0.,0.5,1.),(-0.593030924198219,0.228675212635401,
0.844954815260616),.UNSPECIFIED.);
#49=B_SPLINE_SURFACE_WITH_KNOTS('',3,3,((#6392,#6393,#6394,#6395,#6396),
(#6397,#6398,#6399,#6400,#6401),(#6402,#6403,#6404,#6405,#6406),(#6407,
#6408,#6409,#6410,#6411),(#6412,#6413,#6414,#6415,#6416)),.UNSPECIFIED.,
 .F.,.F.,.F.,(4,1,4),(4,1,4),(0.,0.5,1.),(-0.84495481526062,-0.0232486784269993,
0.593030924198217),.UNSPECIFIED.);
#50=B_SPLINE_SURFACE_WITH_KNOTS('',3,3,((#6424,#6425,#6426,#6427,#6428),
(#6429,#6430,#6431,#6432,#6433),(#6434,#6435,#6436,#6437,#6438),(#6439,
#6440,#6441,#6442,#6443),(#6444,#6445,#6446,#6447,#6448)),.UNSPECIFIED.,
 .F.,.F.,.F.,(4,1,4),(4,1,4),(0.,0.5,1.),(-0.593030924198222,0.228675212635402,
0.844954815260619),.UNSPECIFIED.);
#51=B_SPLINE_SURFACE_WITH_KNOTS('',3,3,((#6472,#6473,#6474,#6475,#6476),
(#6477,#6478,#6479,#6480,#6481),(#6482,#6483,#6484,#6485,#6486),(#6487,
#6488,#6489,#6490,#6491),(#6492,#6493,#6494,#6495,#6496)),.UNSPECIFIED.,
 .F.,.F.,.F.,(4,1,4),(4,1,4),(0.,0.5,1.),(-0.844954815260611,-0.228675212635401,
0.593030924198212),.UNSPECIFIED.);
#52=B_SPLINE_SURFACE_WITH_KNOTS('',3,3,((#6506,#6507,#6508,#6509,#6510),
(#6511,#6512,#6513,#6514,#6515),(#6516,#6517,#6518,#6519,#6520),(#6521,
#6522,#6523,#6524,#6525),(#6526,#6527,#6528,#6529,#6530)),.UNSPECIFIED.,
 .F.,.F.,.F.,(4,1,4),(4,1,4),(0.,0.5,1.),(-0.593030924198218,0.0232486784269962,
0.844954815260615),.UNSPECIFIED.);
#53=B_SPLINE_SURFACE_WITH_KNOTS('',3,3,((#6538,#6539,#6540,#6541,#6542),
(#6543,#6544,#6545,#6546,#6547),(#6548,#6549,#6550,#6551,#6552),(#6553,
#6554,#6555,#6556,#6557),(#6558,#6559,#6560,#6561,#6562)),.UNSPECIFIED.,
 .F.,.F.,.F.,(4,1,4),(4,1,4),(0.,0.5,1.),(-0.844954815260614,-0.228675212635403,
0.593030924198212),.UNSPECIFIED.);
#54=B_SPLINE_SURFACE_WITH_KNOTS('',3,3,((#6570,#6571,#6572,#6573,#6574),
(#6575,#6576,#6577,#6578,#6579),(#6580,#6581,#6582,#6583,#6584),(#6585,
#6586,#6587,#6588,#6589),(#6590,#6591,#6592,#6593,#6594)),.UNSPECIFIED.,
 .F.,.F.,.F.,(4,1,4),(4,1,4),(0.,0.5,1.),(-0.593030924198208,0.228675212635405,
0.844954815260615),.UNSPECIFIED.);
#55=B_SPLINE_SURFACE_WITH_KNOTS('',3,3,((#6618,#6619,#6620,#6621,#6622),
(#6623,#6624,#6625,#6626,#6627),(#6628,#6629,#6630,#6631,#6632),(#6633,
#6634,#6635,#6636,#6637),(#6638,#6639,#6640,#6641,#6642)),.UNSPECIFIED.,
 .F.,.F.,.F.,(4,1,4),(4,1,4),(0.,0.5,1.),(-0.844954815260625,-0.228675212635412,
0.593030924198206),.UNSPECIFIED.);
#56=B_SPLINE_SURFACE_WITH_KNOTS('',3,3,((#6652,#6653,#6654,#6655,#6656),
(#6657,#6658,#6659,#6660,#6661),(#6662,#6663,#6664,#6665,#6666),(#6667,
#6668,#6669,#6670,#6671),(#6672,#6673,#6674,#6675,#6676)),.UNSPECIFIED.,
 .F.,.F.,.F.,(4,1,4),(4,1,4),(0.,0.5,1.),(-0.593030924198212,0.228675212635402,
0.844954815260613),.UNSPECIFIED.);
#57=B_SPLINE_SURFACE_WITH_KNOTS('',3,3,((#6684,#6685,#6686,#6687,#6688),
(#6689,#6690,#6691,#6692,#6693),(#6694,#6695,#6696,#6697,#6698),(#6699,
#6700,#6701,#6702,#6703),(#6704,#6705,#6706,#6707,#6708)),.UNSPECIFIED.,
 .F.,.F.,.F.,(4,1,4),(4,1,4),(0.,0.5,1.),(-0.844954815260623,-0.228675212635408,
0.593030924198211),.UNSPECIFIED.);
#58=B_SPLINE_SURFACE_WITH_KNOTS('',3,3,((#6716,#6717,#6718,#6719,#6720),
(#6721,#6722,#6723,#6724,#6725),(#6726,#6727,#6728,#6729,#6730),(#6731,
#6732,#6733,#6734,#6735),(#6736,#6737,#6738,#6739,#6740)),.UNSPECIFIED.,
 .F.,.F.,.F.,(4,1,4),(4,1,4),(0.,0.5,1.),(-0.593030924198216,0.228675212635406,
0.844954815260622),.UNSPECIFIED.);
#59=B_SPLINE_SURFACE_WITH_KNOTS('',3,3,((#6764,#6765,#6766,#6767,#6768),
(#6769,#6770,#6771,#6772,#6773),(#6774,#6775,#6776,#6777,#6778),(#6779,
#6780,#6781,#6782,#6783),(#6784,#6785,#6786,#6787,#6788)),.UNSPECIFIED.,
 .F.,.F.,.F.,(4,1,4),(4,1,4),(0.,0.5,1.),(-0.59303092419821,0.0232486784270005,
0.844954815260615),.UNSPECIFIED.);
#60=B_SPLINE_SURFACE_WITH_KNOTS('',3,3,((#6798,#6799,#6800,#6801,#6802),
(#6803,#6804,#6805,#6806,#6807),(#6808,#6809,#6810,#6811,#6812),(#6813,
#6814,#6815,#6816,#6817),(#6818,#6819,#6820,#6821,#6822)),.UNSPECIFIED.,
 .F.,.F.,.F.,(4,1,4),(4,1,4),(0.,0.5,1.),(-0.844954815260617,-0.228675212635405,
0.593030924198211),.UNSPECIFIED.);
#61=B_SPLINE_SURFACE_WITH_KNOTS('',3,3,((#6830,#6831,#6832,#6833,#6834),
(#6835,#6836,#6837,#6838,#6839),(#6840,#6841,#6842,#6843,#6844),(#6845,
#6846,#6847,#6848,#6849),(#6850,#6851,#6852,#6853,#6854)),.UNSPECIFIED.,
 .F.,.F.,.F.,(4,1,4),(4,1,4),(0.,0.5,1.),(-0.593030924198215,0.0232486784269973,
0.844954815260613),.UNSPECIFIED.);
#62=B_SPLINE_SURFACE_WITH_KNOTS('',3,3,((#6862,#6863,#6864,#6865,#6866),
(#6867,#6868,#6869,#6870,#6871),(#6872,#6873,#6874,#6875,#6876),(#6877,
#6878,#6879,#6880,#6881),(#6882,#6883,#6884,#6885,#6886)),.UNSPECIFIED.,
 .F.,.F.,.F.,(4,1,4),(4,1,4),(0.,0.5,1.),(-0.844954815260611,-0.0232486784269966,
0.593030924198215),.UNSPECIFIED.);
#63=B_SPLINE_SURFACE_WITH_KNOTS('',3,3,((#6910,#6911,#6912,#6913,#6914),
(#6915,#6916,#6917,#6918,#6919),(#6920,#6921,#6922,#6923,#6924),(#6925,
#6926,#6927,#6928,#6929),(#6930,#6931,#6932,#6933,#6934)),.UNSPECIFIED.,
 .F.,.F.,.F.,(4,1,4),(4,1,4),(0.,0.5,1.),(-0.593030924198207,0.0232486784270048,
0.844954815260621),.UNSPECIFIED.);
#64=B_SPLINE_SURFACE_WITH_KNOTS('',3,3,((#6944,#6945,#6946,#6947,#6948),
(#6949,#6950,#6951,#6952,#6953),(#6954,#6955,#6956,#6957,#6958),(#6959,
#6960,#6961,#6962,#6963),(#6964,#6965,#6966,#6967,#6968)),.UNSPECIFIED.,
 .F.,.F.,.F.,(4,1,4),(4,1,4),(0.,0.5,1.),(-0.844954815260625,-0.0232486784270015,
0.593030924198216),.UNSPECIFIED.);
#65=B_SPLINE_SURFACE_WITH_KNOTS('',3,3,((#6976,#6977,#6978,#6979,#6980),
(#6981,#6982,#6983,#6984,#6985),(#6986,#6987,#6988,#6989,#6990),(#6991,
#6992,#6993,#6994,#6995),(#6996,#6997,#6998,#6999,#7000)),.UNSPECIFIED.,
 .F.,.F.,.F.,(4,1,4),(4,1,4),(0.,0.5,1.),(-0.593030924198217,0.0232486784269956,
0.844954815260613),.UNSPECIFIED.);
#66=B_SPLINE_SURFACE_WITH_KNOTS('',3,3,((#7008,#7009,#7010,#7011,#7012),
(#7013,#7014,#7015,#7016,#7017),(#7018,#7019,#7020,#7021,#7022),(#7023,
#7024,#7025,#7026,#7027),(#7028,#7029,#7030,#7031,#7032)),.UNSPECIFIED.,
 .F.,.F.,.F.,(4,1,4),(4,1,4),(0.,0.5,1.),(-0.84495481526062,-0.0232486784270012,
0.593030924198213),.UNSPECIFIED.);
#67=B_SPLINE_SURFACE_WITH_KNOTS('',3,3,((#7056,#7057,#7058,#7059,#7060),
(#7061,#7062,#7063,#7064,#7065),(#7066,#7067,#7068,#7069,#7070),(#7071,
#7072,#7073,#7074,#7075),(#7076,#7077,#7078,#7079,#7080)),.UNSPECIFIED.,
 .F.,.F.,.F.,(4,1,4),(4,1,4),(0.,0.5,1.),(-0.844954815260615,-0.228675212635403,
0.593030924198214),.UNSPECIFIED.);
#68=B_SPLINE_SURFACE_WITH_KNOTS('',3,3,((#7090,#7091,#7092,#7093,#7094),
(#7095,#7096,#7097,#7098,#7099),(#7100,#7101,#7102,#7103,#7104),(#7105,
#7106,#7107,#7108,#7109),(#7110,#7111,#7112,#7113,#7114)),.UNSPECIFIED.,
 .F.,.F.,.F.,(4,1,4),(4,1,4),(0.,0.5,1.),(-0.593030924198213,0.0232486784269991,
0.844954815260615),.UNSPECIFIED.);
#69=B_SPLINE_SURFACE_WITH_KNOTS('',3,3,((#7122,#7123,#7124,#7125,#7126),
(#7127,#7128,#7129,#7130,#7131),(#7132,#7133,#7134,#7135,#7136),(#7137,
#7138,#7139,#7140,#7141),(#7142,#7143,#7144,#7145,#7146)),.UNSPECIFIED.,
 .F.,.F.,.F.,(4,1,4),(4,1,4),(0.,0.5,1.),(-0.844954815260613,-0.0232486784269973,
0.593030924198215),.UNSPECIFIED.);
#70=B_SPLINE_SURFACE_WITH_KNOTS('',3,3,((#7154,#7155,#7156,#7157,#7158),
(#7159,#7160,#7161,#7162,#7163),(#7164,#7165,#7166,#7167,#7168),(#7169,
#7170,#7171,#7172,#7173),(#7174,#7175,#7176,#7177,#7178)),.UNSPECIFIED.,
 .F.,.F.,.F.,(4,1,4),(4,1,4),(0.,0.5,1.),(-0.593030924198214,0.0232486784269975,
0.844954815260613),.UNSPECIFIED.);
#71=B_SPLINE_SURFACE_WITH_KNOTS('',3,3,((#7202,#7203,#7204,#7205,#7206),
(#7207,#7208,#7209,#7210,#7211),(#7212,#7213,#7214,#7215,#7216),(#7217,
#7218,#7219,#7220,#7221),(#7222,#7223,#7224,#7225,#7226)),.UNSPECIFIED.,
 .F.,.F.,.F.,(4,1,4),(4,1,4),(0.,0.5,1.),(-0.844954815260616,-0.228675212635403,
0.593030924198215),.UNSPECIFIED.);
#72=B_SPLINE_SURFACE_WITH_KNOTS('',3,3,((#7236,#7237,#7238,#7239,#7240),
(#7241,#7242,#7243,#7244,#7245),(#7246,#7247,#7248,#7249,#7250),(#7251,
#7252,#7253,#7254,#7255),(#7256,#7257,#7258,#7259,#7260)),.UNSPECIFIED.,
 .F.,.F.,.F.,(4,1,4),(4,1,4),(0.,0.5,1.),(-0.593030924198221,0.228675212635404,
0.844954815260623),.UNSPECIFIED.);
#73=B_SPLINE_SURFACE_WITH_KNOTS('',3,3,((#7268,#7269,#7270,#7271,#7272),
(#7273,#7274,#7275,#7276,#7277),(#7278,#7279,#7280,#7281,#7282),(#7283,
#7284,#7285,#7286,#7287),(#7288,#7289,#7290,#7291,#7292)),.UNSPECIFIED.,
 .F.,.F.,.F.,(4,1,4),(4,1,4),(0.,0.5,1.),(-0.844954815260618,-0.228675212635405,
0.593030924198212),.UNSPECIFIED.);
#74=B_SPLINE_SURFACE_WITH_KNOTS('',3,3,((#7300,#7301,#7302,#7303,#7304),
(#7305,#7306,#7307,#7308,#7309),(#7310,#7311,#7312,#7313,#7314),(#7315,
#7316,#7317,#7318,#7319),(#7320,#7321,#7322,#7323,#7324)),.UNSPECIFIED.,
 .F.,.F.,.F.,(4,1,4),(4,1,4),(0.,0.5,1.),(-0.593030924198225,0.0232486784269919,
0.844954815260614),.UNSPECIFIED.);
#75=B_SPLINE_SURFACE_WITH_KNOTS('',3,3,((#7348,#7349,#7350,#7351,#7352),
(#7353,#7354,#7355,#7356,#7357),(#7358,#7359,#7360,#7361,#7362),(#7363,
#7364,#7365,#7366,#7367),(#7368,#7369,#7370,#7371,#7372)),.UNSPECIFIED.,
 .F.,.F.,.F.,(4,1,4),(4,1,4),(0.,0.5,1.),(-0.593030924198212,0.0232486784269994,
0.844954815260615),.UNSPECIFIED.);
#76=B_SPLINE_SURFACE_WITH_KNOTS('',3,3,((#7382,#7383,#7384,#7385,#7386),
(#7387,#7388,#7389,#7390,#7391),(#7392,#7393,#7394,#7395,#7396),(#7397,
#7398,#7399,#7400,#7401),(#7402,#7403,#7404,#7405,#7406)),.UNSPECIFIED.,
 .F.,.F.,.F.,(4,1,4),(4,1,4),(0.,0.5,1.),(-0.844954815260612,-0.0232486784269976,
0.593030924198214),.UNSPECIFIED.);
#77=B_SPLINE_SURFACE_WITH_KNOTS('',3,3,((#7414,#7415,#7416,#7417,#7418),
(#7419,#7420,#7421,#7422,#7423),(#7424,#7425,#7426,#7427,#7428),(#7429,
#7430,#7431,#7432,#7433),(#7434,#7435,#7436,#7437,#7438)),.UNSPECIFIED.,
 .F.,.F.,.F.,(4,1,4),(4,1,4),(0.,0.5,1.),(-0.593030924198216,0.023248678426998,
0.844954815260617),.UNSPECIFIED.);
#78=B_SPLINE_SURFACE_WITH_KNOTS('',3,3,((#7446,#7447,#7448,#7449,#7450),
(#7451,#7452,#7453,#7454,#7455),(#7456,#7457,#7458,#7459,#7460),(#7461,
#7462,#7463,#7464,#7465),(#7466,#7467,#7468,#7469,#7470)),.UNSPECIFIED.,
 .F.,.F.,.F.,(4,1,4),(4,1,4),(0.,0.5,1.),(-0.844954815260615,-0.228675212635404,
0.593030924198211),.UNSPECIFIED.);
#79=ELLIPSE('',#3894,1.72127211586794,1.5);
#80=ELLIPSE('',#3895,1.72127211586794,1.5);
#81=ELLIPSE('',#3896,1.72127211586794,1.5);
#82=ELLIPSE('',#3897,1.72127211586794,1.5);
#83=ELLIPSE('',#3901,1.72127211586794,1.5);
#84=ELLIPSE('',#3902,1.72127211586794,1.5);
#85=ELLIPSE('',#3903,1.72127211586794,1.5);
#86=ELLIPSE('',#3904,1.72127211586794,1.5);
#87=ELLIPSE('',#3908,1.72127211586793,1.5);
#88=ELLIPSE('',#3909,1.72127211586794,1.5);
#89=ELLIPSE('',#3910,1.72127211586794,1.5);
#90=ELLIPSE('',#3911,1.72127211586794,1.5);
#91=ELLIPSE('',#3915,1.72127211586794,1.5);
#92=ELLIPSE('',#3916,1.72127211586794,1.5);
#93=ELLIPSE('',#3917,1.72127211586794,1.5);
#94=ELLIPSE('',#3918,1.72127211586794,1.5);
#95=ELLIPSE('',#3949,1.72127211586794,1.5);
#96=ELLIPSE('',#3950,1.72127211586794,1.5);
#97=ELLIPSE('',#3951,1.72127211586794,1.5);
#98=ELLIPSE('',#3952,1.72127211586794,1.5);
#99=ELLIPSE('',#3955,1.72127211586794,1.5);
#100=ELLIPSE('',#3956,1.72127211586794,1.5);
#101=ELLIPSE('',#3957,1.72127211586794,1.5);
#102=ELLIPSE('',#3958,1.72127211586794,1.5);
#103=ELLIPSE('',#3961,1.72127211586794,1.5);
#104=ELLIPSE('',#3962,1.72127211586794,1.5);
#105=ELLIPSE('',#3963,1.72127211586794,1.5);
#106=ELLIPSE('',#3964,1.72127211586794,1.5);
#107=ELLIPSE('',#3967,1.72127211586794,1.5);
#108=ELLIPSE('',#3968,1.72127211586794,1.5);
#109=ELLIPSE('',#3969,1.72127211586794,1.5);
#110=ELLIPSE('',#3970,1.72127211586793,1.5);
#111=ELLIPSE('',#3975,0.981212360737718,0.5);
#112=ELLIPSE('',#3979,0.981212360737714,0.5);
#113=ELLIPSE('',#3983,0.981212360737716,0.5);
#114=ELLIPSE('',#3987,0.981212360737716,0.500000000000001);
#115=ELLIPSE('',#3997,0.981212360737715,0.5);
#116=ELLIPSE('',#4001,0.981212360737715,0.500000000000001);
#117=ELLIPSE('',#4005,0.981212360737717,0.5);
#118=ELLIPSE('',#4009,0.981212360737716,0.5);
#119=ELLIPSE('',#4019,0.981212360737714,0.500000000000004);
#120=ELLIPSE('',#4023,0.981212360737714,0.500000000000001);
#121=ELLIPSE('',#4027,0.981212360737717,0.500000000000002);
#122=ELLIPSE('',#4031,0.981212360737719,0.500000000000001);
#123=ELLIPSE('',#4041,0.981212360737716,0.5);
#124=ELLIPSE('',#4045,0.981212360737715,0.5);
#125=ELLIPSE('',#4049,0.981212360737716,0.5);
#126=ELLIPSE('',#4053,0.981212360737716,0.5);
#127=ELLIPSE('',#4063,0.98121236073772,0.500000000000002);
#128=ELLIPSE('',#4067,0.981212360737714,0.500000000000005);
#129=ELLIPSE('',#4071,0.981212360737715,0.500000000000001);
#130=ELLIPSE('',#4075,0.981212360737716,0.500000000000002);
#131=ELLIPSE('',#4085,0.981212360737717,0.5);
#132=ELLIPSE('',#4089,0.981212360737717,0.499999999999999);
#133=ELLIPSE('',#4093,0.981212360737715,0.5);
#134=ELLIPSE('',#4097,0.981212360737715,0.500000000000001);
#135=ELLIPSE('',#4107,0.981212360737719,0.499999999999998);
#136=ELLIPSE('',#4111,0.981212360737716,0.500000000000002);
#137=ELLIPSE('',#4115,0.981212360737714,0.500000000000001);
#138=ELLIPSE('',#4119,0.981212360737714,0.500000000000002);
#139=ELLIPSE('',#4129,0.981212360737717,0.5);
#140=ELLIPSE('',#4133,0.981212360737715,0.5);
#141=ELLIPSE('',#4137,0.98121236073771,0.5);
#142=ELLIPSE('',#4141,0.981212360737717,0.5);
#143=TOROIDAL_SURFACE('',#3860,51.5,1.);
#144=TOROIDAL_SURFACE('',#3864,51.5,1.);
#145=TOROIDAL_SURFACE('',#3868,51.5,1.);
#146=TOROIDAL_SURFACE('',#3872,51.5,1.);
#147=TOROIDAL_SURFACE('',#3876,51.5,1.);
#148=TOROIDAL_SURFACE('',#3880,51.5,1.);
#149=TOROIDAL_SURFACE('',#3884,51.5,1.);
#150=TOROIDAL_SURFACE('',#3888,51.5,1.);
#151=TOROIDAL_SURFACE('',#3921,51.5,1.);
#152=TOROIDAL_SURFACE('',#3925,51.5,1.);
#153=TOROIDAL_SURFACE('',#3928,51.5,1.);
#154=TOROIDAL_SURFACE('',#3931,51.5,1.);
#155=TOROIDAL_SURFACE('',#3934,51.5,1.);
#156=TOROIDAL_SURFACE('',#3937,51.5,1.);
#157=TOROIDAL_SURFACE('',#3941,51.5,1.);
#158=TOROIDAL_SURFACE('',#3945,51.5,1.);
#159=B_SPLINE_CURVE_WITH_KNOTS('',3,(#5625,#5626,#5627,#5628,#5629,#5630,
#5631,#5632,#5633,#5634,#5635,#5636),.UNSPECIFIED.,.F.,.F.,(4,2,2,2,2,4),
(-0.15779621328084,-0.157344230532639,-0.11711350643302,-0.0779794926439686,
-0.0389607401787758,0.),.UNSPECIFIED.);
#160=B_SPLINE_CURVE_WITH_KNOTS('',3,(#5639,#5640,#5641,#5642,#5643,#5644,
#5645,#5646,#5647,#5648,#5649,#5650),.UNSPECIFIED.,.F.,.F.,(4,2,2,2,2,4),
(-0.000452037653519265,0.,0.0402356111903494,0.0793743788454398,0.118397871175124,
0.157363344171262),.UNSPECIFIED.);
#161=B_SPLINE_CURVE_WITH_KNOTS('',3,(#5655,#5656,#5657,#5658,#5659,#5660,
#5661,#5662,#5663,#5664,#5665,#5666),.UNSPECIFIED.,.F.,.F.,(4,2,2,2,2,4),
(-0.00045203765352395,0.,0.0402356111905625,0.0793743788459022,0.118397871175829,
0.157363344172206),.UNSPECIFIED.);
#162=B_SPLINE_CURVE_WITH_KNOTS('',3,(#5672,#5673,#5674,#5675,#5676,#5677,
#5678,#5679,#5680,#5681,#5682,#5683),.UNSPECIFIED.,.F.,.F.,(4,2,2,2,2,4),
(-0.157796213280803,-0.157344230532602,-0.117113506432987,-0.0779794926439503,
-0.0389607401787691,0.),.UNSPECIFIED.);
#163=B_SPLINE_CURVE_WITH_KNOTS('',3,(#5689,#5690,#5691,#5692,#5693,#5694,
#5695,#5696,#5697,#5698,#5699,#5700),.UNSPECIFIED.,.F.,.F.,(4,2,2,2,2,4),
(-0.000452037653523979,0.,0.0402356111908087,0.0793743788464348,0.118397871176654,
0.15736334417332),.UNSPECIFIED.);
#164=B_SPLINE_CURVE_WITH_KNOTS('',3,(#5706,#5707,#5708,#5709,#5710,#5711,
#5712,#5713,#5714,#5715,#5716,#5717),.UNSPECIFIED.,.F.,.F.,(4,2,2,2,2,4),
(-0.1577962132808,-0.157344230532597,-0.117113506432986,-0.07797949264395,
-0.0389607401787707,0.),.UNSPECIFIED.);
#165=B_SPLINE_CURVE_WITH_KNOTS('',3,(#5723,#5724,#5725,#5726,#5727,#5728,
#5729,#5730,#5731,#5732,#5733,#5734),.UNSPECIFIED.,.F.,.F.,(4,2,2,2,2,4),
(-0.000452037653522761,0.,0.0402356111905772,0.0793743788459454,0.1183978711759,
0.15736334417231),.UNSPECIFIED.);
#166=B_SPLINE_CURVE_WITH_KNOTS('',3,(#5740,#5741,#5742,#5743,#5744,#5745,
#5746,#5747,#5748,#5749,#5750,#5751),.UNSPECIFIED.,.F.,.F.,(4,2,2,2,2,4),
(-0.157796213280826,-0.157344230532625,-0.117113506432996,-0.0779794926439587,
-0.0389607401787731,0.),.UNSPECIFIED.);
#167=B_SPLINE_CURVE_WITH_KNOTS('',3,(#5757,#5758,#5759,#5760,#5761,#5762,
#5763,#5764,#5765,#5766,#5767,#5768),.UNSPECIFIED.,.F.,.F.,(4,2,2,2,2,4),
(-0.000452037653523788,0.,0.040235611190799,0.0793743788464121,0.118397871176623,
0.157363344173286),.UNSPECIFIED.);
#168=B_SPLINE_CURVE_WITH_KNOTS('',3,(#5774,#5775,#5776,#5777,#5778,#5779,
#5780,#5781,#5782,#5783,#5784,#5785),.UNSPECIFIED.,.F.,.F.,(4,2,2,2,2,4),
(-0.157796213280818,-0.157344230532616,-0.11711350643301,-0.0779794926439685,
-0.0389607401787773,0.),.UNSPECIFIED.);
#169=B_SPLINE_CURVE_WITH_KNOTS('',3,(#5792,#5793,#5794,#5795,#5796,#5797,
#5798,#5799,#5800,#5801,#5802,#5803),.UNSPECIFIED.,.F.,.F.,(4,2,2,2,2,4),
(-0.000452037653521549,0.,0.040235611190578,0.079374378845936,0.118397871175885,
0.157363344172282),.UNSPECIFIED.);
#170=B_SPLINE_CURVE_WITH_KNOTS('',3,(#5809,#5810,#5811,#5812,#5813,#5814,
#5815,#5816,#5817,#5818,#5819,#5820),.UNSPECIFIED.,.F.,.F.,(4,2,2,2,2,4),
(-0.157796213280819,-0.157344230532617,-0.117113506433008,-0.0779794926439619,
-0.0389607401787747,0.),.UNSPECIFIED.);
#171=B_SPLINE_CURVE_WITH_KNOTS('',3,(#5826,#5827,#5828,#5829,#5830,#5831,
#5832,#5833,#5834,#5835,#5836,#5837),.UNSPECIFIED.,.F.,.F.,(4,2,2,2,2,4),
(-0.000452037653521563,0.,0.0402356111903316,0.0793743788454067,0.118397871175076,
0.157363344171195),.UNSPECIFIED.);
#172=B_SPLINE_CURVE_WITH_KNOTS('',3,(#5843,#5844,#5845,#5846,#5847,#5848,
#5849,#5850,#5851,#5852,#5853,#5854),.UNSPECIFIED.,.F.,.F.,(4,2,2,2,2,4),
(-0.157796213280785,-0.157344230532583,-0.117113506432983,-0.0779794926439489,
-0.0389607401787706,0.),.UNSPECIFIED.);
#173=B_SPLINE_CURVE_WITH_KNOTS('',3,(#5860,#5861,#5862,#5863,#5864,#5865,
#5866,#5867,#5868,#5869,#5870,#5871),.UNSPECIFIED.,.F.,.F.,(4,2,2,2,2,4),
(-0.000452037653517846,0.,0.0402356111905058,0.0793743788457896,0.118397871175661,
0.157363344171987),.UNSPECIFIED.);
#174=B_SPLINE_CURVE_WITH_KNOTS('',3,(#5877,#5878,#5879,#5880,#5881,#5882,
#5883,#5884,#5885,#5886,#5887,#5888),.UNSPECIFIED.,.F.,.F.,(4,2,2,2,2,4),
(-0.157796213280802,-0.157344230532602,-0.117113506432985,-0.077979492643951,
-0.0389607401787702,0.),.UNSPECIFIED.);
#175=B_SPLINE_CURVE_WITH_KNOTS('',3,(#5996,#5997,#5998,#5999,#6000,#6001,
#6002,#6003,#6004,#6005,#6006,#6007),.UNSPECIFIED.,.F.,.F.,(4,2,2,2,2,4),
(-0.157796213280839,-0.157344230532639,-0.117113506432992,-0.0779794926439587,
-0.038960740178774,0.),.UNSPECIFIED.);
#176=B_SPLINE_CURVE_WITH_KNOTS('',3,(#6010,#6011,#6012,#6013,#6014,#6015,
#6016,#6017,#6018,#6019,#6020,#6021),.UNSPECIFIED.,.F.,.F.,(4,2,2,2,2,4),
(-0.000452037653522666,0.,0.0402356111906223,0.0793743788460388,0.118397871176046,
0.157363344172509),.UNSPECIFIED.);
#177=B_SPLINE_CURVE_WITH_KNOTS('',3,(#6025,#6026,#6027,#6028,#6029,#6030,
#6031,#6032,#6033,#6034,#6035,#6036),.UNSPECIFIED.,.F.,.F.,(4,2,2,2,2,4),
(-0.000452037653522318,0.,0.0402356111906695,0.0793743788461429,0.118397871176207,
0.157363344172715),.UNSPECIFIED.);
#178=B_SPLINE_CURVE_WITH_KNOTS('',3,(#6041,#6042,#6043,#6044,#6045,#6046,
#6047,#6048,#6049,#6050,#6051,#6052),.UNSPECIFIED.,.F.,.F.,(4,2,2,2,2,4),
(-0.1577962132808,-0.157344230532601,-0.117113506433009,-0.0779794926439668,
-0.0389607401787761,0.),.UNSPECIFIED.);
#179=B_SPLINE_CURVE_WITH_KNOTS('',3,(#6056,#6057,#6058,#6059,#6060,#6061,
#6062,#6063,#6064,#6065,#6066,#6067),.UNSPECIFIED.,.F.,.F.,(4,2,2,2,2,4),
(-0.000452037653520077,0.,0.0402356111906215,0.079374378846034,0.118397871176042,
0.157363344172504),.UNSPECIFIED.);
#180=B_SPLINE_CURVE_WITH_KNOTS('',3,(#6071,#6072,#6073,#6074,#6075,#6076,
#6077,#6078,#6079,#6080,#6081,#6082),.UNSPECIFIED.,.F.,.F.,(4,2,2,2,2,4),
(-0.15779621328084,-0.157344230532638,-0.117113506432991,-0.077979492643948,
-0.0389607401787685,0.),.UNSPECIFIED.);
#181=B_SPLINE_CURVE_WITH_KNOTS('',3,(#6086,#6087,#6088,#6089,#6090,#6091,
#6092,#6093,#6094,#6095,#6096,#6097),.UNSPECIFIED.,.F.,.F.,(4,2,2,2,2,4),
(-0.000452037653522816,0.,0.0402356111907249,0.0793743788462643,0.1183978711764,
0.157363344172979),.UNSPECIFIED.);
#182=B_SPLINE_CURVE_WITH_KNOTS('',3,(#6101,#6102,#6103,#6104,#6105,#6106,
#6107,#6108,#6109,#6110,#6111,#6112),.UNSPECIFIED.,.F.,.F.,(4,2,2,2,2,4),
(-0.157796213280904,-0.157344230532702,-0.117113506433006,-0.0779794926439598,
-0.0389607401787733,0.),.UNSPECIFIED.);
#183=B_SPLINE_CURVE_WITH_KNOTS('',3,(#6116,#6117,#6118,#6119,#6120,#6121,
#6122,#6123,#6124,#6125,#6126,#6127),.UNSPECIFIED.,.F.,.F.,(4,2,2,2,2,4),
(-0.00045203765352359,0.,0.0402356111907913,0.0793743788463991,0.118397871176589,
0.157363344173243),.UNSPECIFIED.);
#184=B_SPLINE_CURVE_WITH_KNOTS('',3,(#6131,#6132,#6133,#6134,#6135,#6136,
#6137,#6138,#6139,#6140,#6141,#6142),.UNSPECIFIED.,.F.,.F.,(4,2,2,2,2,4),
(-0.157796213280777,-0.157344230532573,-0.117113506432987,-0.0779794926439554,
-0.038960740178773,0.),.UNSPECIFIED.);
#185=B_SPLINE_CURVE_WITH_KNOTS('',3,(#6146,#6147,#6148,#6149,#6150,#6151,
#6152,#6153,#6154,#6155,#6156,#6157),.UNSPECIFIED.,.F.,.F.,(4,2,2,2,2,4),
(-0.000452037653524917,0.,0.0402356111907723,0.0793743788463533,0.118397871176528,
0.157363344173144),.UNSPECIFIED.);
#186=B_SPLINE_CURVE_WITH_KNOTS('',3,(#6163,#6164,#6165,#6166,#6167,#6168,
#6169,#6170,#6171,#6172,#6173,#6174),.UNSPECIFIED.,.F.,.F.,(4,2,2,2,2,4),
(-0.1577962132808,-0.157344230532601,-0.117113506432995,-0.0779794926439583,
-0.0389607401787735,0.),.UNSPECIFIED.);
#187=B_SPLINE_CURVE_WITH_KNOTS('',3,(#6180,#6181,#6182,#6183,#6184,#6185,
#6186,#6187,#6188,#6189,#6190,#6191),.UNSPECIFIED.,.F.,.F.,(4,2,2,2,2,4),
(-0.00045203765352199,0.,0.0402356111905772,0.0793743788459454,0.1183978711759,
0.15736334417231),.UNSPECIFIED.);
#188=B_SPLINE_CURVE_WITH_KNOTS('',3,(#6197,#6198,#6199,#6200,#6201,#6202,
#6203,#6204,#6205,#6206,#6207,#6208),.UNSPECIFIED.,.F.,.F.,(4,2,2,2,2,4),
(-0.157796213280784,-0.157344230532581,-0.117113506432996,-0.0779794926439587,
-0.0389607401787731,0.),.UNSPECIFIED.);
#189=B_SPLINE_CURVE_WITH_KNOTS('',3,(#6214,#6215,#6216,#6217,#6218,#6219,
#6220,#6221,#6222,#6223,#6224,#6225),.UNSPECIFIED.,.F.,.F.,(4,2,2,2,2,4),
(-0.000452037653524314,0.,0.0402356111907574,0.0793743788463273,0.118397871176498,
0.157363344173121),.UNSPECIFIED.);
#190=B_SPLINE_CURVE_WITH_KNOTS('',3,(#6231,#6232,#6233,#6234,#6235,#6236,
#6237,#6238,#6239,#6240,#6241,#6242),.UNSPECIFIED.,.F.,.F.,(4,2,2,2,2,4),
(-0.157796213280897,-0.157344230532694,-0.117113506432996,-0.0779794926439569,
-0.0389607401787732,0.),.UNSPECIFIED.);
#191=LINE('',#5589,#437);
#192=LINE('',#5593,#438);
#193=LINE('',#5596,#439);
#194=LINE('',#5610,#440);
#195=LINE('',#5614,#441);
#196=LINE('',#5617,#442);
#197=LINE('',#5623,#443);
#198=LINE('',#5638,#444);
#199=LINE('',#5670,#445);
#200=LINE('',#5684,#446);
#201=LINE('',#5704,#447);
#202=LINE('',#5718,#448);
#203=LINE('',#5738,#449);
#204=LINE('',#5752,#450);
#205=LINE('',#5772,#451);
#206=LINE('',#5786,#452);
#207=LINE('',#5806,#453);
#208=LINE('',#5808,#454);
#209=LINE('',#5840,#455);
#210=LINE('',#5842,#456);
#211=LINE('',#5874,#457);
#212=LINE('',#5876,#458);
#213=LINE('',#5894,#459);
#214=LINE('',#5897,#460);
#215=LINE('',#5900,#461);
#216=LINE('',#5901,#462);
#217=LINE('',#5906,#463);
#218=LINE('',#5910,#464);
#219=LINE('',#5914,#465);
#220=LINE('',#5917,#466);
#221=LINE('',#5920,#467);
#222=LINE('',#5924,#468);
#223=LINE('',#5925,#469);
#224=LINE('',#5930,#470);
#225=LINE('',#5934,#471);
#226=LINE('',#5938,#472);
#227=LINE('',#5941,#473);
#228=LINE('',#5944,#474);
#229=LINE('',#5948,#475);
#230=LINE('',#5949,#476);
#231=LINE('',#5954,#477);
#232=LINE('',#5958,#478);
#233=LINE('',#5962,#479);
#234=LINE('',#5965,#480);
#235=LINE('',#5968,#481);
#236=LINE('',#5972,#482);
#237=LINE('',#5973,#483);
#238=LINE('',#5978,#484);
#239=LINE('',#5982,#485);
#240=LINE('',#5986,#486);
#241=LINE('',#5989,#487);
#242=LINE('',#5994,#488);
#243=LINE('',#6009,#489);
#244=LINE('',#6040,#490);
#245=LINE('',#6070,#491);
#246=LINE('',#6100,#492);
#247=LINE('',#6130,#493);
#248=LINE('',#6160,#494);
#249=LINE('',#6162,#495);
#250=LINE('',#6194,#496);
#251=LINE('',#6196,#497);
#252=LINE('',#6228,#498);
#253=LINE('',#6230,#499);
#254=LINE('',#6247,#500);
#255=LINE('',#6252,#501);
#256=LINE('',#6256,#502);
#257=LINE('',#6260,#503);
#258=LINE('',#6263,#504);
#259=LINE('',#6265,#505);
#260=LINE('',#6267,#506);
#261=LINE('',#6272,#507);
#262=LINE('',#6276,#508);
#263=LINE('',#6280,#509);
#264=LINE('',#6283,#510);
#265=LINE('',#6285,#511);
#266=LINE('',#6287,#512);
#267=LINE('',#6292,#513);
#268=LINE('',#6296,#514);
#269=LINE('',#6300,#515);
#270=LINE('',#6303,#516);
#271=LINE('',#6305,#517);
#272=LINE('',#6307,#518);
#273=LINE('',#6312,#519);
#274=LINE('',#6316,#520);
#275=LINE('',#6320,#521);
#276=LINE('',#6323,#522);
#277=LINE('',#6359,#523);
#278=LINE('',#6391,#524);
#279=LINE('',#6423,#525);
#280=LINE('',#6453,#526);
#281=LINE('',#6456,#527);
#282=LINE('',#6458,#528);
#283=LINE('',#6459,#529);
#284=LINE('',#6462,#530);
#285=LINE('',#6466,#531);
#286=LINE('',#6467,#532);
#287=LINE('',#6470,#533);
#288=LINE('',#6505,#534);
#289=LINE('',#6537,#535);
#290=LINE('',#6569,#536);
#291=LINE('',#6599,#537);
#292=LINE('',#6602,#538);
#293=LINE('',#6604,#539);
#294=LINE('',#6605,#540);
#295=LINE('',#6608,#541);
#296=LINE('',#6612,#542);
#297=LINE('',#6613,#543);
#298=LINE('',#6616,#544);
#299=LINE('',#6651,#545);
#300=LINE('',#6683,#546);
#301=LINE('',#6715,#547);
#302=LINE('',#6745,#548);
#303=LINE('',#6748,#549);
#304=LINE('',#6750,#550);
#305=LINE('',#6751,#551);
#306=LINE('',#6754,#552);
#307=LINE('',#6758,#553);
#308=LINE('',#6759,#554);
#309=LINE('',#6762,#555);
#310=LINE('',#6797,#556);
#311=LINE('',#6829,#557);
#312=LINE('',#6861,#558);
#313=LINE('',#6891,#559);
#314=LINE('',#6894,#560);
#315=LINE('',#6896,#561);
#316=LINE('',#6897,#562);
#317=LINE('',#6900,#563);
#318=LINE('',#6904,#564);
#319=LINE('',#6905,#565);
#320=LINE('',#6908,#566);
#321=LINE('',#6943,#567);
#322=LINE('',#6975,#568);
#323=LINE('',#7007,#569);
#324=LINE('',#7037,#570);
#325=LINE('',#7040,#571);
#326=LINE('',#7042,#572);
#327=LINE('',#7043,#573);
#328=LINE('',#7046,#574);
#329=LINE('',#7050,#575);
#330=LINE('',#7051,#576);
#331=LINE('',#7054,#577);
#332=LINE('',#7089,#578);
#333=LINE('',#7121,#579);
#334=LINE('',#7153,#580);
#335=LINE('',#7183,#581);
#336=LINE('',#7186,#582);
#337=LINE('',#7188,#583);
#338=LINE('',#7189,#584);
#339=LINE('',#7192,#585);
#340=LINE('',#7196,#586);
#341=LINE('',#7197,#587);
#342=LINE('',#7200,#588);
#343=LINE('',#7235,#589);
#344=LINE('',#7267,#590);
#345=LINE('',#7299,#591);
#346=LINE('',#7329,#592);
#347=LINE('',#7332,#593);
#348=LINE('',#7334,#594);
#349=LINE('',#7335,#595);
#350=LINE('',#7338,#596);
#351=LINE('',#7342,#597);
#352=LINE('',#7343,#598);
#353=LINE('',#7346,#599);
#354=LINE('',#7381,#600);
#355=LINE('',#7413,#601);
#356=LINE('',#7445,#602);
#357=LINE('',#7475,#603);
#358=LINE('',#7478,#604);
#359=LINE('',#7480,#605);
#360=LINE('',#7481,#606);
#361=LINE('',#7484,#607);
#362=LINE('',#7488,#608);
#363=LINE('',#7489,#609);
#364=LINE('',#7492,#610);
#365=LINE('',#7505,#611);
#366=LINE('',#7507,#612);
#367=LINE('',#7513,#613);
#368=LINE('',#7522,#614);
#369=LINE('',#7523,#615);
#370=LINE('',#7525,#616);
#371=LINE('',#7526,#617);
#372=LINE('',#7528,#618);
#373=LINE('',#7529,#619);
#374=LINE('',#7543,#620);
#375=LINE('',#7545,#621);
#376=LINE('',#7551,#622);
#377=LINE('',#7560,#623);
#378=LINE('',#7561,#624);
#379=LINE('',#7563,#625);
#380=LINE('',#7564,#626);
#381=LINE('',#7566,#627);
#382=LINE('',#7567,#628);
#383=LINE('',#7584,#629);
#384=LINE('',#7585,#630);
#385=LINE('',#7587,#631);
#386=LINE('',#7588,#632);
#387=LINE('',#7594,#633);
#388=LINE('',#7600,#634);
#389=LINE('',#7601,#635);
#390=LINE('',#7603,#636);
#391=LINE('',#7605,#637);
#392=LINE('',#7621,#638);
#393=LINE('',#7622,#639);
#394=LINE('',#7624,#640);
#395=LINE('',#7625,#641);
#396=LINE('',#7631,#642);
#397=LINE('',#7637,#643);
#398=LINE('',#7638,#644);
#399=LINE('',#7640,#645);
#400=LINE('',#7642,#646);
#401=LINE('',#7656,#647);
#402=LINE('',#7657,#648);
#403=LINE('',#7665,#649);
#404=LINE('',#7666,#650);
#405=LINE('',#7668,#651);
#406=LINE('',#7674,#652);
#407=LINE('',#7676,#653);
#408=LINE('',#7678,#654);
#409=LINE('',#7679,#655);
#410=LINE('',#7694,#656);
#411=LINE('',#7695,#657);
#412=LINE('',#7703,#658);
#413=LINE('',#7704,#659);
#414=LINE('',#7706,#660);
#415=LINE('',#7712,#661);
#416=LINE('',#7714,#662);
#417=LINE('',#7716,#663);
#418=LINE('',#7717,#664);
#419=LINE('',#7732,#665);
#420=LINE('',#7733,#666);
#421=LINE('',#7741,#667);
#422=LINE('',#7742,#668);
#423=LINE('',#7744,#669);
#424=LINE('',#7750,#670);
#425=LINE('',#7752,#671);
#426=LINE('',#7754,#672);
#427=LINE('',#7755,#673);
#428=LINE('',#7781,#674);
#429=LINE('',#7782,#675);
#430=LINE('',#7788,#676);
#431=LINE('',#7794,#677);
#432=LINE('',#7795,#678);
#433=LINE('',#7797,#679);
#434=LINE('',#7799,#680);
#435=LINE('',#7800,#681);
#436=LINE('',#7802,#682);
#437=VECTOR('',#4349,4.3);
#438=VECTOR('',#4354,4.5);
#439=VECTOR('',#4357,4.5);
#440=VECTOR('',#4376,4.3);
#441=VECTOR('',#4381,4.5);
#442=VECTOR('',#4384,4.5);
#443=VECTOR('',#4391,10.);
#444=VECTOR('',#4392,10.);
#445=VECTOR('',#4401,10.);
#446=VECTOR('',#4402,10.);
#447=VECTOR('',#4411,10.);
#448=VECTOR('',#4412,10.);
#449=VECTOR('',#4421,10.);
#450=VECTOR('',#4422,10.);
#451=VECTOR('',#4431,10.);
#452=VECTOR('',#4432,10.);
#453=VECTOR('',#4441,10.);
#454=VECTOR('',#4442,10.);
#455=VECTOR('',#4451,10.);
#456=VECTOR('',#4452,10.);
#457=VECTOR('',#4461,10.);
#458=VECTOR('',#4462,10.);
#459=VECTOR('',#4471,10.);
#460=VECTOR('',#4474,10.);
#461=VECTOR('',#4477,10.);
#462=VECTOR('',#4478,10.);
#463=VECTOR('',#4481,10.);
#464=VECTOR('',#4484,10.);
#465=VECTOR('',#4487,10.);
#466=VECTOR('',#4490,10.);
#467=VECTOR('',#4493,10.);
#468=VECTOR('',#4498,10.);
#469=VECTOR('',#4499,10.);
#470=VECTOR('',#4502,10.);
#471=VECTOR('',#4505,10.);
#472=VECTOR('',#4508,10.);
#473=VECTOR('',#4511,10.);
#474=VECTOR('',#4514,10.);
#475=VECTOR('',#4519,10.);
#476=VECTOR('',#4520,10.);
#477=VECTOR('',#4523,10.);
#478=VECTOR('',#4526,10.);
#479=VECTOR('',#4529,10.);
#480=VECTOR('',#4532,10.);
#481=VECTOR('',#4535,10.);
#482=VECTOR('',#4540,10.);
#483=VECTOR('',#4541,10.);
#484=VECTOR('',#4544,10.);
#485=VECTOR('',#4547,10.);
#486=VECTOR('',#4550,10.);
#487=VECTOR('',#4553,10.);
#488=VECTOR('',#4558,10.);
#489=VECTOR('',#4559,10.);
#490=VECTOR('',#4568,10.);
#491=VECTOR('',#4575,10.);
#492=VECTOR('',#4582,10.);
#493=VECTOR('',#4589,10.);
#494=VECTOR('',#4596,10.);
#495=VECTOR('',#4597,10.);
#496=VECTOR('',#4606,10.);
#497=VECTOR('',#4607,10.);
#498=VECTOR('',#4616,10.);
#499=VECTOR('',#4617,10.);
#500=VECTOR('',#4626,10.);
#501=VECTOR('',#4629,10.);
#502=VECTOR('',#4632,10.);
#503=VECTOR('',#4635,10.);
#504=VECTOR('',#4638,10.);
#505=VECTOR('',#4641,10.);
#506=VECTOR('',#4644,10.);
#507=VECTOR('',#4647,10.);
#508=VECTOR('',#4650,10.);
#509=VECTOR('',#4653,10.);
#510=VECTOR('',#4656,10.);
#511=VECTOR('',#4659,10.);
#512=VECTOR('',#4662,10.);
#513=VECTOR('',#4665,10.);
#514=VECTOR('',#4668,10.);
#515=VECTOR('',#4671,10.);
#516=VECTOR('',#4674,10.);
#517=VECTOR('',#4677,10.);
#518=VECTOR('',#4680,10.);
#519=VECTOR('',#4683,10.);
#520=VECTOR('',#4686,10.);
#521=VECTOR('',#4689,10.);
#522=VECTOR('',#4692,10.);
#523=VECTOR('',#4707,10.);
#524=VECTOR('',#4716,10.);
#525=VECTOR('',#4725,10.);
#526=VECTOR('',#4732,10.);
#527=VECTOR('',#4735,10.);
#528=VECTOR('',#4736,10.);
#529=VECTOR('',#4737,10.);
#530=VECTOR('',#4740,10.);
#531=VECTOR('',#4745,10.);
#532=VECTOR('',#4746,10.);
#533=VECTOR('',#4749,10.);
#534=VECTOR('',#4762,10.);
#535=VECTOR('',#4771,10.);
#536=VECTOR('',#4780,10.);
#537=VECTOR('',#4787,10.);
#538=VECTOR('',#4790,10.);
#539=VECTOR('',#4791,10.);
#540=VECTOR('',#4792,10.);
#541=VECTOR('',#4795,10.);
#542=VECTOR('',#4800,10.);
#543=VECTOR('',#4801,10.);
#544=VECTOR('',#4804,10.);
#545=VECTOR('',#4817,10.);
#546=VECTOR('',#4826,10.);
#547=VECTOR('',#4835,10.);
#548=VECTOR('',#4842,10.);
#549=VECTOR('',#4845,10.);
#550=VECTOR('',#4846,10.);
#551=VECTOR('',#4847,10.);
#552=VECTOR('',#4850,10.);
#553=VECTOR('',#4855,10.);
#554=VECTOR('',#4856,10.);
#555=VECTOR('',#4859,10.);
#556=VECTOR('',#4872,10.);
#557=VECTOR('',#4881,10.);
#558=VECTOR('',#4890,10.);
#559=VECTOR('',#4897,10.);
#560=VECTOR('',#4900,10.);
#561=VECTOR('',#4901,10.);
#562=VECTOR('',#4902,10.);
#563=VECTOR('',#4905,10.);
#564=VECTOR('',#4910,10.);
#565=VECTOR('',#4911,10.);
#566=VECTOR('',#4914,10.);
#567=VECTOR('',#4927,10.);
#568=VECTOR('',#4936,10.);
#569=VECTOR('',#4945,10.);
#570=VECTOR('',#4952,10.);
#571=VECTOR('',#4955,10.);
#572=VECTOR('',#4956,10.);
#573=VECTOR('',#4957,10.);
#574=VECTOR('',#4960,10.);
#575=VECTOR('',#4965,10.);
#576=VECTOR('',#4966,10.);
#577=VECTOR('',#4969,10.);
#578=VECTOR('',#4982,10.);
#579=VECTOR('',#4991,10.);
#580=VECTOR('',#5000,10.);
#581=VECTOR('',#5007,10.);
#582=VECTOR('',#5010,10.);
#583=VECTOR('',#5011,10.);
#584=VECTOR('',#5012,10.);
#585=VECTOR('',#5015,10.);
#586=VECTOR('',#5020,10.);
#587=VECTOR('',#5021,10.);
#588=VECTOR('',#5024,10.);
#589=VECTOR('',#5037,10.);
#590=VECTOR('',#5046,10.);
#591=VECTOR('',#5055,10.);
#592=VECTOR('',#5062,10.);
#593=VECTOR('',#5065,10.);
#594=VECTOR('',#5066,10.);
#595=VECTOR('',#5067,10.);
#596=VECTOR('',#5070,10.);
#597=VECTOR('',#5075,10.);
#598=VECTOR('',#5076,10.);
#599=VECTOR('',#5079,10.);
#600=VECTOR('',#5092,10.);
#601=VECTOR('',#5101,10.);
#602=VECTOR('',#5110,10.);
#603=VECTOR('',#5117,10.);
#604=VECTOR('',#5120,10.);
#605=VECTOR('',#5121,10.);
#606=VECTOR('',#5122,10.);
#607=VECTOR('',#5125,10.);
#608=VECTOR('',#5130,10.);
#609=VECTOR('',#5131,10.);
#610=VECTOR('',#5134,10.);
#611=VECTOR('',#5153,10.);
#612=VECTOR('',#5156,10.);
#613=VECTOR('',#5165,10.);
#614=VECTOR('',#5176,10.);
#615=VECTOR('',#5177,10.);
#616=VECTOR('',#5180,10.);
#617=VECTOR('',#5181,10.);
#618=VECTOR('',#5184,10.);
#619=VECTOR('',#5185,10.);
#620=VECTOR('',#5206,10.);
#621=VECTOR('',#5209,10.);
#622=VECTOR('',#5218,10.);
#623=VECTOR('',#5229,10.);
#624=VECTOR('',#5230,10.);
#625=VECTOR('',#5233,10.);
#626=VECTOR('',#5234,10.);
#627=VECTOR('',#5237,10.);
#628=VECTOR('',#5238,10.);
#629=VECTOR('',#5261,10.);
#630=VECTOR('',#5262,10.);
#631=VECTOR('',#5265,10.);
#632=VECTOR('',#5266,10.);
#633=VECTOR('',#5275,10.);
#634=VECTOR('',#5284,10.);
#635=VECTOR('',#5285,10.);
#636=VECTOR('',#5288,10.);
#637=VECTOR('',#5291,10.);
#638=VECTOR('',#5312,10.);
#639=VECTOR('',#5313,10.);
#640=VECTOR('',#5316,10.);
#641=VECTOR('',#5317,10.);
#642=VECTOR('',#5326,10.);
#643=VECTOR('',#5335,10.);
#644=VECTOR('',#5336,10.);
#645=VECTOR('',#5339,10.);
#646=VECTOR('',#5342,10.);
#647=VECTOR('',#5361,10.);
#648=VECTOR('',#5362,10.);
#649=VECTOR('',#5373,10.);
#650=VECTOR('',#5374,10.);
#651=VECTOR('',#5377,10.);
#652=VECTOR('',#5386,10.);
#653=VECTOR('',#5389,10.);
#654=VECTOR('',#5392,10.);
#655=VECTOR('',#5393,10.);
#656=VECTOR('',#5414,10.);
#657=VECTOR('',#5415,10.);
#658=VECTOR('',#5426,10.);
#659=VECTOR('',#5427,10.);
#660=VECTOR('',#5430,10.);
#661=VECTOR('',#5439,10.);
#662=VECTOR('',#5442,10.);
#663=VECTOR('',#5445,10.);
#664=VECTOR('',#5446,10.);
#665=VECTOR('',#5467,10.);
#666=VECTOR('',#5468,10.);
#667=VECTOR('',#5479,10.);
#668=VECTOR('',#5480,10.);
#669=VECTOR('',#5483,10.);
#670=VECTOR('',#5492,10.);
#671=VECTOR('',#5495,10.);
#672=VECTOR('',#5498,10.);
#673=VECTOR('',#5499,10.);
#674=VECTOR('',#5540,10.);
#675=VECTOR('',#5541,10.);
#676=VECTOR('',#5550,10.);
#677=VECTOR('',#5559,10.);
#678=VECTOR('',#5560,10.);
#679=VECTOR('',#5563,10.);
#680=VECTOR('',#5566,10.);
#681=VECTOR('',#5567,10.);
#682=VECTOR('',#5570,10.);
#683=CYLINDRICAL_SURFACE('',#3841,4.3);
#684=CYLINDRICAL_SURFACE('',#3842,4.5);
#685=CYLINDRICAL_SURFACE('',#3844,4.5);
#686=CYLINDRICAL_SURFACE('',#3853,4.3);
#687=CYLINDRICAL_SURFACE('',#3854,4.5);
#688=CYLINDRICAL_SURFACE('',#3856,4.5);
#689=CYLINDRICAL_SURFACE('',#3859,1.);
#690=CYLINDRICAL_SURFACE('',#3863,1.);
#691=CYLINDRICAL_SURFACE('',#3867,1.);
#692=CYLINDRICAL_SURFACE('',#3871,1.);
#693=CYLINDRICAL_SURFACE('',#3875,1.);
#694=CYLINDRICAL_SURFACE('',#3879,1.);
#695=CYLINDRICAL_SURFACE('',#3883,1.);
#696=CYLINDRICAL_SURFACE('',#3887,1.);
#697=CYLINDRICAL_SURFACE('',#3891,52.5);
#698=CYLINDRICAL_SURFACE('',#3898,52.5);
#699=CYLINDRICAL_SURFACE('',#3905,52.5);
#700=CYLINDRICAL_SURFACE('',#3912,52.5);
#701=CYLINDRICAL_SURFACE('',#3920,1.);
#702=CYLINDRICAL_SURFACE('',#3924,1.);
#703=CYLINDRICAL_SURFACE('',#3927,1.);
#704=CYLINDRICAL_SURFACE('',#3930,1.);
#705=CYLINDRICAL_SURFACE('',#3933,1.);
#706=CYLINDRICAL_SURFACE('',#3936,1.);
#707=CYLINDRICAL_SURFACE('',#3940,1.);
#708=CYLINDRICAL_SURFACE('',#3944,1.);
#709=CYLINDRICAL_SURFACE('',#3953,52.5);
#710=CYLINDRICAL_SURFACE('',#3959,52.5);
#711=CYLINDRICAL_SURFACE('',#3965,52.5);
#712=CYLINDRICAL_SURFACE('',#3972,52.5);
#713=CYLINDRICAL_SURFACE('',#3976,1.);
#714=CYLINDRICAL_SURFACE('',#3980,1.);
#715=CYLINDRICAL_SURFACE('',#3984,1.);
#716=CYLINDRICAL_SURFACE('',#3988,1.);
#717=CYLINDRICAL_SURFACE('',#3990,0.5);
#718=CYLINDRICAL_SURFACE('',#3993,0.5);
#719=CYLINDRICAL_SURFACE('',#3998,1.);
#720=CYLINDRICAL_SURFACE('',#4002,1.);
#721=CYLINDRICAL_SURFACE('',#4006,1.);
#722=CYLINDRICAL_SURFACE('',#4010,1.);
#723=CYLINDRICAL_SURFACE('',#4012,0.5);
#724=CYLINDRICAL_SURFACE('',#4015,0.5);
#725=CYLINDRICAL_SURFACE('',#4020,1.);
#726=CYLINDRICAL_SURFACE('',#4024,1.);
#727=CYLINDRICAL_SURFACE('',#4028,1.);
#728=CYLINDRICAL_SURFACE('',#4032,1.);
#729=CYLINDRICAL_SURFACE('',#4034,0.5);
#730=CYLINDRICAL_SURFACE('',#4037,0.5);
#731=CYLINDRICAL_SURFACE('',#4042,1.);
#732=CYLINDRICAL_SURFACE('',#4046,1.);
#733=CYLINDRICAL_SURFACE('',#4050,1.);
#734=CYLINDRICAL_SURFACE('',#4054,1.);
#735=CYLINDRICAL_SURFACE('',#4056,0.5);
#736=CYLINDRICAL_SURFACE('',#4059,0.5);
#737=CYLINDRICAL_SURFACE('',#4064,1.);
#738=CYLINDRICAL_SURFACE('',#4068,1.);
#739=CYLINDRICAL_SURFACE('',#4072,1.);
#740=CYLINDRICAL_SURFACE('',#4076,1.);
#741=CYLINDRICAL_SURFACE('',#4078,0.5);
#742=CYLINDRICAL_SURFACE('',#4081,0.5);
#743=CYLINDRICAL_SURFACE('',#4086,1.);
#744=CYLINDRICAL_SURFACE('',#4090,1.);
#745=CYLINDRICAL_SURFACE('',#4094,1.);
#746=CYLINDRICAL_SURFACE('',#4098,1.);
#747=CYLINDRICAL_SURFACE('',#4100,0.5);
#748=CYLINDRICAL_SURFACE('',#4103,0.5);
#749=CYLINDRICAL_SURFACE('',#4108,1.);
#750=CYLINDRICAL_SURFACE('',#4112,1.);
#751=CYLINDRICAL_SURFACE('',#4116,1.);
#752=CYLINDRICAL_SURFACE('',#4120,1.);
#753=CYLINDRICAL_SURFACE('',#4122,0.5);
#754=CYLINDRICAL_SURFACE('',#4125,0.5);
#755=CYLINDRICAL_SURFACE('',#4130,1.);
#756=CYLINDRICAL_SURFACE('',#4134,1.);
#757=CYLINDRICAL_SURFACE('',#4138,1.);
#758=CYLINDRICAL_SURFACE('',#4142,1.);
#759=CYLINDRICAL_SURFACE('',#4144,0.5);
#760=CYLINDRICAL_SURFACE('',#4147,0.5);
#761=CYLINDRICAL_SURFACE('',#4156,0.5);
#762=CYLINDRICAL_SURFACE('',#4157,0.5);
#763=CYLINDRICAL_SURFACE('',#4161,0.5);
#764=CYLINDRICAL_SURFACE('',#4166,0.5);
#765=CYLINDRICAL_SURFACE('',#4167,0.5);
#766=CYLINDRICAL_SURFACE('',#4168,0.5);
#767=CYLINDRICAL_SURFACE('',#4178,0.5);
#768=CYLINDRICAL_SURFACE('',#4179,0.5);
#769=CYLINDRICAL_SURFACE('',#4183,0.5);
#770=CYLINDRICAL_SURFACE('',#4188,0.5);
#771=CYLINDRICAL_SURFACE('',#4189,0.5);
#772=CYLINDRICAL_SURFACE('',#4190,0.5);
#773=CYLINDRICAL_SURFACE('',#4201,0.5);
#774=CYLINDRICAL_SURFACE('',#4202,0.5);
#775=CYLINDRICAL_SURFACE('',#4206,0.5);
#776=CYLINDRICAL_SURFACE('',#4210,0.5);
#777=CYLINDRICAL_SURFACE('',#4211,0.5);
#778=CYLINDRICAL_SURFACE('',#4212,0.5);
#779=CYLINDRICAL_SURFACE('',#4222,0.5);
#780=CYLINDRICAL_SURFACE('',#4223,0.5);
#781=CYLINDRICAL_SURFACE('',#4227,0.5);
#782=CYLINDRICAL_SURFACE('',#4231,0.5);
#783=CYLINDRICAL_SURFACE('',#4232,0.5);
#784=CYLINDRICAL_SURFACE('',#4233,0.5);
#785=CYLINDRICAL_SURFACE('',#4242,0.5);
#786=CYLINDRICAL_SURFACE('',#4247,0.5);
#787=CYLINDRICAL_SURFACE('',#4248,0.5);
#788=CYLINDRICAL_SURFACE('',#4252,0.5);
#789=CYLINDRICAL_SURFACE('',#4253,0.5);
#790=CYLINDRICAL_SURFACE('',#4254,0.5);
#791=CYLINDRICAL_SURFACE('',#4264,0.5);
#792=CYLINDRICAL_SURFACE('',#4269,0.5);
#793=CYLINDRICAL_SURFACE('',#4270,0.5);
#794=CYLINDRICAL_SURFACE('',#4274,0.5);
#795=CYLINDRICAL_SURFACE('',#4275,0.5);
#796=CYLINDRICAL_SURFACE('',#4276,0.5);
#797=CYLINDRICAL_SURFACE('',#4286,0.5);
#798=CYLINDRICAL_SURFACE('',#4291,0.5);
#799=CYLINDRICAL_SURFACE('',#4292,0.5);
#800=CYLINDRICAL_SURFACE('',#4296,0.5);
#801=CYLINDRICAL_SURFACE('',#4297,0.5);
#802=CYLINDRICAL_SURFACE('',#4298,0.5);
#803=CYLINDRICAL_SURFACE('',#4318,0.5);
#804=CYLINDRICAL_SURFACE('',#4322,0.5);
#805=CYLINDRICAL_SURFACE('',#4326,0.5);
#806=CYLINDRICAL_SURFACE('',#4327,0.5);
#807=CYLINDRICAL_SURFACE('',#4328,0.5);
#808=CYLINDRICAL_SURFACE('',#4329,0.5);
#809=FACE_BOUND('',#1086,.T.);
#810=FACE_BOUND('',#1088,.T.);
#811=FACE_BOUND('',#1094,.T.);
#812=FACE_BOUND('',#1096,.T.);
#813=FACE_BOUND('',#1119,.T.);
#814=FACE_BOUND('',#1122,.T.);
#815=FACE_BOUND('',#1125,.T.);
#816=FACE_BOUND('',#1128,.T.);
#817=FACE_BOUND('',#1130,.T.);
#818=FACE_BOUND('',#1148,.T.);
#819=FACE_BOUND('',#1151,.T.);
#820=FACE_BOUND('',#1154,.T.);
#821=FACE_BOUND('',#1157,.T.);
#822=FACE_BOUND('',#1159,.T.);
#823=FACE_OUTER_BOUND('',#1085,.T.);
#824=FACE_OUTER_BOUND('',#1087,.T.);
#825=FACE_OUTER_BOUND('',#1089,.T.);
#826=FACE_OUTER_BOUND('',#1090,.T.);
#827=FACE_OUTER_BOUND('',#1091,.T.);
#828=FACE_OUTER_BOUND('',#1092,.T.);
#829=FACE_OUTER_BOUND('',#1093,.T.);
#830=FACE_OUTER_BOUND('',#1095,.T.);
#831=FACE_OUTER_BOUND('',#1097,.T.);
#832=FACE_OUTER_BOUND('',#1098,.T.);
#833=FACE_OUTER_BOUND('',#1099,.T.);
#834=FACE_OUTER_BOUND('',#1100,.T.);
#835=FACE_OUTER_BOUND('',#1101,.T.);
#836=FACE_OUTER_BOUND('',#1102,.T.);
#837=FACE_OUTER_BOUND('',#1103,.T.);
#838=FACE_OUTER_BOUND('',#1104,.T.);
#839=FACE_OUTER_BOUND('',#1105,.T.);
#840=FACE_OUTER_BOUND('',#1106,.T.);
#841=FACE_OUTER_BOUND('',#1107,.T.);
#842=FACE_OUTER_BOUND('',#1108,.T.);
#843=FACE_OUTER_BOUND('',#1109,.T.);
#844=FACE_OUTER_BOUND('',#1110,.T.);
#845=FACE_OUTER_BOUND('',#1111,.T.);
#846=FACE_OUTER_BOUND('',#1112,.T.);
#847=FACE_OUTER_BOUND('',#1113,.T.);
#848=FACE_OUTER_BOUND('',#1114,.T.);
#849=FACE_OUTER_BOUND('',#1115,.T.);
#850=FACE_OUTER_BOUND('',#1116,.T.);
#851=FACE_OUTER_BOUND('',#1117,.T.);
#852=FACE_OUTER_BOUND('',#1118,.T.);
#853=FACE_OUTER_BOUND('',#1120,.T.);
#854=FACE_OUTER_BOUND('',#1121,.T.);
#855=FACE_OUTER_BOUND('',#1123,.T.);
#856=FACE_OUTER_BOUND('',#1124,.T.);
#857=FACE_OUTER_BOUND('',#1126,.T.);
#858=FACE_OUTER_BOUND('',#1127,.T.);
#859=FACE_OUTER_BOUND('',#1129,.T.);
#860=FACE_OUTER_BOUND('',#1131,.T.);
#861=FACE_OUTER_BOUND('',#1132,.T.);
#862=FACE_OUTER_BOUND('',#1133,.T.);
#863=FACE_OUTER_BOUND('',#1134,.T.);
#864=FACE_OUTER_BOUND('',#1135,.T.);
#865=FACE_OUTER_BOUND('',#1136,.T.);
#866=FACE_OUTER_BOUND('',#1137,.T.);
#867=FACE_OUTER_BOUND('',#1138,.T.);
#868=FACE_OUTER_BOUND('',#1139,.T.);
#869=FACE_OUTER_BOUND('',#1140,.T.);
#870=FACE_OUTER_BOUND('',#1141,.T.);
#871=FACE_OUTER_BOUND('',#1142,.T.);
#872=FACE_OUTER_BOUND('',#1143,.T.);
#873=FACE_OUTER_BOUND('',#1144,.T.);
#874=FACE_OUTER_BOUND('',#1145,.T.);
#875=FACE_OUTER_BOUND('',#1146,.T.);
#876=FACE_OUTER_BOUND('',#1147,.T.);
#877=FACE_OUTER_BOUND('',#1149,.T.);
#878=FACE_OUTER_BOUND('',#1150,.T.);
#879=FACE_OUTER_BOUND('',#1152,.T.);
#880=FACE_OUTER_BOUND('',#1153,.T.);
#881=FACE_OUTER_BOUND('',#1155,.T.);
#882=FACE_OUTER_BOUND('',#1156,.T.);
#883=FACE_OUTER_BOUND('',#1158,.T.);
#884=FACE_OUTER_BOUND('',#1160,.T.);
#885=FACE_OUTER_BOUND('',#1161,.T.);
#886=FACE_OUTER_BOUND('',#1162,.T.);
#887=FACE_OUTER_BOUND('',#1163,.T.);
#888=FACE_OUTER_BOUND('',#1164,.T.);
#889=FACE_OUTER_BOUND('',#1165,.T.);
#890=FACE_OUTER_BOUND('',#1166,.T.);
#891=FACE_OUTER_BOUND('',#1167,.T.);
#892=FACE_OUTER_BOUND('',#1168,.T.);
#893=FACE_OUTER_BOUND('',#1169,.T.);
#894=FACE_OUTER_BOUND('',#1170,.T.);
#895=FACE_OUTER_BOUND('',#1171,.T.);
#896=FACE_OUTER_BOUND('',#1172,.T.);
#897=FACE_OUTER_BOUND('',#1173,.T.);
#898=FACE_OUTER_BOUND('',#1174,.T.);
#899=FACE_OUTER_BOUND('',#1175,.T.);
#900=FACE_OUTER_BOUND('',#1176,.T.);
#901=FACE_OUTER_BOUND('',#1177,.T.);
#902=FACE_OUTER_BOUND('',#1178,.T.);
#903=FACE_OUTER_BOUND('',#1179,.T.);
#904=FACE_OUTER_BOUND('',#1180,.T.);
#905=FACE_OUTER_BOUND('',#1181,.T.);
#906=FACE_OUTER_BOUND('',#1182,.T.);
#907=FACE_OUTER_BOUND('',#1183,.T.);
#908=FACE_OUTER_BOUND('',#1184,.T.);
#909=FACE_OUTER_BOUND('',#1185,.T.);
#910=FACE_OUTER_BOUND('',#1186,.T.);
#911=FACE_OUTER_BOUND('',#1187,.T.);
#912=FACE_OUTER_BOUND('',#1188,.T.);
#913=FACE_OUTER_BOUND('',#1189,.T.);
#914=FACE_OUTER_BOUND('',#1190,.T.);
#915=FACE_OUTER_BOUND('',#1191,.T.);
#916=FACE_OUTER_BOUND('',#1192,.T.);
#917=FACE_OUTER_BOUND('',#1193,.T.);
#918=FACE_OUTER_BOUND('',#1194,.T.);
#919=FACE_OUTER_BOUND('',#1195,.T.);
#920=FACE_OUTER_BOUND('',#1196,.T.);
#921=FACE_OUTER_BOUND('',#1197,.T.);
#922=FACE_OUTER_BOUND('',#1198,.T.);
#923=FACE_OUTER_BOUND('',#1199,.T.);
#924=FACE_OUTER_BOUND('',#1200,.T.);
#925=FACE_OUTER_BOUND('',#1201,.T.);
#926=FACE_OUTER_BOUND('',#1202,.T.);
#927=FACE_OUTER_BOUND('',#1203,.T.);
#928=FACE_OUTER_BOUND('',#1204,.T.);
#929=FACE_OUTER_BOUND('',#1205,.T.);
#930=FACE_OUTER_BOUND('',#1206,.T.);
#931=FACE_OUTER_BOUND('',#1207,.T.);
#932=FACE_OUTER_BOUND('',#1208,.T.);
#933=FACE_OUTER_BOUND('',#1209,.T.);
#934=FACE_OUTER_BOUND('',#1210,.T.);
#935=FACE_OUTER_BOUND('',#1211,.T.);
#936=FACE_OUTER_BOUND('',#1212,.T.);
#937=FACE_OUTER_BOUND('',#1213,.T.);
#938=FACE_OUTER_BOUND('',#1214,.T.);
#939=FACE_OUTER_BOUND('',#1215,.T.);
#940=FACE_OUTER_BOUND('',#1216,.T.);
#941=FACE_OUTER_BOUND('',#1217,.T.);
#942=FACE_OUTER_BOUND('',#1218,.T.);
#943=FACE_OUTER_BOUND('',#1219,.T.);
#944=FACE_OUTER_BOUND('',#1220,.T.);
#945=FACE_OUTER_BOUND('',#1221,.T.);
#946=FACE_OUTER_BOUND('',#1222,.T.);
#947=FACE_OUTER_BOUND('',#1223,.T.);
#948=FACE_OUTER_BOUND('',#1224,.T.);
#949=FACE_OUTER_BOUND('',#1225,.T.);
#950=FACE_OUTER_BOUND('',#1226,.T.);
#951=FACE_OUTER_BOUND('',#1227,.T.);
#952=FACE_OUTER_BOUND('',#1228,.T.);
#953=FACE_OUTER_BOUND('',#1229,.T.);
#954=FACE_OUTER_BOUND('',#1230,.T.);
#955=FACE_OUTER_BOUND('',#1231,.T.);
#956=FACE_OUTER_BOUND('',#1232,.T.);
#957=FACE_OUTER_BOUND('',#1233,.T.);
#958=FACE_OUTER_BOUND('',#1234,.T.);
#959=FACE_OUTER_BOUND('',#1235,.T.);
#960=FACE_OUTER_BOUND('',#1236,.T.);
#961=FACE_OUTER_BOUND('',#1237,.T.);
#962=FACE_OUTER_BOUND('',#1238,.T.);
#963=FACE_OUTER_BOUND('',#1239,.T.);
#964=FACE_OUTER_BOUND('',#1240,.T.);
#965=FACE_OUTER_BOUND('',#1241,.T.);
#966=FACE_OUTER_BOUND('',#1242,.T.);
#967=FACE_OUTER_BOUND('',#1243,.T.);
#968=FACE_OUTER_BOUND('',#1244,.T.);
#969=FACE_OUTER_BOUND('',#1245,.T.);
#970=FACE_OUTER_BOUND('',#1246,.T.);
#971=FACE_OUTER_BOUND('',#1247,.T.);
#972=FACE_OUTER_BOUND('',#1248,.T.);
#973=FACE_OUTER_BOUND('',#1249,.T.);
#974=FACE_OUTER_BOUND('',#1250,.T.);
#975=FACE_OUTER_BOUND('',#1251,.T.);
#976=FACE_OUTER_BOUND('',#1252,.T.);
#977=FACE_OUTER_BOUND('',#1253,.T.);
#978=FACE_OUTER_BOUND('',#1254,.T.);
#979=FACE_OUTER_BOUND('',#1255,.T.);
#980=FACE_OUTER_BOUND('',#1256,.T.);
#981=FACE_OUTER_BOUND('',#1257,.T.);
#982=FACE_OUTER_BOUND('',#1258,.T.);
#983=FACE_OUTER_BOUND('',#1259,.T.);
#984=FACE_OUTER_BOUND('',#1260,.T.);
#985=FACE_OUTER_BOUND('',#1261,.T.);
#986=FACE_OUTER_BOUND('',#1262,.T.);
#987=FACE_OUTER_BOUND('',#1263,.T.);
#988=FACE_OUTER_BOUND('',#1264,.T.);
#989=FACE_OUTER_BOUND('',#1265,.T.);
#990=FACE_OUTER_BOUND('',#1266,.T.);
#991=FACE_OUTER_BOUND('',#1267,.T.);
#992=FACE_OUTER_BOUND('',#1268,.T.);
#993=FACE_OUTER_BOUND('',#1269,.T.);
#994=FACE_OUTER_BOUND('',#1270,.T.);
#995=FACE_OUTER_BOUND('',#1271,.T.);
#996=FACE_OUTER_BOUND('',#1272,.T.);
#997=FACE_OUTER_BOUND('',#1273,.T.);
#998=FACE_OUTER_BOUND('',#1274,.T.);
#999=FACE_OUTER_BOUND('',#1275,.T.);
#1000=FACE_OUTER_BOUND('',#1276,.T.);
#1001=FACE_OUTER_BOUND('',#1277,.T.);
#1002=FACE_OUTER_BOUND('',#1278,.T.);
#1003=FACE_OUTER_BOUND('',#1279,.T.);
#1004=FACE_OUTER_BOUND('',#1280,.T.);
#1005=FACE_OUTER_BOUND('',#1281,.T.);
#1006=FACE_OUTER_BOUND('',#1282,.T.);
#1007=FACE_OUTER_BOUND('',#1283,.T.);
#1008=FACE_OUTER_BOUND('',#1284,.T.);
#1009=FACE_OUTER_BOUND('',#1285,.T.);
#1010=FACE_OUTER_BOUND('',#1286,.T.);
#1011=FACE_OUTER_BOUND('',#1287,.T.);
#1012=FACE_OUTER_BOUND('',#1288,.T.);
#1013=FACE_OUTER_BOUND('',#1289,.T.);
#1014=FACE_OUTER_BOUND('',#1290,.T.);
#1015=FACE_OUTER_BOUND('',#1291,.T.);
#1016=FACE_OUTER_BOUND('',#1292,.T.);
#1017=FACE_OUTER_BOUND('',#1293,.T.);
#1018=FACE_OUTER_BOUND('',#1294,.T.);
#1019=FACE_OUTER_BOUND('',#1295,.T.);
#1020=FACE_OUTER_BOUND('',#1296,.T.);
#1021=FACE_OUTER_BOUND('',#1297,.T.);
#1022=FACE_OUTER_BOUND('',#1298,.T.);
#1023=FACE_OUTER_BOUND('',#1299,.T.);
#1024=FACE_OUTER_BOUND('',#1300,.T.);
#1025=FACE_OUTER_BOUND('',#1301,.T.);
#1026=FACE_OUTER_BOUND('',#1302,.T.);
#1027=FACE_OUTER_BOUND('',#1303,.T.);
#1028=FACE_OUTER_BOUND('',#1304,.T.);
#1029=FACE_OUTER_BOUND('',#1305,.T.);
#1030=FACE_OUTER_BOUND('',#1306,.T.);
#1031=FACE_OUTER_BOUND('',#1307,.T.);
#1032=FACE_OUTER_BOUND('',#1308,.T.);
#1033=FACE_OUTER_BOUND('',#1309,.T.);
#1034=FACE_OUTER_BOUND('',#1310,.T.);
#1035=FACE_OUTER_BOUND('',#1311,.T.);
#1036=FACE_OUTER_BOUND('',#1312,.T.);
#1037=FACE_OUTER_BOUND('',#1313,.T.);
#1038=FACE_OUTER_BOUND('',#1314,.T.);
#1039=FACE_OUTER_BOUND('',#1315,.T.);
#1040=FACE_OUTER_BOUND('',#1316,.T.);
#1041=FACE_OUTER_BOUND('',#1317,.T.);
#1042=FACE_OUTER_BOUND('',#1318,.T.);
#1043=FACE_OUTER_BOUND('',#1319,.T.);
#1044=FACE_OUTER_BOUND('',#1320,.T.);
#1045=FACE_OUTER_BOUND('',#1321,.T.);
#1046=FACE_OUTER_BOUND('',#1322,.T.);
#1047=FACE_OUTER_BOUND('',#1323,.T.);
#1048=FACE_OUTER_BOUND('',#1324,.T.);
#1049=FACE_OUTER_BOUND('',#1325,.T.);
#1050=FACE_OUTER_BOUND('',#1326,.T.);
#1051=FACE_OUTER_BOUND('',#1327,.T.);
#1052=FACE_OUTER_BOUND('',#1328,.T.);
#1053=FACE_OUTER_BOUND('',#1329,.T.);
#1054=FACE_OUTER_BOUND('',#1330,.T.);
#1055=FACE_OUTER_BOUND('',#1331,.T.);
#1056=FACE_OUTER_BOUND('',#1332,.T.);
#1057=FACE_OUTER_BOUND('',#1333,.T.);
#1058=FACE_OUTER_BOUND('',#1334,.T.);
#1059=FACE_OUTER_BOUND('',#1335,.T.);
#1060=FACE_OUTER_BOUND('',#1336,.T.);
#1061=FACE_OUTER_BOUND('',#1337,.T.);
#1062=FACE_OUTER_BOUND('',#1338,.T.);
#1063=FACE_OUTER_BOUND('',#1339,.T.);
#1064=FACE_OUTER_BOUND('',#1340,.T.);
#1065=FACE_OUTER_BOUND('',#1341,.T.);
#1066=FACE_OUTER_BOUND('',#1342,.T.);
#1067=FACE_OUTER_BOUND('',#1343,.T.);
#1068=FACE_OUTER_BOUND('',#1344,.T.);
#1069=FACE_OUTER_BOUND('',#1345,.T.);
#1070=FACE_OUTER_BOUND('',#1346,.T.);
#1071=FACE_OUTER_BOUND('',#1347,.T.);
#1072=FACE_OUTER_BOUND('',#1348,.T.);
#1073=FACE_OUTER_BOUND('',#1349,.T.);
#1074=FACE_OUTER_BOUND('',#1350,.T.);
#1075=FACE_OUTER_BOUND('',#1351,.T.);
#1076=FACE_OUTER_BOUND('',#1352,.T.);
#1077=FACE_OUTER_BOUND('',#1353,.T.);
#1078=FACE_OUTER_BOUND('',#1354,.T.);
#1079=FACE_OUTER_BOUND('',#1355,.T.);
#1080=FACE_OUTER_BOUND('',#1356,.T.);
#1081=FACE_OUTER_BOUND('',#1357,.T.);
#1082=FACE_OUTER_BOUND('',#1358,.T.);
#1083=FACE_OUTER_BOUND('',#1359,.T.);
#1084=FACE_OUTER_BOUND('',#1360,.T.);
#1085=EDGE_LOOP('',(#2411));
#1086=EDGE_LOOP('',(#2412));
#1087=EDGE_LOOP('',(#2413));
#1088=EDGE_LOOP('',(#2414));
#1089=EDGE_LOOP('',(#2415,#2416,#2417,#2418));
#1090=EDGE_LOOP('',(#2419,#2420,#2421,#2422));
#1091=EDGE_LOOP('',(#2423,#2424,#2425,#2426));
#1092=EDGE_LOOP('',(#2427));
#1093=EDGE_LOOP('',(#2428));
#1094=EDGE_LOOP('',(#2429));
#1095=EDGE_LOOP('',(#2430));
#1096=EDGE_LOOP('',(#2431));
#1097=EDGE_LOOP('',(#2432,#2433,#2434,#2435));
#1098=EDGE_LOOP('',(#2436,#2437,#2438,#2439));
#1099=EDGE_LOOP('',(#2440,#2441,#2442,#2443));
#1100=EDGE_LOOP('',(#2444));
#1101=EDGE_LOOP('',(#2445,#2446,#2447,#2448));
#1102=EDGE_LOOP('',(#2449,#2450,#2451,#2452));
#1103=EDGE_LOOP('',(#2453,#2454,#2455,#2456));
#1104=EDGE_LOOP('',(#2457,#2458,#2459,#2460));
#1105=EDGE_LOOP('',(#2461,#2462,#2463,#2464));
#1106=EDGE_LOOP('',(#2465,#2466,#2467,#2468));
#1107=EDGE_LOOP('',(#2469,#2470,#2471,#2472));
#1108=EDGE_LOOP('',(#2473,#2474,#2475,#2476));
#1109=EDGE_LOOP('',(#2477,#2478,#2479,#2480));
#1110=EDGE_LOOP('',(#2481,#2482,#2483,#2484));
#1111=EDGE_LOOP('',(#2485,#2486,#2487,#2488));
#1112=EDGE_LOOP('',(#2489,#2490,#2491,#2492));
#1113=EDGE_LOOP('',(#2493,#2494,#2495,#2496));
#1114=EDGE_LOOP('',(#2497,#2498,#2499,#2500));
#1115=EDGE_LOOP('',(#2501,#2502,#2503,#2504));
#1116=EDGE_LOOP('',(#2505,#2506,#2507,#2508));
#1117=EDGE_LOOP('',(#2509,#2510,#2511,#2512));
#1118=EDGE_LOOP('',(#2513,#2514,#2515,#2516));
#1119=EDGE_LOOP('',(#2517,#2518,#2519,#2520,#2521,#2522,#2523,#2524));
#1120=EDGE_LOOP('',(#2525,#2526,#2527,#2528));
#1121=EDGE_LOOP('',(#2529,#2530,#2531,#2532));
#1122=EDGE_LOOP('',(#2533,#2534,#2535,#2536,#2537,#2538,#2539,#2540));
#1123=EDGE_LOOP('',(#2541,#2542,#2543,#2544));
#1124=EDGE_LOOP('',(#2545,#2546,#2547,#2548));
#1125=EDGE_LOOP('',(#2549,#2550,#2551,#2552,#2553,#2554,#2555,#2556));
#1126=EDGE_LOOP('',(#2557,#2558,#2559,#2560));
#1127=EDGE_LOOP('',(#2561,#2562,#2563,#2564));
#1128=EDGE_LOOP('',(#2565,#2566,#2567,#2568,#2569,#2570,#2571,#2572));
#1129=EDGE_LOOP('',(#2573,#2574,#2575,#2576,#2577,#2578,#2579,#2580,#2581,
#2582,#2583,#2584,#2585,#2586,#2587,#2588));
#1130=EDGE_LOOP('',(#2589));
#1131=EDGE_LOOP('',(#2590,#2591,#2592,#2593));
#1132=EDGE_LOOP('',(#2594,#2595,#2596,#2597));
#1133=EDGE_LOOP('',(#2598,#2599,#2600,#2601));
#1134=EDGE_LOOP('',(#2602,#2603,#2604,#2605));
#1135=EDGE_LOOP('',(#2606,#2607,#2608,#2609));
#1136=EDGE_LOOP('',(#2610,#2611,#2612,#2613));
#1137=EDGE_LOOP('',(#2614,#2615,#2616,#2617));
#1138=EDGE_LOOP('',(#2618,#2619,#2620,#2621));
#1139=EDGE_LOOP('',(#2622,#2623,#2624,#2625));
#1140=EDGE_LOOP('',(#2626,#2627,#2628,#2629));
#1141=EDGE_LOOP('',(#2630,#2631,#2632,#2633));
#1142=EDGE_LOOP('',(#2634,#2635,#2636,#2637));
#1143=EDGE_LOOP('',(#2638,#2639,#2640,#2641));
#1144=EDGE_LOOP('',(#2642,#2643,#2644,#2645));
#1145=EDGE_LOOP('',(#2646,#2647,#2648,#2649));
#1146=EDGE_LOOP('',(#2650,#2651,#2652,#2653));
#1147=EDGE_LOOP('',(#2654,#2655,#2656,#2657));
#1148=EDGE_LOOP('',(#2658,#2659,#2660,#2661,#2662,#2663,#2664,#2665));
#1149=EDGE_LOOP('',(#2666,#2667,#2668,#2669));
#1150=EDGE_LOOP('',(#2670,#2671,#2672,#2673));
#1151=EDGE_LOOP('',(#2674,#2675,#2676,#2677,#2678,#2679,#2680,#2681));
#1152=EDGE_LOOP('',(#2682,#2683,#2684,#2685));
#1153=EDGE_LOOP('',(#2686,#2687,#2688,#2689));
#1154=EDGE_LOOP('',(#2690,#2691,#2692,#2693,#2694,#2695,#2696,#2697));
#1155=EDGE_LOOP('',(#2698,#2699,#2700,#2701));
#1156=EDGE_LOOP('',(#2702,#2703,#2704,#2705));
#1157=EDGE_LOOP('',(#2706,#2707,#2708,#2709,#2710,#2711,#2712,#2713));
#1158=EDGE_LOOP('',(#2714,#2715,#2716,#2717,#2718,#2719,#2720,#2721,#2722,
#2723,#2724,#2725,#2726,#2727,#2728,#2729));
#1159=EDGE_LOOP('',(#2730));
#1160=EDGE_LOOP('',(#2731,#2732,#2733,#2734));
#1161=EDGE_LOOP('',(#2735,#2736,#2737,#2738));
#1162=EDGE_LOOP('',(#2739,#2740,#2741,#2742));
#1163=EDGE_LOOP('',(#2743,#2744,#2745,#2746));
#1164=EDGE_LOOP('',(#2747,#2748,#2749,#2750));
#1165=EDGE_LOOP('',(#2751,#2752,#2753,#2754));
#1166=EDGE_LOOP('',(#2755,#2756,#2757,#2758));
#1167=EDGE_LOOP('',(#2759,#2760,#2761,#2762));
#1168=EDGE_LOOP('',(#2763,#2764,#2765,#2766));
#1169=EDGE_LOOP('',(#2767,#2768,#2769,#2770));
#1170=EDGE_LOOP('',(#2771,#2772,#2773,#2774));
#1171=EDGE_LOOP('',(#2775,#2776,#2777,#2778));
#1172=EDGE_LOOP('',(#2779,#2780,#2781,#2782));
#1173=EDGE_LOOP('',(#2783,#2784,#2785,#2786));
#1174=EDGE_LOOP('',(#2787,#2788,#2789,#2790));
#1175=EDGE_LOOP('',(#2791,#2792,#2793,#2794));
#1176=EDGE_LOOP('',(#2795,#2796,#2797,#2798));
#1177=EDGE_LOOP('',(#2799,#2800,#2801,#2802));
#1178=EDGE_LOOP('',(#2803,#2804,#2805,#2806));
#1179=EDGE_LOOP('',(#2807,#2808,#2809,#2810));
#1180=EDGE_LOOP('',(#2811,#2812,#2813,#2814));
#1181=EDGE_LOOP('',(#2815,#2816,#2817,#2818));
#1182=EDGE_LOOP('',(#2819,#2820,#2821,#2822));
#1183=EDGE_LOOP('',(#2823,#2824,#2825,#2826));
#1184=EDGE_LOOP('',(#2827,#2828,#2829,#2830));
#1185=EDGE_LOOP('',(#2831,#2832,#2833,#2834));
#1186=EDGE_LOOP('',(#2835,#2836,#2837,#2838));
#1187=EDGE_LOOP('',(#2839,#2840,#2841,#2842));
#1188=EDGE_LOOP('',(#2843,#2844,#2845,#2846));
#1189=EDGE_LOOP('',(#2847,#2848,#2849,#2850));
#1190=EDGE_LOOP('',(#2851,#2852,#2853,#2854));
#1191=EDGE_LOOP('',(#2855,#2856,#2857,#2858));
#1192=EDGE_LOOP('',(#2859,#2860,#2861,#2862));
#1193=EDGE_LOOP('',(#2863,#2864,#2865,#2866));
#1194=EDGE_LOOP('',(#2867,#2868,#2869,#2870));
#1195=EDGE_LOOP('',(#2871,#2872,#2873,#2874));
#1196=EDGE_LOOP('',(#2875,#2876,#2877,#2878));
#1197=EDGE_LOOP('',(#2879,#2880,#2881,#2882));
#1198=EDGE_LOOP('',(#2883,#2884,#2885,#2886));
#1199=EDGE_LOOP('',(#2887,#2888,#2889,#2890));
#1200=EDGE_LOOP('',(#2891,#2892,#2893,#2894));
#1201=EDGE_LOOP('',(#2895,#2896,#2897,#2898));
#1202=EDGE_LOOP('',(#2899,#2900,#2901,#2902));
#1203=EDGE_LOOP('',(#2903,#2904,#2905,#2906));
#1204=EDGE_LOOP('',(#2907,#2908,#2909,#2910));
#1205=EDGE_LOOP('',(#2911,#2912,#2913,#2914));
#1206=EDGE_LOOP('',(#2915,#2916,#2917,#2918));
#1207=EDGE_LOOP('',(#2919,#2920,#2921,#2922));
#1208=EDGE_LOOP('',(#2923,#2924,#2925,#2926));
#1209=EDGE_LOOP('',(#2927,#2928,#2929,#2930));
#1210=EDGE_LOOP('',(#2931,#2932,#2933,#2934));
#1211=EDGE_LOOP('',(#2935,#2936,#2937,#2938));
#1212=EDGE_LOOP('',(#2939,#2940,#2941,#2942));
#1213=EDGE_LOOP('',(#2943,#2944,#2945,#2946));
#1214=EDGE_LOOP('',(#2947,#2948,#2949,#2950));
#1215=EDGE_LOOP('',(#2951,#2952,#2953,#2954));
#1216=EDGE_LOOP('',(#2955,#2956,#2957,#2958));
#1217=EDGE_LOOP('',(#2959,#2960,#2961,#2962));
#1218=EDGE_LOOP('',(#2963,#2964,#2965,#2966));
#1219=EDGE_LOOP('',(#2967,#2968,#2969,#2970));
#1220=EDGE_LOOP('',(#2971,#2972,#2973,#2974));
#1221=EDGE_LOOP('',(#2975,#2976,#2977,#2978));
#1222=EDGE_LOOP('',(#2979,#2980,#2981,#2982));
#1223=EDGE_LOOP('',(#2983,#2984,#2985,#2986));
#1224=EDGE_LOOP('',(#2987,#2988,#2989,#2990));
#1225=EDGE_LOOP('',(#2991,#2992,#2993,#2994));
#1226=EDGE_LOOP('',(#2995,#2996,#2997,#2998));
#1227=EDGE_LOOP('',(#2999,#3000,#3001,#3002));
#1228=EDGE_LOOP('',(#3003,#3004,#3005,#3006));
#1229=EDGE_LOOP('',(#3007,#3008,#3009,#3010));
#1230=EDGE_LOOP('',(#3011,#3012,#3013,#3014));
#1231=EDGE_LOOP('',(#3015,#3016,#3017,#3018));
#1232=EDGE_LOOP('',(#3019,#3020,#3021,#3022));
#1233=EDGE_LOOP('',(#3023,#3024,#3025,#3026));
#1234=EDGE_LOOP('',(#3027,#3028,#3029,#3030));
#1235=EDGE_LOOP('',(#3031,#3032,#3033,#3034));
#1236=EDGE_LOOP('',(#3035,#3036,#3037,#3038));
#1237=EDGE_LOOP('',(#3039,#3040,#3041,#3042));
#1238=EDGE_LOOP('',(#3043,#3044,#3045,#3046));
#1239=EDGE_LOOP('',(#3047,#3048,#3049,#3050));
#1240=EDGE_LOOP('',(#3051,#3052,#3053,#3054));
#1241=EDGE_LOOP('',(#3055,#3056,#3057,#3058));
#1242=EDGE_LOOP('',(#3059,#3060,#3061,#3062));
#1243=EDGE_LOOP('',(#3063,#3064,#3065,#3066));
#1244=EDGE_LOOP('',(#3067,#3068,#3069,#3070));
#1245=EDGE_LOOP('',(#3071,#3072,#3073,#3074));
#1246=EDGE_LOOP('',(#3075,#3076,#3077,#3078));
#1247=EDGE_LOOP('',(#3079,#3080,#3081,#3082));
#1248=EDGE_LOOP('',(#3083,#3084,#3085,#3086));
#1249=EDGE_LOOP('',(#3087,#3088,#3089,#3090));
#1250=EDGE_LOOP('',(#3091,#3092,#3093,#3094));
#1251=EDGE_LOOP('',(#3095,#3096,#3097,#3098));
#1252=EDGE_LOOP('',(#3099,#3100,#3101,#3102));
#1253=EDGE_LOOP('',(#3103,#3104,#3105,#3106));
#1254=EDGE_LOOP('',(#3107,#3108,#3109,#3110));
#1255=EDGE_LOOP('',(#3111,#3112,#3113,#3114));
#1256=EDGE_LOOP('',(#3115,#3116,#3117,#3118));
#1257=EDGE_LOOP('',(#3119,#3120,#3121));
#1258=EDGE_LOOP('',(#3122,#3123,#3124));
#1259=EDGE_LOOP('',(#3125,#3126,#3127,#3128));
#1260=EDGE_LOOP('',(#3129,#3130,#3131,#3132));
#1261=EDGE_LOOP('',(#3133,#3134,#3135));
#1262=EDGE_LOOP('',(#3136,#3137,#3138,#3139));
#1263=EDGE_LOOP('',(#3140,#3141,#3142));
#1264=EDGE_LOOP('',(#3143,#3144,#3145,#3146));
#1265=EDGE_LOOP('',(#3147,#3148,#3149,#3150));
#1266=EDGE_LOOP('',(#3151,#3152,#3153,#3154));
#1267=EDGE_LOOP('',(#3155,#3156,#3157,#3158));
#1268=EDGE_LOOP('',(#3159,#3160,#3161,#3162));
#1269=EDGE_LOOP('',(#3163,#3164,#3165));
#1270=EDGE_LOOP('',(#3166,#3167,#3168));
#1271=EDGE_LOOP('',(#3169,#3170,#3171,#3172));
#1272=EDGE_LOOP('',(#3173,#3174,#3175,#3176));
#1273=EDGE_LOOP('',(#3177,#3178,#3179));
#1274=EDGE_LOOP('',(#3180,#3181,#3182,#3183));
#1275=EDGE_LOOP('',(#3184,#3185,#3186));
#1276=EDGE_LOOP('',(#3187,#3188,#3189,#3190));
#1277=EDGE_LOOP('',(#3191,#3192,#3193,#3194));
#1278=EDGE_LOOP('',(#3195,#3196,#3197,#3198));
#1279=EDGE_LOOP('',(#3199,#3200,#3201,#3202));
#1280=EDGE_LOOP('',(#3203,#3204,#3205,#3206));
#1281=EDGE_LOOP('',(#3207,#3208,#3209));
#1282=EDGE_LOOP('',(#3210,#3211,#3212));
#1283=EDGE_LOOP('',(#3213,#3214,#3215,#3216));
#1284=EDGE_LOOP('',(#3217,#3218,#3219,#3220));
#1285=EDGE_LOOP('',(#3221,#3222,#3223));
#1286=EDGE_LOOP('',(#3224,#3225,#3226,#3227));
#1287=EDGE_LOOP('',(#3228,#3229,#3230));
#1288=EDGE_LOOP('',(#3231,#3232,#3233,#3234));
#1289=EDGE_LOOP('',(#3235,#3236,#3237,#3238));
#1290=EDGE_LOOP('',(#3239,#3240,#3241,#3242));
#1291=EDGE_LOOP('',(#3243,#3244,#3245,#3246));
#1292=EDGE_LOOP('',(#3247,#3248,#3249));
#1293=EDGE_LOOP('',(#3250,#3251,#3252));
#1294=EDGE_LOOP('',(#3253,#3254,#3255,#3256));
#1295=EDGE_LOOP('',(#3257,#3258,#3259,#3260));
#1296=EDGE_LOOP('',(#3261,#3262,#3263));
#1297=EDGE_LOOP('',(#3264,#3265,#3266,#3267));
#1298=EDGE_LOOP('',(#3268,#3269,#3270));
#1299=EDGE_LOOP('',(#3271,#3272,#3273,#3274));
#1300=EDGE_LOOP('',(#3275,#3276,#3277,#3278));
#1301=EDGE_LOOP('',(#3279,#3280,#3281,#3282));
#1302=EDGE_LOOP('',(#3283,#3284,#3285,#3286));
#1303=EDGE_LOOP('',(#3287,#3288,#3289));
#1304=EDGE_LOOP('',(#3290,#3291,#3292));
#1305=EDGE_LOOP('',(#3293,#3294,#3295,#3296));
#1306=EDGE_LOOP('',(#3297,#3298,#3299));
#1307=EDGE_LOOP('',(#3300,#3301,#3302,#3303));
#1308=EDGE_LOOP('',(#3304,#3305,#3306,#3307));
#1309=EDGE_LOOP('',(#3308,#3309,#3310));
#1310=EDGE_LOOP('',(#3311,#3312,#3313,#3314));
#1311=EDGE_LOOP('',(#3315,#3316,#3317,#3318));
#1312=EDGE_LOOP('',(#3319,#3320,#3321,#3322));
#1313=EDGE_LOOP('',(#3323,#3324,#3325,#3326));
#1314=EDGE_LOOP('',(#3327,#3328,#3329,#3330));
#1315=EDGE_LOOP('',(#3331,#3332,#3333));
#1316=EDGE_LOOP('',(#3334,#3335,#3336));
#1317=EDGE_LOOP('',(#3337,#3338,#3339,#3340));
#1318=EDGE_LOOP('',(#3341,#3342,#3343));
#1319=EDGE_LOOP('',(#3344,#3345,#3346,#3347));
#1320=EDGE_LOOP('',(#3348,#3349,#3350,#3351));
#1321=EDGE_LOOP('',(#3352,#3353,#3354));
#1322=EDGE_LOOP('',(#3355,#3356,#3357,#3358));
#1323=EDGE_LOOP('',(#3359,#3360,#3361,#3362));
#1324=EDGE_LOOP('',(#3363,#3364,#3365,#3366));
#1325=EDGE_LOOP('',(#3367,#3368,#3369,#3370));
#1326=EDGE_LOOP('',(#3371,#3372,#3373,#3374));
#1327=EDGE_LOOP('',(#3375,#3376,#3377));
#1328=EDGE_LOOP('',(#3378,#3379,#3380));
#1329=EDGE_LOOP('',(#3381,#3382,#3383,#3384));
#1330=EDGE_LOOP('',(#3385,#3386,#3387));
#1331=EDGE_LOOP('',(#3388,#3389,#3390,#3391));
#1332=EDGE_LOOP('',(#3392,#3393,#3394,#3395));
#1333=EDGE_LOOP('',(#3396,#3397,#3398));
#1334=EDGE_LOOP('',(#3399,#3400,#3401,#3402));
#1335=EDGE_LOOP('',(#3403,#3404,#3405,#3406));
#1336=EDGE_LOOP('',(#3407,#3408,#3409,#3410));
#1337=EDGE_LOOP('',(#3411,#3412,#3413,#3414));
#1338=EDGE_LOOP('',(#3415,#3416,#3417,#3418));
#1339=EDGE_LOOP('',(#3419,#3420,#3421,#3422));
#1340=EDGE_LOOP('',(#3423,#3424,#3425,#3426));
#1341=EDGE_LOOP('',(#3427,#3428,#3429,#3430));
#1342=EDGE_LOOP('',(#3431,#3432,#3433,#3434));
#1343=EDGE_LOOP('',(#3435,#3436,#3437,#3438));
#1344=EDGE_LOOP('',(#3439,#3440,#3441,#3442));
#1345=EDGE_LOOP('',(#3443,#3444,#3445,#3446));
#1346=EDGE_LOOP('',(#3447,#3448,#3449,#3450));
#1347=EDGE_LOOP('',(#3451,#3452,#3453,#3454));
#1348=EDGE_LOOP('',(#3455,#3456,#3457));
#1349=EDGE_LOOP('',(#3458,#3459,#3460));
#1350=EDGE_LOOP('',(#3461,#3462,#3463,#3464));
#1351=EDGE_LOOP('',(#3465,#3466,#3467));
#1352=EDGE_LOOP('',(#3468,#3469,#3470,#3471));
#1353=EDGE_LOOP('',(#3472,#3473,#3474));
#1354=EDGE_LOOP('',(#3475,#3476,#3477,#3478));
#1355=EDGE_LOOP('',(#3479,#3480,#3481,#3482));
#1356=EDGE_LOOP('',(#3483,#3484,#3485,#3486));
#1357=EDGE_LOOP('',(#3487,#3488,#3489,#3490));
#1358=EDGE_LOOP('',(#3491,#3492,#3493,#3494));
#1359=EDGE_LOOP('',(#3495,#3496,#3497,#3498));
#1360=EDGE_LOOP('',(#3499,#3500,#3501,#3502));
#1361=CIRCLE('',#3836,4.5);
#1362=CIRCLE('',#3837,4.3);
#1363=CIRCLE('',#3839,4.5);
#1364=CIRCLE('',#3840,4.3);
#1365=CIRCLE('',#3843,4.5);
#1366=CIRCLE('',#3845,4.5);
#1367=CIRCLE('',#3848,4.5);
#1368=CIRCLE('',#3849,4.3);
#1369=CIRCLE('',#3851,4.5);
#1370=CIRCLE('',#3852,4.3);
#1371=CIRCLE('',#3855,4.5);
#1372=CIRCLE('',#3857,4.5);
#1373=CIRCLE('',#3861,51.5);
#1374=CIRCLE('',#3862,52.5);
#1375=CIRCLE('',#3865,51.5);
#1376=CIRCLE('',#3866,52.5);
#1377=CIRCLE('',#3869,51.5);
#1378=CIRCLE('',#3870,52.5);
#1379=CIRCLE('',#3873,51.5);
#1380=CIRCLE('',#3874,52.5);
#1381=CIRCLE('',#3877,52.5);
#1382=CIRCLE('',#3878,51.5);
#1383=CIRCLE('',#3881,52.5);
#1384=CIRCLE('',#3882,51.5);
#1385=CIRCLE('',#3885,52.5);
#1386=CIRCLE('',#3886,51.5);
#1387=CIRCLE('',#3889,52.5);
#1388=CIRCLE('',#3890,51.5);
#1389=CIRCLE('',#3892,52.5);
#1390=CIRCLE('',#3899,52.5);
#1391=CIRCLE('',#3906,52.5);
#1392=CIRCLE('',#3913,52.5);
#1393=CIRCLE('',#3922,51.5);
#1394=CIRCLE('',#3923,52.5);
#1395=CIRCLE('',#3926,51.5);
#1396=CIRCLE('',#3929,51.5);
#1397=CIRCLE('',#3932,51.5);
#1398=CIRCLE('',#3935,51.5);
#1399=CIRCLE('',#3938,52.5);
#1400=CIRCLE('',#3939,51.5);
#1401=CIRCLE('',#3942,52.5);
#1402=CIRCLE('',#3943,51.5);
#1403=CIRCLE('',#3946,52.5);
#1404=CIRCLE('',#3947,51.5);
#1405=CIRCLE('',#3973,1.);
#1406=CIRCLE('',#3974,0.999999999999995);
#1407=CIRCLE('',#3977,1.);
#1408=CIRCLE('',#3978,0.999999999999998);
#1409=CIRCLE('',#3981,0.999999999999998);
#1410=CIRCLE('',#3982,0.999999999999995);
#1411=CIRCLE('',#3985,0.999999999999998);
#1412=CIRCLE('',#3986,0.999999999999998);
#1413=CIRCLE('',#3991,0.500000000000002);
#1414=CIRCLE('',#3994,0.5);
#1415=CIRCLE('',#3995,0.999999999999994);
#1416=CIRCLE('',#3996,0.999999999999996);
#1417=CIRCLE('',#3999,1.00000000000001);
#1418=CIRCLE('',#4000,0.999999999999996);
#1419=CIRCLE('',#4003,0.999999999999988);
#1420=CIRCLE('',#4004,0.999999999999996);
#1421=CIRCLE('',#4007,0.999999999999996);
#1422=CIRCLE('',#4008,0.999999999999996);
#1423=CIRCLE('',#4013,0.5);
#1424=CIRCLE('',#4016,0.5);
#1425=CIRCLE('',#4017,0.999999999999998);
#1426=CIRCLE('',#4018,1.);
#1427=CIRCLE('',#4021,1.);
#1428=CIRCLE('',#4022,1.);
#1429=CIRCLE('',#4025,0.999999999999995);
#1430=CIRCLE('',#4026,0.999999999999998);
#1431=CIRCLE('',#4029,0.999999999999995);
#1432=CIRCLE('',#4030,1.);
#1433=CIRCLE('',#4035,0.499999999999996);
#1434=CIRCLE('',#4038,0.5);
#1435=CIRCLE('',#4039,1.);
#1436=CIRCLE('',#4040,0.999999999999996);
#1437=CIRCLE('',#4043,1.00000000000001);
#1438=CIRCLE('',#4044,0.999999999999996);
#1439=CIRCLE('',#4047,0.999999999999996);
#1440=CIRCLE('',#4048,0.999999999999996);
#1441=CIRCLE('',#4051,0.999999999999988);
#1442=CIRCLE('',#4052,0.999999999999996);
#1443=CIRCLE('',#4057,0.499999999999998);
#1444=CIRCLE('',#4060,0.5);
#1445=CIRCLE('',#4061,1.);
#1446=CIRCLE('',#4062,1.);
#1447=CIRCLE('',#4065,0.999999999999998);
#1448=CIRCLE('',#4066,0.999999999999992);
#1449=CIRCLE('',#4069,1.);
#1450=CIRCLE('',#4070,1.);
#1451=CIRCLE('',#4073,0.999999999999995);
#1452=CIRCLE('',#4074,0.999999999999998);
#1453=CIRCLE('',#4079,0.5);
#1454=CIRCLE('',#4082,0.499999999999996);
#1455=CIRCLE('',#4083,0.999999999999998);
#1456=CIRCLE('',#4084,0.999999999999996);
#1457=CIRCLE('',#4087,0.999999999999996);
#1458=CIRCLE('',#4088,0.999999999999996);
#1459=CIRCLE('',#4091,0.999999999999996);
#1460=CIRCLE('',#4092,0.999999999999996);
#1461=CIRCLE('',#4095,0.999999999999996);
#1462=CIRCLE('',#4096,0.999999999999996);
#1463=CIRCLE('',#4101,0.499999999999998);
#1464=CIRCLE('',#4104,0.499999999999998);
#1465=CIRCLE('',#4105,1.);
#1466=CIRCLE('',#4106,1.);
#1467=CIRCLE('',#4109,0.999999999999992);
#1468=CIRCLE('',#4110,0.999999999999998);
#1469=CIRCLE('',#4113,0.999999999999998);
#1470=CIRCLE('',#4114,0.999999999999995);
#1471=CIRCLE('',#4117,0.999999999999995);
#1472=CIRCLE('',#4118,0.999999999999998);
#1473=CIRCLE('',#4123,0.500000000000006);
#1474=CIRCLE('',#4126,0.5);
#1475=CIRCLE('',#4127,0.999999999999999);
#1476=CIRCLE('',#4128,0.999999999999996);
#1477=CIRCLE('',#4131,0.999999999999996);
#1478=CIRCLE('',#4132,0.999999999999996);
#1479=CIRCLE('',#4135,0.999999999999996);
#1480=CIRCLE('',#4136,0.999999999999996);
#1481=CIRCLE('',#4139,0.999999999999996);
#1482=CIRCLE('',#4140,0.999999999999996);
#1483=CIRCLE('',#4145,0.499999999999997);
#1484=CIRCLE('',#4148,0.500000000000001);
#1485=CIRCLE('',#4150,0.499999999999999);
#1486=CIRCLE('',#4151,0.5);
#1487=CIRCLE('',#4153,0.500000000000002);
#1488=CIRCLE('',#4154,0.5);
#1489=CIRCLE('',#4155,0.499999999999999);
#1490=CIRCLE('',#4159,0.499999999999993);
#1491=CIRCLE('',#4160,0.500000000000002);
#1492=CIRCLE('',#4163,0.499999999999998);
#1493=CIRCLE('',#4164,0.499999999999999);
#1494=CIRCLE('',#4165,0.5);
#1495=CIRCLE('',#4172,0.499999999999998);
#1496=CIRCLE('',#4173,0.499999999999998);
#1497=CIRCLE('',#4175,0.500000000000001);
#1498=CIRCLE('',#4176,0.499999999999998);
#1499=CIRCLE('',#4177,0.500000000000007);
#1500=CIRCLE('',#4181,0.499999999999989);
#1501=CIRCLE('',#4182,0.500000000000001);
#1502=CIRCLE('',#4185,0.5);
#1503=CIRCLE('',#4186,0.499999999999989);
#1504=CIRCLE('',#4187,0.499999999999998);
#1505=CIRCLE('',#4194,0.499999999999999);
#1506=CIRCLE('',#4195,0.5);
#1507=CIRCLE('',#4196,0.500000000000006);
#1508=CIRCLE('',#4198,0.500000000000002);
#1509=CIRCLE('',#4199,0.5);
#1510=CIRCLE('',#4200,0.499999999999999);
#1511=CIRCLE('',#4204,0.499999999999999);
#1512=CIRCLE('',#4205,0.500000000000002);
#1513=CIRCLE('',#4208,0.499999999999999);
#1514=CIRCLE('',#4209,0.5);
#1515=CIRCLE('',#4215,0.499999999999998);
#1516=CIRCLE('',#4216,0.499999999999998);
#1517=CIRCLE('',#4217,0.499999999999999);
#1518=CIRCLE('',#4219,0.500000000000001);
#1519=CIRCLE('',#4220,0.499999999999998);
#1520=CIRCLE('',#4221,0.500000000000007);
#1521=CIRCLE('',#4225,0.499999999999989);
#1522=CIRCLE('',#4226,0.500000000000001);
#1523=CIRCLE('',#4229,0.499999999999989);
#1524=CIRCLE('',#4230,0.499999999999998);
#1525=CIRCLE('',#4236,0.499999999999999);
#1526=CIRCLE('',#4237,0.5);
#1527=CIRCLE('',#4238,0.500000000000006);
#1528=CIRCLE('',#4240,0.500000000000002);
#1529=CIRCLE('',#4241,0.499999999999999);
#1530=CIRCLE('',#4244,0.499999999999999);
#1531=CIRCLE('',#4245,0.500000000000002);
#1532=CIRCLE('',#4246,0.5);
#1533=CIRCLE('',#4250,0.499999999999999);
#1534=CIRCLE('',#4251,0.5);
#1535=CIRCLE('',#4258,0.499999999999998);
#1536=CIRCLE('',#4259,0.499999999999998);
#1537=CIRCLE('',#4260,0.499999999999998);
#1538=CIRCLE('',#4262,0.500000000000001);
#1539=CIRCLE('',#4263,0.499999999999998);
#1540=CIRCLE('',#4266,0.499999999999998);
#1541=CIRCLE('',#4267,0.500000000000002);
#1542=CIRCLE('',#4268,0.499999999999997);
#1543=CIRCLE('',#4272,0.499999999999989);
#1544=CIRCLE('',#4273,0.499999999999998);
#1545=CIRCLE('',#4280,0.499999999999999);
#1546=CIRCLE('',#4281,0.5);
#1547=CIRCLE('',#4282,0.500000000000006);
#1548=CIRCLE('',#4284,0.500000000000002);
#1549=CIRCLE('',#4285,0.499999999999999);
#1550=CIRCLE('',#4288,0.500000000000005);
#1551=CIRCLE('',#4289,0.500000000000002);
#1552=CIRCLE('',#4290,0.5);
#1553=CIRCLE('',#4294,0.499999999999999);
#1554=CIRCLE('',#4295,0.5);
#1555=CIRCLE('',#4311,0.499999999999998);
#1556=CIRCLE('',#4312,0.499999999999999);
#1557=CIRCLE('',#4313,0.499999999999999);
#1558=CIRCLE('',#4315,0.499999999999996);
#1559=CIRCLE('',#4316,0.500000000000007);
#1560=CIRCLE('',#4317,0.500000000000001);
#1561=CIRCLE('',#4320,0.499999999999989);
#1562=CIRCLE('',#4321,0.500000000000002);
#1563=CIRCLE('',#4324,0.499999999999989);
#1564=CIRCLE('',#4325,0.499999999999998);
#1565=VERTEX_POINT('',#5579);
#1566=VERTEX_POINT('',#5581);
#1567=VERTEX_POINT('',#5584);
#1568=VERTEX_POINT('',#5586);
#1569=VERTEX_POINT('',#5591);
#1570=VERTEX_POINT('',#5595);
#1571=VERTEX_POINT('',#5600);
#1572=VERTEX_POINT('',#5602);
#1573=VERTEX_POINT('',#5605);
#1574=VERTEX_POINT('',#5607);
#1575=VERTEX_POINT('',#5612);
#1576=VERTEX_POINT('',#5616);
#1577=VERTEX_POINT('',#5621);
#1578=VERTEX_POINT('',#5622);
#1579=VERTEX_POINT('',#5624);
#1580=VERTEX_POINT('',#5637);
#1581=VERTEX_POINT('',#5652);
#1582=VERTEX_POINT('',#5654);
#1583=VERTEX_POINT('',#5669);
#1584=VERTEX_POINT('',#5671);
#1585=VERTEX_POINT('',#5686);
#1586=VERTEX_POINT('',#5688);
#1587=VERTEX_POINT('',#5703);
#1588=VERTEX_POINT('',#5705);
#1589=VERTEX_POINT('',#5720);
#1590=VERTEX_POINT('',#5722);
#1591=VERTEX_POINT('',#5737);
#1592=VERTEX_POINT('',#5739);
#1593=VERTEX_POINT('',#5754);
#1594=VERTEX_POINT('',#5756);
#1595=VERTEX_POINT('',#5771);
#1596=VERTEX_POINT('',#5773);
#1597=VERTEX_POINT('',#5788);
#1598=VERTEX_POINT('',#5790);
#1599=VERTEX_POINT('',#5805);
#1600=VERTEX_POINT('',#5807);
#1601=VERTEX_POINT('',#5822);
#1602=VERTEX_POINT('',#5824);
#1603=VERTEX_POINT('',#5839);
#1604=VERTEX_POINT('',#5841);
#1605=VERTEX_POINT('',#5856);
#1606=VERTEX_POINT('',#5858);
#1607=VERTEX_POINT('',#5873);
#1608=VERTEX_POINT('',#5875);
#1609=VERTEX_POINT('',#5893);
#1610=VERTEX_POINT('',#5895);
#1611=VERTEX_POINT('',#5899);
#1612=VERTEX_POINT('',#5902);
#1613=VERTEX_POINT('',#5903);
#1614=VERTEX_POINT('',#5905);
#1615=VERTEX_POINT('',#5907);
#1616=VERTEX_POINT('',#5909);
#1617=VERTEX_POINT('',#5911);
#1618=VERTEX_POINT('',#5913);
#1619=VERTEX_POINT('',#5915);
#1620=VERTEX_POINT('',#5919);
#1621=VERTEX_POINT('',#5923);
#1622=VERTEX_POINT('',#5926);
#1623=VERTEX_POINT('',#5927);
#1624=VERTEX_POINT('',#5929);
#1625=VERTEX_POINT('',#5931);
#1626=VERTEX_POINT('',#5933);
#1627=VERTEX_POINT('',#5935);
#1628=VERTEX_POINT('',#5937);
#1629=VERTEX_POINT('',#5939);
#1630=VERTEX_POINT('',#5943);
#1631=VERTEX_POINT('',#5947);
#1632=VERTEX_POINT('',#5950);
#1633=VERTEX_POINT('',#5951);
#1634=VERTEX_POINT('',#5953);
#1635=VERTEX_POINT('',#5955);
#1636=VERTEX_POINT('',#5957);
#1637=VERTEX_POINT('',#5959);
#1638=VERTEX_POINT('',#5961);
#1639=VERTEX_POINT('',#5963);
#1640=VERTEX_POINT('',#5967);
#1641=VERTEX_POINT('',#5971);
#1642=VERTEX_POINT('',#5974);
#1643=VERTEX_POINT('',#5975);
#1644=VERTEX_POINT('',#5977);
#1645=VERTEX_POINT('',#5979);
#1646=VERTEX_POINT('',#5981);
#1647=VERTEX_POINT('',#5983);
#1648=VERTEX_POINT('',#5985);
#1649=VERTEX_POINT('',#5987);
#1650=VERTEX_POINT('',#5992);
#1651=VERTEX_POINT('',#5993);
#1652=VERTEX_POINT('',#5995);
#1653=VERTEX_POINT('',#6008);
#1654=VERTEX_POINT('',#6023);
#1655=VERTEX_POINT('',#6039);
#1656=VERTEX_POINT('',#6054);
#1657=VERTEX_POINT('',#6069);
#1658=VERTEX_POINT('',#6084);
#1659=VERTEX_POINT('',#6099);
#1660=VERTEX_POINT('',#6114);
#1661=VERTEX_POINT('',#6129);
#1662=VERTEX_POINT('',#6144);
#1663=VERTEX_POINT('',#6159);
#1664=VERTEX_POINT('',#6161);
#1665=VERTEX_POINT('',#6176);
#1666=VERTEX_POINT('',#6178);
#1667=VERTEX_POINT('',#6193);
#1668=VERTEX_POINT('',#6195);
#1669=VERTEX_POINT('',#6210);
#1670=VERTEX_POINT('',#6212);
#1671=VERTEX_POINT('',#6227);
#1672=VERTEX_POINT('',#6229);
#1673=VERTEX_POINT('',#6248);
#1674=VERTEX_POINT('',#6249);
#1675=VERTEX_POINT('',#6251);
#1676=VERTEX_POINT('',#6253);
#1677=VERTEX_POINT('',#6255);
#1678=VERTEX_POINT('',#6257);
#1679=VERTEX_POINT('',#6259);
#1680=VERTEX_POINT('',#6261);
#1681=VERTEX_POINT('',#6268);
#1682=VERTEX_POINT('',#6269);
#1683=VERTEX_POINT('',#6271);
#1684=VERTEX_POINT('',#6273);
#1685=VERTEX_POINT('',#6275);
#1686=VERTEX_POINT('',#6277);
#1687=VERTEX_POINT('',#6279);
#1688=VERTEX_POINT('',#6281);
#1689=VERTEX_POINT('',#6288);
#1690=VERTEX_POINT('',#6289);
#1691=VERTEX_POINT('',#6291);
#1692=VERTEX_POINT('',#6293);
#1693=VERTEX_POINT('',#6295);
#1694=VERTEX_POINT('',#6297);
#1695=VERTEX_POINT('',#6299);
#1696=VERTEX_POINT('',#6301);
#1697=VERTEX_POINT('',#6308);
#1698=VERTEX_POINT('',#6309);
#1699=VERTEX_POINT('',#6311);
#1700=VERTEX_POINT('',#6313);
#1701=VERTEX_POINT('',#6315);
#1702=VERTEX_POINT('',#6317);
#1703=VERTEX_POINT('',#6319);
#1704=VERTEX_POINT('',#6321);
#1705=VERTEX_POINT('',#6351);
#1706=VERTEX_POINT('',#6353);
#1707=VERTEX_POINT('',#6357);
#1708=VERTEX_POINT('',#6385);
#1709=VERTEX_POINT('',#6389);
#1710=VERTEX_POINT('',#6417);
#1711=VERTEX_POINT('',#6421);
#1712=VERTEX_POINT('',#6449);
#1713=VERTEX_POINT('',#6455);
#1714=VERTEX_POINT('',#6457);
#1715=VERTEX_POINT('',#6461);
#1716=VERTEX_POINT('',#6465);
#1717=VERTEX_POINT('',#6469);
#1718=VERTEX_POINT('',#6497);
#1719=VERTEX_POINT('',#6499);
#1720=VERTEX_POINT('',#6503);
#1721=VERTEX_POINT('',#6531);
#1722=VERTEX_POINT('',#6535);
#1723=VERTEX_POINT('',#6563);
#1724=VERTEX_POINT('',#6567);
#1725=VERTEX_POINT('',#6595);
#1726=VERTEX_POINT('',#6601);
#1727=VERTEX_POINT('',#6603);
#1728=VERTEX_POINT('',#6607);
#1729=VERTEX_POINT('',#6611);
#1730=VERTEX_POINT('',#6615);
#1731=VERTEX_POINT('',#6643);
#1732=VERTEX_POINT('',#6645);
#1733=VERTEX_POINT('',#6649);
#1734=VERTEX_POINT('',#6677);
#1735=VERTEX_POINT('',#6681);
#1736=VERTEX_POINT('',#6709);
#1737=VERTEX_POINT('',#6713);
#1738=VERTEX_POINT('',#6741);
#1739=VERTEX_POINT('',#6747);
#1740=VERTEX_POINT('',#6749);
#1741=VERTEX_POINT('',#6753);
#1742=VERTEX_POINT('',#6757);
#1743=VERTEX_POINT('',#6761);
#1744=VERTEX_POINT('',#6789);
#1745=VERTEX_POINT('',#6791);
#1746=VERTEX_POINT('',#6795);
#1747=VERTEX_POINT('',#6823);
#1748=VERTEX_POINT('',#6827);
#1749=VERTEX_POINT('',#6855);
#1750=VERTEX_POINT('',#6859);
#1751=VERTEX_POINT('',#6887);
#1752=VERTEX_POINT('',#6893);
#1753=VERTEX_POINT('',#6895);
#1754=VERTEX_POINT('',#6899);
#1755=VERTEX_POINT('',#6903);
#1756=VERTEX_POINT('',#6907);
#1757=VERTEX_POINT('',#6935);
#1758=VERTEX_POINT('',#6937);
#1759=VERTEX_POINT('',#6941);
#1760=VERTEX_POINT('',#6969);
#1761=VERTEX_POINT('',#6973);
#1762=VERTEX_POINT('',#7001);
#1763=VERTEX_POINT('',#7005);
#1764=VERTEX_POINT('',#7033);
#1765=VERTEX_POINT('',#7039);
#1766=VERTEX_POINT('',#7041);
#1767=VERTEX_POINT('',#7045);
#1768=VERTEX_POINT('',#7049);
#1769=VERTEX_POINT('',#7053);
#1770=VERTEX_POINT('',#7081);
#1771=VERTEX_POINT('',#7083);
#1772=VERTEX_POINT('',#7087);
#1773=VERTEX_POINT('',#7115);
#1774=VERTEX_POINT('',#7119);
#1775=VERTEX_POINT('',#7147);
#1776=VERTEX_POINT('',#7151);
#1777=VERTEX_POINT('',#7179);
#1778=VERTEX_POINT('',#7185);
#1779=VERTEX_POINT('',#7187);
#1780=VERTEX_POINT('',#7191);
#1781=VERTEX_POINT('',#7195);
#1782=VERTEX_POINT('',#7199);
#1783=VERTEX_POINT('',#7227);
#1784=VERTEX_POINT('',#7229);
#1785=VERTEX_POINT('',#7233);
#1786=VERTEX_POINT('',#7261);
#1787=VERTEX_POINT('',#7265);
#1788=VERTEX_POINT('',#7293);
#1789=VERTEX_POINT('',#7297);
#1790=VERTEX_POINT('',#7325);
#1791=VERTEX_POINT('',#7331);
#1792=VERTEX_POINT('',#7333);
#1793=VERTEX_POINT('',#7337);
#1794=VERTEX_POINT('',#7341);
#1795=VERTEX_POINT('',#7345);
#1796=VERTEX_POINT('',#7373);
#1797=VERTEX_POINT('',#7375);
#1798=VERTEX_POINT('',#7379);
#1799=VERTEX_POINT('',#7407);
#1800=VERTEX_POINT('',#7411);
#1801=VERTEX_POINT('',#7439);
#1802=VERTEX_POINT('',#7443);
#1803=VERTEX_POINT('',#7471);
#1804=VERTEX_POINT('',#7477);
#1805=VERTEX_POINT('',#7479);
#1806=VERTEX_POINT('',#7483);
#1807=VERTEX_POINT('',#7487);
#1808=VERTEX_POINT('',#7491);
#1809=VERTEX_POINT('',#7495);
#1810=VERTEX_POINT('',#7499);
#1811=VERTEX_POINT('',#7500);
#1812=VERTEX_POINT('',#7509);
#1813=VERTEX_POINT('',#7515);
#1814=VERTEX_POINT('',#7516);
#1815=VERTEX_POINT('',#7518);
#1816=VERTEX_POINT('',#7533);
#1817=VERTEX_POINT('',#7537);
#1818=VERTEX_POINT('',#7538);
#1819=VERTEX_POINT('',#7547);
#1820=VERTEX_POINT('',#7553);
#1821=VERTEX_POINT('',#7554);
#1822=VERTEX_POINT('',#7556);
#1823=VERTEX_POINT('',#7571);
#1824=VERTEX_POINT('',#7573);
#1825=VERTEX_POINT('',#7577);
#1826=VERTEX_POINT('',#7578);
#1827=VERTEX_POINT('',#7580);
#1828=VERTEX_POINT('',#7590);
#1829=VERTEX_POINT('',#7596);
#1830=VERTEX_POINT('',#7608);
#1831=VERTEX_POINT('',#7610);
#1832=VERTEX_POINT('',#7614);
#1833=VERTEX_POINT('',#7615);
#1834=VERTEX_POINT('',#7617);
#1835=VERTEX_POINT('',#7627);
#1836=VERTEX_POINT('',#7633);
#1837=VERTEX_POINT('',#7645);
#1838=VERTEX_POINT('',#7646);
#1839=VERTEX_POINT('',#7648);
#1840=VERTEX_POINT('',#7652);
#1841=VERTEX_POINT('',#7659);
#1842=VERTEX_POINT('',#7661);
#1843=VERTEX_POINT('',#7670);
#1844=VERTEX_POINT('',#7683);
#1845=VERTEX_POINT('',#7684);
#1846=VERTEX_POINT('',#7686);
#1847=VERTEX_POINT('',#7690);
#1848=VERTEX_POINT('',#7697);
#1849=VERTEX_POINT('',#7699);
#1850=VERTEX_POINT('',#7708);
#1851=VERTEX_POINT('',#7721);
#1852=VERTEX_POINT('',#7722);
#1853=VERTEX_POINT('',#7724);
#1854=VERTEX_POINT('',#7728);
#1855=VERTEX_POINT('',#7735);
#1856=VERTEX_POINT('',#7737);
#1857=VERTEX_POINT('',#7746);
#1858=VERTEX_POINT('',#7768);
#1859=VERTEX_POINT('',#7770);
#1860=VERTEX_POINT('',#7774);
#1861=VERTEX_POINT('',#7775);
#1862=VERTEX_POINT('',#7777);
#1863=VERTEX_POINT('',#7784);
#1864=VERTEX_POINT('',#7790);
#1865=EDGE_CURVE('',#1565,#1565,#1361,.T.);
#1866=EDGE_CURVE('',#1566,#1566,#1362,.T.);
#1867=EDGE_CURVE('',#1567,#1567,#1363,.T.);
#1868=EDGE_CURVE('',#1568,#1568,#1364,.T.);
#1869=EDGE_CURVE('',#1566,#1568,#191,.T.);
#1870=EDGE_CURVE('',#1569,#1569,#1365,.T.);
#1871=EDGE_CURVE('',#1569,#1567,#192,.T.);
#1872=EDGE_CURVE('',#1565,#1570,#193,.T.);
#1873=EDGE_CURVE('',#1570,#1570,#1366,.T.);
#1874=EDGE_CURVE('',#1571,#1571,#1367,.T.);
#1875=EDGE_CURVE('',#1572,#1572,#1368,.T.);
#1876=EDGE_CURVE('',#1573,#1573,#1369,.T.);
#1877=EDGE_CURVE('',#1574,#1574,#1370,.T.);
#1878=EDGE_CURVE('',#1572,#1574,#194,.T.);
#1879=EDGE_CURVE('',#1575,#1575,#1371,.T.);
#1880=EDGE_CURVE('',#1575,#1573,#195,.T.);
#1881=EDGE_CURVE('',#1571,#1576,#196,.T.);
#1882=EDGE_CURVE('',#1576,#1576,#1372,.T.);
#1883=EDGE_CURVE('',#1577,#1578,#197,.T.);
#1884=EDGE_CURVE('',#1578,#1579,#159,.T.);
#1885=EDGE_CURVE('',#1579,#1580,#198,.T.);
#1886=EDGE_CURVE('',#1577,#1580,#160,.T.);
#1887=EDGE_CURVE('',#1578,#1581,#1373,.T.);
#1888=EDGE_CURVE('',#1581,#1582,#161,.T.);
#1889=EDGE_CURVE('',#1582,#1579,#1374,.T.);
#1890=EDGE_CURVE('',#1581,#1583,#199,.T.);
#1891=EDGE_CURVE('',#1583,#1584,#162,.T.);
#1892=EDGE_CURVE('',#1584,#1582,#200,.T.);
#1893=EDGE_CURVE('',#1583,#1585,#1375,.T.);
#1894=EDGE_CURVE('',#1585,#1586,#163,.T.);
#1895=EDGE_CURVE('',#1586,#1584,#1376,.T.);
#1896=EDGE_CURVE('',#1585,#1587,#201,.T.);
#1897=EDGE_CURVE('',#1587,#1588,#164,.T.);
#1898=EDGE_CURVE('',#1588,#1586,#202,.T.);
#1899=EDGE_CURVE('',#1587,#1589,#1377,.T.);
#1900=EDGE_CURVE('',#1589,#1590,#165,.T.);
#1901=EDGE_CURVE('',#1590,#1588,#1378,.T.);
#1902=EDGE_CURVE('',#1589,#1591,#203,.T.);
#1903=EDGE_CURVE('',#1591,#1592,#166,.T.);
#1904=EDGE_CURVE('',#1592,#1590,#204,.T.);
#1905=EDGE_CURVE('',#1591,#1593,#1379,.T.);
#1906=EDGE_CURVE('',#1593,#1594,#167,.T.);
#1907=EDGE_CURVE('',#1594,#1592,#1380,.T.);
#1908=EDGE_CURVE('',#1593,#1595,#205,.T.);
#1909=EDGE_CURVE('',#1595,#1596,#168,.T.);
#1910=EDGE_CURVE('',#1596,#1594,#206,.T.);
#1911=EDGE_CURVE('',#1597,#1596,#1381,.T.);
#1912=EDGE_CURVE('',#1595,#1598,#1382,.T.);
#1913=EDGE_CURVE('',#1598,#1597,#169,.T.);
#1914=EDGE_CURVE('',#1599,#1597,#207,.T.);
#1915=EDGE_CURVE('',#1598,#1600,#208,.T.);
#1916=EDGE_CURVE('',#1600,#1599,#170,.T.);
#1917=EDGE_CURVE('',#1601,#1599,#1383,.T.);
#1918=EDGE_CURVE('',#1600,#1602,#1384,.T.);
#1919=EDGE_CURVE('',#1602,#1601,#171,.T.);
#1920=EDGE_CURVE('',#1603,#1601,#209,.T.);
#1921=EDGE_CURVE('',#1602,#1604,#210,.T.);
#1922=EDGE_CURVE('',#1604,#1603,#172,.T.);
#1923=EDGE_CURVE('',#1605,#1603,#1385,.T.);
#1924=EDGE_CURVE('',#1604,#1606,#1386,.T.);
#1925=EDGE_CURVE('',#1606,#1605,#173,.T.);
#1926=EDGE_CURVE('',#1607,#1605,#211,.T.);
#1927=EDGE_CURVE('',#1606,#1608,#212,.T.);
#1928=EDGE_CURVE('',#1608,#1607,#174,.T.);
#1929=EDGE_CURVE('',#1580,#1607,#1387,.T.);
#1930=EDGE_CURVE('',#1608,#1577,#1388,.T.);
#1931=EDGE_CURVE('',#1609,#1597,#213,.T.);
#1932=EDGE_CURVE('',#1610,#1609,#1389,.T.);
#1933=EDGE_CURVE('',#1596,#1610,#214,.T.);
#1934=EDGE_CURVE('',#1599,#1611,#215,.T.);
#1935=EDGE_CURVE('',#1609,#1611,#216,.T.);
#1936=EDGE_CURVE('',#1612,#1613,#79,.T.);
#1937=EDGE_CURVE('',#1614,#1612,#217,.T.);
#1938=EDGE_CURVE('',#1615,#1614,#80,.T.);
#1939=EDGE_CURVE('',#1616,#1615,#218,.T.);
#1940=EDGE_CURVE('',#1617,#1616,#81,.T.);
#1941=EDGE_CURVE('',#1618,#1617,#219,.T.);
#1942=EDGE_CURVE('',#1619,#1618,#82,.T.);
#1943=EDGE_CURVE('',#1613,#1619,#220,.T.);
#1944=EDGE_CURVE('',#1620,#1601,#221,.T.);
#1945=EDGE_CURVE('',#1611,#1620,#1390,.T.);
#1946=EDGE_CURVE('',#1603,#1621,#222,.T.);
#1947=EDGE_CURVE('',#1620,#1621,#223,.T.);
#1948=EDGE_CURVE('',#1622,#1623,#83,.T.);
#1949=EDGE_CURVE('',#1624,#1622,#224,.T.);
#1950=EDGE_CURVE('',#1625,#1624,#84,.T.);
#1951=EDGE_CURVE('',#1626,#1625,#225,.T.);
#1952=EDGE_CURVE('',#1627,#1626,#85,.T.);
#1953=EDGE_CURVE('',#1628,#1627,#226,.T.);
#1954=EDGE_CURVE('',#1629,#1628,#86,.T.);
#1955=EDGE_CURVE('',#1623,#1629,#227,.T.);
#1956=EDGE_CURVE('',#1630,#1605,#228,.T.);
#1957=EDGE_CURVE('',#1621,#1630,#1391,.T.);
#1958=EDGE_CURVE('',#1607,#1631,#229,.T.);
#1959=EDGE_CURVE('',#1630,#1631,#230,.T.);
#1960=EDGE_CURVE('',#1632,#1633,#87,.T.);
#1961=EDGE_CURVE('',#1634,#1632,#231,.T.);
#1962=EDGE_CURVE('',#1635,#1634,#88,.T.);
#1963=EDGE_CURVE('',#1636,#1635,#232,.T.);
#1964=EDGE_CURVE('',#1637,#1636,#89,.T.);
#1965=EDGE_CURVE('',#1638,#1637,#233,.T.);
#1966=EDGE_CURVE('',#1639,#1638,#90,.T.);
#1967=EDGE_CURVE('',#1633,#1639,#234,.T.);
#1968=EDGE_CURVE('',#1640,#1580,#235,.T.);
#1969=EDGE_CURVE('',#1631,#1640,#1392,.T.);
#1970=EDGE_CURVE('',#1579,#1641,#236,.T.);
#1971=EDGE_CURVE('',#1640,#1641,#237,.T.);
#1972=EDGE_CURVE('',#1642,#1643,#91,.T.);
#1973=EDGE_CURVE('',#1644,#1642,#238,.T.);
#1974=EDGE_CURVE('',#1645,#1644,#92,.T.);
#1975=EDGE_CURVE('',#1646,#1645,#239,.T.);
#1976=EDGE_CURVE('',#1647,#1646,#93,.T.);
#1977=EDGE_CURVE('',#1648,#1647,#240,.T.);
#1978=EDGE_CURVE('',#1649,#1648,#94,.T.);
#1979=EDGE_CURVE('',#1643,#1649,#241,.T.);
#1980=EDGE_CURVE('',#1650,#1651,#242,.T.);
#1981=EDGE_CURVE('',#1651,#1652,#175,.T.);
#1982=EDGE_CURVE('',#1652,#1653,#243,.T.);
#1983=EDGE_CURVE('',#1650,#1653,#176,.T.);
#1984=EDGE_CURVE('',#1651,#1654,#1393,.T.);
#1985=EDGE_CURVE('',#1654,#1641,#177,.T.);
#1986=EDGE_CURVE('',#1641,#1652,#1394,.T.);
#1987=EDGE_CURVE('',#1654,#1655,#244,.T.);
#1988=EDGE_CURVE('',#1655,#1640,#178,.T.);
#1989=EDGE_CURVE('',#1655,#1656,#1395,.T.);
#1990=EDGE_CURVE('',#1656,#1631,#179,.T.);
#1991=EDGE_CURVE('',#1656,#1657,#245,.T.);
#1992=EDGE_CURVE('',#1657,#1630,#180,.T.);
#1993=EDGE_CURVE('',#1657,#1658,#1396,.T.);
#1994=EDGE_CURVE('',#1658,#1621,#181,.T.);
#1995=EDGE_CURVE('',#1658,#1659,#246,.T.);
#1996=EDGE_CURVE('',#1659,#1620,#182,.T.);
#1997=EDGE_CURVE('',#1659,#1660,#1397,.T.);
#1998=EDGE_CURVE('',#1660,#1611,#183,.T.);
#1999=EDGE_CURVE('',#1660,#1661,#247,.T.);
#2000=EDGE_CURVE('',#1661,#1609,#184,.T.);
#2001=EDGE_CURVE('',#1661,#1662,#1398,.T.);
#2002=EDGE_CURVE('',#1662,#1610,#185,.T.);
#2003=EDGE_CURVE('',#1663,#1610,#248,.T.);
#2004=EDGE_CURVE('',#1662,#1664,#249,.T.);
#2005=EDGE_CURVE('',#1664,#1663,#186,.T.);
#2006=EDGE_CURVE('',#1665,#1663,#1399,.T.);
#2007=EDGE_CURVE('',#1664,#1666,#1400,.T.);
#2008=EDGE_CURVE('',#1666,#1665,#187,.T.);
#2009=EDGE_CURVE('',#1667,#1665,#250,.T.);
#2010=EDGE_CURVE('',#1666,#1668,#251,.T.);
#2011=EDGE_CURVE('',#1668,#1667,#188,.T.);
#2012=EDGE_CURVE('',#1669,#1667,#1401,.T.);
#2013=EDGE_CURVE('',#1668,#1670,#1402,.T.);
#2014=EDGE_CURVE('',#1670,#1669,#189,.T.);
#2015=EDGE_CURVE('',#1671,#1669,#252,.T.);
#2016=EDGE_CURVE('',#1670,#1672,#253,.T.);
#2017=EDGE_CURVE('',#1672,#1671,#190,.T.);
#2018=EDGE_CURVE('',#1653,#1671,#1403,.T.);
#2019=EDGE_CURVE('',#1672,#1650,#1404,.T.);
#2020=EDGE_CURVE('',#1663,#1594,#254,.T.);
#2021=EDGE_CURVE('',#1673,#1674,#95,.T.);
#2022=EDGE_CURVE('',#1675,#1673,#255,.T.);
#2023=EDGE_CURVE('',#1676,#1675,#96,.T.);
#2024=EDGE_CURVE('',#1677,#1676,#256,.T.);
#2025=EDGE_CURVE('',#1678,#1677,#97,.T.);
#2026=EDGE_CURVE('',#1679,#1678,#257,.T.);
#2027=EDGE_CURVE('',#1680,#1679,#98,.T.);
#2028=EDGE_CURVE('',#1674,#1680,#258,.T.);
#2029=EDGE_CURVE('',#1592,#1665,#259,.T.);
#2030=EDGE_CURVE('',#1667,#1590,#260,.T.);
#2031=EDGE_CURVE('',#1681,#1682,#99,.T.);
#2032=EDGE_CURVE('',#1683,#1681,#261,.T.);
#2033=EDGE_CURVE('',#1684,#1683,#100,.T.);
#2034=EDGE_CURVE('',#1685,#1684,#262,.T.);
#2035=EDGE_CURVE('',#1686,#1685,#101,.T.);
#2036=EDGE_CURVE('',#1687,#1686,#263,.T.);
#2037=EDGE_CURVE('',#1688,#1687,#102,.T.);
#2038=EDGE_CURVE('',#1682,#1688,#264,.T.);
#2039=EDGE_CURVE('',#1588,#1669,#265,.T.);
#2040=EDGE_CURVE('',#1671,#1586,#266,.T.);
#2041=EDGE_CURVE('',#1689,#1690,#103,.T.);
#2042=EDGE_CURVE('',#1691,#1689,#267,.T.);
#2043=EDGE_CURVE('',#1692,#1691,#104,.T.);
#2044=EDGE_CURVE('',#1693,#1692,#268,.T.);
#2045=EDGE_CURVE('',#1694,#1693,#105,.T.);
#2046=EDGE_CURVE('',#1695,#1694,#269,.T.);
#2047=EDGE_CURVE('',#1696,#1695,#106,.T.);
#2048=EDGE_CURVE('',#1690,#1696,#270,.T.);
#2049=EDGE_CURVE('',#1584,#1653,#271,.T.);
#2050=EDGE_CURVE('',#1652,#1582,#272,.T.);
#2051=EDGE_CURVE('',#1697,#1698,#107,.T.);
#2052=EDGE_CURVE('',#1699,#1697,#273,.T.);
#2053=EDGE_CURVE('',#1700,#1699,#108,.T.);
#2054=EDGE_CURVE('',#1701,#1700,#274,.T.);
#2055=EDGE_CURVE('',#1702,#1701,#109,.T.);
#2056=EDGE_CURVE('',#1703,#1702,#275,.T.);
#2057=EDGE_CURVE('',#1704,#1703,#110,.T.);
#2058=EDGE_CURVE('',#1698,#1704,#276,.T.);
#2059=EDGE_CURVE('',#1705,#1622,#1405,.T.);
#2060=EDGE_CURVE('',#1623,#1706,#1406,.T.);
#2061=EDGE_CURVE('',#1706,#1705,#111,.T.);
#2062=EDGE_CURVE('',#1629,#1707,#1407,.T.);
#2063=EDGE_CURVE('',#1707,#1706,#277,.T.);
#2064=EDGE_CURVE('',#1628,#1708,#1408,.T.);
#2065=EDGE_CURVE('',#1708,#1707,#112,.T.);
#2066=EDGE_CURVE('',#1627,#1709,#1409,.T.);
#2067=EDGE_CURVE('',#1709,#1708,#278,.T.);
#2068=EDGE_CURVE('',#1626,#1710,#1410,.T.);
#2069=EDGE_CURVE('',#1710,#1709,#113,.T.);
#2070=EDGE_CURVE('',#1625,#1711,#1411,.T.);
#2071=EDGE_CURVE('',#1711,#1710,#279,.T.);
#2072=EDGE_CURVE('',#1624,#1712,#1412,.T.);
#2073=EDGE_CURVE('',#1712,#1711,#114,.T.);
#2074=EDGE_CURVE('',#1705,#1712,#280,.T.);
#2075=EDGE_CURVE('',#1713,#1711,#281,.T.);
#2076=EDGE_CURVE('',#1714,#1713,#282,.T.);
#2077=EDGE_CURVE('',#1710,#1714,#283,.T.);
#2078=EDGE_CURVE('',#1712,#1715,#284,.T.);
#2079=EDGE_CURVE('',#1715,#1713,#1413,.F.);
#2080=EDGE_CURVE('',#1716,#1705,#285,.T.);
#2081=EDGE_CURVE('',#1715,#1716,#286,.T.);
#2082=EDGE_CURVE('',#1706,#1717,#287,.T.);
#2083=EDGE_CURVE('',#1717,#1716,#1414,.F.);
#2084=EDGE_CURVE('',#1718,#1632,#1415,.T.);
#2085=EDGE_CURVE('',#1633,#1719,#1416,.T.);
#2086=EDGE_CURVE('',#1719,#1718,#115,.T.);
#2087=EDGE_CURVE('',#1639,#1720,#1417,.T.);
#2088=EDGE_CURVE('',#1720,#1719,#288,.T.);
#2089=EDGE_CURVE('',#1638,#1721,#1418,.T.);
#2090=EDGE_CURVE('',#1721,#1720,#116,.T.);
#2091=EDGE_CURVE('',#1637,#1722,#1419,.T.);
#2092=EDGE_CURVE('',#1722,#1721,#289,.T.);
#2093=EDGE_CURVE('',#1636,#1723,#1420,.T.);
#2094=EDGE_CURVE('',#1723,#1722,#117,.T.);
#2095=EDGE_CURVE('',#1635,#1724,#1421,.T.);
#2096=EDGE_CURVE('',#1724,#1723,#290,.T.);
#2097=EDGE_CURVE('',#1634,#1725,#1422,.T.);
#2098=EDGE_CURVE('',#1725,#1724,#118,.T.);
#2099=EDGE_CURVE('',#1718,#1725,#291,.T.);
#2100=EDGE_CURVE('',#1726,#1724,#292,.T.);
#2101=EDGE_CURVE('',#1727,#1726,#293,.T.);
#2102=EDGE_CURVE('',#1723,#1727,#294,.T.);
#2103=EDGE_CURVE('',#1725,#1728,#295,.T.);
#2104=EDGE_CURVE('',#1728,#1726,#1423,.F.);
#2105=EDGE_CURVE('',#1729,#1718,#296,.T.);
#2106=EDGE_CURVE('',#1728,#1729,#297,.T.);
#2107=EDGE_CURVE('',#1719,#1730,#298,.T.);
#2108=EDGE_CURVE('',#1730,#1729,#1424,.F.);
#2109=EDGE_CURVE('',#1731,#1642,#1425,.T.);
#2110=EDGE_CURVE('',#1643,#1732,#1426,.T.);
#2111=EDGE_CURVE('',#1732,#1731,#119,.T.);
#2112=EDGE_CURVE('',#1649,#1733,#1427,.T.);
#2113=EDGE_CURVE('',#1733,#1732,#299,.T.);
#2114=EDGE_CURVE('',#1648,#1734,#1428,.T.);
#2115=EDGE_CURVE('',#1734,#1733,#120,.T.);
#2116=EDGE_CURVE('',#1647,#1735,#1429,.T.);
#2117=EDGE_CURVE('',#1735,#1734,#300,.T.);
#2118=EDGE_CURVE('',#1646,#1736,#1430,.T.);
#2119=EDGE_CURVE('',#1736,#1735,#121,.T.);
#2120=EDGE_CURVE('',#1645,#1737,#1431,.T.);
#2121=EDGE_CURVE('',#1737,#1736,#301,.T.);
#2122=EDGE_CURVE('',#1644,#1738,#1432,.T.);
#2123=EDGE_CURVE('',#1738,#1737,#122,.T.);
#2124=EDGE_CURVE('',#1731,#1738,#302,.T.);
#2125=EDGE_CURVE('',#1739,#1737,#303,.T.);
#2126=EDGE_CURVE('',#1740,#1739,#304,.T.);
#2127=EDGE_CURVE('',#1736,#1740,#305,.T.);
#2128=EDGE_CURVE('',#1738,#1741,#306,.T.);
#2129=EDGE_CURVE('',#1741,#1739,#1433,.F.);
#2130=EDGE_CURVE('',#1742,#1731,#307,.T.);
#2131=EDGE_CURVE('',#1741,#1742,#308,.T.);
#2132=EDGE_CURVE('',#1732,#1743,#309,.T.);
#2133=EDGE_CURVE('',#1743,#1742,#1434,.F.);
#2134=EDGE_CURVE('',#1744,#1697,#1435,.T.);
#2135=EDGE_CURVE('',#1698,#1745,#1436,.T.);
#2136=EDGE_CURVE('',#1745,#1744,#123,.T.);
#2137=EDGE_CURVE('',#1704,#1746,#1437,.T.);
#2138=EDGE_CURVE('',#1746,#1745,#310,.T.);
#2139=EDGE_CURVE('',#1703,#1747,#1438,.T.);
#2140=EDGE_CURVE('',#1747,#1746,#124,.T.);
#2141=EDGE_CURVE('',#1702,#1748,#1439,.T.);
#2142=EDGE_CURVE('',#1748,#1747,#311,.T.);
#2143=EDGE_CURVE('',#1701,#1749,#1440,.T.);
#2144=EDGE_CURVE('',#1749,#1748,#125,.T.);
#2145=EDGE_CURVE('',#1700,#1750,#1441,.T.);
#2146=EDGE_CURVE('',#1750,#1749,#312,.T.);
#2147=EDGE_CURVE('',#1699,#1751,#1442,.T.);
#2148=EDGE_CURVE('',#1751,#1750,#126,.T.);
#2149=EDGE_CURVE('',#1744,#1751,#313,.T.);
#2150=EDGE_CURVE('',#1752,#1750,#314,.T.);
#2151=EDGE_CURVE('',#1753,#1752,#315,.T.);
#2152=EDGE_CURVE('',#1749,#1753,#316,.T.);
#2153=EDGE_CURVE('',#1751,#1754,#317,.T.);
#2154=EDGE_CURVE('',#1754,#1752,#1443,.F.);
#2155=EDGE_CURVE('',#1755,#1744,#318,.T.);
#2156=EDGE_CURVE('',#1754,#1755,#319,.T.);
#2157=EDGE_CURVE('',#1745,#1756,#320,.T.);
#2158=EDGE_CURVE('',#1756,#1755,#1444,.F.);
#2159=EDGE_CURVE('',#1757,#1689,#1445,.T.);
#2160=EDGE_CURVE('',#1690,#1758,#1446,.T.);
#2161=EDGE_CURVE('',#1758,#1757,#127,.T.);
#2162=EDGE_CURVE('',#1696,#1759,#1447,.T.);
#2163=EDGE_CURVE('',#1759,#1758,#321,.T.);
#2164=EDGE_CURVE('',#1695,#1760,#1448,.T.);
#2165=EDGE_CURVE('',#1760,#1759,#128,.T.);
#2166=EDGE_CURVE('',#1694,#1761,#1449,.T.);
#2167=EDGE_CURVE('',#1761,#1760,#322,.T.);
#2168=EDGE_CURVE('',#1693,#1762,#1450,.T.);
#2169=EDGE_CURVE('',#1762,#1761,#129,.T.);
#2170=EDGE_CURVE('',#1692,#1763,#1451,.T.);
#2171=EDGE_CURVE('',#1763,#1762,#323,.T.);
#2172=EDGE_CURVE('',#1691,#1764,#1452,.T.);
#2173=EDGE_CURVE('',#1764,#1763,#130,.T.);
#2174=EDGE_CURVE('',#1757,#1764,#324,.T.);
#2175=EDGE_CURVE('',#1765,#1763,#325,.T.);
#2176=EDGE_CURVE('',#1766,#1765,#326,.T.);
#2177=EDGE_CURVE('',#1762,#1766,#327,.T.);
#2178=EDGE_CURVE('',#1764,#1767,#328,.T.);
#2179=EDGE_CURVE('',#1767,#1765,#1453,.F.);
#2180=EDGE_CURVE('',#1768,#1757,#329,.T.);
#2181=EDGE_CURVE('',#1767,#1768,#330,.T.);
#2182=EDGE_CURVE('',#1758,#1769,#331,.T.);
#2183=EDGE_CURVE('',#1769,#1768,#1454,.F.);
#2184=EDGE_CURVE('',#1770,#1681,#1455,.T.);
#2185=EDGE_CURVE('',#1682,#1771,#1456,.T.);
#2186=EDGE_CURVE('',#1771,#1770,#131,.T.);
#2187=EDGE_CURVE('',#1688,#1772,#1457,.T.);
#2188=EDGE_CURVE('',#1772,#1771,#332,.T.);
#2189=EDGE_CURVE('',#1687,#1773,#1458,.T.);
#2190=EDGE_CURVE('',#1773,#1772,#132,.T.);
#2191=EDGE_CURVE('',#1686,#1774,#1459,.T.);
#2192=EDGE_CURVE('',#1774,#1773,#333,.T.);
#2193=EDGE_CURVE('',#1685,#1775,#1460,.T.);
#2194=EDGE_CURVE('',#1775,#1774,#133,.T.);
#2195=EDGE_CURVE('',#1684,#1776,#1461,.T.);
#2196=EDGE_CURVE('',#1776,#1775,#334,.T.);
#2197=EDGE_CURVE('',#1683,#1777,#1462,.T.);
#2198=EDGE_CURVE('',#1777,#1776,#134,.T.);
#2199=EDGE_CURVE('',#1770,#1777,#335,.T.);
#2200=EDGE_CURVE('',#1778,#1776,#336,.T.);
#2201=EDGE_CURVE('',#1779,#1778,#337,.T.);
#2202=EDGE_CURVE('',#1775,#1779,#338,.T.);
#2203=EDGE_CURVE('',#1777,#1780,#339,.T.);
#2204=EDGE_CURVE('',#1780,#1778,#1463,.F.);
#2205=EDGE_CURVE('',#1781,#1770,#340,.T.);
#2206=EDGE_CURVE('',#1780,#1781,#341,.T.);
#2207=EDGE_CURVE('',#1771,#1782,#342,.T.);
#2208=EDGE_CURVE('',#1782,#1781,#1464,.F.);
#2209=EDGE_CURVE('',#1783,#1673,#1465,.T.);
#2210=EDGE_CURVE('',#1674,#1784,#1466,.T.);
#2211=EDGE_CURVE('',#1784,#1783,#135,.T.);
#2212=EDGE_CURVE('',#1680,#1785,#1467,.T.);
#2213=EDGE_CURVE('',#1785,#1784,#343,.T.);
#2214=EDGE_CURVE('',#1679,#1786,#1468,.T.);
#2215=EDGE_CURVE('',#1786,#1785,#136,.T.);
#2216=EDGE_CURVE('',#1678,#1787,#1469,.T.);
#2217=EDGE_CURVE('',#1787,#1786,#344,.T.);
#2218=EDGE_CURVE('',#1677,#1788,#1470,.T.);
#2219=EDGE_CURVE('',#1788,#1787,#137,.T.);
#2220=EDGE_CURVE('',#1676,#1789,#1471,.T.);
#2221=EDGE_CURVE('',#1789,#1788,#345,.T.);
#2222=EDGE_CURVE('',#1675,#1790,#1472,.T.);
#2223=EDGE_CURVE('',#1790,#1789,#138,.T.);
#2224=EDGE_CURVE('',#1783,#1790,#346,.T.);
#2225=EDGE_CURVE('',#1791,#1789,#347,.T.);
#2226=EDGE_CURVE('',#1792,#1791,#348,.T.);
#2227=EDGE_CURVE('',#1788,#1792,#349,.T.);
#2228=EDGE_CURVE('',#1790,#1793,#350,.T.);
#2229=EDGE_CURVE('',#1793,#1791,#1473,.F.);
#2230=EDGE_CURVE('',#1794,#1783,#351,.T.);
#2231=EDGE_CURVE('',#1793,#1794,#352,.T.);
#2232=EDGE_CURVE('',#1784,#1795,#353,.T.);
#2233=EDGE_CURVE('',#1795,#1794,#1474,.F.);
#2234=EDGE_CURVE('',#1796,#1612,#1475,.T.);
#2235=EDGE_CURVE('',#1613,#1797,#1476,.T.);
#2236=EDGE_CURVE('',#1797,#1796,#139,.T.);
#2237=EDGE_CURVE('',#1619,#1798,#1477,.T.);
#2238=EDGE_CURVE('',#1798,#1797,#354,.T.);
#2239=EDGE_CURVE('',#1618,#1799,#1478,.T.);
#2240=EDGE_CURVE('',#1799,#1798,#140,.T.);
#2241=EDGE_CURVE('',#1617,#1800,#1479,.T.);
#2242=EDGE_CURVE('',#1800,#1799,#355,.T.);
#2243=EDGE_CURVE('',#1616,#1801,#1480,.T.);
#2244=EDGE_CURVE('',#1801,#1800,#141,.T.);
#2245=EDGE_CURVE('',#1615,#1802,#1481,.T.);
#2246=EDGE_CURVE('',#1802,#1801,#356,.T.);
#2247=EDGE_CURVE('',#1614,#1803,#1482,.T.);
#2248=EDGE_CURVE('',#1803,#1802,#142,.T.);
#2249=EDGE_CURVE('',#1796,#1803,#357,.T.);
#2250=EDGE_CURVE('',#1804,#1802,#358,.T.);
#2251=EDGE_CURVE('',#1805,#1804,#359,.T.);
#2252=EDGE_CURVE('',#1801,#1805,#360,.T.);
#2253=EDGE_CURVE('',#1803,#1806,#361,.T.);
#2254=EDGE_CURVE('',#1806,#1804,#1483,.F.);
#2255=EDGE_CURVE('',#1807,#1796,#362,.T.);
#2256=EDGE_CURVE('',#1806,#1807,#363,.T.);
#2257=EDGE_CURVE('',#1797,#1808,#364,.T.);
#2258=EDGE_CURVE('',#1808,#1807,#1484,.F.);
#2259=EDGE_CURVE('',#1809,#1793,#1485,.F.);
#2260=EDGE_CURVE('',#1791,#1809,#1486,.F.);
#2261=EDGE_CURVE('',#1810,#1811,#1487,.F.);
#2262=EDGE_CURVE('',#1792,#1810,#1488,.F.);
#2263=EDGE_CURVE('',#1811,#1792,#1489,.F.);
#2264=EDGE_CURVE('',#1810,#1787,#365,.T.);
#2265=EDGE_CURVE('',#1809,#1811,#366,.T.);
#2266=EDGE_CURVE('',#1812,#1795,#1490,.F.);
#2267=EDGE_CURVE('',#1794,#1812,#1491,.F.);
#2268=EDGE_CURVE('',#1812,#1809,#367,.T.);
#2269=EDGE_CURVE('',#1813,#1814,#1492,.F.);
#2270=EDGE_CURVE('',#1815,#1813,#1493,.F.);
#2271=EDGE_CURVE('',#1814,#1815,#1494,.F.);
#2272=EDGE_CURVE('',#1811,#1815,#368,.T.);
#2273=EDGE_CURVE('',#1813,#1810,#369,.T.);
#2274=EDGE_CURVE('',#1815,#1812,#370,.T.);
#2275=EDGE_CURVE('',#1795,#1814,#371,.T.);
#2276=EDGE_CURVE('',#1786,#1813,#372,.T.);
#2277=EDGE_CURVE('',#1814,#1785,#373,.T.);
#2278=EDGE_CURVE('',#1816,#1780,#1495,.F.);
#2279=EDGE_CURVE('',#1778,#1816,#1496,.F.);
#2280=EDGE_CURVE('',#1817,#1818,#1497,.F.);
#2281=EDGE_CURVE('',#1779,#1817,#1498,.F.);
#2282=EDGE_CURVE('',#1818,#1779,#1499,.F.);
#2283=EDGE_CURVE('',#1817,#1774,#374,.T.);
#2284=EDGE_CURVE('',#1816,#1818,#375,.T.);
#2285=EDGE_CURVE('',#1819,#1782,#1500,.F.);
#2286=EDGE_CURVE('',#1781,#1819,#1501,.F.);
#2287=EDGE_CURVE('',#1819,#1816,#376,.T.);
#2288=EDGE_CURVE('',#1820,#1821,#1502,.F.);
#2289=EDGE_CURVE('',#1822,#1820,#1503,.F.);
#2290=EDGE_CURVE('',#1821,#1822,#1504,.F.);
#2291=EDGE_CURVE('',#1818,#1822,#377,.T.);
#2292=EDGE_CURVE('',#1820,#1817,#378,.T.);
#2293=EDGE_CURVE('',#1822,#1819,#379,.T.);
#2294=EDGE_CURVE('',#1782,#1821,#380,.T.);
#2295=EDGE_CURVE('',#1773,#1820,#381,.T.);
#2296=EDGE_CURVE('',#1821,#1772,#382,.T.);
#2297=EDGE_CURVE('',#1823,#1766,#1505,.F.);
#2298=EDGE_CURVE('',#1824,#1823,#1506,.F.);
#2299=EDGE_CURVE('',#1766,#1824,#1507,.F.);
#2300=EDGE_CURVE('',#1825,#1826,#1508,.F.);
#2301=EDGE_CURVE('',#1827,#1825,#1509,.F.);
#2302=EDGE_CURVE('',#1826,#1827,#1510,.F.);
#2303=EDGE_CURVE('',#1760,#1827,#383,.T.);
#2304=EDGE_CURVE('',#1825,#1759,#384,.T.);
#2305=EDGE_CURVE('',#1823,#1826,#385,.T.);
#2306=EDGE_CURVE('',#1827,#1824,#386,.T.);
#2307=EDGE_CURVE('',#1828,#1767,#1511,.F.);
#2308=EDGE_CURVE('',#1765,#1828,#1512,.F.);
#2309=EDGE_CURVE('',#1828,#1823,#387,.T.);
#2310=EDGE_CURVE('',#1829,#1769,#1513,.F.);
#2311=EDGE_CURVE('',#1768,#1829,#1514,.F.);
#2312=EDGE_CURVE('',#1826,#1829,#388,.T.);
#2313=EDGE_CURVE('',#1769,#1825,#389,.T.);
#2314=EDGE_CURVE('',#1829,#1828,#390,.T.);
#2315=EDGE_CURVE('',#1824,#1761,#391,.T.);
#2316=EDGE_CURVE('',#1830,#1753,#1515,.F.);
#2317=EDGE_CURVE('',#1831,#1830,#1516,.F.);
#2318=EDGE_CURVE('',#1753,#1831,#1517,.F.);
#2319=EDGE_CURVE('',#1832,#1833,#1518,.F.);
#2320=EDGE_CURVE('',#1834,#1832,#1519,.F.);
#2321=EDGE_CURVE('',#1833,#1834,#1520,.F.);
#2322=EDGE_CURVE('',#1747,#1834,#392,.T.);
#2323=EDGE_CURVE('',#1832,#1746,#393,.T.);
#2324=EDGE_CURVE('',#1830,#1833,#394,.T.);
#2325=EDGE_CURVE('',#1834,#1831,#395,.T.);
#2326=EDGE_CURVE('',#1835,#1754,#1521,.F.);
#2327=EDGE_CURVE('',#1752,#1835,#1522,.F.);
#2328=EDGE_CURVE('',#1835,#1830,#396,.T.);
#2329=EDGE_CURVE('',#1836,#1756,#1523,.F.);
#2330=EDGE_CURVE('',#1755,#1836,#1524,.F.);
#2331=EDGE_CURVE('',#1833,#1836,#397,.T.);
#2332=EDGE_CURVE('',#1756,#1832,#398,.T.);
#2333=EDGE_CURVE('',#1836,#1835,#399,.T.);
#2334=EDGE_CURVE('',#1831,#1748,#400,.T.);
#2335=EDGE_CURVE('',#1837,#1838,#1525,.F.);
#2336=EDGE_CURVE('',#1839,#1837,#1526,.F.);
#2337=EDGE_CURVE('',#1838,#1839,#1527,.F.);
#2338=EDGE_CURVE('',#1742,#1840,#1528,.F.);
#2339=EDGE_CURVE('',#1840,#1743,#1529,.F.);
#2340=EDGE_CURVE('',#1837,#1840,#401,.T.);
#2341=EDGE_CURVE('',#1743,#1839,#402,.T.);
#2342=EDGE_CURVE('',#1841,#1740,#1530,.F.);
#2343=EDGE_CURVE('',#1842,#1841,#1531,.F.);
#2344=EDGE_CURVE('',#1740,#1842,#1532,.F.);
#2345=EDGE_CURVE('',#1838,#1842,#403,.T.);
#2346=EDGE_CURVE('',#1841,#1837,#404,.T.);
#2347=EDGE_CURVE('',#1842,#1735,#405,.T.);
#2348=EDGE_CURVE('',#1843,#1741,#1533,.F.);
#2349=EDGE_CURVE('',#1739,#1843,#1534,.F.);
#2350=EDGE_CURVE('',#1840,#1843,#406,.T.);
#2351=EDGE_CURVE('',#1843,#1841,#407,.T.);
#2352=EDGE_CURVE('',#1734,#1838,#408,.T.);
#2353=EDGE_CURVE('',#1839,#1733,#409,.T.);
#2354=EDGE_CURVE('',#1844,#1845,#1535,.F.);
#2355=EDGE_CURVE('',#1846,#1844,#1536,.F.);
#2356=EDGE_CURVE('',#1845,#1846,#1537,.F.);
#2357=EDGE_CURVE('',#1729,#1847,#1538,.F.);
#2358=EDGE_CURVE('',#1847,#1730,#1539,.F.);
#2359=EDGE_CURVE('',#1844,#1847,#410,.T.);
#2360=EDGE_CURVE('',#1730,#1846,#411,.T.);
#2361=EDGE_CURVE('',#1848,#1727,#1540,.F.);
#2362=EDGE_CURVE('',#1849,#1848,#1541,.F.);
#2363=EDGE_CURVE('',#1727,#1849,#1542,.F.);
#2364=EDGE_CURVE('',#1845,#1849,#412,.T.);
#2365=EDGE_CURVE('',#1848,#1844,#413,.T.);
#2366=EDGE_CURVE('',#1849,#1722,#414,.T.);
#2367=EDGE_CURVE('',#1850,#1728,#1543,.F.);
#2368=EDGE_CURVE('',#1726,#1850,#1544,.F.);
#2369=EDGE_CURVE('',#1847,#1850,#415,.T.);
#2370=EDGE_CURVE('',#1850,#1848,#416,.T.);
#2371=EDGE_CURVE('',#1721,#1845,#417,.T.);
#2372=EDGE_CURVE('',#1846,#1720,#418,.T.);
#2373=EDGE_CURVE('',#1851,#1852,#1545,.F.);
#2374=EDGE_CURVE('',#1853,#1851,#1546,.F.);
#2375=EDGE_CURVE('',#1852,#1853,#1547,.F.);
#2376=EDGE_CURVE('',#1716,#1854,#1548,.F.);
#2377=EDGE_CURVE('',#1854,#1717,#1549,.F.);
#2378=EDGE_CURVE('',#1851,#1854,#419,.T.);
#2379=EDGE_CURVE('',#1717,#1853,#420,.T.);
#2380=EDGE_CURVE('',#1855,#1714,#1550,.F.);
#2381=EDGE_CURVE('',#1856,#1855,#1551,.F.);
#2382=EDGE_CURVE('',#1714,#1856,#1552,.F.);
#2383=EDGE_CURVE('',#1852,#1856,#421,.T.);
#2384=EDGE_CURVE('',#1855,#1851,#422,.T.);
#2385=EDGE_CURVE('',#1856,#1709,#423,.T.);
#2386=EDGE_CURVE('',#1857,#1715,#1553,.F.);
#2387=EDGE_CURVE('',#1713,#1857,#1554,.F.);
#2388=EDGE_CURVE('',#1854,#1857,#424,.T.);
#2389=EDGE_CURVE('',#1857,#1855,#425,.T.);
#2390=EDGE_CURVE('',#1708,#1852,#426,.T.);
#2391=EDGE_CURVE('',#1853,#1707,#427,.T.);
#2392=EDGE_CURVE('',#1858,#1805,#1555,.F.);
#2393=EDGE_CURVE('',#1859,#1858,#1556,.F.);
#2394=EDGE_CURVE('',#1805,#1859,#1557,.F.);
#2395=EDGE_CURVE('',#1860,#1861,#1558,.F.);
#2396=EDGE_CURVE('',#1862,#1860,#1559,.F.);
#2397=EDGE_CURVE('',#1861,#1862,#1560,.F.);
#2398=EDGE_CURVE('',#1858,#1862,#428,.T.);
#2399=EDGE_CURVE('',#1860,#1859,#429,.T.);
#2400=EDGE_CURVE('',#1863,#1806,#1561,.F.);
#2401=EDGE_CURVE('',#1804,#1863,#1562,.F.);
#2402=EDGE_CURVE('',#1863,#1858,#430,.T.);
#2403=EDGE_CURVE('',#1864,#1808,#1563,.F.);
#2404=EDGE_CURVE('',#1807,#1864,#1564,.F.);
#2405=EDGE_CURVE('',#1862,#1864,#431,.T.);
#2406=EDGE_CURVE('',#1808,#1861,#432,.T.);
#2407=EDGE_CURVE('',#1864,#1863,#433,.T.);
#2408=EDGE_CURVE('',#1799,#1860,#434,.T.);
#2409=EDGE_CURVE('',#1861,#1798,#435,.T.);
#2410=EDGE_CURVE('',#1859,#1800,#436,.T.);
#2411=ORIENTED_EDGE('',*,*,#1865,.F.);
#2412=ORIENTED_EDGE('',*,*,#1866,.T.);
#2413=ORIENTED_EDGE('',*,*,#1867,.F.);
#2414=ORIENTED_EDGE('',*,*,#1868,.F.);
#2415=ORIENTED_EDGE('',*,*,#1866,.F.);
#2416=ORIENTED_EDGE('',*,*,#1869,.T.);
#2417=ORIENTED_EDGE('',*,*,#1868,.T.);
#2418=ORIENTED_EDGE('',*,*,#1869,.F.);
#2419=ORIENTED_EDGE('',*,*,#1870,.T.);
#2420=ORIENTED_EDGE('',*,*,#1871,.T.);
#2421=ORIENTED_EDGE('',*,*,#1867,.T.);
#2422=ORIENTED_EDGE('',*,*,#1871,.F.);
#2423=ORIENTED_EDGE('',*,*,#1865,.T.);
#2424=ORIENTED_EDGE('',*,*,#1872,.T.);
#2425=ORIENTED_EDGE('',*,*,#1873,.F.);
#2426=ORIENTED_EDGE('',*,*,#1872,.F.);
#2427=ORIENTED_EDGE('',*,*,#1870,.F.);
#2428=ORIENTED_EDGE('',*,*,#1874,.F.);
#2429=ORIENTED_EDGE('',*,*,#1875,.F.);
#2430=ORIENTED_EDGE('',*,*,#1876,.F.);
#2431=ORIENTED_EDGE('',*,*,#1877,.T.);
#2432=ORIENTED_EDGE('',*,*,#1875,.T.);
#2433=ORIENTED_EDGE('',*,*,#1878,.T.);
#2434=ORIENTED_EDGE('',*,*,#1877,.F.);
#2435=ORIENTED_EDGE('',*,*,#1878,.F.);
#2436=ORIENTED_EDGE('',*,*,#1879,.F.);
#2437=ORIENTED_EDGE('',*,*,#1880,.T.);
#2438=ORIENTED_EDGE('',*,*,#1876,.T.);
#2439=ORIENTED_EDGE('',*,*,#1880,.F.);
#2440=ORIENTED_EDGE('',*,*,#1874,.T.);
#2441=ORIENTED_EDGE('',*,*,#1881,.T.);
#2442=ORIENTED_EDGE('',*,*,#1882,.F.);
#2443=ORIENTED_EDGE('',*,*,#1881,.F.);
#2444=ORIENTED_EDGE('',*,*,#1879,.T.);
#2445=ORIENTED_EDGE('',*,*,#1883,.T.);
#2446=ORIENTED_EDGE('',*,*,#1884,.T.);
#2447=ORIENTED_EDGE('',*,*,#1885,.T.);
#2448=ORIENTED_EDGE('',*,*,#1886,.F.);
#2449=ORIENTED_EDGE('',*,*,#1887,.T.);
#2450=ORIENTED_EDGE('',*,*,#1888,.T.);
#2451=ORIENTED_EDGE('',*,*,#1889,.T.);
#2452=ORIENTED_EDGE('',*,*,#1884,.F.);
#2453=ORIENTED_EDGE('',*,*,#1890,.T.);
#2454=ORIENTED_EDGE('',*,*,#1891,.T.);
#2455=ORIENTED_EDGE('',*,*,#1892,.T.);
#2456=ORIENTED_EDGE('',*,*,#1888,.F.);
#2457=ORIENTED_EDGE('',*,*,#1893,.T.);
#2458=ORIENTED_EDGE('',*,*,#1894,.T.);
#2459=ORIENTED_EDGE('',*,*,#1895,.T.);
#2460=ORIENTED_EDGE('',*,*,#1891,.F.);
#2461=ORIENTED_EDGE('',*,*,#1896,.T.);
#2462=ORIENTED_EDGE('',*,*,#1897,.T.);
#2463=ORIENTED_EDGE('',*,*,#1898,.T.);
#2464=ORIENTED_EDGE('',*,*,#1894,.F.);
#2465=ORIENTED_EDGE('',*,*,#1899,.T.);
#2466=ORIENTED_EDGE('',*,*,#1900,.T.);
#2467=ORIENTED_EDGE('',*,*,#1901,.T.);
#2468=ORIENTED_EDGE('',*,*,#1897,.F.);
#2469=ORIENTED_EDGE('',*,*,#1902,.T.);
#2470=ORIENTED_EDGE('',*,*,#1903,.T.);
#2471=ORIENTED_EDGE('',*,*,#1904,.T.);
#2472=ORIENTED_EDGE('',*,*,#1900,.F.);
#2473=ORIENTED_EDGE('',*,*,#1905,.T.);
#2474=ORIENTED_EDGE('',*,*,#1906,.T.);
#2475=ORIENTED_EDGE('',*,*,#1907,.T.);
#2476=ORIENTED_EDGE('',*,*,#1903,.F.);
#2477=ORIENTED_EDGE('',*,*,#1908,.T.);
#2478=ORIENTED_EDGE('',*,*,#1909,.T.);
#2479=ORIENTED_EDGE('',*,*,#1910,.T.);
#2480=ORIENTED_EDGE('',*,*,#1906,.F.);
#2481=ORIENTED_EDGE('',*,*,#1911,.T.);
#2482=ORIENTED_EDGE('',*,*,#1909,.F.);
#2483=ORIENTED_EDGE('',*,*,#1912,.T.);
#2484=ORIENTED_EDGE('',*,*,#1913,.T.);
#2485=ORIENTED_EDGE('',*,*,#1914,.T.);
#2486=ORIENTED_EDGE('',*,*,#1913,.F.);
#2487=ORIENTED_EDGE('',*,*,#1915,.T.);
#2488=ORIENTED_EDGE('',*,*,#1916,.T.);
#2489=ORIENTED_EDGE('',*,*,#1917,.T.);
#2490=ORIENTED_EDGE('',*,*,#1916,.F.);
#2491=ORIENTED_EDGE('',*,*,#1918,.T.);
#2492=ORIENTED_EDGE('',*,*,#1919,.T.);
#2493=ORIENTED_EDGE('',*,*,#1920,.T.);
#2494=ORIENTED_EDGE('',*,*,#1919,.F.);
#2495=ORIENTED_EDGE('',*,*,#1921,.T.);
#2496=ORIENTED_EDGE('',*,*,#1922,.T.);
#2497=ORIENTED_EDGE('',*,*,#1923,.T.);
#2498=ORIENTED_EDGE('',*,*,#1922,.F.);
#2499=ORIENTED_EDGE('',*,*,#1924,.T.);
#2500=ORIENTED_EDGE('',*,*,#1925,.T.);
#2501=ORIENTED_EDGE('',*,*,#1926,.T.);
#2502=ORIENTED_EDGE('',*,*,#1925,.F.);
#2503=ORIENTED_EDGE('',*,*,#1927,.T.);
#2504=ORIENTED_EDGE('',*,*,#1928,.T.);
#2505=ORIENTED_EDGE('',*,*,#1929,.T.);
#2506=ORIENTED_EDGE('',*,*,#1928,.F.);
#2507=ORIENTED_EDGE('',*,*,#1930,.T.);
#2508=ORIENTED_EDGE('',*,*,#1886,.T.);
#2509=ORIENTED_EDGE('',*,*,#1911,.F.);
#2510=ORIENTED_EDGE('',*,*,#1931,.F.);
#2511=ORIENTED_EDGE('',*,*,#1932,.F.);
#2512=ORIENTED_EDGE('',*,*,#1933,.F.);
#2513=ORIENTED_EDGE('',*,*,#1914,.F.);
#2514=ORIENTED_EDGE('',*,*,#1934,.T.);
#2515=ORIENTED_EDGE('',*,*,#1935,.F.);
#2516=ORIENTED_EDGE('',*,*,#1931,.T.);
#2517=ORIENTED_EDGE('',*,*,#1936,.F.);
#2518=ORIENTED_EDGE('',*,*,#1937,.F.);
#2519=ORIENTED_EDGE('',*,*,#1938,.F.);
#2520=ORIENTED_EDGE('',*,*,#1939,.F.);
#2521=ORIENTED_EDGE('',*,*,#1940,.F.);
#2522=ORIENTED_EDGE('',*,*,#1941,.F.);
#2523=ORIENTED_EDGE('',*,*,#1942,.F.);
#2524=ORIENTED_EDGE('',*,*,#1943,.F.);
#2525=ORIENTED_EDGE('',*,*,#1917,.F.);
#2526=ORIENTED_EDGE('',*,*,#1944,.F.);
#2527=ORIENTED_EDGE('',*,*,#1945,.F.);
#2528=ORIENTED_EDGE('',*,*,#1934,.F.);
#2529=ORIENTED_EDGE('',*,*,#1920,.F.);
#2530=ORIENTED_EDGE('',*,*,#1946,.T.);
#2531=ORIENTED_EDGE('',*,*,#1947,.F.);
#2532=ORIENTED_EDGE('',*,*,#1944,.T.);
#2533=ORIENTED_EDGE('',*,*,#1948,.F.);
#2534=ORIENTED_EDGE('',*,*,#1949,.F.);
#2535=ORIENTED_EDGE('',*,*,#1950,.F.);
#2536=ORIENTED_EDGE('',*,*,#1951,.F.);
#2537=ORIENTED_EDGE('',*,*,#1952,.F.);
#2538=ORIENTED_EDGE('',*,*,#1953,.F.);
#2539=ORIENTED_EDGE('',*,*,#1954,.F.);
#2540=ORIENTED_EDGE('',*,*,#1955,.F.);
#2541=ORIENTED_EDGE('',*,*,#1923,.F.);
#2542=ORIENTED_EDGE('',*,*,#1956,.F.);
#2543=ORIENTED_EDGE('',*,*,#1957,.F.);
#2544=ORIENTED_EDGE('',*,*,#1946,.F.);
#2545=ORIENTED_EDGE('',*,*,#1926,.F.);
#2546=ORIENTED_EDGE('',*,*,#1958,.T.);
#2547=ORIENTED_EDGE('',*,*,#1959,.F.);
#2548=ORIENTED_EDGE('',*,*,#1956,.T.);
#2549=ORIENTED_EDGE('',*,*,#1960,.F.);
#2550=ORIENTED_EDGE('',*,*,#1961,.F.);
#2551=ORIENTED_EDGE('',*,*,#1962,.F.);
#2552=ORIENTED_EDGE('',*,*,#1963,.F.);
#2553=ORIENTED_EDGE('',*,*,#1964,.F.);
#2554=ORIENTED_EDGE('',*,*,#1965,.F.);
#2555=ORIENTED_EDGE('',*,*,#1966,.F.);
#2556=ORIENTED_EDGE('',*,*,#1967,.F.);
#2557=ORIENTED_EDGE('',*,*,#1929,.F.);
#2558=ORIENTED_EDGE('',*,*,#1968,.F.);
#2559=ORIENTED_EDGE('',*,*,#1969,.F.);
#2560=ORIENTED_EDGE('',*,*,#1958,.F.);
#2561=ORIENTED_EDGE('',*,*,#1885,.F.);
#2562=ORIENTED_EDGE('',*,*,#1970,.T.);
#2563=ORIENTED_EDGE('',*,*,#1971,.F.);
#2564=ORIENTED_EDGE('',*,*,#1968,.T.);
#2565=ORIENTED_EDGE('',*,*,#1972,.F.);
#2566=ORIENTED_EDGE('',*,*,#1973,.F.);
#2567=ORIENTED_EDGE('',*,*,#1974,.F.);
#2568=ORIENTED_EDGE('',*,*,#1975,.F.);
#2569=ORIENTED_EDGE('',*,*,#1976,.F.);
#2570=ORIENTED_EDGE('',*,*,#1977,.F.);
#2571=ORIENTED_EDGE('',*,*,#1978,.F.);
#2572=ORIENTED_EDGE('',*,*,#1979,.F.);
#2573=ORIENTED_EDGE('',*,*,#1883,.F.);
#2574=ORIENTED_EDGE('',*,*,#1930,.F.);
#2575=ORIENTED_EDGE('',*,*,#1927,.F.);
#2576=ORIENTED_EDGE('',*,*,#1924,.F.);
#2577=ORIENTED_EDGE('',*,*,#1921,.F.);
#2578=ORIENTED_EDGE('',*,*,#1918,.F.);
#2579=ORIENTED_EDGE('',*,*,#1915,.F.);
#2580=ORIENTED_EDGE('',*,*,#1912,.F.);
#2581=ORIENTED_EDGE('',*,*,#1908,.F.);
#2582=ORIENTED_EDGE('',*,*,#1905,.F.);
#2583=ORIENTED_EDGE('',*,*,#1902,.F.);
#2584=ORIENTED_EDGE('',*,*,#1899,.F.);
#2585=ORIENTED_EDGE('',*,*,#1896,.F.);
#2586=ORIENTED_EDGE('',*,*,#1893,.F.);
#2587=ORIENTED_EDGE('',*,*,#1890,.F.);
#2588=ORIENTED_EDGE('',*,*,#1887,.F.);
#2589=ORIENTED_EDGE('',*,*,#1873,.T.);
#2590=ORIENTED_EDGE('',*,*,#1980,.T.);
#2591=ORIENTED_EDGE('',*,*,#1981,.T.);
#2592=ORIENTED_EDGE('',*,*,#1982,.T.);
#2593=ORIENTED_EDGE('',*,*,#1983,.F.);
#2594=ORIENTED_EDGE('',*,*,#1984,.T.);
#2595=ORIENTED_EDGE('',*,*,#1985,.T.);
#2596=ORIENTED_EDGE('',*,*,#1986,.T.);
#2597=ORIENTED_EDGE('',*,*,#1981,.F.);
#2598=ORIENTED_EDGE('',*,*,#1987,.T.);
#2599=ORIENTED_EDGE('',*,*,#1988,.T.);
#2600=ORIENTED_EDGE('',*,*,#1971,.T.);
#2601=ORIENTED_EDGE('',*,*,#1985,.F.);
#2602=ORIENTED_EDGE('',*,*,#1989,.T.);
#2603=ORIENTED_EDGE('',*,*,#1990,.T.);
#2604=ORIENTED_EDGE('',*,*,#1969,.T.);
#2605=ORIENTED_EDGE('',*,*,#1988,.F.);
#2606=ORIENTED_EDGE('',*,*,#1991,.T.);
#2607=ORIENTED_EDGE('',*,*,#1992,.T.);
#2608=ORIENTED_EDGE('',*,*,#1959,.T.);
#2609=ORIENTED_EDGE('',*,*,#1990,.F.);
#2610=ORIENTED_EDGE('',*,*,#1993,.T.);
#2611=ORIENTED_EDGE('',*,*,#1994,.T.);
#2612=ORIENTED_EDGE('',*,*,#1957,.T.);
#2613=ORIENTED_EDGE('',*,*,#1992,.F.);
#2614=ORIENTED_EDGE('',*,*,#1995,.T.);
#2615=ORIENTED_EDGE('',*,*,#1996,.T.);
#2616=ORIENTED_EDGE('',*,*,#1947,.T.);
#2617=ORIENTED_EDGE('',*,*,#1994,.F.);
#2618=ORIENTED_EDGE('',*,*,#1997,.T.);
#2619=ORIENTED_EDGE('',*,*,#1998,.T.);
#2620=ORIENTED_EDGE('',*,*,#1945,.T.);
#2621=ORIENTED_EDGE('',*,*,#1996,.F.);
#2622=ORIENTED_EDGE('',*,*,#1999,.T.);
#2623=ORIENTED_EDGE('',*,*,#2000,.T.);
#2624=ORIENTED_EDGE('',*,*,#1935,.T.);
#2625=ORIENTED_EDGE('',*,*,#1998,.F.);
#2626=ORIENTED_EDGE('',*,*,#1932,.T.);
#2627=ORIENTED_EDGE('',*,*,#2000,.F.);
#2628=ORIENTED_EDGE('',*,*,#2001,.T.);
#2629=ORIENTED_EDGE('',*,*,#2002,.T.);
#2630=ORIENTED_EDGE('',*,*,#2003,.T.);
#2631=ORIENTED_EDGE('',*,*,#2002,.F.);
#2632=ORIENTED_EDGE('',*,*,#2004,.T.);
#2633=ORIENTED_EDGE('',*,*,#2005,.T.);
#2634=ORIENTED_EDGE('',*,*,#2006,.T.);
#2635=ORIENTED_EDGE('',*,*,#2005,.F.);
#2636=ORIENTED_EDGE('',*,*,#2007,.T.);
#2637=ORIENTED_EDGE('',*,*,#2008,.T.);
#2638=ORIENTED_EDGE('',*,*,#2009,.T.);
#2639=ORIENTED_EDGE('',*,*,#2008,.F.);
#2640=ORIENTED_EDGE('',*,*,#2010,.T.);
#2641=ORIENTED_EDGE('',*,*,#2011,.T.);
#2642=ORIENTED_EDGE('',*,*,#2012,.T.);
#2643=ORIENTED_EDGE('',*,*,#2011,.F.);
#2644=ORIENTED_EDGE('',*,*,#2013,.T.);
#2645=ORIENTED_EDGE('',*,*,#2014,.T.);
#2646=ORIENTED_EDGE('',*,*,#2015,.T.);
#2647=ORIENTED_EDGE('',*,*,#2014,.F.);
#2648=ORIENTED_EDGE('',*,*,#2016,.T.);
#2649=ORIENTED_EDGE('',*,*,#2017,.T.);
#2650=ORIENTED_EDGE('',*,*,#2018,.T.);
#2651=ORIENTED_EDGE('',*,*,#2017,.F.);
#2652=ORIENTED_EDGE('',*,*,#2019,.T.);
#2653=ORIENTED_EDGE('',*,*,#1983,.T.);
#2654=ORIENTED_EDGE('',*,*,#1910,.F.);
#2655=ORIENTED_EDGE('',*,*,#1933,.T.);
#2656=ORIENTED_EDGE('',*,*,#2003,.F.);
#2657=ORIENTED_EDGE('',*,*,#2020,.T.);
#2658=ORIENTED_EDGE('',*,*,#2021,.F.);
#2659=ORIENTED_EDGE('',*,*,#2022,.F.);
#2660=ORIENTED_EDGE('',*,*,#2023,.F.);
#2661=ORIENTED_EDGE('',*,*,#2024,.F.);
#2662=ORIENTED_EDGE('',*,*,#2025,.F.);
#2663=ORIENTED_EDGE('',*,*,#2026,.F.);
#2664=ORIENTED_EDGE('',*,*,#2027,.F.);
#2665=ORIENTED_EDGE('',*,*,#2028,.F.);
#2666=ORIENTED_EDGE('',*,*,#1907,.F.);
#2667=ORIENTED_EDGE('',*,*,#2020,.F.);
#2668=ORIENTED_EDGE('',*,*,#2006,.F.);
#2669=ORIENTED_EDGE('',*,*,#2029,.F.);
#2670=ORIENTED_EDGE('',*,*,#1904,.F.);
#2671=ORIENTED_EDGE('',*,*,#2029,.T.);
#2672=ORIENTED_EDGE('',*,*,#2009,.F.);
#2673=ORIENTED_EDGE('',*,*,#2030,.T.);
#2674=ORIENTED_EDGE('',*,*,#2031,.F.);
#2675=ORIENTED_EDGE('',*,*,#2032,.F.);
#2676=ORIENTED_EDGE('',*,*,#2033,.F.);
#2677=ORIENTED_EDGE('',*,*,#2034,.F.);
#2678=ORIENTED_EDGE('',*,*,#2035,.F.);
#2679=ORIENTED_EDGE('',*,*,#2036,.F.);
#2680=ORIENTED_EDGE('',*,*,#2037,.F.);
#2681=ORIENTED_EDGE('',*,*,#2038,.F.);
#2682=ORIENTED_EDGE('',*,*,#1901,.F.);
#2683=ORIENTED_EDGE('',*,*,#2030,.F.);
#2684=ORIENTED_EDGE('',*,*,#2012,.F.);
#2685=ORIENTED_EDGE('',*,*,#2039,.F.);
#2686=ORIENTED_EDGE('',*,*,#1898,.F.);
#2687=ORIENTED_EDGE('',*,*,#2039,.T.);
#2688=ORIENTED_EDGE('',*,*,#2015,.F.);
#2689=ORIENTED_EDGE('',*,*,#2040,.T.);
#2690=ORIENTED_EDGE('',*,*,#2041,.F.);
#2691=ORIENTED_EDGE('',*,*,#2042,.F.);
#2692=ORIENTED_EDGE('',*,*,#2043,.F.);
#2693=ORIENTED_EDGE('',*,*,#2044,.F.);
#2694=ORIENTED_EDGE('',*,*,#2045,.F.);
#2695=ORIENTED_EDGE('',*,*,#2046,.F.);
#2696=ORIENTED_EDGE('',*,*,#2047,.F.);
#2697=ORIENTED_EDGE('',*,*,#2048,.F.);
#2698=ORIENTED_EDGE('',*,*,#1895,.F.);
#2699=ORIENTED_EDGE('',*,*,#2040,.F.);
#2700=ORIENTED_EDGE('',*,*,#2018,.F.);
#2701=ORIENTED_EDGE('',*,*,#2049,.F.);
#2702=ORIENTED_EDGE('',*,*,#1892,.F.);
#2703=ORIENTED_EDGE('',*,*,#2049,.T.);
#2704=ORIENTED_EDGE('',*,*,#1982,.F.);
#2705=ORIENTED_EDGE('',*,*,#2050,.T.);
#2706=ORIENTED_EDGE('',*,*,#2051,.F.);
#2707=ORIENTED_EDGE('',*,*,#2052,.F.);
#2708=ORIENTED_EDGE('',*,*,#2053,.F.);
#2709=ORIENTED_EDGE('',*,*,#2054,.F.);
#2710=ORIENTED_EDGE('',*,*,#2055,.F.);
#2711=ORIENTED_EDGE('',*,*,#2056,.F.);
#2712=ORIENTED_EDGE('',*,*,#2057,.F.);
#2713=ORIENTED_EDGE('',*,*,#2058,.F.);
#2714=ORIENTED_EDGE('',*,*,#1980,.F.);
#2715=ORIENTED_EDGE('',*,*,#2019,.F.);
#2716=ORIENTED_EDGE('',*,*,#2016,.F.);
#2717=ORIENTED_EDGE('',*,*,#2013,.F.);
#2718=ORIENTED_EDGE('',*,*,#2010,.F.);
#2719=ORIENTED_EDGE('',*,*,#2007,.F.);
#2720=ORIENTED_EDGE('',*,*,#2004,.F.);
#2721=ORIENTED_EDGE('',*,*,#2001,.F.);
#2722=ORIENTED_EDGE('',*,*,#1999,.F.);
#2723=ORIENTED_EDGE('',*,*,#1997,.F.);
#2724=ORIENTED_EDGE('',*,*,#1995,.F.);
#2725=ORIENTED_EDGE('',*,*,#1993,.F.);
#2726=ORIENTED_EDGE('',*,*,#1991,.F.);
#2727=ORIENTED_EDGE('',*,*,#1989,.F.);
#2728=ORIENTED_EDGE('',*,*,#1987,.F.);
#2729=ORIENTED_EDGE('',*,*,#1984,.F.);
#2730=ORIENTED_EDGE('',*,*,#1882,.T.);
#2731=ORIENTED_EDGE('',*,*,#1889,.F.);
#2732=ORIENTED_EDGE('',*,*,#2050,.F.);
#2733=ORIENTED_EDGE('',*,*,#1986,.F.);
#2734=ORIENTED_EDGE('',*,*,#1970,.F.);
#2735=ORIENTED_EDGE('',*,*,#2059,.T.);
#2736=ORIENTED_EDGE('',*,*,#1948,.T.);
#2737=ORIENTED_EDGE('',*,*,#2060,.T.);
#2738=ORIENTED_EDGE('',*,*,#2061,.T.);
#2739=ORIENTED_EDGE('',*,*,#2062,.T.);
#2740=ORIENTED_EDGE('',*,*,#2063,.T.);
#2741=ORIENTED_EDGE('',*,*,#2060,.F.);
#2742=ORIENTED_EDGE('',*,*,#1955,.T.);
#2743=ORIENTED_EDGE('',*,*,#2064,.T.);
#2744=ORIENTED_EDGE('',*,*,#2065,.T.);
#2745=ORIENTED_EDGE('',*,*,#2062,.F.);
#2746=ORIENTED_EDGE('',*,*,#1954,.T.);
#2747=ORIENTED_EDGE('',*,*,#2066,.T.);
#2748=ORIENTED_EDGE('',*,*,#2067,.T.);
#2749=ORIENTED_EDGE('',*,*,#2064,.F.);
#2750=ORIENTED_EDGE('',*,*,#1953,.T.);
#2751=ORIENTED_EDGE('',*,*,#2068,.T.);
#2752=ORIENTED_EDGE('',*,*,#2069,.T.);
#2753=ORIENTED_EDGE('',*,*,#2066,.F.);
#2754=ORIENTED_EDGE('',*,*,#1952,.T.);
#2755=ORIENTED_EDGE('',*,*,#2070,.T.);
#2756=ORIENTED_EDGE('',*,*,#2071,.T.);
#2757=ORIENTED_EDGE('',*,*,#2068,.F.);
#2758=ORIENTED_EDGE('',*,*,#1951,.T.);
#2759=ORIENTED_EDGE('',*,*,#2072,.T.);
#2760=ORIENTED_EDGE('',*,*,#2073,.T.);
#2761=ORIENTED_EDGE('',*,*,#2070,.F.);
#2762=ORIENTED_EDGE('',*,*,#1950,.T.);
#2763=ORIENTED_EDGE('',*,*,#2072,.F.);
#2764=ORIENTED_EDGE('',*,*,#1949,.T.);
#2765=ORIENTED_EDGE('',*,*,#2059,.F.);
#2766=ORIENTED_EDGE('',*,*,#2074,.T.);
#2767=ORIENTED_EDGE('',*,*,#2071,.F.);
#2768=ORIENTED_EDGE('',*,*,#2075,.F.);
#2769=ORIENTED_EDGE('',*,*,#2076,.F.);
#2770=ORIENTED_EDGE('',*,*,#2077,.F.);
#2771=ORIENTED_EDGE('',*,*,#2073,.F.);
#2772=ORIENTED_EDGE('',*,*,#2078,.T.);
#2773=ORIENTED_EDGE('',*,*,#2079,.T.);
#2774=ORIENTED_EDGE('',*,*,#2075,.T.);
#2775=ORIENTED_EDGE('',*,*,#2074,.F.);
#2776=ORIENTED_EDGE('',*,*,#2080,.F.);
#2777=ORIENTED_EDGE('',*,*,#2081,.F.);
#2778=ORIENTED_EDGE('',*,*,#2078,.F.);
#2779=ORIENTED_EDGE('',*,*,#2061,.F.);
#2780=ORIENTED_EDGE('',*,*,#2082,.T.);
#2781=ORIENTED_EDGE('',*,*,#2083,.T.);
#2782=ORIENTED_EDGE('',*,*,#2080,.T.);
#2783=ORIENTED_EDGE('',*,*,#2084,.T.);
#2784=ORIENTED_EDGE('',*,*,#1960,.T.);
#2785=ORIENTED_EDGE('',*,*,#2085,.T.);
#2786=ORIENTED_EDGE('',*,*,#2086,.T.);
#2787=ORIENTED_EDGE('',*,*,#2087,.T.);
#2788=ORIENTED_EDGE('',*,*,#2088,.T.);
#2789=ORIENTED_EDGE('',*,*,#2085,.F.);
#2790=ORIENTED_EDGE('',*,*,#1967,.T.);
#2791=ORIENTED_EDGE('',*,*,#2089,.T.);
#2792=ORIENTED_EDGE('',*,*,#2090,.T.);
#2793=ORIENTED_EDGE('',*,*,#2087,.F.);
#2794=ORIENTED_EDGE('',*,*,#1966,.T.);
#2795=ORIENTED_EDGE('',*,*,#2091,.T.);
#2796=ORIENTED_EDGE('',*,*,#2092,.T.);
#2797=ORIENTED_EDGE('',*,*,#2089,.F.);
#2798=ORIENTED_EDGE('',*,*,#1965,.T.);
#2799=ORIENTED_EDGE('',*,*,#2093,.T.);
#2800=ORIENTED_EDGE('',*,*,#2094,.T.);
#2801=ORIENTED_EDGE('',*,*,#2091,.F.);
#2802=ORIENTED_EDGE('',*,*,#1964,.T.);
#2803=ORIENTED_EDGE('',*,*,#2095,.T.);
#2804=ORIENTED_EDGE('',*,*,#2096,.T.);
#2805=ORIENTED_EDGE('',*,*,#2093,.F.);
#2806=ORIENTED_EDGE('',*,*,#1963,.T.);
#2807=ORIENTED_EDGE('',*,*,#2097,.T.);
#2808=ORIENTED_EDGE('',*,*,#2098,.T.);
#2809=ORIENTED_EDGE('',*,*,#2095,.F.);
#2810=ORIENTED_EDGE('',*,*,#1962,.T.);
#2811=ORIENTED_EDGE('',*,*,#2097,.F.);
#2812=ORIENTED_EDGE('',*,*,#1961,.T.);
#2813=ORIENTED_EDGE('',*,*,#2084,.F.);
#2814=ORIENTED_EDGE('',*,*,#2099,.T.);
#2815=ORIENTED_EDGE('',*,*,#2096,.F.);
#2816=ORIENTED_EDGE('',*,*,#2100,.F.);
#2817=ORIENTED_EDGE('',*,*,#2101,.F.);
#2818=ORIENTED_EDGE('',*,*,#2102,.F.);
#2819=ORIENTED_EDGE('',*,*,#2098,.F.);
#2820=ORIENTED_EDGE('',*,*,#2103,.T.);
#2821=ORIENTED_EDGE('',*,*,#2104,.T.);
#2822=ORIENTED_EDGE('',*,*,#2100,.T.);
#2823=ORIENTED_EDGE('',*,*,#2099,.F.);
#2824=ORIENTED_EDGE('',*,*,#2105,.F.);
#2825=ORIENTED_EDGE('',*,*,#2106,.F.);
#2826=ORIENTED_EDGE('',*,*,#2103,.F.);
#2827=ORIENTED_EDGE('',*,*,#2086,.F.);
#2828=ORIENTED_EDGE('',*,*,#2107,.T.);
#2829=ORIENTED_EDGE('',*,*,#2108,.T.);
#2830=ORIENTED_EDGE('',*,*,#2105,.T.);
#2831=ORIENTED_EDGE('',*,*,#2109,.T.);
#2832=ORIENTED_EDGE('',*,*,#1972,.T.);
#2833=ORIENTED_EDGE('',*,*,#2110,.T.);
#2834=ORIENTED_EDGE('',*,*,#2111,.T.);
#2835=ORIENTED_EDGE('',*,*,#2112,.T.);
#2836=ORIENTED_EDGE('',*,*,#2113,.T.);
#2837=ORIENTED_EDGE('',*,*,#2110,.F.);
#2838=ORIENTED_EDGE('',*,*,#1979,.T.);
#2839=ORIENTED_EDGE('',*,*,#2114,.T.);
#2840=ORIENTED_EDGE('',*,*,#2115,.T.);
#2841=ORIENTED_EDGE('',*,*,#2112,.F.);
#2842=ORIENTED_EDGE('',*,*,#1978,.T.);
#2843=ORIENTED_EDGE('',*,*,#2116,.T.);
#2844=ORIENTED_EDGE('',*,*,#2117,.T.);
#2845=ORIENTED_EDGE('',*,*,#2114,.F.);
#2846=ORIENTED_EDGE('',*,*,#1977,.T.);
#2847=ORIENTED_EDGE('',*,*,#2118,.T.);
#2848=ORIENTED_EDGE('',*,*,#2119,.T.);
#2849=ORIENTED_EDGE('',*,*,#2116,.F.);
#2850=ORIENTED_EDGE('',*,*,#1976,.T.);
#2851=ORIENTED_EDGE('',*,*,#2120,.T.);
#2852=ORIENTED_EDGE('',*,*,#2121,.T.);
#2853=ORIENTED_EDGE('',*,*,#2118,.F.);
#2854=ORIENTED_EDGE('',*,*,#1975,.T.);
#2855=ORIENTED_EDGE('',*,*,#2122,.T.);
#2856=ORIENTED_EDGE('',*,*,#2123,.T.);
#2857=ORIENTED_EDGE('',*,*,#2120,.F.);
#2858=ORIENTED_EDGE('',*,*,#1974,.T.);
#2859=ORIENTED_EDGE('',*,*,#2122,.F.);
#2860=ORIENTED_EDGE('',*,*,#1973,.T.);
#2861=ORIENTED_EDGE('',*,*,#2109,.F.);
#2862=ORIENTED_EDGE('',*,*,#2124,.T.);
#2863=ORIENTED_EDGE('',*,*,#2121,.F.);
#2864=ORIENTED_EDGE('',*,*,#2125,.F.);
#2865=ORIENTED_EDGE('',*,*,#2126,.F.);
#2866=ORIENTED_EDGE('',*,*,#2127,.F.);
#2867=ORIENTED_EDGE('',*,*,#2123,.F.);
#2868=ORIENTED_EDGE('',*,*,#2128,.T.);
#2869=ORIENTED_EDGE('',*,*,#2129,.T.);
#2870=ORIENTED_EDGE('',*,*,#2125,.T.);
#2871=ORIENTED_EDGE('',*,*,#2124,.F.);
#2872=ORIENTED_EDGE('',*,*,#2130,.F.);
#2873=ORIENTED_EDGE('',*,*,#2131,.F.);
#2874=ORIENTED_EDGE('',*,*,#2128,.F.);
#2875=ORIENTED_EDGE('',*,*,#2111,.F.);
#2876=ORIENTED_EDGE('',*,*,#2132,.T.);
#2877=ORIENTED_EDGE('',*,*,#2133,.T.);
#2878=ORIENTED_EDGE('',*,*,#2130,.T.);
#2879=ORIENTED_EDGE('',*,*,#2134,.T.);
#2880=ORIENTED_EDGE('',*,*,#2051,.T.);
#2881=ORIENTED_EDGE('',*,*,#2135,.T.);
#2882=ORIENTED_EDGE('',*,*,#2136,.T.);
#2883=ORIENTED_EDGE('',*,*,#2137,.T.);
#2884=ORIENTED_EDGE('',*,*,#2138,.T.);
#2885=ORIENTED_EDGE('',*,*,#2135,.F.);
#2886=ORIENTED_EDGE('',*,*,#2058,.T.);
#2887=ORIENTED_EDGE('',*,*,#2139,.T.);
#2888=ORIENTED_EDGE('',*,*,#2140,.T.);
#2889=ORIENTED_EDGE('',*,*,#2137,.F.);
#2890=ORIENTED_EDGE('',*,*,#2057,.T.);
#2891=ORIENTED_EDGE('',*,*,#2141,.T.);
#2892=ORIENTED_EDGE('',*,*,#2142,.T.);
#2893=ORIENTED_EDGE('',*,*,#2139,.F.);
#2894=ORIENTED_EDGE('',*,*,#2056,.T.);
#2895=ORIENTED_EDGE('',*,*,#2143,.T.);
#2896=ORIENTED_EDGE('',*,*,#2144,.T.);
#2897=ORIENTED_EDGE('',*,*,#2141,.F.);
#2898=ORIENTED_EDGE('',*,*,#2055,.T.);
#2899=ORIENTED_EDGE('',*,*,#2145,.T.);
#2900=ORIENTED_EDGE('',*,*,#2146,.T.);
#2901=ORIENTED_EDGE('',*,*,#2143,.F.);
#2902=ORIENTED_EDGE('',*,*,#2054,.T.);
#2903=ORIENTED_EDGE('',*,*,#2147,.T.);
#2904=ORIENTED_EDGE('',*,*,#2148,.T.);
#2905=ORIENTED_EDGE('',*,*,#2145,.F.);
#2906=ORIENTED_EDGE('',*,*,#2053,.T.);
#2907=ORIENTED_EDGE('',*,*,#2147,.F.);
#2908=ORIENTED_EDGE('',*,*,#2052,.T.);
#2909=ORIENTED_EDGE('',*,*,#2134,.F.);
#2910=ORIENTED_EDGE('',*,*,#2149,.T.);
#2911=ORIENTED_EDGE('',*,*,#2146,.F.);
#2912=ORIENTED_EDGE('',*,*,#2150,.F.);
#2913=ORIENTED_EDGE('',*,*,#2151,.F.);
#2914=ORIENTED_EDGE('',*,*,#2152,.F.);
#2915=ORIENTED_EDGE('',*,*,#2148,.F.);
#2916=ORIENTED_EDGE('',*,*,#2153,.T.);
#2917=ORIENTED_EDGE('',*,*,#2154,.T.);
#2918=ORIENTED_EDGE('',*,*,#2150,.T.);
#2919=ORIENTED_EDGE('',*,*,#2149,.F.);
#2920=ORIENTED_EDGE('',*,*,#2155,.F.);
#2921=ORIENTED_EDGE('',*,*,#2156,.F.);
#2922=ORIENTED_EDGE('',*,*,#2153,.F.);
#2923=ORIENTED_EDGE('',*,*,#2136,.F.);
#2924=ORIENTED_EDGE('',*,*,#2157,.T.);
#2925=ORIENTED_EDGE('',*,*,#2158,.T.);
#2926=ORIENTED_EDGE('',*,*,#2155,.T.);
#2927=ORIENTED_EDGE('',*,*,#2159,.T.);
#2928=ORIENTED_EDGE('',*,*,#2041,.T.);
#2929=ORIENTED_EDGE('',*,*,#2160,.T.);
#2930=ORIENTED_EDGE('',*,*,#2161,.T.);
#2931=ORIENTED_EDGE('',*,*,#2162,.T.);
#2932=ORIENTED_EDGE('',*,*,#2163,.T.);
#2933=ORIENTED_EDGE('',*,*,#2160,.F.);
#2934=ORIENTED_EDGE('',*,*,#2048,.T.);
#2935=ORIENTED_EDGE('',*,*,#2164,.T.);
#2936=ORIENTED_EDGE('',*,*,#2165,.T.);
#2937=ORIENTED_EDGE('',*,*,#2162,.F.);
#2938=ORIENTED_EDGE('',*,*,#2047,.T.);
#2939=ORIENTED_EDGE('',*,*,#2166,.T.);
#2940=ORIENTED_EDGE('',*,*,#2167,.T.);
#2941=ORIENTED_EDGE('',*,*,#2164,.F.);
#2942=ORIENTED_EDGE('',*,*,#2046,.T.);
#2943=ORIENTED_EDGE('',*,*,#2168,.T.);
#2944=ORIENTED_EDGE('',*,*,#2169,.T.);
#2945=ORIENTED_EDGE('',*,*,#2166,.F.);
#2946=ORIENTED_EDGE('',*,*,#2045,.T.);
#2947=ORIENTED_EDGE('',*,*,#2170,.T.);
#2948=ORIENTED_EDGE('',*,*,#2171,.T.);
#2949=ORIENTED_EDGE('',*,*,#2168,.F.);
#2950=ORIENTED_EDGE('',*,*,#2044,.T.);
#2951=ORIENTED_EDGE('',*,*,#2172,.T.);
#2952=ORIENTED_EDGE('',*,*,#2173,.T.);
#2953=ORIENTED_EDGE('',*,*,#2170,.F.);
#2954=ORIENTED_EDGE('',*,*,#2043,.T.);
#2955=ORIENTED_EDGE('',*,*,#2172,.F.);
#2956=ORIENTED_EDGE('',*,*,#2042,.T.);
#2957=ORIENTED_EDGE('',*,*,#2159,.F.);
#2958=ORIENTED_EDGE('',*,*,#2174,.T.);
#2959=ORIENTED_EDGE('',*,*,#2171,.F.);
#2960=ORIENTED_EDGE('',*,*,#2175,.F.);
#2961=ORIENTED_EDGE('',*,*,#2176,.F.);
#2962=ORIENTED_EDGE('',*,*,#2177,.F.);
#2963=ORIENTED_EDGE('',*,*,#2173,.F.);
#2964=ORIENTED_EDGE('',*,*,#2178,.T.);
#2965=ORIENTED_EDGE('',*,*,#2179,.T.);
#2966=ORIENTED_EDGE('',*,*,#2175,.T.);
#2967=ORIENTED_EDGE('',*,*,#2174,.F.);
#2968=ORIENTED_EDGE('',*,*,#2180,.F.);
#2969=ORIENTED_EDGE('',*,*,#2181,.F.);
#2970=ORIENTED_EDGE('',*,*,#2178,.F.);
#2971=ORIENTED_EDGE('',*,*,#2161,.F.);
#2972=ORIENTED_EDGE('',*,*,#2182,.T.);
#2973=ORIENTED_EDGE('',*,*,#2183,.T.);
#2974=ORIENTED_EDGE('',*,*,#2180,.T.);
#2975=ORIENTED_EDGE('',*,*,#2184,.T.);
#2976=ORIENTED_EDGE('',*,*,#2031,.T.);
#2977=ORIENTED_EDGE('',*,*,#2185,.T.);
#2978=ORIENTED_EDGE('',*,*,#2186,.T.);
#2979=ORIENTED_EDGE('',*,*,#2187,.T.);
#2980=ORIENTED_EDGE('',*,*,#2188,.T.);
#2981=ORIENTED_EDGE('',*,*,#2185,.F.);
#2982=ORIENTED_EDGE('',*,*,#2038,.T.);
#2983=ORIENTED_EDGE('',*,*,#2189,.T.);
#2984=ORIENTED_EDGE('',*,*,#2190,.T.);
#2985=ORIENTED_EDGE('',*,*,#2187,.F.);
#2986=ORIENTED_EDGE('',*,*,#2037,.T.);
#2987=ORIENTED_EDGE('',*,*,#2191,.T.);
#2988=ORIENTED_EDGE('',*,*,#2192,.T.);
#2989=ORIENTED_EDGE('',*,*,#2189,.F.);
#2990=ORIENTED_EDGE('',*,*,#2036,.T.);
#2991=ORIENTED_EDGE('',*,*,#2193,.T.);
#2992=ORIENTED_EDGE('',*,*,#2194,.T.);
#2993=ORIENTED_EDGE('',*,*,#2191,.F.);
#2994=ORIENTED_EDGE('',*,*,#2035,.T.);
#2995=ORIENTED_EDGE('',*,*,#2195,.T.);
#2996=ORIENTED_EDGE('',*,*,#2196,.T.);
#2997=ORIENTED_EDGE('',*,*,#2193,.F.);
#2998=ORIENTED_EDGE('',*,*,#2034,.T.);
#2999=ORIENTED_EDGE('',*,*,#2197,.T.);
#3000=ORIENTED_EDGE('',*,*,#2198,.T.);
#3001=ORIENTED_EDGE('',*,*,#2195,.F.);
#3002=ORIENTED_EDGE('',*,*,#2033,.T.);
#3003=ORIENTED_EDGE('',*,*,#2197,.F.);
#3004=ORIENTED_EDGE('',*,*,#2032,.T.);
#3005=ORIENTED_EDGE('',*,*,#2184,.F.);
#3006=ORIENTED_EDGE('',*,*,#2199,.T.);
#3007=ORIENTED_EDGE('',*,*,#2196,.F.);
#3008=ORIENTED_EDGE('',*,*,#2200,.F.);
#3009=ORIENTED_EDGE('',*,*,#2201,.F.);
#3010=ORIENTED_EDGE('',*,*,#2202,.F.);
#3011=ORIENTED_EDGE('',*,*,#2198,.F.);
#3012=ORIENTED_EDGE('',*,*,#2203,.T.);
#3013=ORIENTED_EDGE('',*,*,#2204,.T.);
#3014=ORIENTED_EDGE('',*,*,#2200,.T.);
#3015=ORIENTED_EDGE('',*,*,#2199,.F.);
#3016=ORIENTED_EDGE('',*,*,#2205,.F.);
#3017=ORIENTED_EDGE('',*,*,#2206,.F.);
#3018=ORIENTED_EDGE('',*,*,#2203,.F.);
#3019=ORIENTED_EDGE('',*,*,#2186,.F.);
#3020=ORIENTED_EDGE('',*,*,#2207,.T.);
#3021=ORIENTED_EDGE('',*,*,#2208,.T.);
#3022=ORIENTED_EDGE('',*,*,#2205,.T.);
#3023=ORIENTED_EDGE('',*,*,#2209,.T.);
#3024=ORIENTED_EDGE('',*,*,#2021,.T.);
#3025=ORIENTED_EDGE('',*,*,#2210,.T.);
#3026=ORIENTED_EDGE('',*,*,#2211,.T.);
#3027=ORIENTED_EDGE('',*,*,#2212,.T.);
#3028=ORIENTED_EDGE('',*,*,#2213,.T.);
#3029=ORIENTED_EDGE('',*,*,#2210,.F.);
#3030=ORIENTED_EDGE('',*,*,#2028,.T.);
#3031=ORIENTED_EDGE('',*,*,#2214,.T.);
#3032=ORIENTED_EDGE('',*,*,#2215,.T.);
#3033=ORIENTED_EDGE('',*,*,#2212,.F.);
#3034=ORIENTED_EDGE('',*,*,#2027,.T.);
#3035=ORIENTED_EDGE('',*,*,#2216,.T.);
#3036=ORIENTED_EDGE('',*,*,#2217,.T.);
#3037=ORIENTED_EDGE('',*,*,#2214,.F.);
#3038=ORIENTED_EDGE('',*,*,#2026,.T.);
#3039=ORIENTED_EDGE('',*,*,#2218,.T.);
#3040=ORIENTED_EDGE('',*,*,#2219,.T.);
#3041=ORIENTED_EDGE('',*,*,#2216,.F.);
#3042=ORIENTED_EDGE('',*,*,#2025,.T.);
#3043=ORIENTED_EDGE('',*,*,#2220,.T.);
#3044=ORIENTED_EDGE('',*,*,#2221,.T.);
#3045=ORIENTED_EDGE('',*,*,#2218,.F.);
#3046=ORIENTED_EDGE('',*,*,#2024,.T.);
#3047=ORIENTED_EDGE('',*,*,#2222,.T.);
#3048=ORIENTED_EDGE('',*,*,#2223,.T.);
#3049=ORIENTED_EDGE('',*,*,#2220,.F.);
#3050=ORIENTED_EDGE('',*,*,#2023,.T.);
#3051=ORIENTED_EDGE('',*,*,#2222,.F.);
#3052=ORIENTED_EDGE('',*,*,#2022,.T.);
#3053=ORIENTED_EDGE('',*,*,#2209,.F.);
#3054=ORIENTED_EDGE('',*,*,#2224,.T.);
#3055=ORIENTED_EDGE('',*,*,#2221,.F.);
#3056=ORIENTED_EDGE('',*,*,#2225,.F.);
#3057=ORIENTED_EDGE('',*,*,#2226,.F.);
#3058=ORIENTED_EDGE('',*,*,#2227,.F.);
#3059=ORIENTED_EDGE('',*,*,#2223,.F.);
#3060=ORIENTED_EDGE('',*,*,#2228,.T.);
#3061=ORIENTED_EDGE('',*,*,#2229,.T.);
#3062=ORIENTED_EDGE('',*,*,#2225,.T.);
#3063=ORIENTED_EDGE('',*,*,#2224,.F.);
#3064=ORIENTED_EDGE('',*,*,#2230,.F.);
#3065=ORIENTED_EDGE('',*,*,#2231,.F.);
#3066=ORIENTED_EDGE('',*,*,#2228,.F.);
#3067=ORIENTED_EDGE('',*,*,#2211,.F.);
#3068=ORIENTED_EDGE('',*,*,#2232,.T.);
#3069=ORIENTED_EDGE('',*,*,#2233,.T.);
#3070=ORIENTED_EDGE('',*,*,#2230,.T.);
#3071=ORIENTED_EDGE('',*,*,#2234,.T.);
#3072=ORIENTED_EDGE('',*,*,#1936,.T.);
#3073=ORIENTED_EDGE('',*,*,#2235,.T.);
#3074=ORIENTED_EDGE('',*,*,#2236,.T.);
#3075=ORIENTED_EDGE('',*,*,#2237,.T.);
#3076=ORIENTED_EDGE('',*,*,#2238,.T.);
#3077=ORIENTED_EDGE('',*,*,#2235,.F.);
#3078=ORIENTED_EDGE('',*,*,#1943,.T.);
#3079=ORIENTED_EDGE('',*,*,#2239,.T.);
#3080=ORIENTED_EDGE('',*,*,#2240,.T.);
#3081=ORIENTED_EDGE('',*,*,#2237,.F.);
#3082=ORIENTED_EDGE('',*,*,#1942,.T.);
#3083=ORIENTED_EDGE('',*,*,#2241,.T.);
#3084=ORIENTED_EDGE('',*,*,#2242,.T.);
#3085=ORIENTED_EDGE('',*,*,#2239,.F.);
#3086=ORIENTED_EDGE('',*,*,#1941,.T.);
#3087=ORIENTED_EDGE('',*,*,#2243,.T.);
#3088=ORIENTED_EDGE('',*,*,#2244,.T.);
#3089=ORIENTED_EDGE('',*,*,#2241,.F.);
#3090=ORIENTED_EDGE('',*,*,#1940,.T.);
#3091=ORIENTED_EDGE('',*,*,#2245,.T.);
#3092=ORIENTED_EDGE('',*,*,#2246,.T.);
#3093=ORIENTED_EDGE('',*,*,#2243,.F.);
#3094=ORIENTED_EDGE('',*,*,#1939,.T.);
#3095=ORIENTED_EDGE('',*,*,#2247,.T.);
#3096=ORIENTED_EDGE('',*,*,#2248,.T.);
#3097=ORIENTED_EDGE('',*,*,#2245,.F.);
#3098=ORIENTED_EDGE('',*,*,#1938,.T.);
#3099=ORIENTED_EDGE('',*,*,#2247,.F.);
#3100=ORIENTED_EDGE('',*,*,#1937,.T.);
#3101=ORIENTED_EDGE('',*,*,#2234,.F.);
#3102=ORIENTED_EDGE('',*,*,#2249,.T.);
#3103=ORIENTED_EDGE('',*,*,#2246,.F.);
#3104=ORIENTED_EDGE('',*,*,#2250,.F.);
#3105=ORIENTED_EDGE('',*,*,#2251,.F.);
#3106=ORIENTED_EDGE('',*,*,#2252,.F.);
#3107=ORIENTED_EDGE('',*,*,#2248,.F.);
#3108=ORIENTED_EDGE('',*,*,#2253,.T.);
#3109=ORIENTED_EDGE('',*,*,#2254,.T.);
#3110=ORIENTED_EDGE('',*,*,#2250,.T.);
#3111=ORIENTED_EDGE('',*,*,#2249,.F.);
#3112=ORIENTED_EDGE('',*,*,#2255,.F.);
#3113=ORIENTED_EDGE('',*,*,#2256,.F.);
#3114=ORIENTED_EDGE('',*,*,#2253,.F.);
#3115=ORIENTED_EDGE('',*,*,#2236,.F.);
#3116=ORIENTED_EDGE('',*,*,#2257,.T.);
#3117=ORIENTED_EDGE('',*,*,#2258,.T.);
#3118=ORIENTED_EDGE('',*,*,#2255,.T.);
#3119=ORIENTED_EDGE('',*,*,#2259,.F.);
#3120=ORIENTED_EDGE('',*,*,#2260,.F.);
#3121=ORIENTED_EDGE('',*,*,#2229,.F.);
#3122=ORIENTED_EDGE('',*,*,#2261,.F.);
#3123=ORIENTED_EDGE('',*,*,#2262,.F.);
#3124=ORIENTED_EDGE('',*,*,#2263,.F.);
#3125=ORIENTED_EDGE('',*,*,#2219,.F.);
#3126=ORIENTED_EDGE('',*,*,#2227,.T.);
#3127=ORIENTED_EDGE('',*,*,#2262,.T.);
#3128=ORIENTED_EDGE('',*,*,#2264,.T.);
#3129=ORIENTED_EDGE('',*,*,#2260,.T.);
#3130=ORIENTED_EDGE('',*,*,#2265,.T.);
#3131=ORIENTED_EDGE('',*,*,#2263,.T.);
#3132=ORIENTED_EDGE('',*,*,#2226,.T.);
#3133=ORIENTED_EDGE('',*,*,#2266,.F.);
#3134=ORIENTED_EDGE('',*,*,#2267,.F.);
#3135=ORIENTED_EDGE('',*,*,#2233,.F.);
#3136=ORIENTED_EDGE('',*,*,#2259,.T.);
#3137=ORIENTED_EDGE('',*,*,#2231,.T.);
#3138=ORIENTED_EDGE('',*,*,#2267,.T.);
#3139=ORIENTED_EDGE('',*,*,#2268,.T.);
#3140=ORIENTED_EDGE('',*,*,#2269,.F.);
#3141=ORIENTED_EDGE('',*,*,#2270,.F.);
#3142=ORIENTED_EDGE('',*,*,#2271,.F.);
#3143=ORIENTED_EDGE('',*,*,#2261,.T.);
#3144=ORIENTED_EDGE('',*,*,#2272,.T.);
#3145=ORIENTED_EDGE('',*,*,#2270,.T.);
#3146=ORIENTED_EDGE('',*,*,#2273,.T.);
#3147=ORIENTED_EDGE('',*,*,#2271,.T.);
#3148=ORIENTED_EDGE('',*,*,#2274,.T.);
#3149=ORIENTED_EDGE('',*,*,#2266,.T.);
#3150=ORIENTED_EDGE('',*,*,#2275,.T.);
#3151=ORIENTED_EDGE('',*,*,#2215,.F.);
#3152=ORIENTED_EDGE('',*,*,#2276,.T.);
#3153=ORIENTED_EDGE('',*,*,#2269,.T.);
#3154=ORIENTED_EDGE('',*,*,#2277,.T.);
#3155=ORIENTED_EDGE('',*,*,#2213,.F.);
#3156=ORIENTED_EDGE('',*,*,#2277,.F.);
#3157=ORIENTED_EDGE('',*,*,#2275,.F.);
#3158=ORIENTED_EDGE('',*,*,#2232,.F.);
#3159=ORIENTED_EDGE('',*,*,#2265,.F.);
#3160=ORIENTED_EDGE('',*,*,#2268,.F.);
#3161=ORIENTED_EDGE('',*,*,#2274,.F.);
#3162=ORIENTED_EDGE('',*,*,#2272,.F.);
#3163=ORIENTED_EDGE('',*,*,#2278,.F.);
#3164=ORIENTED_EDGE('',*,*,#2279,.F.);
#3165=ORIENTED_EDGE('',*,*,#2204,.F.);
#3166=ORIENTED_EDGE('',*,*,#2280,.F.);
#3167=ORIENTED_EDGE('',*,*,#2281,.F.);
#3168=ORIENTED_EDGE('',*,*,#2282,.F.);
#3169=ORIENTED_EDGE('',*,*,#2194,.F.);
#3170=ORIENTED_EDGE('',*,*,#2202,.T.);
#3171=ORIENTED_EDGE('',*,*,#2281,.T.);
#3172=ORIENTED_EDGE('',*,*,#2283,.T.);
#3173=ORIENTED_EDGE('',*,*,#2279,.T.);
#3174=ORIENTED_EDGE('',*,*,#2284,.T.);
#3175=ORIENTED_EDGE('',*,*,#2282,.T.);
#3176=ORIENTED_EDGE('',*,*,#2201,.T.);
#3177=ORIENTED_EDGE('',*,*,#2285,.F.);
#3178=ORIENTED_EDGE('',*,*,#2286,.F.);
#3179=ORIENTED_EDGE('',*,*,#2208,.F.);
#3180=ORIENTED_EDGE('',*,*,#2278,.T.);
#3181=ORIENTED_EDGE('',*,*,#2206,.T.);
#3182=ORIENTED_EDGE('',*,*,#2286,.T.);
#3183=ORIENTED_EDGE('',*,*,#2287,.T.);
#3184=ORIENTED_EDGE('',*,*,#2288,.F.);
#3185=ORIENTED_EDGE('',*,*,#2289,.F.);
#3186=ORIENTED_EDGE('',*,*,#2290,.F.);
#3187=ORIENTED_EDGE('',*,*,#2280,.T.);
#3188=ORIENTED_EDGE('',*,*,#2291,.T.);
#3189=ORIENTED_EDGE('',*,*,#2289,.T.);
#3190=ORIENTED_EDGE('',*,*,#2292,.T.);
#3191=ORIENTED_EDGE('',*,*,#2290,.T.);
#3192=ORIENTED_EDGE('',*,*,#2293,.T.);
#3193=ORIENTED_EDGE('',*,*,#2285,.T.);
#3194=ORIENTED_EDGE('',*,*,#2294,.T.);
#3195=ORIENTED_EDGE('',*,*,#2190,.F.);
#3196=ORIENTED_EDGE('',*,*,#2295,.T.);
#3197=ORIENTED_EDGE('',*,*,#2288,.T.);
#3198=ORIENTED_EDGE('',*,*,#2296,.T.);
#3199=ORIENTED_EDGE('',*,*,#2188,.F.);
#3200=ORIENTED_EDGE('',*,*,#2296,.F.);
#3201=ORIENTED_EDGE('',*,*,#2294,.F.);
#3202=ORIENTED_EDGE('',*,*,#2207,.F.);
#3203=ORIENTED_EDGE('',*,*,#2284,.F.);
#3204=ORIENTED_EDGE('',*,*,#2287,.F.);
#3205=ORIENTED_EDGE('',*,*,#2293,.F.);
#3206=ORIENTED_EDGE('',*,*,#2291,.F.);
#3207=ORIENTED_EDGE('',*,*,#2297,.F.);
#3208=ORIENTED_EDGE('',*,*,#2298,.F.);
#3209=ORIENTED_EDGE('',*,*,#2299,.F.);
#3210=ORIENTED_EDGE('',*,*,#2300,.F.);
#3211=ORIENTED_EDGE('',*,*,#2301,.F.);
#3212=ORIENTED_EDGE('',*,*,#2302,.F.);
#3213=ORIENTED_EDGE('',*,*,#2165,.F.);
#3214=ORIENTED_EDGE('',*,*,#2303,.T.);
#3215=ORIENTED_EDGE('',*,*,#2301,.T.);
#3216=ORIENTED_EDGE('',*,*,#2304,.T.);
#3217=ORIENTED_EDGE('',*,*,#2298,.T.);
#3218=ORIENTED_EDGE('',*,*,#2305,.T.);
#3219=ORIENTED_EDGE('',*,*,#2302,.T.);
#3220=ORIENTED_EDGE('',*,*,#2306,.T.);
#3221=ORIENTED_EDGE('',*,*,#2307,.F.);
#3222=ORIENTED_EDGE('',*,*,#2308,.F.);
#3223=ORIENTED_EDGE('',*,*,#2179,.F.);
#3224=ORIENTED_EDGE('',*,*,#2297,.T.);
#3225=ORIENTED_EDGE('',*,*,#2176,.T.);
#3226=ORIENTED_EDGE('',*,*,#2308,.T.);
#3227=ORIENTED_EDGE('',*,*,#2309,.T.);
#3228=ORIENTED_EDGE('',*,*,#2183,.F.);
#3229=ORIENTED_EDGE('',*,*,#2310,.F.);
#3230=ORIENTED_EDGE('',*,*,#2311,.F.);
#3231=ORIENTED_EDGE('',*,*,#2300,.T.);
#3232=ORIENTED_EDGE('',*,*,#2312,.T.);
#3233=ORIENTED_EDGE('',*,*,#2310,.T.);
#3234=ORIENTED_EDGE('',*,*,#2313,.T.);
#3235=ORIENTED_EDGE('',*,*,#2311,.T.);
#3236=ORIENTED_EDGE('',*,*,#2314,.T.);
#3237=ORIENTED_EDGE('',*,*,#2307,.T.);
#3238=ORIENTED_EDGE('',*,*,#2181,.T.);
#3239=ORIENTED_EDGE('',*,*,#2169,.F.);
#3240=ORIENTED_EDGE('',*,*,#2177,.T.);
#3241=ORIENTED_EDGE('',*,*,#2299,.T.);
#3242=ORIENTED_EDGE('',*,*,#2315,.T.);
#3243=ORIENTED_EDGE('',*,*,#2305,.F.);
#3244=ORIENTED_EDGE('',*,*,#2309,.F.);
#3245=ORIENTED_EDGE('',*,*,#2314,.F.);
#3246=ORIENTED_EDGE('',*,*,#2312,.F.);
#3247=ORIENTED_EDGE('',*,*,#2316,.F.);
#3248=ORIENTED_EDGE('',*,*,#2317,.F.);
#3249=ORIENTED_EDGE('',*,*,#2318,.F.);
#3250=ORIENTED_EDGE('',*,*,#2319,.F.);
#3251=ORIENTED_EDGE('',*,*,#2320,.F.);
#3252=ORIENTED_EDGE('',*,*,#2321,.F.);
#3253=ORIENTED_EDGE('',*,*,#2140,.F.);
#3254=ORIENTED_EDGE('',*,*,#2322,.T.);
#3255=ORIENTED_EDGE('',*,*,#2320,.T.);
#3256=ORIENTED_EDGE('',*,*,#2323,.T.);
#3257=ORIENTED_EDGE('',*,*,#2317,.T.);
#3258=ORIENTED_EDGE('',*,*,#2324,.T.);
#3259=ORIENTED_EDGE('',*,*,#2321,.T.);
#3260=ORIENTED_EDGE('',*,*,#2325,.T.);
#3261=ORIENTED_EDGE('',*,*,#2326,.F.);
#3262=ORIENTED_EDGE('',*,*,#2327,.F.);
#3263=ORIENTED_EDGE('',*,*,#2154,.F.);
#3264=ORIENTED_EDGE('',*,*,#2316,.T.);
#3265=ORIENTED_EDGE('',*,*,#2151,.T.);
#3266=ORIENTED_EDGE('',*,*,#2327,.T.);
#3267=ORIENTED_EDGE('',*,*,#2328,.T.);
#3268=ORIENTED_EDGE('',*,*,#2158,.F.);
#3269=ORIENTED_EDGE('',*,*,#2329,.F.);
#3270=ORIENTED_EDGE('',*,*,#2330,.F.);
#3271=ORIENTED_EDGE('',*,*,#2319,.T.);
#3272=ORIENTED_EDGE('',*,*,#2331,.T.);
#3273=ORIENTED_EDGE('',*,*,#2329,.T.);
#3274=ORIENTED_EDGE('',*,*,#2332,.T.);
#3275=ORIENTED_EDGE('',*,*,#2330,.T.);
#3276=ORIENTED_EDGE('',*,*,#2333,.T.);
#3277=ORIENTED_EDGE('',*,*,#2326,.T.);
#3278=ORIENTED_EDGE('',*,*,#2156,.T.);
#3279=ORIENTED_EDGE('',*,*,#2144,.F.);
#3280=ORIENTED_EDGE('',*,*,#2152,.T.);
#3281=ORIENTED_EDGE('',*,*,#2318,.T.);
#3282=ORIENTED_EDGE('',*,*,#2334,.T.);
#3283=ORIENTED_EDGE('',*,*,#2324,.F.);
#3284=ORIENTED_EDGE('',*,*,#2328,.F.);
#3285=ORIENTED_EDGE('',*,*,#2333,.F.);
#3286=ORIENTED_EDGE('',*,*,#2331,.F.);
#3287=ORIENTED_EDGE('',*,*,#2335,.F.);
#3288=ORIENTED_EDGE('',*,*,#2336,.F.);
#3289=ORIENTED_EDGE('',*,*,#2337,.F.);
#3290=ORIENTED_EDGE('',*,*,#2338,.F.);
#3291=ORIENTED_EDGE('',*,*,#2133,.F.);
#3292=ORIENTED_EDGE('',*,*,#2339,.F.);
#3293=ORIENTED_EDGE('',*,*,#2336,.T.);
#3294=ORIENTED_EDGE('',*,*,#2340,.T.);
#3295=ORIENTED_EDGE('',*,*,#2339,.T.);
#3296=ORIENTED_EDGE('',*,*,#2341,.T.);
#3297=ORIENTED_EDGE('',*,*,#2342,.F.);
#3298=ORIENTED_EDGE('',*,*,#2343,.F.);
#3299=ORIENTED_EDGE('',*,*,#2344,.F.);
#3300=ORIENTED_EDGE('',*,*,#2335,.T.);
#3301=ORIENTED_EDGE('',*,*,#2345,.T.);
#3302=ORIENTED_EDGE('',*,*,#2343,.T.);
#3303=ORIENTED_EDGE('',*,*,#2346,.T.);
#3304=ORIENTED_EDGE('',*,*,#2119,.F.);
#3305=ORIENTED_EDGE('',*,*,#2127,.T.);
#3306=ORIENTED_EDGE('',*,*,#2344,.T.);
#3307=ORIENTED_EDGE('',*,*,#2347,.T.);
#3308=ORIENTED_EDGE('',*,*,#2129,.F.);
#3309=ORIENTED_EDGE('',*,*,#2348,.F.);
#3310=ORIENTED_EDGE('',*,*,#2349,.F.);
#3311=ORIENTED_EDGE('',*,*,#2338,.T.);
#3312=ORIENTED_EDGE('',*,*,#2350,.T.);
#3313=ORIENTED_EDGE('',*,*,#2348,.T.);
#3314=ORIENTED_EDGE('',*,*,#2131,.T.);
#3315=ORIENTED_EDGE('',*,*,#2349,.T.);
#3316=ORIENTED_EDGE('',*,*,#2351,.T.);
#3317=ORIENTED_EDGE('',*,*,#2342,.T.);
#3318=ORIENTED_EDGE('',*,*,#2126,.T.);
#3319=ORIENTED_EDGE('',*,*,#2115,.F.);
#3320=ORIENTED_EDGE('',*,*,#2352,.T.);
#3321=ORIENTED_EDGE('',*,*,#2337,.T.);
#3322=ORIENTED_EDGE('',*,*,#2353,.T.);
#3323=ORIENTED_EDGE('',*,*,#2117,.F.);
#3324=ORIENTED_EDGE('',*,*,#2347,.F.);
#3325=ORIENTED_EDGE('',*,*,#2345,.F.);
#3326=ORIENTED_EDGE('',*,*,#2352,.F.);
#3327=ORIENTED_EDGE('',*,*,#2340,.F.);
#3328=ORIENTED_EDGE('',*,*,#2346,.F.);
#3329=ORIENTED_EDGE('',*,*,#2351,.F.);
#3330=ORIENTED_EDGE('',*,*,#2350,.F.);
#3331=ORIENTED_EDGE('',*,*,#2354,.F.);
#3332=ORIENTED_EDGE('',*,*,#2355,.F.);
#3333=ORIENTED_EDGE('',*,*,#2356,.F.);
#3334=ORIENTED_EDGE('',*,*,#2357,.F.);
#3335=ORIENTED_EDGE('',*,*,#2108,.F.);
#3336=ORIENTED_EDGE('',*,*,#2358,.F.);
#3337=ORIENTED_EDGE('',*,*,#2355,.T.);
#3338=ORIENTED_EDGE('',*,*,#2359,.T.);
#3339=ORIENTED_EDGE('',*,*,#2358,.T.);
#3340=ORIENTED_EDGE('',*,*,#2360,.T.);
#3341=ORIENTED_EDGE('',*,*,#2361,.F.);
#3342=ORIENTED_EDGE('',*,*,#2362,.F.);
#3343=ORIENTED_EDGE('',*,*,#2363,.F.);
#3344=ORIENTED_EDGE('',*,*,#2354,.T.);
#3345=ORIENTED_EDGE('',*,*,#2364,.T.);
#3346=ORIENTED_EDGE('',*,*,#2362,.T.);
#3347=ORIENTED_EDGE('',*,*,#2365,.T.);
#3348=ORIENTED_EDGE('',*,*,#2094,.F.);
#3349=ORIENTED_EDGE('',*,*,#2102,.T.);
#3350=ORIENTED_EDGE('',*,*,#2363,.T.);
#3351=ORIENTED_EDGE('',*,*,#2366,.T.);
#3352=ORIENTED_EDGE('',*,*,#2104,.F.);
#3353=ORIENTED_EDGE('',*,*,#2367,.F.);
#3354=ORIENTED_EDGE('',*,*,#2368,.F.);
#3355=ORIENTED_EDGE('',*,*,#2357,.T.);
#3356=ORIENTED_EDGE('',*,*,#2369,.T.);
#3357=ORIENTED_EDGE('',*,*,#2367,.T.);
#3358=ORIENTED_EDGE('',*,*,#2106,.T.);
#3359=ORIENTED_EDGE('',*,*,#2368,.T.);
#3360=ORIENTED_EDGE('',*,*,#2370,.T.);
#3361=ORIENTED_EDGE('',*,*,#2361,.T.);
#3362=ORIENTED_EDGE('',*,*,#2101,.T.);
#3363=ORIENTED_EDGE('',*,*,#2090,.F.);
#3364=ORIENTED_EDGE('',*,*,#2371,.T.);
#3365=ORIENTED_EDGE('',*,*,#2356,.T.);
#3366=ORIENTED_EDGE('',*,*,#2372,.T.);
#3367=ORIENTED_EDGE('',*,*,#2092,.F.);
#3368=ORIENTED_EDGE('',*,*,#2366,.F.);
#3369=ORIENTED_EDGE('',*,*,#2364,.F.);
#3370=ORIENTED_EDGE('',*,*,#2371,.F.);
#3371=ORIENTED_EDGE('',*,*,#2359,.F.);
#3372=ORIENTED_EDGE('',*,*,#2365,.F.);
#3373=ORIENTED_EDGE('',*,*,#2370,.F.);
#3374=ORIENTED_EDGE('',*,*,#2369,.F.);
#3375=ORIENTED_EDGE('',*,*,#2373,.F.);
#3376=ORIENTED_EDGE('',*,*,#2374,.F.);
#3377=ORIENTED_EDGE('',*,*,#2375,.F.);
#3378=ORIENTED_EDGE('',*,*,#2376,.F.);
#3379=ORIENTED_EDGE('',*,*,#2083,.F.);
#3380=ORIENTED_EDGE('',*,*,#2377,.F.);
#3381=ORIENTED_EDGE('',*,*,#2374,.T.);
#3382=ORIENTED_EDGE('',*,*,#2378,.T.);
#3383=ORIENTED_EDGE('',*,*,#2377,.T.);
#3384=ORIENTED_EDGE('',*,*,#2379,.T.);
#3385=ORIENTED_EDGE('',*,*,#2380,.F.);
#3386=ORIENTED_EDGE('',*,*,#2381,.F.);
#3387=ORIENTED_EDGE('',*,*,#2382,.F.);
#3388=ORIENTED_EDGE('',*,*,#2373,.T.);
#3389=ORIENTED_EDGE('',*,*,#2383,.T.);
#3390=ORIENTED_EDGE('',*,*,#2381,.T.);
#3391=ORIENTED_EDGE('',*,*,#2384,.T.);
#3392=ORIENTED_EDGE('',*,*,#2069,.F.);
#3393=ORIENTED_EDGE('',*,*,#2077,.T.);
#3394=ORIENTED_EDGE('',*,*,#2382,.T.);
#3395=ORIENTED_EDGE('',*,*,#2385,.T.);
#3396=ORIENTED_EDGE('',*,*,#2079,.F.);
#3397=ORIENTED_EDGE('',*,*,#2386,.F.);
#3398=ORIENTED_EDGE('',*,*,#2387,.F.);
#3399=ORIENTED_EDGE('',*,*,#2376,.T.);
#3400=ORIENTED_EDGE('',*,*,#2388,.T.);
#3401=ORIENTED_EDGE('',*,*,#2386,.T.);
#3402=ORIENTED_EDGE('',*,*,#2081,.T.);
#3403=ORIENTED_EDGE('',*,*,#2387,.T.);
#3404=ORIENTED_EDGE('',*,*,#2389,.T.);
#3405=ORIENTED_EDGE('',*,*,#2380,.T.);
#3406=ORIENTED_EDGE('',*,*,#2076,.T.);
#3407=ORIENTED_EDGE('',*,*,#2065,.F.);
#3408=ORIENTED_EDGE('',*,*,#2390,.T.);
#3409=ORIENTED_EDGE('',*,*,#2375,.T.);
#3410=ORIENTED_EDGE('',*,*,#2391,.T.);
#3411=ORIENTED_EDGE('',*,*,#2067,.F.);
#3412=ORIENTED_EDGE('',*,*,#2385,.F.);
#3413=ORIENTED_EDGE('',*,*,#2383,.F.);
#3414=ORIENTED_EDGE('',*,*,#2390,.F.);
#3415=ORIENTED_EDGE('',*,*,#2378,.F.);
#3416=ORIENTED_EDGE('',*,*,#2384,.F.);
#3417=ORIENTED_EDGE('',*,*,#2389,.F.);
#3418=ORIENTED_EDGE('',*,*,#2388,.F.);
#3419=ORIENTED_EDGE('',*,*,#2167,.F.);
#3420=ORIENTED_EDGE('',*,*,#2315,.F.);
#3421=ORIENTED_EDGE('',*,*,#2306,.F.);
#3422=ORIENTED_EDGE('',*,*,#2303,.F.);
#3423=ORIENTED_EDGE('',*,*,#2142,.F.);
#3424=ORIENTED_EDGE('',*,*,#2334,.F.);
#3425=ORIENTED_EDGE('',*,*,#2325,.F.);
#3426=ORIENTED_EDGE('',*,*,#2322,.F.);
#3427=ORIENTED_EDGE('',*,*,#2113,.F.);
#3428=ORIENTED_EDGE('',*,*,#2353,.F.);
#3429=ORIENTED_EDGE('',*,*,#2341,.F.);
#3430=ORIENTED_EDGE('',*,*,#2132,.F.);
#3431=ORIENTED_EDGE('',*,*,#2088,.F.);
#3432=ORIENTED_EDGE('',*,*,#2372,.F.);
#3433=ORIENTED_EDGE('',*,*,#2360,.F.);
#3434=ORIENTED_EDGE('',*,*,#2107,.F.);
#3435=ORIENTED_EDGE('',*,*,#2063,.F.);
#3436=ORIENTED_EDGE('',*,*,#2391,.F.);
#3437=ORIENTED_EDGE('',*,*,#2379,.F.);
#3438=ORIENTED_EDGE('',*,*,#2082,.F.);
#3439=ORIENTED_EDGE('',*,*,#2217,.F.);
#3440=ORIENTED_EDGE('',*,*,#2264,.F.);
#3441=ORIENTED_EDGE('',*,*,#2273,.F.);
#3442=ORIENTED_EDGE('',*,*,#2276,.F.);
#3443=ORIENTED_EDGE('',*,*,#2192,.F.);
#3444=ORIENTED_EDGE('',*,*,#2283,.F.);
#3445=ORIENTED_EDGE('',*,*,#2292,.F.);
#3446=ORIENTED_EDGE('',*,*,#2295,.F.);
#3447=ORIENTED_EDGE('',*,*,#2163,.F.);
#3448=ORIENTED_EDGE('',*,*,#2304,.F.);
#3449=ORIENTED_EDGE('',*,*,#2313,.F.);
#3450=ORIENTED_EDGE('',*,*,#2182,.F.);
#3451=ORIENTED_EDGE('',*,*,#2138,.F.);
#3452=ORIENTED_EDGE('',*,*,#2323,.F.);
#3453=ORIENTED_EDGE('',*,*,#2332,.F.);
#3454=ORIENTED_EDGE('',*,*,#2157,.F.);
#3455=ORIENTED_EDGE('',*,*,#2392,.F.);
#3456=ORIENTED_EDGE('',*,*,#2393,.F.);
#3457=ORIENTED_EDGE('',*,*,#2394,.F.);
#3458=ORIENTED_EDGE('',*,*,#2395,.F.);
#3459=ORIENTED_EDGE('',*,*,#2396,.F.);
#3460=ORIENTED_EDGE('',*,*,#2397,.F.);
#3461=ORIENTED_EDGE('',*,*,#2393,.T.);
#3462=ORIENTED_EDGE('',*,*,#2398,.T.);
#3463=ORIENTED_EDGE('',*,*,#2396,.T.);
#3464=ORIENTED_EDGE('',*,*,#2399,.T.);
#3465=ORIENTED_EDGE('',*,*,#2400,.F.);
#3466=ORIENTED_EDGE('',*,*,#2401,.F.);
#3467=ORIENTED_EDGE('',*,*,#2254,.F.);
#3468=ORIENTED_EDGE('',*,*,#2392,.T.);
#3469=ORIENTED_EDGE('',*,*,#2251,.T.);
#3470=ORIENTED_EDGE('',*,*,#2401,.T.);
#3471=ORIENTED_EDGE('',*,*,#2402,.T.);
#3472=ORIENTED_EDGE('',*,*,#2258,.F.);
#3473=ORIENTED_EDGE('',*,*,#2403,.F.);
#3474=ORIENTED_EDGE('',*,*,#2404,.F.);
#3475=ORIENTED_EDGE('',*,*,#2397,.T.);
#3476=ORIENTED_EDGE('',*,*,#2405,.T.);
#3477=ORIENTED_EDGE('',*,*,#2403,.T.);
#3478=ORIENTED_EDGE('',*,*,#2406,.T.);
#3479=ORIENTED_EDGE('',*,*,#2404,.T.);
#3480=ORIENTED_EDGE('',*,*,#2407,.T.);
#3481=ORIENTED_EDGE('',*,*,#2400,.T.);
#3482=ORIENTED_EDGE('',*,*,#2256,.T.);
#3483=ORIENTED_EDGE('',*,*,#2240,.F.);
#3484=ORIENTED_EDGE('',*,*,#2408,.T.);
#3485=ORIENTED_EDGE('',*,*,#2395,.T.);
#3486=ORIENTED_EDGE('',*,*,#2409,.T.);
#3487=ORIENTED_EDGE('',*,*,#2244,.F.);
#3488=ORIENTED_EDGE('',*,*,#2252,.T.);
#3489=ORIENTED_EDGE('',*,*,#2394,.T.);
#3490=ORIENTED_EDGE('',*,*,#2410,.T.);
#3491=ORIENTED_EDGE('',*,*,#2398,.F.);
#3492=ORIENTED_EDGE('',*,*,#2402,.F.);
#3493=ORIENTED_EDGE('',*,*,#2407,.F.);
#3494=ORIENTED_EDGE('',*,*,#2405,.F.);
#3495=ORIENTED_EDGE('',*,*,#2242,.F.);
#3496=ORIENTED_EDGE('',*,*,#2410,.F.);
#3497=ORIENTED_EDGE('',*,*,#2399,.F.);
#3498=ORIENTED_EDGE('',*,*,#2408,.F.);
#3499=ORIENTED_EDGE('',*,*,#2238,.F.);
#3500=ORIENTED_EDGE('',*,*,#2409,.F.);
#3501=ORIENTED_EDGE('',*,*,#2406,.F.);
#3502=ORIENTED_EDGE('',*,*,#2257,.F.);
#3503=PLANE('',#3835);
#3504=PLANE('',#3838);
#3505=PLANE('',#3846);
#3506=PLANE('',#3847);
#3507=PLANE('',#3850);
#3508=PLANE('',#3858);
#3509=PLANE('',#3893);
#3510=PLANE('',#3900);
#3511=PLANE('',#3907);
#3512=PLANE('',#3914);
#3513=PLANE('',#3919);
#3514=PLANE('',#3948);
#3515=PLANE('',#3954);
#3516=PLANE('',#3960);
#3517=PLANE('',#3966);
#3518=PLANE('',#3971);
#3519=PLANE('',#3989);
#3520=PLANE('',#3992);
#3521=PLANE('',#4011);
#3522=PLANE('',#4014);
#3523=PLANE('',#4033);
#3524=PLANE('',#4036);
#3525=PLANE('',#4055);
#3526=PLANE('',#4058);
#3527=PLANE('',#4077);
#3528=PLANE('',#4080);
#3529=PLANE('',#4099);
#3530=PLANE('',#4102);
#3531=PLANE('',#4121);
#3532=PLANE('',#4124);
#3533=PLANE('',#4143);
#3534=PLANE('',#4146);
#3535=PLANE('',#4169);
#3536=PLANE('',#4170);
#3537=PLANE('',#4191);
#3538=PLANE('',#4192);
#3539=PLANE('',#4213);
#3540=PLANE('',#4234);
#3541=PLANE('',#4255);
#3542=PLANE('',#4256);
#3543=PLANE('',#4277);
#3544=PLANE('',#4278);
#3545=PLANE('',#4299);
#3546=PLANE('',#4300);
#3547=PLANE('',#4301);
#3548=PLANE('',#4302);
#3549=PLANE('',#4303);
#3550=PLANE('',#4304);
#3551=PLANE('',#4305);
#3552=PLANE('',#4306);
#3553=PLANE('',#4307);
#3554=PLANE('',#4308);
#3555=PLANE('',#4309);
#3556=PLANE('',#4330);
#3557=PLANE('',#4331);
#3558=PLANE('',#4332);
#3559=ADVANCED_FACE('',(#823,#809),#3503,.T.);
#3560=ADVANCED_FACE('',(#824,#810),#3504,.T.);
#3561=ADVANCED_FACE('',(#825),#683,.T.);
#3562=ADVANCED_FACE('',(#826),#684,.T.);
#3563=ADVANCED_FACE('',(#827),#685,.T.);
#3564=ADVANCED_FACE('',(#828),#3505,.F.);
#3565=ADVANCED_FACE('',(#829,#811),#3506,.F.);
#3566=ADVANCED_FACE('',(#830,#812),#3507,.F.);
#3567=ADVANCED_FACE('',(#831),#686,.T.);
#3568=ADVANCED_FACE('',(#832),#687,.T.);
#3569=ADVANCED_FACE('',(#833),#688,.T.);
#3570=ADVANCED_FACE('',(#834),#3508,.T.);
#3571=ADVANCED_FACE('',(#835),#689,.T.);
#3572=ADVANCED_FACE('',(#836),#143,.T.);
#3573=ADVANCED_FACE('',(#837),#690,.T.);
#3574=ADVANCED_FACE('',(#838),#144,.T.);
#3575=ADVANCED_FACE('',(#839),#691,.T.);
#3576=ADVANCED_FACE('',(#840),#145,.T.);
#3577=ADVANCED_FACE('',(#841),#692,.T.);
#3578=ADVANCED_FACE('',(#842),#146,.T.);
#3579=ADVANCED_FACE('',(#843),#693,.T.);
#3580=ADVANCED_FACE('',(#844),#147,.T.);
#3581=ADVANCED_FACE('',(#845),#694,.T.);
#3582=ADVANCED_FACE('',(#846),#148,.T.);
#3583=ADVANCED_FACE('',(#847),#695,.T.);
#3584=ADVANCED_FACE('',(#848),#149,.T.);
#3585=ADVANCED_FACE('',(#849),#696,.T.);
#3586=ADVANCED_FACE('',(#850),#150,.T.);
#3587=ADVANCED_FACE('',(#851),#697,.T.);
#3588=ADVANCED_FACE('',(#852,#813),#3509,.T.);
#3589=ADVANCED_FACE('',(#853),#698,.T.);
#3590=ADVANCED_FACE('',(#854,#814),#3510,.T.);
#3591=ADVANCED_FACE('',(#855),#699,.T.);
#3592=ADVANCED_FACE('',(#856,#815),#3511,.T.);
#3593=ADVANCED_FACE('',(#857),#700,.T.);
#3594=ADVANCED_FACE('',(#858,#816),#3512,.T.);
#3595=ADVANCED_FACE('',(#859,#817),#3513,.T.);
#3596=ADVANCED_FACE('',(#860),#701,.T.);
#3597=ADVANCED_FACE('',(#861),#151,.T.);
#3598=ADVANCED_FACE('',(#862),#702,.T.);
#3599=ADVANCED_FACE('',(#863),#152,.T.);
#3600=ADVANCED_FACE('',(#864),#703,.T.);
#3601=ADVANCED_FACE('',(#865),#153,.T.);
#3602=ADVANCED_FACE('',(#866),#704,.T.);
#3603=ADVANCED_FACE('',(#867),#154,.T.);
#3604=ADVANCED_FACE('',(#868),#705,.T.);
#3605=ADVANCED_FACE('',(#869),#155,.T.);
#3606=ADVANCED_FACE('',(#870),#706,.T.);
#3607=ADVANCED_FACE('',(#871),#156,.T.);
#3608=ADVANCED_FACE('',(#872),#707,.T.);
#3609=ADVANCED_FACE('',(#873),#157,.T.);
#3610=ADVANCED_FACE('',(#874),#708,.T.);
#3611=ADVANCED_FACE('',(#875),#158,.T.);
#3612=ADVANCED_FACE('',(#876,#818),#3514,.T.);
#3613=ADVANCED_FACE('',(#877),#709,.T.);
#3614=ADVANCED_FACE('',(#878,#819),#3515,.T.);
#3615=ADVANCED_FACE('',(#879),#710,.T.);
#3616=ADVANCED_FACE('',(#880,#820),#3516,.T.);
#3617=ADVANCED_FACE('',(#881),#711,.T.);
#3618=ADVANCED_FACE('',(#882,#821),#3517,.T.);
#3619=ADVANCED_FACE('',(#883,#822),#3518,.T.);
#3620=ADVANCED_FACE('',(#884),#712,.T.);
#3621=ADVANCED_FACE('',(#885),#47,.F.);
#3622=ADVANCED_FACE('',(#886),#713,.T.);
#3623=ADVANCED_FACE('',(#887),#48,.F.);
#3624=ADVANCED_FACE('',(#888),#714,.T.);
#3625=ADVANCED_FACE('',(#889),#49,.F.);
#3626=ADVANCED_FACE('',(#890),#715,.T.);
#3627=ADVANCED_FACE('',(#891),#50,.F.);
#3628=ADVANCED_FACE('',(#892),#716,.T.);
#3629=ADVANCED_FACE('',(#893),#3519,.T.);
#3630=ADVANCED_FACE('',(#894),#717,.F.);
#3631=ADVANCED_FACE('',(#895),#3520,.F.);
#3632=ADVANCED_FACE('',(#896),#718,.F.);
#3633=ADVANCED_FACE('',(#897),#51,.F.);
#3634=ADVANCED_FACE('',(#898),#719,.T.);
#3635=ADVANCED_FACE('',(#899),#52,.F.);
#3636=ADVANCED_FACE('',(#900),#720,.T.);
#3637=ADVANCED_FACE('',(#901),#53,.F.);
#3638=ADVANCED_FACE('',(#902),#721,.T.);
#3639=ADVANCED_FACE('',(#903),#54,.F.);
#3640=ADVANCED_FACE('',(#904),#722,.T.);
#3641=ADVANCED_FACE('',(#905),#3521,.T.);
#3642=ADVANCED_FACE('',(#906),#723,.F.);
#3643=ADVANCED_FACE('',(#907),#3522,.F.);
#3644=ADVANCED_FACE('',(#908),#724,.F.);
#3645=ADVANCED_FACE('',(#909),#55,.F.);
#3646=ADVANCED_FACE('',(#910),#725,.T.);
#3647=ADVANCED_FACE('',(#911),#56,.F.);
#3648=ADVANCED_FACE('',(#912),#726,.T.);
#3649=ADVANCED_FACE('',(#913),#57,.F.);
#3650=ADVANCED_FACE('',(#914),#727,.T.);
#3651=ADVANCED_FACE('',(#915),#58,.F.);
#3652=ADVANCED_FACE('',(#916),#728,.T.);
#3653=ADVANCED_FACE('',(#917),#3523,.T.);
#3654=ADVANCED_FACE('',(#918),#729,.F.);
#3655=ADVANCED_FACE('',(#919),#3524,.F.);
#3656=ADVANCED_FACE('',(#920),#730,.F.);
#3657=ADVANCED_FACE('',(#921),#59,.F.);
#3658=ADVANCED_FACE('',(#922),#731,.T.);
#3659=ADVANCED_FACE('',(#923),#60,.F.);
#3660=ADVANCED_FACE('',(#924),#732,.T.);
#3661=ADVANCED_FACE('',(#925),#61,.F.);
#3662=ADVANCED_FACE('',(#926),#733,.T.);
#3663=ADVANCED_FACE('',(#927),#62,.F.);
#3664=ADVANCED_FACE('',(#928),#734,.T.);
#3665=ADVANCED_FACE('',(#929),#3525,.F.);
#3666=ADVANCED_FACE('',(#930),#735,.F.);
#3667=ADVANCED_FACE('',(#931),#3526,.T.);
#3668=ADVANCED_FACE('',(#932),#736,.F.);
#3669=ADVANCED_FACE('',(#933),#63,.F.);
#3670=ADVANCED_FACE('',(#934),#737,.T.);
#3671=ADVANCED_FACE('',(#935),#64,.F.);
#3672=ADVANCED_FACE('',(#936),#738,.T.);
#3673=ADVANCED_FACE('',(#937),#65,.F.);
#3674=ADVANCED_FACE('',(#938),#739,.T.);
#3675=ADVANCED_FACE('',(#939),#66,.F.);
#3676=ADVANCED_FACE('',(#940),#740,.T.);
#3677=ADVANCED_FACE('',(#941),#3527,.F.);
#3678=ADVANCED_FACE('',(#942),#741,.F.);
#3679=ADVANCED_FACE('',(#943),#3528,.T.);
#3680=ADVANCED_FACE('',(#944),#742,.F.);
#3681=ADVANCED_FACE('',(#945),#67,.F.);
#3682=ADVANCED_FACE('',(#946),#743,.T.);
#3683=ADVANCED_FACE('',(#947),#68,.F.);
#3684=ADVANCED_FACE('',(#948),#744,.T.);
#3685=ADVANCED_FACE('',(#949),#69,.F.);
#3686=ADVANCED_FACE('',(#950),#745,.T.);
#3687=ADVANCED_FACE('',(#951),#70,.F.);
#3688=ADVANCED_FACE('',(#952),#746,.T.);
#3689=ADVANCED_FACE('',(#953),#3529,.T.);
#3690=ADVANCED_FACE('',(#954),#747,.F.);
#3691=ADVANCED_FACE('',(#955),#3530,.F.);
#3692=ADVANCED_FACE('',(#956),#748,.F.);
#3693=ADVANCED_FACE('',(#957),#71,.F.);
#3694=ADVANCED_FACE('',(#958),#749,.T.);
#3695=ADVANCED_FACE('',(#959),#72,.F.);
#3696=ADVANCED_FACE('',(#960),#750,.T.);
#3697=ADVANCED_FACE('',(#961),#73,.F.);
#3698=ADVANCED_FACE('',(#962),#751,.T.);
#3699=ADVANCED_FACE('',(#963),#74,.F.);
#3700=ADVANCED_FACE('',(#964),#752,.T.);
#3701=ADVANCED_FACE('',(#965),#3531,.T.);
#3702=ADVANCED_FACE('',(#966),#753,.F.);
#3703=ADVANCED_FACE('',(#967),#3532,.F.);
#3704=ADVANCED_FACE('',(#968),#754,.F.);
#3705=ADVANCED_FACE('',(#969),#75,.F.);
#3706=ADVANCED_FACE('',(#970),#755,.T.);
#3707=ADVANCED_FACE('',(#971),#76,.F.);
#3708=ADVANCED_FACE('',(#972),#756,.T.);
#3709=ADVANCED_FACE('',(#973),#77,.F.);
#3710=ADVANCED_FACE('',(#974),#757,.T.);
#3711=ADVANCED_FACE('',(#975),#78,.F.);
#3712=ADVANCED_FACE('',(#976),#758,.T.);
#3713=ADVANCED_FACE('',(#977),#3533,.F.);
#3714=ADVANCED_FACE('',(#978),#759,.F.);
#3715=ADVANCED_FACE('',(#979),#3534,.T.);
#3716=ADVANCED_FACE('',(#980),#760,.F.);
#3717=ADVANCED_FACE('',(#981),#15,.F.);
#3718=ADVANCED_FACE('',(#982),#16,.F.);
#3719=ADVANCED_FACE('',(#983),#761,.F.);
#3720=ADVANCED_FACE('',(#984),#762,.F.);
#3721=ADVANCED_FACE('',(#985),#17,.F.);
#3722=ADVANCED_FACE('',(#986),#763,.F.);
#3723=ADVANCED_FACE('',(#987),#18,.F.);
#3724=ADVANCED_FACE('',(#988),#764,.F.);
#3725=ADVANCED_FACE('',(#989),#765,.F.);
#3726=ADVANCED_FACE('',(#990),#766,.F.);
#3727=ADVANCED_FACE('',(#991),#3535,.T.);
#3728=ADVANCED_FACE('',(#992),#3536,.F.);
#3729=ADVANCED_FACE('',(#993),#19,.F.);
#3730=ADVANCED_FACE('',(#994),#20,.F.);
#3731=ADVANCED_FACE('',(#995),#767,.F.);
#3732=ADVANCED_FACE('',(#996),#768,.F.);
#3733=ADVANCED_FACE('',(#997),#21,.F.);
#3734=ADVANCED_FACE('',(#998),#769,.F.);
#3735=ADVANCED_FACE('',(#999),#22,.F.);
#3736=ADVANCED_FACE('',(#1000),#770,.F.);
#3737=ADVANCED_FACE('',(#1001),#771,.F.);
#3738=ADVANCED_FACE('',(#1002),#772,.F.);
#3739=ADVANCED_FACE('',(#1003),#3537,.T.);
#3740=ADVANCED_FACE('',(#1004),#3538,.F.);
#3741=ADVANCED_FACE('',(#1005),#23,.F.);
#3742=ADVANCED_FACE('',(#1006),#24,.F.);
#3743=ADVANCED_FACE('',(#1007),#773,.F.);
#3744=ADVANCED_FACE('',(#1008),#774,.F.);
#3745=ADVANCED_FACE('',(#1009),#25,.F.);
#3746=ADVANCED_FACE('',(#1010),#775,.F.);
#3747=ADVANCED_FACE('',(#1011),#26,.F.);
#3748=ADVANCED_FACE('',(#1012),#776,.F.);
#3749=ADVANCED_FACE('',(#1013),#777,.F.);
#3750=ADVANCED_FACE('',(#1014),#778,.F.);
#3751=ADVANCED_FACE('',(#1015),#3539,.F.);
#3752=ADVANCED_FACE('',(#1016),#27,.F.);
#3753=ADVANCED_FACE('',(#1017),#28,.F.);
#3754=ADVANCED_FACE('',(#1018),#779,.F.);
#3755=ADVANCED_FACE('',(#1019),#780,.F.);
#3756=ADVANCED_FACE('',(#1020),#29,.F.);
#3757=ADVANCED_FACE('',(#1021),#781,.F.);
#3758=ADVANCED_FACE('',(#1022),#30,.F.);
#3759=ADVANCED_FACE('',(#1023),#782,.F.);
#3760=ADVANCED_FACE('',(#1024),#783,.F.);
#3761=ADVANCED_FACE('',(#1025),#784,.F.);
#3762=ADVANCED_FACE('',(#1026),#3540,.F.);
#3763=ADVANCED_FACE('',(#1027),#31,.F.);
#3764=ADVANCED_FACE('',(#1028),#32,.F.);
#3765=ADVANCED_FACE('',(#1029),#785,.F.);
#3766=ADVANCED_FACE('',(#1030),#33,.F.);
#3767=ADVANCED_FACE('',(#1031),#786,.F.);
#3768=ADVANCED_FACE('',(#1032),#787,.F.);
#3769=ADVANCED_FACE('',(#1033),#34,.F.);
#3770=ADVANCED_FACE('',(#1034),#788,.F.);
#3771=ADVANCED_FACE('',(#1035),#789,.F.);
#3772=ADVANCED_FACE('',(#1036),#790,.F.);
#3773=ADVANCED_FACE('',(#1037),#3541,.F.);
#3774=ADVANCED_FACE('',(#1038),#3542,.F.);
#3775=ADVANCED_FACE('',(#1039),#35,.F.);
#3776=ADVANCED_FACE('',(#1040),#36,.F.);
#3777=ADVANCED_FACE('',(#1041),#791,.F.);
#3778=ADVANCED_FACE('',(#1042),#37,.F.);
#3779=ADVANCED_FACE('',(#1043),#792,.F.);
#3780=ADVANCED_FACE('',(#1044),#793,.F.);
#3781=ADVANCED_FACE('',(#1045),#38,.F.);
#3782=ADVANCED_FACE('',(#1046),#794,.F.);
#3783=ADVANCED_FACE('',(#1047),#795,.F.);
#3784=ADVANCED_FACE('',(#1048),#796,.F.);
#3785=ADVANCED_FACE('',(#1049),#3543,.F.);
#3786=ADVANCED_FACE('',(#1050),#3544,.F.);
#3787=ADVANCED_FACE('',(#1051),#39,.F.);
#3788=ADVANCED_FACE('',(#1052),#40,.F.);
#3789=ADVANCED_FACE('',(#1053),#797,.F.);
#3790=ADVANCED_FACE('',(#1054),#41,.F.);
#3791=ADVANCED_FACE('',(#1055),#798,.F.);
#3792=ADVANCED_FACE('',(#1056),#799,.F.);
#3793=ADVANCED_FACE('',(#1057),#42,.F.);
#3794=ADVANCED_FACE('',(#1058),#800,.F.);
#3795=ADVANCED_FACE('',(#1059),#801,.F.);
#3796=ADVANCED_FACE('',(#1060),#802,.F.);
#3797=ADVANCED_FACE('',(#1061),#3545,.F.);
#3798=ADVANCED_FACE('',(#1062),#3546,.F.);
#3799=ADVANCED_FACE('',(#1063),#3547,.T.);
#3800=ADVANCED_FACE('',(#1064),#3548,.T.);
#3801=ADVANCED_FACE('',(#1065),#3549,.T.);
#3802=ADVANCED_FACE('',(#1066),#3550,.T.);
#3803=ADVANCED_FACE('',(#1067),#3551,.T.);
#3804=ADVANCED_FACE('',(#1068),#3552,.F.);
#3805=ADVANCED_FACE('',(#1069),#3553,.F.);
#3806=ADVANCED_FACE('',(#1070),#3554,.F.);
#3807=ADVANCED_FACE('',(#1071),#3555,.F.);
#3808=ADVANCED_FACE('',(#1072),#43,.F.);
#3809=ADVANCED_FACE('',(#1073),#44,.F.);
#3810=ADVANCED_FACE('',(#1074),#803,.F.);
#3811=ADVANCED_FACE('',(#1075),#45,.F.);
#3812=ADVANCED_FACE('',(#1076),#804,.F.);
#3813=ADVANCED_FACE('',(#1077),#46,.F.);
#3814=ADVANCED_FACE('',(#1078),#805,.F.);
#3815=ADVANCED_FACE('',(#1079),#806,.F.);
#3816=ADVANCED_FACE('',(#1080),#807,.F.);
#3817=ADVANCED_FACE('',(#1081),#808,.F.);
#3818=ADVANCED_FACE('',(#1082),#3556,.F.);
#3819=ADVANCED_FACE('',(#1083),#3557,.T.);
#3820=ADVANCED_FACE('',(#1084),#3558,.F.);
#3821=CLOSED_SHELL('',(#3559,#3560,#3561,#3562,#3563,#3564,#3565,#3566,
#3567,#3568,#3569,#3570,#3571,#3572,#3573,#3574,#3575,#3576,#3577,#3578,
#3579,#3580,#3581,#3582,#3583,#3584,#3585,#3586,#3587,#3588,#3589,#3590,
#3591,#3592,#3593,#3594,#3595,#3596,#3597,#3598,#3599,#3600,#3601,#3602,
#3603,#3604,#3605,#3606,#3607,#3608,#3609,#3610,#3611,#3612,#3613,#3614,
#3615,#3616,#3617,#3618,#3619,#3620,#3621,#3622,#3623,#3624,#3625,#3626,
#3627,#3628,#3629,#3630,#3631,#3632,#3633,#3634,#3635,#3636,#3637,#3638,
#3639,#3640,#3641,#3642,#3643,#3644,#3645,#3646,#3647,#3648,#3649,#3650,
#3651,#3652,#3653,#3654,#3655,#3656,#3657,#3658,#3659,#3660,#3661,#3662,
#3663,#3664,#3665,#3666,#3667,#3668,#3669,#3670,#3671,#3672,#3673,#3674,
#3675,#3676,#3677,#3678,#3679,#3680,#3681,#3682,#3683,#3684,#3685,#3686,
#3687,#3688,#3689,#3690,#3691,#3692,#3693,#3694,#3695,#3696,#3697,#3698,
#3699,#3700,#3701,#3702,#3703,#3704,#3705,#3706,#3707,#3708,#3709,#3710,
#3711,#3712,#3713,#3714,#3715,#3716,#3717,#3718,#3719,#3720,#3721,#3722,
#3723,#3724,#3725,#3726,#3727,#3728,#3729,#3730,#3731,#3732,#3733,#3734,
#3735,#3736,#3737,#3738,#3739,#3740,#3741,#3742,#3743,#3744,#3745,#3746,
#3747,#3748,#3749,#3750,#3751,#3752,#3753,#3754,#3755,#3756,#3757,#3758,
#3759,#3760,#3761,#3762,#3763,#3764,#3765,#3766,#3767,#3768,#3769,#3770,
#3771,#3772,#3773,#3774,#3775,#3776,#3777,#3778,#3779,#3780,#3781,#3782,
#3783,#3784,#3785,#3786,#3787,#3788,#3789,#3790,#3791,#3792,#3793,#3794,
#3795,#3796,#3797,#3798,#3799,#3800,#3801,#3802,#3803,#3804,#3805,#3806,
#3807,#3808,#3809,#3810,#3811,#3812,#3813,#3814,#3815,#3816,#3817,#3818,
#3819,#3820));
#3822=DERIVED_UNIT_ELEMENT(#3824,1.);
#3823=DERIVED_UNIT_ELEMENT(#7811,-3.);
#3824=(
MASS_UNIT()
NAMED_UNIT(*)
SI_UNIT(.KILO.,.GRAM.)
);
#3825=DERIVED_UNIT((#3822,#3823));
#3826=MEASURE_REPRESENTATION_ITEM('density measure',
POSITIVE_RATIO_MEASURE(7850.),#3825);
#3827=PROPERTY_DEFINITION_REPRESENTATION(#3832,#3829);
#3828=PROPERTY_DEFINITION_REPRESENTATION(#3833,#3830);
#3829=REPRESENTATION('material name',(#3831),#7808);
#3830=REPRESENTATION('density',(#3826),#7808);
#3831=DESCRIPTIVE_REPRESENTATION_ITEM('Ocel','Ocel');
#3832=PROPERTY_DEFINITION('material property','material name',#7818);
#3833=PROPERTY_DEFINITION('material property','density of part',#7818);
#3834=AXIS2_PLACEMENT_3D('',#5577,#4333,#4334);
#3835=AXIS2_PLACEMENT_3D('',#5578,#4335,#4336);
#3836=AXIS2_PLACEMENT_3D('',#5580,#4337,#4338);
#3837=AXIS2_PLACEMENT_3D('',#5582,#4339,#4340);
#3838=AXIS2_PLACEMENT_3D('',#5583,#4341,#4342);
#3839=AXIS2_PLACEMENT_3D('',#5585,#4343,#4344);
#3840=AXIS2_PLACEMENT_3D('',#5587,#4345,#4346);
#3841=AXIS2_PLACEMENT_3D('',#5588,#4347,#4348);
#3842=AXIS2_PLACEMENT_3D('',#5590,#4350,#4351);
#3843=AXIS2_PLACEMENT_3D('',#5592,#4352,#4353);
#3844=AXIS2_PLACEMENT_3D('',#5594,#4355,#4356);
#3845=AXIS2_PLACEMENT_3D('',#5597,#4358,#4359);
#3846=AXIS2_PLACEMENT_3D('',#5598,#4360,#4361);
#3847=AXIS2_PLACEMENT_3D('',#5599,#4362,#4363);
#3848=AXIS2_PLACEMENT_3D('',#5601,#4364,#4365);
#3849=AXIS2_PLACEMENT_3D('',#5603,#4366,#4367);
#3850=AXIS2_PLACEMENT_3D('',#5604,#4368,#4369);
#3851=AXIS2_PLACEMENT_3D('',#5606,#4370,#4371);
#3852=AXIS2_PLACEMENT_3D('',#5608,#4372,#4373);
#3853=AXIS2_PLACEMENT_3D('',#5609,#4374,#4375);
#3854=AXIS2_PLACEMENT_3D('',#5611,#4377,#4378);
#3855=AXIS2_PLACEMENT_3D('',#5613,#4379,#4380);
#3856=AXIS2_PLACEMENT_3D('',#5615,#4382,#4383);
#3857=AXIS2_PLACEMENT_3D('',#5618,#4385,#4386);
#3858=AXIS2_PLACEMENT_3D('',#5619,#4387,#4388);
#3859=AXIS2_PLACEMENT_3D('',#5620,#4389,#4390);
#3860=AXIS2_PLACEMENT_3D('',#5651,#4393,#4394);
#3861=AXIS2_PLACEMENT_3D('',#5653,#4395,#4396);
#3862=AXIS2_PLACEMENT_3D('',#5667,#4397,#4398);
#3863=AXIS2_PLACEMENT_3D('',#5668,#4399,#4400);
#3864=AXIS2_PLACEMENT_3D('',#5685,#4403,#4404);
#3865=AXIS2_PLACEMENT_3D('',#5687,#4405,#4406);
#3866=AXIS2_PLACEMENT_3D('',#5701,#4407,#4408);
#3867=AXIS2_PLACEMENT_3D('',#5702,#4409,#4410);
#3868=AXIS2_PLACEMENT_3D('',#5719,#4413,#4414);
#3869=AXIS2_PLACEMENT_3D('',#5721,#4415,#4416);
#3870=AXIS2_PLACEMENT_3D('',#5735,#4417,#4418);
#3871=AXIS2_PLACEMENT_3D('',#5736,#4419,#4420);
#3872=AXIS2_PLACEMENT_3D('',#5753,#4423,#4424);
#3873=AXIS2_PLACEMENT_3D('',#5755,#4425,#4426);
#3874=AXIS2_PLACEMENT_3D('',#5769,#4427,#4428);
#3875=AXIS2_PLACEMENT_3D('',#5770,#4429,#4430);
#3876=AXIS2_PLACEMENT_3D('',#5787,#4433,#4434);
#3877=AXIS2_PLACEMENT_3D('',#5789,#4435,#4436);
#3878=AXIS2_PLACEMENT_3D('',#5791,#4437,#4438);
#3879=AXIS2_PLACEMENT_3D('',#5804,#4439,#4440);
#3880=AXIS2_PLACEMENT_3D('',#5821,#4443,#4444);
#3881=AXIS2_PLACEMENT_3D('',#5823,#4445,#4446);
#3882=AXIS2_PLACEMENT_3D('',#5825,#4447,#4448);
#3883=AXIS2_PLACEMENT_3D('',#5838,#4449,#4450);
#3884=AXIS2_PLACEMENT_3D('',#5855,#4453,#4454);
#3885=AXIS2_PLACEMENT_3D('',#5857,#4455,#4456);
#3886=AXIS2_PLACEMENT_3D('',#5859,#4457,#4458);
#3887=AXIS2_PLACEMENT_3D('',#5872,#4459,#4460);
#3888=AXIS2_PLACEMENT_3D('',#5889,#4463,#4464);
#3889=AXIS2_PLACEMENT_3D('',#5890,#4465,#4466);
#3890=AXIS2_PLACEMENT_3D('',#5891,#4467,#4468);
#3891=AXIS2_PLACEMENT_3D('',#5892,#4469,#4470);
#3892=AXIS2_PLACEMENT_3D('',#5896,#4472,#4473);
#3893=AXIS2_PLACEMENT_3D('',#5898,#4475,#4476);
#3894=AXIS2_PLACEMENT_3D('',#5904,#4479,#4480);
#3895=AXIS2_PLACEMENT_3D('',#5908,#4482,#4483);
#3896=AXIS2_PLACEMENT_3D('',#5912,#4485,#4486);
#3897=AXIS2_PLACEMENT_3D('',#5916,#4488,#4489);
#3898=AXIS2_PLACEMENT_3D('',#5918,#4491,#4492);
#3899=AXIS2_PLACEMENT_3D('',#5921,#4494,#4495);
#3900=AXIS2_PLACEMENT_3D('',#5922,#4496,#4497);
#3901=AXIS2_PLACEMENT_3D('',#5928,#4500,#4501);
#3902=AXIS2_PLACEMENT_3D('',#5932,#4503,#4504);
#3903=AXIS2_PLACEMENT_3D('',#5936,#4506,#4507);
#3904=AXIS2_PLACEMENT_3D('',#5940,#4509,#4510);
#3905=AXIS2_PLACEMENT_3D('',#5942,#4512,#4513);
#3906=AXIS2_PLACEMENT_3D('',#5945,#4515,#4516);
#3907=AXIS2_PLACEMENT_3D('',#5946,#4517,#4518);
#3908=AXIS2_PLACEMENT_3D('',#5952,#4521,#4522);
#3909=AXIS2_PLACEMENT_3D('',#5956,#4524,#4525);
#3910=AXIS2_PLACEMENT_3D('',#5960,#4527,#4528);
#3911=AXIS2_PLACEMENT_3D('',#5964,#4530,#4531);
#3912=AXIS2_PLACEMENT_3D('',#5966,#4533,#4534);
#3913=AXIS2_PLACEMENT_3D('',#5969,#4536,#4537);
#3914=AXIS2_PLACEMENT_3D('',#5970,#4538,#4539);
#3915=AXIS2_PLACEMENT_3D('',#5976,#4542,#4543);
#3916=AXIS2_PLACEMENT_3D('',#5980,#4545,#4546);
#3917=AXIS2_PLACEMENT_3D('',#5984,#4548,#4549);
#3918=AXIS2_PLACEMENT_3D('',#5988,#4551,#4552);
#3919=AXIS2_PLACEMENT_3D('',#5990,#4554,#4555);
#3920=AXIS2_PLACEMENT_3D('',#5991,#4556,#4557);
#3921=AXIS2_PLACEMENT_3D('',#6022,#4560,#4561);
#3922=AXIS2_PLACEMENT_3D('',#6024,#4562,#4563);
#3923=AXIS2_PLACEMENT_3D('',#6037,#4564,#4565);
#3924=AXIS2_PLACEMENT_3D('',#6038,#4566,#4567);
#3925=AXIS2_PLACEMENT_3D('',#6053,#4569,#4570);
#3926=AXIS2_PLACEMENT_3D('',#6055,#4571,#4572);
#3927=AXIS2_PLACEMENT_3D('',#6068,#4573,#4574);
#3928=AXIS2_PLACEMENT_3D('',#6083,#4576,#4577);
#3929=AXIS2_PLACEMENT_3D('',#6085,#4578,#4579);
#3930=AXIS2_PLACEMENT_3D('',#6098,#4580,#4581);
#3931=AXIS2_PLACEMENT_3D('',#6113,#4583,#4584);
#3932=AXIS2_PLACEMENT_3D('',#6115,#4585,#4586);
#3933=AXIS2_PLACEMENT_3D('',#6128,#4587,#4588);
#3934=AXIS2_PLACEMENT_3D('',#6143,#4590,#4591);
#3935=AXIS2_PLACEMENT_3D('',#6145,#4592,#4593);
#3936=AXIS2_PLACEMENT_3D('',#6158,#4594,#4595);
#3937=AXIS2_PLACEMENT_3D('',#6175,#4598,#4599);
#3938=AXIS2_PLACEMENT_3D('',#6177,#4600,#4601);
#3939=AXIS2_PLACEMENT_3D('',#6179,#4602,#4603);
#3940=AXIS2_PLACEMENT_3D('',#6192,#4604,#4605);
#3941=AXIS2_PLACEMENT_3D('',#6209,#4608,#4609);
#3942=AXIS2_PLACEMENT_3D('',#6211,#4610,#4611);
#3943=AXIS2_PLACEMENT_3D('',#6213,#4612,#4613);
#3944=AXIS2_PLACEMENT_3D('',#6226,#4614,#4615);
#3945=AXIS2_PLACEMENT_3D('',#6243,#4618,#4619);
#3946=AXIS2_PLACEMENT_3D('',#6244,#4620,#4621);
#3947=AXIS2_PLACEMENT_3D('',#6245,#4622,#4623);
#3948=AXIS2_PLACEMENT_3D('',#6246,#4624,#4625);
#3949=AXIS2_PLACEMENT_3D('',#6250,#4627,#4628);
#3950=AXIS2_PLACEMENT_3D('',#6254,#4630,#4631);
#3951=AXIS2_PLACEMENT_3D('',#6258,#4633,#4634);
#3952=AXIS2_PLACEMENT_3D('',#6262,#4636,#4637);
#3953=AXIS2_PLACEMENT_3D('',#6264,#4639,#4640);
#3954=AXIS2_PLACEMENT_3D('',#6266,#4642,#4643);
#3955=AXIS2_PLACEMENT_3D('',#6270,#4645,#4646);
#3956=AXIS2_PLACEMENT_3D('',#6274,#4648,#4649);
#3957=AXIS2_PLACEMENT_3D('',#6278,#4651,#4652);
#3958=AXIS2_PLACEMENT_3D('',#6282,#4654,#4655);
#3959=AXIS2_PLACEMENT_3D('',#6284,#4657,#4658);
#3960=AXIS2_PLACEMENT_3D('',#6286,#4660,#4661);
#3961=AXIS2_PLACEMENT_3D('',#6290,#4663,#4664);
#3962=AXIS2_PLACEMENT_3D('',#6294,#4666,#4667);
#3963=AXIS2_PLACEMENT_3D('',#6298,#4669,#4670);
#3964=AXIS2_PLACEMENT_3D('',#6302,#4672,#4673);
#3965=AXIS2_PLACEMENT_3D('',#6304,#4675,#4676);
#3966=AXIS2_PLACEMENT_3D('',#6306,#4678,#4679);
#3967=AXIS2_PLACEMENT_3D('',#6310,#4681,#4682);
#3968=AXIS2_PLACEMENT_3D('',#6314,#4684,#4685);
#3969=AXIS2_PLACEMENT_3D('',#6318,#4687,#4688);
#3970=AXIS2_PLACEMENT_3D('',#6322,#4690,#4691);
#3971=AXIS2_PLACEMENT_3D('',#6324,#4693,#4694);
#3972=AXIS2_PLACEMENT_3D('',#6325,#4695,#4696);
#3973=AXIS2_PLACEMENT_3D('',#6352,#4697,#4698);
#3974=AXIS2_PLACEMENT_3D('',#6354,#4699,#4700);
#3975=AXIS2_PLACEMENT_3D('',#6355,#4701,#4702);
#3976=AXIS2_PLACEMENT_3D('',#6356,#4703,#4704);
#3977=AXIS2_PLACEMENT_3D('',#6358,#4705,#4706);
#3978=AXIS2_PLACEMENT_3D('',#6386,#4708,#4709);
#3979=AXIS2_PLACEMENT_3D('',#6387,#4710,#4711);
#3980=AXIS2_PLACEMENT_3D('',#6388,#4712,#4713);
#3981=AXIS2_PLACEMENT_3D('',#6390,#4714,#4715);
#3982=AXIS2_PLACEMENT_3D('',#6418,#4717,#4718);
#3983=AXIS2_PLACEMENT_3D('',#6419,#4719,#4720);
#3984=AXIS2_PLACEMENT_3D('',#6420,#4721,#4722);
#3985=AXIS2_PLACEMENT_3D('',#6422,#4723,#4724);
#3986=AXIS2_PLACEMENT_3D('',#6450,#4726,#4727);
#3987=AXIS2_PLACEMENT_3D('',#6451,#4728,#4729);
#3988=AXIS2_PLACEMENT_3D('',#6452,#4730,#4731);
#3989=AXIS2_PLACEMENT_3D('',#6454,#4733,#4734);
#3990=AXIS2_PLACEMENT_3D('',#6460,#4738,#4739);
#3991=AXIS2_PLACEMENT_3D('',#6463,#4741,#4742);
#3992=AXIS2_PLACEMENT_3D('',#6464,#4743,#4744);
#3993=AXIS2_PLACEMENT_3D('',#6468,#4747,#4748);
#3994=AXIS2_PLACEMENT_3D('',#6471,#4750,#4751);
#3995=AXIS2_PLACEMENT_3D('',#6498,#4752,#4753);
#3996=AXIS2_PLACEMENT_3D('',#6500,#4754,#4755);
#3997=AXIS2_PLACEMENT_3D('',#6501,#4756,#4757);
#3998=AXIS2_PLACEMENT_3D('',#6502,#4758,#4759);
#3999=AXIS2_PLACEMENT_3D('',#6504,#4760,#4761);
#4000=AXIS2_PLACEMENT_3D('',#6532,#4763,#4764);
#4001=AXIS2_PLACEMENT_3D('',#6533,#4765,#4766);
#4002=AXIS2_PLACEMENT_3D('',#6534,#4767,#4768);
#4003=AXIS2_PLACEMENT_3D('',#6536,#4769,#4770);
#4004=AXIS2_PLACEMENT_3D('',#6564,#4772,#4773);
#4005=AXIS2_PLACEMENT_3D('',#6565,#4774,#4775);
#4006=AXIS2_PLACEMENT_3D('',#6566,#4776,#4777);
#4007=AXIS2_PLACEMENT_3D('',#6568,#4778,#4779);
#4008=AXIS2_PLACEMENT_3D('',#6596,#4781,#4782);
#4009=AXIS2_PLACEMENT_3D('',#6597,#4783,#4784);
#4010=AXIS2_PLACEMENT_3D('',#6598,#4785,#4786);
#4011=AXIS2_PLACEMENT_3D('',#6600,#4788,#4789);
#4012=AXIS2_PLACEMENT_3D('',#6606,#4793,#4794);
#4013=AXIS2_PLACEMENT_3D('',#6609,#4796,#4797);
#4014=AXIS2_PLACEMENT_3D('',#6610,#4798,#4799);
#4015=AXIS2_PLACEMENT_3D('',#6614,#4802,#4803);
#4016=AXIS2_PLACEMENT_3D('',#6617,#4805,#4806);
#4017=AXIS2_PLACEMENT_3D('',#6644,#4807,#4808);
#4018=AXIS2_PLACEMENT_3D('',#6646,#4809,#4810);
#4019=AXIS2_PLACEMENT_3D('',#6647,#4811,#4812);
#4020=AXIS2_PLACEMENT_3D('',#6648,#4813,#4814);
#4021=AXIS2_PLACEMENT_3D('',#6650,#4815,#4816);
#4022=AXIS2_PLACEMENT_3D('',#6678,#4818,#4819);
#4023=AXIS2_PLACEMENT_3D('',#6679,#4820,#4821);
#4024=AXIS2_PLACEMENT_3D('',#6680,#4822,#4823);
#4025=AXIS2_PLACEMENT_3D('',#6682,#4824,#4825);
#4026=AXIS2_PLACEMENT_3D('',#6710,#4827,#4828);
#4027=AXIS2_PLACEMENT_3D('',#6711,#4829,#4830);
#4028=AXIS2_PLACEMENT_3D('',#6712,#4831,#4832);
#4029=AXIS2_PLACEMENT_3D('',#6714,#4833,#4834);
#4030=AXIS2_PLACEMENT_3D('',#6742,#4836,#4837);
#4031=AXIS2_PLACEMENT_3D('',#6743,#4838,#4839);
#4032=AXIS2_PLACEMENT_3D('',#6744,#4840,#4841);
#4033=AXIS2_PLACEMENT_3D('',#6746,#4843,#4844);
#4034=AXIS2_PLACEMENT_3D('',#6752,#4848,#4849);
#4035=AXIS2_PLACEMENT_3D('',#6755,#4851,#4852);
#4036=AXIS2_PLACEMENT_3D('',#6756,#4853,#4854);
#4037=AXIS2_PLACEMENT_3D('',#6760,#4857,#4858);
#4038=AXIS2_PLACEMENT_3D('',#6763,#4860,#4861);
#4039=AXIS2_PLACEMENT_3D('',#6790,#4862,#4863);
#4040=AXIS2_PLACEMENT_3D('',#6792,#4864,#4865);
#4041=AXIS2_PLACEMENT_3D('',#6793,#4866,#4867);
#4042=AXIS2_PLACEMENT_3D('',#6794,#4868,#4869);
#4043=AXIS2_PLACEMENT_3D('',#6796,#4870,#4871);
#4044=AXIS2_PLACEMENT_3D('',#6824,#4873,#4874);
#4045=AXIS2_PLACEMENT_3D('',#6825,#4875,#4876);
#4046=AXIS2_PLACEMENT_3D('',#6826,#4877,#4878);
#4047=AXIS2_PLACEMENT_3D('',#6828,#4879,#4880);
#4048=AXIS2_PLACEMENT_3D('',#6856,#4882,#4883);
#4049=AXIS2_PLACEMENT_3D('',#6857,#4884,#4885);
#4050=AXIS2_PLACEMENT_3D('',#6858,#4886,#4887);
#4051=AXIS2_PLACEMENT_3D('',#6860,#4888,#4889);
#4052=AXIS2_PLACEMENT_3D('',#6888,#4891,#4892);
#4053=AXIS2_PLACEMENT_3D('',#6889,#4893,#4894);
#4054=AXIS2_PLACEMENT_3D('',#6890,#4895,#4896);
#4055=AXIS2_PLACEMENT_3D('',#6892,#4898,#4899);
#4056=AXIS2_PLACEMENT_3D('',#6898,#4903,#4904);
#4057=AXIS2_PLACEMENT_3D('',#6901,#4906,#4907);
#4058=AXIS2_PLACEMENT_3D('',#6902,#4908,#4909);
#4059=AXIS2_PLACEMENT_3D('',#6906,#4912,#4913);
#4060=AXIS2_PLACEMENT_3D('',#6909,#4915,#4916);
#4061=AXIS2_PLACEMENT_3D('',#6936,#4917,#4918);
#4062=AXIS2_PLACEMENT_3D('',#6938,#4919,#4920);
#4063=AXIS2_PLACEMENT_3D('',#6939,#4921,#4922);
#4064=AXIS2_PLACEMENT_3D('',#6940,#4923,#4924);
#4065=AXIS2_PLACEMENT_3D('',#6942,#4925,#4926);
#4066=AXIS2_PLACEMENT_3D('',#6970,#4928,#4929);
#4067=AXIS2_PLACEMENT_3D('',#6971,#4930,#4931);
#4068=AXIS2_PLACEMENT_3D('',#6972,#4932,#4933);
#4069=AXIS2_PLACEMENT_3D('',#6974,#4934,#4935);
#4070=AXIS2_PLACEMENT_3D('',#7002,#4937,#4938);
#4071=AXIS2_PLACEMENT_3D('',#7003,#4939,#4940);
#4072=AXIS2_PLACEMENT_3D('',#7004,#4941,#4942);
#4073=AXIS2_PLACEMENT_3D('',#7006,#4943,#4944);
#4074=AXIS2_PLACEMENT_3D('',#7034,#4946,#4947);
#4075=AXIS2_PLACEMENT_3D('',#7035,#4948,#4949);
#4076=AXIS2_PLACEMENT_3D('',#7036,#4950,#4951);
#4077=AXIS2_PLACEMENT_3D('',#7038,#4953,#4954);
#4078=AXIS2_PLACEMENT_3D('',#7044,#4958,#4959);
#4079=AXIS2_PLACEMENT_3D('',#7047,#4961,#4962);
#4080=AXIS2_PLACEMENT_3D('',#7048,#4963,#4964);
#4081=AXIS2_PLACEMENT_3D('',#7052,#4967,#4968);
#4082=AXIS2_PLACEMENT_3D('',#7055,#4970,#4971);
#4083=AXIS2_PLACEMENT_3D('',#7082,#4972,#4973);
#4084=AXIS2_PLACEMENT_3D('',#7084,#4974,#4975);
#4085=AXIS2_PLACEMENT_3D('',#7085,#4976,#4977);
#4086=AXIS2_PLACEMENT_3D('',#7086,#4978,#4979);
#4087=AXIS2_PLACEMENT_3D('',#7088,#4980,#4981);
#4088=AXIS2_PLACEMENT_3D('',#7116,#4983,#4984);
#4089=AXIS2_PLACEMENT_3D('',#7117,#4985,#4986);
#4090=AXIS2_PLACEMENT_3D('',#7118,#4987,#4988);
#4091=AXIS2_PLACEMENT_3D('',#7120,#4989,#4990);
#4092=AXIS2_PLACEMENT_3D('',#7148,#4992,#4993);
#4093=AXIS2_PLACEMENT_3D('',#7149,#4994,#4995);
#4094=AXIS2_PLACEMENT_3D('',#7150,#4996,#4997);
#4095=AXIS2_PLACEMENT_3D('',#7152,#4998,#4999);
#4096=AXIS2_PLACEMENT_3D('',#7180,#5001,#5002);
#4097=AXIS2_PLACEMENT_3D('',#7181,#5003,#5004);
#4098=AXIS2_PLACEMENT_3D('',#7182,#5005,#5006);
#4099=AXIS2_PLACEMENT_3D('',#7184,#5008,#5009);
#4100=AXIS2_PLACEMENT_3D('',#7190,#5013,#5014);
#4101=AXIS2_PLACEMENT_3D('',#7193,#5016,#5017);
#4102=AXIS2_PLACEMENT_3D('',#7194,#5018,#5019);
#4103=AXIS2_PLACEMENT_3D('',#7198,#5022,#5023);
#4104=AXIS2_PLACEMENT_3D('',#7201,#5025,#5026);
#4105=AXIS2_PLACEMENT_3D('',#7228,#5027,#5028);
#4106=AXIS2_PLACEMENT_3D('',#7230,#5029,#5030);
#4107=AXIS2_PLACEMENT_3D('',#7231,#5031,#5032);
#4108=AXIS2_PLACEMENT_3D('',#7232,#5033,#5034);
#4109=AXIS2_PLACEMENT_3D('',#7234,#5035,#5036);
#4110=AXIS2_PLACEMENT_3D('',#7262,#5038,#5039);
#4111=AXIS2_PLACEMENT_3D('',#7263,#5040,#5041);
#4112=AXIS2_PLACEMENT_3D('',#7264,#5042,#5043);
#4113=AXIS2_PLACEMENT_3D('',#7266,#5044,#5045);
#4114=AXIS2_PLACEMENT_3D('',#7294,#5047,#5048);
#4115=AXIS2_PLACEMENT_3D('',#7295,#5049,#5050);
#4116=AXIS2_PLACEMENT_3D('',#7296,#5051,#5052);
#4117=AXIS2_PLACEMENT_3D('',#7298,#5053,#5054);
#4118=AXIS2_PLACEMENT_3D('',#7326,#5056,#5057);
#4119=AXIS2_PLACEMENT_3D('',#7327,#5058,#5059);
#4120=AXIS2_PLACEMENT_3D('',#7328,#5060,#5061);
#4121=AXIS2_PLACEMENT_3D('',#7330,#5063,#5064);
#4122=AXIS2_PLACEMENT_3D('',#7336,#5068,#5069);
#4123=AXIS2_PLACEMENT_3D('',#7339,#5071,#5072);
#4124=AXIS2_PLACEMENT_3D('',#7340,#5073,#5074);
#4125=AXIS2_PLACEMENT_3D('',#7344,#5077,#5078);
#4126=AXIS2_PLACEMENT_3D('',#7347,#5080,#5081);
#4127=AXIS2_PLACEMENT_3D('',#7374,#5082,#5083);
#4128=AXIS2_PLACEMENT_3D('',#7376,#5084,#5085);
#4129=AXIS2_PLACEMENT_3D('',#7377,#5086,#5087);
#4130=AXIS2_PLACEMENT_3D('',#7378,#5088,#5089);
#4131=AXIS2_PLACEMENT_3D('',#7380,#5090,#5091);
#4132=AXIS2_PLACEMENT_3D('',#7408,#5093,#5094);
#4133=AXIS2_PLACEMENT_3D('',#7409,#5095,#5096);
#4134=AXIS2_PLACEMENT_3D('',#7410,#5097,#5098);
#4135=AXIS2_PLACEMENT_3D('',#7412,#5099,#5100);
#4136=AXIS2_PLACEMENT_3D('',#7440,#5102,#5103);
#4137=AXIS2_PLACEMENT_3D('',#7441,#5104,#5105);
#4138=AXIS2_PLACEMENT_3D('',#7442,#5106,#5107);
#4139=AXIS2_PLACEMENT_3D('',#7444,#5108,#5109);
#4140=AXIS2_PLACEMENT_3D('',#7472,#5111,#5112);
#4141=AXIS2_PLACEMENT_3D('',#7473,#5113,#5114);
#4142=AXIS2_PLACEMENT_3D('',#7474,#5115,#5116);
#4143=AXIS2_PLACEMENT_3D('',#7476,#5118,#5119);
#4144=AXIS2_PLACEMENT_3D('',#7482,#5123,#5124);
#4145=AXIS2_PLACEMENT_3D('',#7485,#5126,#5127);
#4146=AXIS2_PLACEMENT_3D('',#7486,#5128,#5129);
#4147=AXIS2_PLACEMENT_3D('',#7490,#5132,#5133);
#4148=AXIS2_PLACEMENT_3D('',#7493,#5135,#5136);
#4149=AXIS2_PLACEMENT_3D('',#7494,#5137,#5138);
#4150=AXIS2_PLACEMENT_3D('',#7496,#5139,#5140);
#4151=AXIS2_PLACEMENT_3D('',#7497,#5141,#5142);
#4152=AXIS2_PLACEMENT_3D('',#7498,#5143,#5144);
#4153=AXIS2_PLACEMENT_3D('',#7501,#5145,#5146);
#4154=AXIS2_PLACEMENT_3D('',#7502,#5147,#5148);
#4155=AXIS2_PLACEMENT_3D('',#7503,#5149,#5150);
#4156=AXIS2_PLACEMENT_3D('',#7504,#5151,#5152);
#4157=AXIS2_PLACEMENT_3D('',#7506,#5154,#5155);
#4158=AXIS2_PLACEMENT_3D('',#7508,#5157,#5158);
#4159=AXIS2_PLACEMENT_3D('',#7510,#5159,#5160);
#4160=AXIS2_PLACEMENT_3D('',#7511,#5161,#5162);
#4161=AXIS2_PLACEMENT_3D('',#7512,#5163,#5164);
#4162=AXIS2_PLACEMENT_3D('',#7514,#5166,#5167);
#4163=AXIS2_PLACEMENT_3D('',#7517,#5168,#5169);
#4164=AXIS2_PLACEMENT_3D('',#7519,#5170,#5171);
#4165=AXIS2_PLACEMENT_3D('',#7520,#5172,#5173);
#4166=AXIS2_PLACEMENT_3D('',#7521,#5174,#5175);
#4167=AXIS2_PLACEMENT_3D('',#7524,#5178,#5179);
#4168=AXIS2_PLACEMENT_3D('',#7527,#5182,#5183);
#4169=AXIS2_PLACEMENT_3D('',#7530,#5186,#5187);
#4170=AXIS2_PLACEMENT_3D('',#7531,#5188,#5189);
#4171=AXIS2_PLACEMENT_3D('',#7532,#5190,#5191);
#4172=AXIS2_PLACEMENT_3D('',#7534,#5192,#5193);
#4173=AXIS2_PLACEMENT_3D('',#7535,#5194,#5195);
#4174=AXIS2_PLACEMENT_3D('',#7536,#5196,#5197);
#4175=AXIS2_PLACEMENT_3D('',#7539,#5198,#5199);
#4176=AXIS2_PLACEMENT_3D('',#7540,#5200,#5201);
#4177=AXIS2_PLACEMENT_3D('',#7541,#5202,#5203);
#4178=AXIS2_PLACEMENT_3D('',#7542,#5204,#5205);
#4179=AXIS2_PLACEMENT_3D('',#7544,#5207,#5208);
#4180=AXIS2_PLACEMENT_3D('',#7546,#5210,#5211);
#4181=AXIS2_PLACEMENT_3D('',#7548,#5212,#5213);
#4182=AXIS2_PLACEMENT_3D('',#7549,#5214,#5215);
#4183=AXIS2_PLACEMENT_3D('',#7550,#5216,#5217);
#4184=AXIS2_PLACEMENT_3D('',#7552,#5219,#5220);
#4185=AXIS2_PLACEMENT_3D('',#7555,#5221,#5222);
#4186=AXIS2_PLACEMENT_3D('',#7557,#5223,#5224);
#4187=AXIS2_PLACEMENT_3D('',#7558,#5225,#5226);
#4188=AXIS2_PLACEMENT_3D('',#7559,#5227,#5228);
#4189=AXIS2_PLACEMENT_3D('',#7562,#5231,#5232);
#4190=AXIS2_PLACEMENT_3D('',#7565,#5235,#5236);
#4191=AXIS2_PLACEMENT_3D('',#7568,#5239,#5240);
#4192=AXIS2_PLACEMENT_3D('',#7569,#5241,#5242);
#4193=AXIS2_PLACEMENT_3D('',#7570,#5243,#5244);
#4194=AXIS2_PLACEMENT_3D('',#7572,#5245,#5246);
#4195=AXIS2_PLACEMENT_3D('',#7574,#5247,#5248);
#4196=AXIS2_PLACEMENT_3D('',#7575,#5249,#5250);
#4197=AXIS2_PLACEMENT_3D('',#7576,#5251,#5252);
#4198=AXIS2_PLACEMENT_3D('',#7579,#5253,#5254);
#4199=AXIS2_PLACEMENT_3D('',#7581,#5255,#5256);
#4200=AXIS2_PLACEMENT_3D('',#7582,#5257,#5258);
#4201=AXIS2_PLACEMENT_3D('',#7583,#5259,#5260);
#4202=AXIS2_PLACEMENT_3D('',#7586,#5263,#5264);
#4203=AXIS2_PLACEMENT_3D('',#7589,#5267,#5268);
#4204=AXIS2_PLACEMENT_3D('',#7591,#5269,#5270);
#4205=AXIS2_PLACEMENT_3D('',#7592,#5271,#5272);
#4206=AXIS2_PLACEMENT_3D('',#7593,#5273,#5274);
#4207=AXIS2_PLACEMENT_3D('',#7595,#5276,#5277);
#4208=AXIS2_PLACEMENT_3D('',#7597,#5278,#5279);
#4209=AXIS2_PLACEMENT_3D('',#7598,#5280,#5281);
#4210=AXIS2_PLACEMENT_3D('',#7599,#5282,#5283);
#4211=AXIS2_PLACEMENT_3D('',#7602,#5286,#5287);
#4212=AXIS2_PLACEMENT_3D('',#7604,#5289,#5290);
#4213=AXIS2_PLACEMENT_3D('',#7606,#5292,#5293);
#4214=AXIS2_PLACEMENT_3D('',#7607,#5294,#5295);
#4215=AXIS2_PLACEMENT_3D('',#7609,#5296,#5297);
#4216=AXIS2_PLACEMENT_3D('',#7611,#5298,#5299);
#4217=AXIS2_PLACEMENT_3D('',#7612,#5300,#5301);
#4218=AXIS2_PLACEMENT_3D('',#7613,#5302,#5303);
#4219=AXIS2_PLACEMENT_3D('',#7616,#5304,#5305);
#4220=AXIS2_PLACEMENT_3D('',#7618,#5306,#5307);
#4221=AXIS2_PLACEMENT_3D('',#7619,#5308,#5309);
#4222=AXIS2_PLACEMENT_3D('',#7620,#5310,#5311);
#4223=AXIS2_PLACEMENT_3D('',#7623,#5314,#5315);
#4224=AXIS2_PLACEMENT_3D('',#7626,#5318,#5319);
#4225=AXIS2_PLACEMENT_3D('',#7628,#5320,#5321);
#4226=AXIS2_PLACEMENT_3D('',#7629,#5322,#5323);
#4227=AXIS2_PLACEMENT_3D('',#7630,#5324,#5325);
#4228=AXIS2_PLACEMENT_3D('',#7632,#5327,#5328);
#4229=AXIS2_PLACEMENT_3D('',#7634,#5329,#5330);
#4230=AXIS2_PLACEMENT_3D('',#7635,#5331,#5332);
#4231=AXIS2_PLACEMENT_3D('',#7636,#5333,#5334);
#4232=AXIS2_PLACEMENT_3D('',#7639,#5337,#5338);
#4233=AXIS2_PLACEMENT_3D('',#7641,#5340,#5341);
#4234=AXIS2_PLACEMENT_3D('',#7643,#5343,#5344);
#4235=AXIS2_PLACEMENT_3D('',#7644,#5345,#5346);
#4236=AXIS2_PLACEMENT_3D('',#7647,#5347,#5348);
#4237=AXIS2_PLACEMENT_3D('',#7649,#5349,#5350);
#4238=AXIS2_PLACEMENT_3D('',#7650,#5351,#5352);
#4239=AXIS2_PLACEMENT_3D('',#7651,#5353,#5354);
#4240=AXIS2_PLACEMENT_3D('',#7653,#5355,#5356);
#4241=AXIS2_PLACEMENT_3D('',#7654,#5357,#5358);
#4242=AXIS2_PLACEMENT_3D('',#7655,#5359,#5360);
#4243=AXIS2_PLACEMENT_3D('',#7658,#5363,#5364);
#4244=AXIS2_PLACEMENT_3D('',#7660,#5365,#5366);
#4245=AXIS2_PLACEMENT_3D('',#7662,#5367,#5368);
#4246=AXIS2_PLACEMENT_3D('',#7663,#5369,#5370);
#4247=AXIS2_PLACEMENT_3D('',#7664,#5371,#5372);
#4248=AXIS2_PLACEMENT_3D('',#7667,#5375,#5376);
#4249=AXIS2_PLACEMENT_3D('',#7669,#5378,#5379);
#4250=AXIS2_PLACEMENT_3D('',#7671,#5380,#5381);
#4251=AXIS2_PLACEMENT_3D('',#7672,#5382,#5383);
#4252=AXIS2_PLACEMENT_3D('',#7673,#5384,#5385);
#4253=AXIS2_PLACEMENT_3D('',#7675,#5387,#5388);
#4254=AXIS2_PLACEMENT_3D('',#7677,#5390,#5391);
#4255=AXIS2_PLACEMENT_3D('',#7680,#5394,#5395);
#4256=AXIS2_PLACEMENT_3D('',#7681,#5396,#5397);
#4257=AXIS2_PLACEMENT_3D('',#7682,#5398,#5399);
#4258=AXIS2_PLACEMENT_3D('',#7685,#5400,#5401);
#4259=AXIS2_PLACEMENT_3D('',#7687,#5402,#5403);
#4260=AXIS2_PLACEMENT_3D('',#7688,#5404,#5405);
#4261=AXIS2_PLACEMENT_3D('',#7689,#5406,#5407);
#4262=AXIS2_PLACEMENT_3D('',#7691,#5408,#5409);
#4263=AXIS2_PLACEMENT_3D('',#7692,#5410,#5411);
#4264=AXIS2_PLACEMENT_3D('',#7693,#5412,#5413);
#4265=AXIS2_PLACEMENT_3D('',#7696,#5416,#5417);
#4266=AXIS2_PLACEMENT_3D('',#7698,#5418,#5419);
#4267=AXIS2_PLACEMENT_3D('',#7700,#5420,#5421);
#4268=AXIS2_PLACEMENT_3D('',#7701,#5422,#5423);
#4269=AXIS2_PLACEMENT_3D('',#7702,#5424,#5425);
#4270=AXIS2_PLACEMENT_3D('',#7705,#5428,#5429);
#4271=AXIS2_PLACEMENT_3D('',#7707,#5431,#5432);
#4272=AXIS2_PLACEMENT_3D('',#7709,#5433,#5434);
#4273=AXIS2_PLACEMENT_3D('',#7710,#5435,#5436);
#4274=AXIS2_PLACEMENT_3D('',#7711,#5437,#5438);
#4275=AXIS2_PLACEMENT_3D('',#7713,#5440,#5441);
#4276=AXIS2_PLACEMENT_3D('',#7715,#5443,#5444);
#4277=AXIS2_PLACEMENT_3D('',#7718,#5447,#5448);
#4278=AXIS2_PLACEMENT_3D('',#7719,#5449,#5450);
#4279=AXIS2_PLACEMENT_3D('',#7720,#5451,#5452);
#4280=AXIS2_PLACEMENT_3D('',#7723,#5453,#5454);
#4281=AXIS2_PLACEMENT_3D('',#7725,#5455,#5456);
#4282=AXIS2_PLACEMENT_3D('',#7726,#5457,#5458);
#4283=AXIS2_PLACEMENT_3D('',#7727,#5459,#5460);
#4284=AXIS2_PLACEMENT_3D('',#7729,#5461,#5462);
#4285=AXIS2_PLACEMENT_3D('',#7730,#5463,#5464);
#4286=AXIS2_PLACEMENT_3D('',#7731,#5465,#5466);
#4287=AXIS2_PLACEMENT_3D('',#7734,#5469,#5470);
#4288=AXIS2_PLACEMENT_3D('',#7736,#5471,#5472);
#4289=AXIS2_PLACEMENT_3D('',#7738,#5473,#5474);
#4290=AXIS2_PLACEMENT_3D('',#7739,#5475,#5476);
#4291=AXIS2_PLACEMENT_3D('',#7740,#5477,#5478);
#4292=AXIS2_PLACEMENT_3D('',#7743,#5481,#5482);
#4293=AXIS2_PLACEMENT_3D('',#7745,#5484,#5485);
#4294=AXIS2_PLACEMENT_3D('',#7747,#5486,#5487);
#4295=AXIS2_PLACEMENT_3D('',#7748,#5488,#5489);
#4296=AXIS2_PLACEMENT_3D('',#7749,#5490,#5491);
#4297=AXIS2_PLACEMENT_3D('',#7751,#5493,#5494);
#4298=AXIS2_PLACEMENT_3D('',#7753,#5496,#5497);
#4299=AXIS2_PLACEMENT_3D('',#7756,#5500,#5501);
#4300=AXIS2_PLACEMENT_3D('',#7757,#5502,#5503);
#4301=AXIS2_PLACEMENT_3D('',#7758,#5504,#5505);
#4302=AXIS2_PLACEMENT_3D('',#7759,#5506,#5507);
#4303=AXIS2_PLACEMENT_3D('',#7760,#5508,#5509);
#4304=AXIS2_PLACEMENT_3D('',#7761,#5510,#5511);
#4305=AXIS2_PLACEMENT_3D('',#7762,#5512,#5513);
#4306=AXIS2_PLACEMENT_3D('',#7763,#5514,#5515);
#4307=AXIS2_PLACEMENT_3D('',#7764,#5516,#5517);
#4308=AXIS2_PLACEMENT_3D('',#7765,#5518,#5519);
#4309=AXIS2_PLACEMENT_3D('',#7766,#5520,#5521);
#4310=AXIS2_PLACEMENT_3D('',#7767,#5522,#5523);
#4311=AXIS2_PLACEMENT_3D('',#7769,#5524,#5525);
#4312=AXIS2_PLACEMENT_3D('',#7771,#5526,#5527);
#4313=AXIS2_PLACEMENT_3D('',#7772,#5528,#5529);
#4314=AXIS2_PLACEMENT_3D('',#7773,#5530,#5531);
#4315=AXIS2_PLACEMENT_3D('',#7776,#5532,#5533);
#4316=AXIS2_PLACEMENT_3D('',#7778,#5534,#5535);
#4317=AXIS2_PLACEMENT_3D('',#7779,#5536,#5537);
#4318=AXIS2_PLACEMENT_3D('',#7780,#5538,#5539);
#4319=AXIS2_PLACEMENT_3D('',#7783,#5542,#5543);
#4320=AXIS2_PLACEMENT_3D('',#7785,#5544,#5545);
#4321=AXIS2_PLACEMENT_3D('',#7786,#5546,#5547);
#4322=AXIS2_PLACEMENT_3D('',#7787,#5548,#5549);
#4323=AXIS2_PLACEMENT_3D('',#7789,#5551,#5552);
#4324=AXIS2_PLACEMENT_3D('',#7791,#5553,#5554);
#4325=AXIS2_PLACEMENT_3D('',#7792,#5555,#5556);
#4326=AXIS2_PLACEMENT_3D('',#7793,#5557,#5558);
#4327=AXIS2_PLACEMENT_3D('',#7796,#5561,#5562);
#4328=AXIS2_PLACEMENT_3D('',#7798,#5564,#5565);
#4329=AXIS2_PLACEMENT_3D('',#7801,#5568,#5569);
#4330=AXIS2_PLACEMENT_3D('',#7803,#5571,#5572);
#4331=AXIS2_PLACEMENT_3D('',#7804,#5573,#5574);
#4332=AXIS2_PLACEMENT_3D('',#7805,#5575,#5576);
#4333=DIRECTION('axis',(0.,0.,1.));
#4334=DIRECTION('refdir',(1.,0.,0.));
#4335=DIRECTION('center_axis',(0.,-1.,0.));
#4336=DIRECTION('ref_axis',(0.,0.,-1.));
#4337=DIRECTION('center_axis',(0.,1.,0.));
#4338=DIRECTION('ref_axis',(-1.,0.,0.));
#4339=DIRECTION('center_axis',(0.,1.,0.));
#4340=DIRECTION('ref_axis',(1.,0.,0.));
#4341=DIRECTION('center_axis',(0.,1.,0.));
#4342=DIRECTION('ref_axis',(0.,0.,1.));
#4343=DIRECTION('center_axis',(0.,-1.,0.));
#4344=DIRECTION('ref_axis',(-1.,0.,0.));
#4345=DIRECTION('center_axis',(0.,1.,0.));
#4346=DIRECTION('ref_axis',(1.,0.,0.));
#4347=DIRECTION('center_axis',(0.,1.,0.));
#4348=DIRECTION('ref_axis',(0.,0.,1.));
#4349=DIRECTION('',(0.,-1.,0.));
#4350=DIRECTION('center_axis',(0.,1.,0.));
#4351=DIRECTION('ref_axis',(-1.,0.,0.));
#4352=DIRECTION('center_axis',(0.,1.,0.));
#4353=DIRECTION('ref_axis',(-1.,0.,0.));
#4354=DIRECTION('',(0.,1.,0.));
#4355=DIRECTION('center_axis',(0.,1.,0.));
#4356=DIRECTION('ref_axis',(-1.,0.,0.));
#4357=DIRECTION('',(0.,1.,0.));
#4358=DIRECTION('center_axis',(0.,1.,0.));
#4359=DIRECTION('ref_axis',(-1.,0.,0.));
#4360=DIRECTION('center_axis',(0.,1.,0.));
#4361=DIRECTION('ref_axis',(-1.,0.,0.));
#4362=DIRECTION('center_axis',(0.,-1.,0.));
#4363=DIRECTION('ref_axis',(0.,0.,-1.));
#4364=DIRECTION('center_axis',(0.,-1.,0.));
#4365=DIRECTION('ref_axis',(-1.,0.,0.));
#4366=DIRECTION('center_axis',(0.,1.,0.));
#4367=DIRECTION('ref_axis',(1.,0.,0.));
#4368=DIRECTION('center_axis',(0.,1.,0.));
#4369=DIRECTION('ref_axis',(0.,0.,1.));
#4370=DIRECTION('center_axis',(0.,1.,0.));
#4371=DIRECTION('ref_axis',(-1.,0.,0.));
#4372=DIRECTION('center_axis',(0.,1.,0.));
#4373=DIRECTION('ref_axis',(1.,0.,0.));
#4374=DIRECTION('center_axis',(0.,1.,0.));
#4375=DIRECTION('ref_axis',(0.,0.,1.));
#4376=DIRECTION('',(0.,1.,0.));
#4377=DIRECTION('center_axis',(0.,1.,0.));
#4378=DIRECTION('ref_axis',(-1.,0.,0.));
#4379=DIRECTION('center_axis',(0.,1.,0.));
#4380=DIRECTION('ref_axis',(-1.,0.,0.));
#4381=DIRECTION('',(0.,-1.,0.));
#4382=DIRECTION('center_axis',(0.,1.,0.));
#4383=DIRECTION('ref_axis',(-1.,0.,0.));
#4384=DIRECTION('',(0.,-1.,0.));
#4385=DIRECTION('center_axis',(0.,-1.,0.));
#4386=DIRECTION('ref_axis',(-1.,0.,0.));
#4387=DIRECTION('center_axis',(0.,1.,0.));
#4388=DIRECTION('ref_axis',(-1.,0.,0.));
#4389=DIRECTION('center_axis',(0.707106781186547,0.,0.707106781186548));
#4390=DIRECTION('ref_axis',(0.499999999999999,-0.707106781186549,-0.499999999999999));
#4391=DIRECTION('',(-0.707106781186547,0.,-0.707106781186548));
#4392=DIRECTION('',(0.707106781186547,0.,0.707106781186548));
#4393=DIRECTION('center_axis',(0.,-1.,0.));
#4394=DIRECTION('ref_axis',(0.,0.,-1.));
#4395=DIRECTION('center_axis',(0.,1.,0.));
#4396=DIRECTION('ref_axis',(0.38268343236509,0.,-0.923879532511286));
#4397=DIRECTION('center_axis',(0.,-1.,0.));
#4398=DIRECTION('ref_axis',(0.38268343236509,0.,-0.923879532511287));
#4399=DIRECTION('center_axis',(1.,0.,-4.13106241720989E-16));
#4400=DIRECTION('ref_axis',(0.,-0.707106781186549,-0.707106781186546));
#4401=DIRECTION('',(-1.,0.,4.13106241720989E-16));
#4402=DIRECTION('',(1.,0.,-4.13106241720989E-16));
#4403=DIRECTION('center_axis',(0.,-1.,0.));
#4404=DIRECTION('ref_axis',(0.,0.,-1.));
#4405=DIRECTION('center_axis',(0.,1.,0.));
#4406=DIRECTION('ref_axis',(-0.382683432365091,0.,-0.923879532511286));
#4407=DIRECTION('center_axis',(0.,-1.,0.));
#4408=DIRECTION('ref_axis',(-0.382683432365091,0.,-0.923879532511286));
#4409=DIRECTION('center_axis',(0.707106781186548,0.,-0.707106781186547));
#4410=DIRECTION('ref_axis',(-0.499999999999999,-0.707106781186549,-0.499999999999999));
#4411=DIRECTION('',(-0.707106781186548,0.,0.707106781186547));
#4412=DIRECTION('',(0.707106781186548,0.,-0.707106781186547));
#4413=DIRECTION('center_axis',(0.,-1.,0.));
#4414=DIRECTION('ref_axis',(0.,0.,-1.));
#4415=DIRECTION('center_axis',(0.,1.,0.));
#4416=DIRECTION('ref_axis',(-0.923879532511287,0.,-0.38268343236509));
#4417=DIRECTION('center_axis',(0.,-1.,0.));
#4418=DIRECTION('ref_axis',(-0.923879532511287,0.,-0.38268343236509));
#4419=DIRECTION('center_axis',(0.,0.,-1.));
#4420=DIRECTION('ref_axis',(-0.707106781186546,-0.707106781186549,0.));
#4421=DIRECTION('',(0.,0.,1.));
#4422=DIRECTION('',(0.,0.,-1.));
#4423=DIRECTION('center_axis',(0.,-1.,0.));
#4424=DIRECTION('ref_axis',(0.,0.,-1.));
#4425=DIRECTION('center_axis',(0.,1.,0.));
#4426=DIRECTION('ref_axis',(-0.923879532511288,0.,0.382683432365088));
#4427=DIRECTION('center_axis',(0.,-1.,0.));
#4428=DIRECTION('ref_axis',(-0.923879532511288,0.,0.382683432365088));
#4429=DIRECTION('center_axis',(-0.707106781186547,0.,-0.707106781186548));
#4430=DIRECTION('ref_axis',(-0.499999999999999,-0.707106781186549,0.499999999999999));
#4431=DIRECTION('',(0.707106781186547,0.,0.707106781186548));
#4432=DIRECTION('',(-0.707106781186547,0.,-0.707106781186548));
#4433=DIRECTION('center_axis',(0.,-1.,0.));
#4434=DIRECTION('ref_axis',(0.,0.,-1.));
#4435=DIRECTION('center_axis',(0.,-1.,0.));
#4436=DIRECTION('ref_axis',(-0.382683432365091,0.,0.923879532511286));
#4437=DIRECTION('center_axis',(0.,1.,0.));
#4438=DIRECTION('ref_axis',(-0.382683432365091,0.,0.923879532511286));
#4439=DIRECTION('center_axis',(-1.,0.,0.));
#4440=DIRECTION('ref_axis',(0.,-0.707106781186549,0.707106781186546));
#4441=DIRECTION('',(-1.,0.,0.));
#4442=DIRECTION('',(1.,0.,0.));
#4443=DIRECTION('center_axis',(0.,-1.,0.));
#4444=DIRECTION('ref_axis',(0.,0.,-1.));
#4445=DIRECTION('center_axis',(0.,-1.,0.));
#4446=DIRECTION('ref_axis',(0.382683432365089,0.,0.923879532511287));
#4447=DIRECTION('center_axis',(0.,1.,0.));
#4448=DIRECTION('ref_axis',(0.382683432365089,0.,0.923879532511287));
#4449=DIRECTION('center_axis',(-0.707106781186548,0.,0.707106781186547));
#4450=DIRECTION('ref_axis',(0.499999999999999,-0.707106781186549,0.499999999999999));
#4451=DIRECTION('',(-0.707106781186548,0.,0.707106781186547));
#4452=DIRECTION('',(0.707106781186548,0.,-0.707106781186547));
#4453=DIRECTION('center_axis',(0.,-1.,0.));
#4454=DIRECTION('ref_axis',(0.,0.,-1.));
#4455=DIRECTION('center_axis',(0.,-1.,0.));
#4456=DIRECTION('ref_axis',(0.923879532511287,0.,0.38268343236509));
#4457=DIRECTION('center_axis',(0.,1.,0.));
#4458=DIRECTION('ref_axis',(0.923879532511287,0.,0.38268343236509));
#4459=DIRECTION('center_axis',(4.13106241720989E-16,0.,1.));
#4460=DIRECTION('ref_axis',(0.707106781186546,-0.707106781186549,0.));
#4461=DIRECTION('',(4.13106241720989E-16,0.,1.));
#4462=DIRECTION('',(-4.13106241720989E-16,0.,-1.));
#4463=DIRECTION('center_axis',(0.,-1.,0.));
#4464=DIRECTION('ref_axis',(0.,0.,-1.));
#4465=DIRECTION('center_axis',(0.,-1.,0.));
#4466=DIRECTION('ref_axis',(0.923879532511287,0.,-0.382683432365089));
#4467=DIRECTION('center_axis',(0.,1.,0.));
#4468=DIRECTION('ref_axis',(0.923879532511287,0.,-0.382683432365089));
#4469=DIRECTION('center_axis',(0.,-1.,0.));
#4470=DIRECTION('ref_axis',(-1.,0.,0.));
#4471=DIRECTION('',(0.,-1.,0.));
#4472=DIRECTION('center_axis',(0.,1.,0.));
#4473=DIRECTION('ref_axis',(-0.382683432365095,0.,0.923879532511285));
#4474=DIRECTION('',(0.,1.,0.));
#4475=DIRECTION('center_axis',(0.,0.,1.));
#4476=DIRECTION('ref_axis',(1.,0.,0.));
#4477=DIRECTION('',(0.,1.,0.));
#4478=DIRECTION('',(1.,0.,0.));
#4479=DIRECTION('center_axis',(0.,0.,1.));
#4480=DIRECTION('ref_axis',(0.611767019461446,-0.791037997759437,0.));
#4481=DIRECTION('',(1.,0.,0.));
#4482=DIRECTION('center_axis',(0.,0.,1.));
#4483=DIRECTION('ref_axis',(-0.611767019461447,-0.791037997759436,0.));
#4484=DIRECTION('',(0.,-1.,0.));
#4485=DIRECTION('center_axis',(0.,0.,1.));
#4486=DIRECTION('ref_axis',(-0.611767019461448,0.791037997759435,0.));
#4487=DIRECTION('',(-1.,0.,0.));
#4488=DIRECTION('center_axis',(0.,0.,1.));
#4489=DIRECTION('ref_axis',(0.611767019461448,0.791037997759435,0.));
#4490=DIRECTION('',(0.,1.,0.));
#4491=DIRECTION('center_axis',(0.,-1.,0.));
#4492=DIRECTION('ref_axis',(-1.,0.,0.));
#4493=DIRECTION('',(0.,-1.,0.));
#4494=DIRECTION('center_axis',(0.,1.,0.));
#4495=DIRECTION('ref_axis',(0.38268343236509,0.,0.923879532511287));
#4496=DIRECTION('center_axis',(0.707106781186547,0.,0.707106781186548));
#4497=DIRECTION('ref_axis',(0.707106781186548,0.,-0.707106781186547));
#4498=DIRECTION('',(0.,1.,0.));
#4499=DIRECTION('',(0.707106781186548,0.,-0.707106781186547));
#4500=DIRECTION('center_axis',(0.707106781186547,0.,0.707106781186548));
#4501=DIRECTION('ref_axis',(0.432584607967473,0.791037997759435,-0.432584607967473));
#4502=DIRECTION('',(0.,1.,0.));
#4503=DIRECTION('center_axis',(0.707106781186547,0.,0.707106781186548));
#4504=DIRECTION('ref_axis',(0.432584607967472,-0.791037997759436,-0.432584607967471));
#4505=DIRECTION('',(0.707106781186548,-2.43058079997482E-16,-0.707106781186547));
#4506=DIRECTION('center_axis',(0.707106781186547,0.,0.707106781186548));
#4507=DIRECTION('ref_axis',(-0.432584607967471,-0.791037997759437,0.432584607967471));
#4508=DIRECTION('',(0.,-1.,0.));
#4509=DIRECTION('center_axis',(0.707106781186547,0.,0.707106781186548));
#4510=DIRECTION('ref_axis',(-0.432584607967473,0.791037997759435,0.432584607967472));
#4511=DIRECTION('',(-0.707106781186548,-2.43058079997482E-16,0.707106781186547));
#4512=DIRECTION('center_axis',(0.,-1.,0.));
#4513=DIRECTION('ref_axis',(-1.,0.,0.));
#4514=DIRECTION('',(0.,-1.,0.));
#4515=DIRECTION('center_axis',(0.,1.,0.));
#4516=DIRECTION('ref_axis',(0.923879532511286,0.,0.382683432365093));
#4517=DIRECTION('center_axis',(1.,0.,-4.13106241720989E-16));
#4518=DIRECTION('ref_axis',(-4.13106241720989E-16,0.,-1.));
#4519=DIRECTION('',(0.,1.,0.));
#4520=DIRECTION('',(-4.13106241720989E-16,0.,-1.));
#4521=DIRECTION('center_axis',(1.,0.,-4.13106241720989E-16));
#4522=DIRECTION('ref_axis',(-2.52724774218569E-16,0.791037997759436,-0.611767019461448));
#4523=DIRECTION('',(0.,1.,0.));
#4524=DIRECTION('center_axis',(1.,0.,-4.13106241720989E-16));
#4525=DIRECTION('ref_axis',(-2.52724774218569E-16,-0.791037997759437,-0.611767019461445));
#4526=DIRECTION('',(-4.13106241720989E-16,1.83926748894187E-16,-1.));
#4527=DIRECTION('center_axis',(1.,0.,-4.13106241720989E-16));
#4528=DIRECTION('ref_axis',(2.52724774218569E-16,-0.791037997759436,0.611767019461447));
#4529=DIRECTION('',(0.,-1.,0.));
#4530=DIRECTION('center_axis',(1.,0.,-4.13106241720989E-16));
#4531=DIRECTION('ref_axis',(2.5272477421857E-16,0.791037997759435,0.611767019461449));
#4532=DIRECTION('',(4.13106241720989E-16,1.83926748894186E-16,1.));
#4533=DIRECTION('center_axis',(0.,-1.,0.));
#4534=DIRECTION('ref_axis',(-1.,0.,0.));
#4535=DIRECTION('',(0.,-1.,0.));
#4536=DIRECTION('center_axis',(0.,1.,0.));
#4537=DIRECTION('ref_axis',(0.923879532511287,0.,-0.382683432365089));
#4538=DIRECTION('center_axis',(0.707106781186548,0.,-0.707106781186547));
#4539=DIRECTION('ref_axis',(-0.707106781186547,0.,-0.707106781186548));
#4540=DIRECTION('',(0.,1.,0.));
#4541=DIRECTION('',(-0.707106781186547,0.,-0.707106781186548));
#4542=DIRECTION('center_axis',(0.707106781186548,0.,-0.707106781186547));
#4543=DIRECTION('ref_axis',(-0.432584607967473,0.791037997759435,-0.432584607967473));
#4544=DIRECTION('',(0.,1.,0.));
#4545=DIRECTION('center_axis',(0.707106781186548,0.,-0.707106781186547));
#4546=DIRECTION('ref_axis',(-0.432584607967471,-0.791037997759437,-0.432584607967471));
#4547=DIRECTION('',(-0.707106781186547,-1.51911299998426E-16,-0.707106781186548));
#4548=DIRECTION('center_axis',(0.707106781186548,0.,-0.707106781186547));
#4549=DIRECTION('ref_axis',(0.432584607967471,-0.791037997759437,0.432584607967471));
#4550=DIRECTION('',(0.,-1.,0.));
#4551=DIRECTION('center_axis',(0.707106781186548,0.,-0.707106781186547));
#4552=DIRECTION('ref_axis',(0.432584607967472,0.791037997759435,0.432584607967472));
#4553=DIRECTION('',(0.707106781186547,-1.51911299998426E-16,0.707106781186548));
#4554=DIRECTION('center_axis',(0.,-1.,0.));
#4555=DIRECTION('ref_axis',(0.,0.,-1.));
#4556=DIRECTION('center_axis',(-1.,0.,4.13106241720989E-16));
#4557=DIRECTION('ref_axis',(0.,0.707106781186549,-0.707106781186546));
#4558=DIRECTION('',(1.,0.,-4.13106241720989E-16));
#4559=DIRECTION('',(-1.,0.,4.13106241720989E-16));
#4560=DIRECTION('center_axis',(0.,1.,0.));
#4561=DIRECTION('ref_axis',(0.,0.,1.));
#4562=DIRECTION('center_axis',(0.,-1.,0.));
#4563=DIRECTION('ref_axis',(0.382683432365092,0.,-0.923879532511286));
#4564=DIRECTION('center_axis',(0.,1.,0.));
#4565=DIRECTION('ref_axis',(0.382683432365092,0.,-0.923879532511286));
#4566=DIRECTION('center_axis',(-0.707106781186547,0.,-0.707106781186548));
#4567=DIRECTION('ref_axis',(0.499999999999999,0.707106781186549,-0.499999999999999));
#4568=DIRECTION('',(0.707106781186547,0.,0.707106781186548));
#4569=DIRECTION('center_axis',(0.,1.,0.));
#4570=DIRECTION('ref_axis',(0.,0.,1.));
#4571=DIRECTION('center_axis',(0.,-1.,0.));
#4572=DIRECTION('ref_axis',(0.923879532511287,0.,-0.382683432365089));
#4573=DIRECTION('center_axis',(-4.13106241720989E-16,0.,-1.));
#4574=DIRECTION('ref_axis',(0.707106781186546,0.707106781186549,0.));
#4575=DIRECTION('',(4.13106241720989E-16,0.,1.));
#4576=DIRECTION('center_axis',(0.,1.,0.));
#4577=DIRECTION('ref_axis',(0.,0.,1.));
#4578=DIRECTION('center_axis',(0.,-1.,0.));
#4579=DIRECTION('ref_axis',(0.923879532511286,0.,0.382683432365093));
#4580=DIRECTION('center_axis',(0.707106781186548,0.,-0.707106781186547));
#4581=DIRECTION('ref_axis',(0.499999999999999,0.707106781186549,0.499999999999999));
#4582=DIRECTION('',(-0.707106781186548,0.,0.707106781186547));
#4583=DIRECTION('center_axis',(0.,1.,0.));
#4584=DIRECTION('ref_axis',(0.,0.,1.));
#4585=DIRECTION('center_axis',(0.,-1.,0.));
#4586=DIRECTION('ref_axis',(0.382683432365089,0.,0.923879532511287));
#4587=DIRECTION('center_axis',(1.,0.,0.));
#4588=DIRECTION('ref_axis',(0.,0.707106781186549,0.707106781186546));
#4589=DIRECTION('',(-1.,0.,0.));
#4590=DIRECTION('center_axis',(0.,1.,0.));
#4591=DIRECTION('ref_axis',(0.,0.,1.));
#4592=DIRECTION('center_axis',(0.,-1.,0.));
#4593=DIRECTION('ref_axis',(-0.382683432365095,0.,0.923879532511285));
#4594=DIRECTION('center_axis',(0.707106781186547,0.,0.707106781186548));
#4595=DIRECTION('ref_axis',(-0.499999999999999,0.707106781186549,0.499999999999999));
#4596=DIRECTION('',(0.707106781186547,0.,0.707106781186548));
#4597=DIRECTION('',(-0.707106781186547,0.,-0.707106781186548));
#4598=DIRECTION('center_axis',(0.,1.,0.));
#4599=DIRECTION('ref_axis',(0.,0.,1.));
#4600=DIRECTION('center_axis',(0.,1.,0.));
#4601=DIRECTION('ref_axis',(-0.923879532511288,0.,0.382683432365088));
#4602=DIRECTION('center_axis',(0.,-1.,0.));
#4603=DIRECTION('ref_axis',(-0.923879532511288,0.,0.382683432365088));
#4604=DIRECTION('center_axis',(0.,0.,1.));
#4605=DIRECTION('ref_axis',(-0.707106781186546,0.707106781186549,0.));
#4606=DIRECTION('',(0.,0.,1.));
#4607=DIRECTION('',(0.,0.,-1.));
#4608=DIRECTION('center_axis',(0.,1.,0.));
#4609=DIRECTION('ref_axis',(0.,0.,1.));
#4610=DIRECTION('center_axis',(0.,1.,0.));
#4611=DIRECTION('ref_axis',(-0.923879532511286,0.,-0.382683432365092));
#4612=DIRECTION('center_axis',(0.,-1.,0.));
#4613=DIRECTION('ref_axis',(-0.923879532511286,0.,-0.382683432365092));
#4614=DIRECTION('center_axis',(-0.707106781186548,0.,0.707106781186547));
#4615=DIRECTION('ref_axis',(-0.499999999999999,0.707106781186549,-0.499999999999999));
#4616=DIRECTION('',(-0.707106781186548,0.,0.707106781186547));
#4617=DIRECTION('',(0.707106781186548,0.,-0.707106781186547));
#4618=DIRECTION('center_axis',(0.,1.,0.));
#4619=DIRECTION('ref_axis',(0.,0.,1.));
#4620=DIRECTION('center_axis',(0.,1.,0.));
#4621=DIRECTION('ref_axis',(-0.38268343236509,0.,-0.923879532511287));
#4622=DIRECTION('center_axis',(0.,-1.,0.));
#4623=DIRECTION('ref_axis',(-0.38268343236509,0.,-0.923879532511287));
#4624=DIRECTION('center_axis',(-0.707106781186548,0.,0.707106781186547));
#4625=DIRECTION('ref_axis',(0.707106781186547,0.,0.707106781186548));
#4626=DIRECTION('',(0.,-1.,0.));
#4627=DIRECTION('center_axis',(-0.707106781186548,0.,0.707106781186547));
#4628=DIRECTION('ref_axis',(-0.432584607967472,-0.791037997759436,-0.432584607967472));
#4629=DIRECTION('',(0.,-1.,0.));
#4630=DIRECTION('center_axis',(-0.707106781186548,0.,0.707106781186547));
#4631=DIRECTION('ref_axis',(-0.432584607967472,0.791037997759435,-0.432584607967473));
#4632=DIRECTION('',(-0.707106781186547,-3.03822599996852E-17,-0.707106781186548));
#4633=DIRECTION('center_axis',(-0.707106781186548,0.,0.707106781186547));
#4634=DIRECTION('ref_axis',(0.432584607967472,0.791037997759435,0.432584607967473));
#4635=DIRECTION('',(0.,1.,0.));
#4636=DIRECTION('center_axis',(-0.707106781186548,0.,0.707106781186547));
#4637=DIRECTION('ref_axis',(0.432584607967471,-0.791037997759437,0.432584607967471));
#4638=DIRECTION('',(0.707106781186547,0.,0.707106781186548));
#4639=DIRECTION('center_axis',(0.,-1.,0.));
#4640=DIRECTION('ref_axis',(-1.,0.,0.));
#4641=DIRECTION('',(0.,1.,0.));
#4642=DIRECTION('center_axis',(-1.,0.,0.));
#4643=DIRECTION('ref_axis',(0.,0.,1.));
#4644=DIRECTION('',(0.,-1.,0.));
#4645=DIRECTION('center_axis',(-1.,0.,0.));
#4646=DIRECTION('ref_axis',(0.,-0.791037997759436,-0.611767019461447));
#4647=DIRECTION('',(0.,-1.,0.));
#4648=DIRECTION('center_axis',(-1.,0.,0.));
#4649=DIRECTION('ref_axis',(0.,0.791037997759435,-0.611767019461448));
#4650=DIRECTION('',(0.,6.07645199993704E-17,-1.));
#4651=DIRECTION('center_axis',(-1.,0.,0.));
#4652=DIRECTION('ref_axis',(0.,0.791037997759435,0.611767019461448));
#4653=DIRECTION('',(0.,1.,0.));
#4654=DIRECTION('center_axis',(-1.,0.,0.));
#4655=DIRECTION('ref_axis',(0.,-0.791037997759437,0.611767019461446));
#4656=DIRECTION('',(0.,3.03822599996852E-17,1.));
#4657=DIRECTION('center_axis',(0.,-1.,0.));
#4658=DIRECTION('ref_axis',(-1.,0.,0.));
#4659=DIRECTION('',(0.,1.,0.));
#4660=DIRECTION('center_axis',(-0.707106781186547,0.,-0.707106781186548));
#4661=DIRECTION('ref_axis',(-0.707106781186548,0.,0.707106781186547));
#4662=DIRECTION('',(0.,-1.,0.));
#4663=DIRECTION('center_axis',(-0.707106781186547,0.,-0.707106781186548));
#4664=DIRECTION('ref_axis',(-0.432584607967472,-0.791037997759437,0.432584607967471));
#4665=DIRECTION('',(-0.707106781186548,-1.51911299998426E-16,0.707106781186547));
#4666=DIRECTION('center_axis',(-0.707106781186547,0.,-0.707106781186548));
#4667=DIRECTION('ref_axis',(0.432584607967472,-0.791037997759437,-0.432584607967471));
#4668=DIRECTION('',(0.,-1.,0.));
#4669=DIRECTION('center_axis',(-0.707106781186547,0.,-0.707106781186548));
#4670=DIRECTION('ref_axis',(0.432584607967472,0.791037997759436,-0.432584607967472));
#4671=DIRECTION('',(0.707106781186548,-1.51911299998426E-16,-0.707106781186547));
#4672=DIRECTION('center_axis',(-0.707106781186547,0.,-0.707106781186548));
#4673=DIRECTION('ref_axis',(-0.432584607967473,0.791037997759435,0.432584607967473));
#4674=DIRECTION('',(0.,1.,0.));
#4675=DIRECTION('center_axis',(0.,-1.,0.));
#4676=DIRECTION('ref_axis',(-1.,0.,0.));
#4677=DIRECTION('',(0.,1.,0.));
#4678=DIRECTION('center_axis',(-4.13106241720989E-16,0.,-1.));
#4679=DIRECTION('ref_axis',(-1.,0.,4.13106241720989E-16));
#4680=DIRECTION('',(0.,-1.,0.));
#4681=DIRECTION('center_axis',(-4.13106241720989E-16,0.,-1.));
#4682=DIRECTION('ref_axis',(-0.611767019461446,-0.791037997759437,2.52724774218569E-16));
#4683=DIRECTION('',(-1.,2.14309008893872E-16,4.13106241720989E-16));
#4684=DIRECTION('center_axis',(-4.13106241720989E-16,0.,-1.));
#4685=DIRECTION('ref_axis',(0.611767019461447,-0.791037997759436,-2.52724774218569E-16));
#4686=DIRECTION('',(0.,-1.,0.));
#4687=DIRECTION('center_axis',(-4.13106241720989E-16,0.,-1.));
#4688=DIRECTION('ref_axis',(0.611767019461449,0.791037997759435,-2.5272477421857E-16));
#4689=DIRECTION('',(1.,2.44691268893556E-16,-4.13106241720989E-16));
#4690=DIRECTION('center_axis',(-4.13106241720989E-16,0.,-1.));
#4691=DIRECTION('ref_axis',(-0.611767019461447,0.791037997759436,2.52724774218569E-16));
#4692=DIRECTION('',(0.,1.,0.));
#4693=DIRECTION('center_axis',(0.,1.,0.));
#4694=DIRECTION('ref_axis',(0.,0.,1.));
#4695=DIRECTION('center_axis',(0.,-1.,0.));
#4696=DIRECTION('ref_axis',(-1.,0.,0.));
#4697=DIRECTION('center_axis',(4.37648383517163E-15,1.,-2.80639137648779E-15));
#4698=DIRECTION('ref_axis',(-0.438371146789084,4.44089209850062E-15,0.898794046299164));
#4699=DIRECTION('center_axis',(0.707106781186545,-4.79470040620034E-15,
-0.70710678118655));
#4700=DIRECTION('ref_axis',(0.70710678118655,0.,0.707106781186545));
#4701=DIRECTION('center_axis',(-0.396182237345227,0.395422932484402,-0.828661776165383));
#4702=DIRECTION('ref_axis',(0.728127102821001,0.685114456397392,-0.0211920686295825));
#4703=DIRECTION('center_axis',(0.707106781186548,2.43058079997482E-16,-0.707106781186547));
#4704=DIRECTION('ref_axis',(0.59302964577578,-0.544639035015026,0.593029645775785));
#4705=DIRECTION('center_axis',(0.70710678118655,-2.04130809372885E-15,-0.707106781186545));
#4706=DIRECTION('ref_axis',(0.707106781186545,0.,0.70710678118655));
#4707=DIRECTION('',(0.707106781186548,2.43058079997482E-16,-0.707106781186547));
#4708=DIRECTION('center_axis',(8.30281127839599E-16,1.,-8.30281127839599E-16));
#4709=DIRECTION('ref_axis',(0.707106781186548,0.,0.707106781186548));
#4710=DIRECTION('center_axis',(-0.828661776165383,0.395422932484401,-0.396182237345228));
#4711=DIRECTION('ref_axis',(-0.0211920686295826,0.685114456397394,0.728127102821));
#4712=DIRECTION('center_axis',(0.,1.,0.));
#4713=DIRECTION('ref_axis',(0.986285601537232,0.,0.165047605860676));
#4714=DIRECTION('center_axis',(0.,1.,0.));
#4715=DIRECTION('ref_axis',(0.707106781186548,0.,0.707106781186548));
#4716=DIRECTION('',(0.,1.,0.));
#4717=DIRECTION('center_axis',(-0.707106781186545,-4.84217268744984E-15,
0.70710678118655));
#4718=DIRECTION('ref_axis',(0.70710678118655,-1.11022302462516E-15,0.707106781186545));
#4719=DIRECTION('center_axis',(-0.828661776165383,-0.395422932484398,-0.396182237345231));
#4720=DIRECTION('ref_axis',(-0.0211920686295871,-0.685114456397395,0.728127102820998));
#4721=DIRECTION('center_axis',(-0.707106781186548,2.43058079997482E-16,
0.707106781186547));
#4722=DIRECTION('ref_axis',(0.593029645775781,0.544639035015025,0.593029645775786));
#4723=DIRECTION('center_axis',(-0.707106781186548,3.4180042499646E-15,0.707106781186548));
#4724=DIRECTION('ref_axis',(0.707106781186548,0.,0.707106781186548));
#4725=DIRECTION('',(-0.707106781186548,2.43058079997482E-16,0.707106781186547));
#4726=DIRECTION('center_axis',(3.09604631538474E-15,-1.,-4.66613877406852E-15));
#4727=DIRECTION('ref_axis',(0.707106781186548,-1.11022302462516E-15,0.707106781186548));
#4728=DIRECTION('center_axis',(-0.396182237345227,-0.395422932484399,-0.828661776165384));
#4729=DIRECTION('ref_axis',(0.728127102820998,-0.685114456397395,-0.0211920686295826));
#4730=DIRECTION('center_axis',(0.,-1.,0.));
#4731=DIRECTION('ref_axis',(0.165047605860675,0.,0.986285601537232));
#4732=DIRECTION('',(0.,-1.,0.));
#4733=DIRECTION('center_axis',(0.287606238475951,0.913545457642601,0.287606238475951));
#4734=DIRECTION('ref_axis',(0.645974188021251,-0.406736643075801,0.645974188021251));
#4735=DIRECTION('',(0.828384277009674,-0.387993869072847,0.404030007753189));
#4736=DIRECTION('',(0.707106781186548,0.,-0.707106781186548));
#4737=DIRECTION('',(-0.404030007753188,0.387993869072847,-0.828384277009675));
#4738=DIRECTION('center_axis',(0.828384277009674,-0.387993869072847,0.404030007753189));
#4739=DIRECTION('ref_axis',(0.100180088053446,-0.607031605772453,-0.788337858757856));
#4740=DIRECTION('',(-0.828384277009674,0.387993869072847,-0.404030007753189));
#4741=DIRECTION('center_axis',(0.828384277009679,-0.387993869072835,0.404030007753192));
#4742=DIRECTION('ref_axis',(0.438371146789079,0.,-0.898794046299166));
#4743=DIRECTION('center_axis',(0.438371146789078,0.,-0.898794046299167));
#4744=DIRECTION('ref_axis',(-0.898794046299167,0.,-0.438371146789078));
#4745=DIRECTION('',(0.828384277009675,0.387993869072845,0.404030007753189));
#4746=DIRECTION('',(0.,1.,0.));
#4747=DIRECTION('center_axis',(-0.828384277009675,-0.387993869072845,-0.404030007753189));
#4748=DIRECTION('ref_axis',(0.100180088053446,0.607031605772454,-0.788337858757855));
#4749=DIRECTION('',(-0.828384277009675,-0.387993869072845,-0.404030007753189));
#4750=DIRECTION('center_axis',(0.82838427700968,0.387993869072844,0.40403000775318));
#4751=DIRECTION('ref_axis',(-0.287606238475951,0.913545457642601,-0.287606238475951));
#4752=DIRECTION('center_axis',(7.82170882445052E-30,1.,7.04516898943915E-15));
#4753=DIRECTION('ref_axis',(0.325568154457161,-6.66133814775098E-15,0.945518575599316));
#4754=DIRECTION('center_axis',(0.,1.21529039998741E-15,-1.));
#4755=DIRECTION('ref_axis',(1.,0.,0.));
#4756=DIRECTION('center_axis',(-0.866095507849099,0.395422932484399,-0.305809214624166));
#4757=DIRECTION('ref_axis',(0.499878556535095,0.685114456397393,-0.529848667405792));
#4758=DIRECTION('center_axis',(-4.13106241720989E-16,-1.83926748894186E-16,
-1.));
#4759=DIRECTION('ref_axis',(0.838670567945422,-0.54463903501503,0.));
#4760=DIRECTION('center_axis',(0.,0.,-1.));
#4761=DIRECTION('ref_axis',(1.,0.,0.));
#4762=DIRECTION('',(-4.13106241720989E-16,-1.83926748894186E-16,-1.));
#4763=DIRECTION('center_axis',(-2.60723627481682E-30,1.,-2.34838966314636E-15));
#4764=DIRECTION('ref_axis',(1.,0.,-1.11022302462516E-15));
#4765=DIRECTION('center_axis',(-0.866095507849099,0.395422932484399,0.305809214624166));
#4766=DIRECTION('ref_axis',(0.499878556535096,0.685114456397392,0.529848667405793));
#4767=DIRECTION('center_axis',(0.,1.,0.));
#4768=DIRECTION('ref_axis',(0.814115518356315,0.,-0.580702955710946));
#4769=DIRECTION('center_axis',(0.,1.,0.));
#4770=DIRECTION('ref_axis',(1.,0.,0.));
#4771=DIRECTION('',(0.,1.,0.));
#4772=DIRECTION('center_axis',(1.11022302462516E-15,5.58214886228388E-15,
1.));
#4773=DIRECTION('ref_axis',(1.,0.,-1.11022302462516E-15));
#4774=DIRECTION('center_axis',(-0.8660955078491,-0.395422932484398,0.305809214624165));
#4775=DIRECTION('ref_axis',(0.499878556535094,-0.685114456397394,0.529848667405792));
#4776=DIRECTION('center_axis',(4.13106241720989E-16,-1.83926748894187E-16,
1.));
#4777=DIRECTION('ref_axis',(0.838670567945426,0.544639035015024,0.));
#4778=DIRECTION('center_axis',(0.,-1.21529039998741E-15,1.));
#4779=DIRECTION('ref_axis',(1.,0.,0.));
#4780=DIRECTION('',(4.13106241720989E-16,-1.83926748894187E-16,1.));
#4781=DIRECTION('center_axis',(1.11022302462516E-15,-1.,3.14030405043113E-15));
#4782=DIRECTION('ref_axis',(1.,1.11022302462516E-15,-1.11022302462516E-15));
#4783=DIRECTION('center_axis',(-0.8660955078491,-0.395422932484398,-0.305809214624165));
#4784=DIRECTION('ref_axis',(0.499878556535095,-0.685114456397395,-0.529848667405791));
#4785=DIRECTION('center_axis',(0.,-1.,0.));
#4786=DIRECTION('ref_axis',(0.814115518356322,0.,0.580702955710936));
#4787=DIRECTION('',(0.,-1.,0.));
#4788=DIRECTION('center_axis',(0.406736643075801,0.913545457642601,0.));
#4789=DIRECTION('ref_axis',(0.913545457642601,-0.406736643075801,0.));
#4790=DIRECTION('',(0.871448497986989,-0.387993869072847,-0.300063781416723));
#4791=DIRECTION('',(0.,0.,-1.));
#4792=DIRECTION('',(-0.871448497986989,0.387993869072847,-0.300063781416723));
#4793=DIRECTION('center_axis',(0.871448497986989,-0.387993869072847,-0.300063781416723));
#4794=DIRECTION('ref_axis',(-0.486601026191312,-0.607031605772453,-0.628277065396215));
#4795=DIRECTION('',(-0.871448497986989,0.387993869072847,0.300063781416723));
#4796=DIRECTION('center_axis',(0.871448497986997,-0.387993869072824,-0.300063781416729));
#4797=DIRECTION('ref_axis',(-0.325568154457159,0.,-0.945518575599316));
#4798=DIRECTION('center_axis',(-0.325568154457156,0.,-0.945518575599317));
#4799=DIRECTION('ref_axis',(-0.945518575599317,0.,0.325568154457156));
#4800=DIRECTION('',(0.87144849798699,0.387993869072845,-0.300063781416723));
#4801=DIRECTION('',(0.,1.,0.));
#4802=DIRECTION('center_axis',(-0.87144849798699,-0.387993869072845,0.300063781416723));
#4803=DIRECTION('ref_axis',(-0.48660102619131,0.607031605772451,-0.628277065396218));
#4804=DIRECTION('',(-0.87144849798699,-0.387993869072845,0.300063781416723));
#4805=DIRECTION('center_axis',(0.871448497986986,0.387993869072839,-0.300063781416744));
#4806=DIRECTION('ref_axis',(-0.406736643075796,0.913545457642603,0.));
#4807=DIRECTION('center_axis',(-8.81754441326649E-15,1.,-7.24745195458271E-15));
#4808=DIRECTION('ref_axis',(0.898794046299163,1.11022302462516E-14,0.438371146789086));
#4809=DIRECTION('center_axis',(-0.70710678118655,-1.1678181187379E-14,-0.707106781186545));
#4810=DIRECTION('ref_axis',(0.707106781186545,0.,-0.70710678118655));
#4811=DIRECTION('center_axis',(-0.82866177616538,0.395422932484404,0.39618223734523));
#4812=DIRECTION('ref_axis',(-0.0211920686295826,0.685114456397394,-0.728127102821));
#4813=DIRECTION('center_axis',(-0.707106781186547,1.51911299998426E-16,
-0.707106781186548));
#4814=DIRECTION('ref_axis',(0.593029645775785,-0.544639035015026,-0.59302964577578));
#4815=DIRECTION('center_axis',(-0.707106781186545,1.37669615623573E-15,
-0.70710678118655));
#4816=DIRECTION('ref_axis',(0.70710678118655,0.,-0.707106781186545));
#4817=DIRECTION('',(-0.707106781186547,1.51911299998426E-16,-0.707106781186548));
#4818=DIRECTION('center_axis',(-6.64224902271674E-15,1.,-6.64224902271682E-15));
#4819=DIRECTION('ref_axis',(0.707106781186552,0.,-0.707106781186543));
#4820=DIRECTION('center_axis',(-0.396182237345226,0.395422932484399,0.828661776165384));
#4821=DIRECTION('ref_axis',(0.728127102821,0.685114456397394,0.0211920686295826));
#4822=DIRECTION('center_axis',(0.,1.,0.));
#4823=DIRECTION('ref_axis',(0.165047605860676,0.,-0.986285601537232));
#4824=DIRECTION('center_axis',(0.,1.,0.));
#4825=DIRECTION('ref_axis',(0.70710678118655,0.,-0.707106781186545));
#4826=DIRECTION('',(0.,1.,0.));
#4827=DIRECTION('center_axis',(0.707106781186548,6.83600849992919E-15,0.707106781186548));
#4828=DIRECTION('ref_axis',(0.707106781186548,-1.11022302462516E-15,-0.707106781186548));
#4829=DIRECTION('center_axis',(-0.396182237345229,-0.395422932484395,0.828661776165384));
#4830=DIRECTION('ref_axis',(0.728127102820998,-0.685114456397396,0.0211920686295871));
#4831=DIRECTION('center_axis',(0.707106781186547,1.51911299998426E-16,0.707106781186548));
#4832=DIRECTION('ref_axis',(0.593029645775779,0.54463903501503,-0.593029645775784));
#4833=DIRECTION('center_axis',(0.707106781186545,4.84217268744986E-15,0.70710678118655));
#4834=DIRECTION('ref_axis',(0.70710678118655,0.,-0.707106781186545));
#4835=DIRECTION('',(0.707106781186547,1.51911299998426E-16,0.707106781186548));
#4836=DIRECTION('center_axis',(-7.15698215758722E-15,-1.,-5.58688969890349E-15));
#4837=DIRECTION('ref_axis',(0.70710678118655,-1.11022302462516E-15,-0.707106781186545));
#4838=DIRECTION('center_axis',(-0.828661776165384,-0.3954229324844,0.396182237345226));
#4839=DIRECTION('ref_axis',(-0.0211920686295825,-0.685114456397393,-0.728127102821001));
#4840=DIRECTION('center_axis',(0.,-1.,0.));
#4841=DIRECTION('ref_axis',(0.986285601537232,0.,-0.165047605860676));
#4842=DIRECTION('',(0.,-1.,0.));
#4843=DIRECTION('center_axis',(0.287606238475951,0.913545457642601,-0.287606238475951));
#4844=DIRECTION('ref_axis',(0.645974188021251,-0.406736643075801,-0.645974188021251));
#4845=DIRECTION('',(0.404030007753189,-0.387993869072847,-0.828384277009674));
#4846=DIRECTION('',(-0.707106781186547,3.03822599996852E-17,-0.707106781186548));
#4847=DIRECTION('',(-0.828384277009675,0.387993869072847,0.404030007753188));
#4848=DIRECTION('center_axis',(0.404030007753189,-0.387993869072847,-0.828384277009674));
#4849=DIRECTION('ref_axis',(-0.788337858757856,-0.607031605772454,-0.100180088053435));
#4850=DIRECTION('',(-0.404030007753189,0.387993869072847,0.828384277009674));
#4851=DIRECTION('center_axis',(0.404030007753184,-0.387993869072857,-0.828384277009672));
#4852=DIRECTION('ref_axis',(-0.898794046299168,0.,-0.438371146789075));
#4853=DIRECTION('center_axis',(-0.898794046299167,0.,-0.438371146789078));
#4854=DIRECTION('ref_axis',(-0.438371146789078,0.,0.898794046299167));
#4855=DIRECTION('',(0.404030007753189,0.387993869072845,-0.828384277009675));
#4856=DIRECTION('',(0.,1.,0.));
#4857=DIRECTION('center_axis',(-0.404030007753189,-0.387993869072845,0.828384277009675));
#4858=DIRECTION('ref_axis',(-0.788337858757861,0.607031605772449,-0.100180088053434));
#4859=DIRECTION('',(-0.404030007753189,-0.387993869072845,0.828384277009675));
#4860=DIRECTION('center_axis',(0.40403000775319,0.387993869072845,-0.828384277009674));
#4861=DIRECTION('ref_axis',(-0.28760623847595,0.913545457642601,0.28760623847595));
#4862=DIRECTION('center_axis',(-1.,-2.18342923114825E-15,5.55111512312583E-16));
#4863=DIRECTION('ref_axis',(-2.22044604925031E-15,0.913545457642599,-0.406736643075804));
#4864=DIRECTION('center_axis',(3.14030405043114E-15,-1.,-1.11022302462516E-15));
#4865=DIRECTION('ref_axis',(-1.11022302462516E-15,1.11022302462516E-15,
-1.));
#4866=DIRECTION('center_axis',(-0.305809214624165,-0.395422932484398,0.8660955078491));
#4867=DIRECTION('ref_axis',(-0.529848667405791,-0.685114456397395,-0.499878556535095));
#4868=DIRECTION('center_axis',(0.,-1.,0.));
#4869=DIRECTION('ref_axis',(0.580702955710936,0.,-0.814115518356322));
#4870=DIRECTION('center_axis',(0.,-1.,0.));
#4871=DIRECTION('ref_axis',(0.,0.,-1.));
#4872=DIRECTION('',(0.,-1.,0.));
#4873=DIRECTION('center_axis',(-1.,6.07645199993703E-16,0.));
#4874=DIRECTION('ref_axis',(0.,0.,-1.));
#4875=DIRECTION('center_axis',(-0.305809214624165,0.395422932484399,0.866095507849099));
#4876=DIRECTION('ref_axis',(-0.529848667405792,0.685114456397393,-0.499878556535095));
#4877=DIRECTION('center_axis',(-1.,-2.44691268893556E-16,4.13106241720989E-16));
#4878=DIRECTION('ref_axis',(0.,-0.54463903501503,-0.838670567945422));
#4879=DIRECTION('center_axis',(-1.,0.,0.));
#4880=DIRECTION('ref_axis',(0.,0.,-1.));
#4881=DIRECTION('',(-1.,-2.44691268893556E-16,4.13106241720989E-16));
#4882=DIRECTION('center_axis',(3.82280444288417E-16,1.,-1.11022302462516E-15));
#4883=DIRECTION('ref_axis',(0.,-1.11022302462516E-15,-1.));
#4884=DIRECTION('center_axis',(0.305809214624167,0.395422932484398,0.8660955078491));
#4885=DIRECTION('ref_axis',(0.529848667405794,0.685114456397393,-0.499878556535095));
#4886=DIRECTION('center_axis',(0.,1.,0.));
#4887=DIRECTION('ref_axis',(-0.580702955710945,0.,-0.814115518356316));
#4888=DIRECTION('center_axis',(0.,1.,0.));
#4889=DIRECTION('ref_axis',(0.,0.,-1.));
#4890=DIRECTION('',(0.,1.,0.));
#4891=DIRECTION('center_axis',(1.,-6.07645199993702E-16,0.));
#4892=DIRECTION('ref_axis',(0.,0.,-1.));
#4893=DIRECTION('center_axis',(0.305809214624165,-0.395422932484399,0.8660955078491));
#4894=DIRECTION('ref_axis',(0.529848667405792,-0.685114456397394,-0.499878556535095));
#4895=DIRECTION('center_axis',(1.,-2.14309008893872E-16,-4.13106241720989E-16));
#4896=DIRECTION('ref_axis',(0.,0.544639035015024,-0.838670567945426));
#4897=DIRECTION('',(1.,-2.14309008893872E-16,-4.13106241720989E-16));
#4898=DIRECTION('center_axis',(0.945518575599317,0.,0.325568154457157));
#4899=DIRECTION('ref_axis',(0.325568154457157,0.,-0.945518575599317));
#4900=DIRECTION('',(0.300063781416724,-0.387993869072847,-0.871448497986989));
#4901=DIRECTION('',(0.,-1.,0.));
#4902=DIRECTION('',(-0.300063781416724,-0.387993869072845,0.87144849798699));
#4903=DIRECTION('center_axis',(-0.300063781416724,0.387993869072847,0.871448497986989));
#4904=DIRECTION('ref_axis',(0.628277065396217,-0.607031605772451,0.486601026191311));
#4905=DIRECTION('',(-0.300063781416724,0.387993869072847,0.871448497986989));
#4906=DIRECTION('center_axis',(0.300063781416705,-0.387993869072846,-0.871448497986996));
#4907=DIRECTION('ref_axis',(0.,-0.913545457642602,0.406736643075797));
#4908=DIRECTION('center_axis',(2.77555756156289E-17,0.913545457642601,-0.406736643075801));
#4909=DIRECTION('ref_axis',(1.66533453693773E-16,-0.406736643075801,-0.913545457642601));
#4910=DIRECTION('',(-0.300063781416723,-0.387993869072847,-0.871448497986989));
#4911=DIRECTION('',(-1.,-1.90480537656274E-17,-1.11022302462516E-16));
#4912=DIRECTION('center_axis',(-0.300063781416723,-0.387993869072847,-0.871448497986989));
#4913=DIRECTION('ref_axis',(-0.628277065396216,-0.607031605772452,0.486601026191311));
#4914=DIRECTION('',(0.300063781416723,0.387993869072847,0.871448497986989));
#4915=DIRECTION('center_axis',(-0.300063781416726,-0.387993869072841,-0.871448497986991));
#4916=DIRECTION('ref_axis',(-0.945518575599316,0.,0.325568154457159));
#4917=DIRECTION('center_axis',(-0.70710678118655,2.04130809372885E-15,0.707106781186545));
#4918=DIRECTION('ref_axis',(-0.28760623847595,0.9135454576426,-0.287606238475954));
#4919=DIRECTION('center_axis',(-3.32112451135838E-15,-1.,3.32112451135836E-15));
#4920=DIRECTION('ref_axis',(-0.707106781186545,0.,-0.70710678118655));
#4921=DIRECTION('center_axis',(0.396182237345226,-0.3954229324844,0.828661776165384));
#4922=DIRECTION('ref_axis',(-0.728127102821,-0.685114456397393,0.0211920686295825));
#4923=DIRECTION('center_axis',(0.,-1.,0.));
#4924=DIRECTION('ref_axis',(-0.165047605860676,0.,-0.986285601537232));
#4925=DIRECTION('center_axis',(0.,-1.,0.));
#4926=DIRECTION('ref_axis',(-0.707106781186548,0.,-0.707106781186548));
#4927=DIRECTION('',(0.,-1.,0.));
#4928=DIRECTION('center_axis',(-0.707106781186552,-4.08261618745774E-15,
0.707106781186543));
#4929=DIRECTION('ref_axis',(-0.707106781186543,1.11022302462517E-15,-0.707106781186552));
#4930=DIRECTION('center_axis',(0.39618223734523,0.395422932484403,0.828661776165381));
#4931=DIRECTION('ref_axis',(-0.728127102821,0.685114456397394,0.0211920686295826));
#4932=DIRECTION('center_axis',(-0.707106781186548,1.51911299998426E-16,
0.707106781186547));
#4933=DIRECTION('ref_axis',(-0.59302964577578,-0.544639035015026,-0.593029645775785));
#4934=DIRECTION('center_axis',(-0.70710678118655,1.37669615623573E-15,0.707106781186545));
#4935=DIRECTION('ref_axis',(-0.707106781186545,0.,-0.70710678118655));
#4936=DIRECTION('',(-0.707106781186548,1.51911299998426E-16,0.707106781186547));
#4937=DIRECTION('center_axis',(-6.64224902271682E-15,1.,6.64224902271674E-15));
#4938=DIRECTION('ref_axis',(-0.707106781186543,0.,-0.707106781186552));
#4939=DIRECTION('center_axis',(0.828661776165384,0.3954229324844,0.396182237345227));
#4940=DIRECTION('ref_axis',(0.0211920686295826,0.685114456397395,-0.728127102820999));
#4941=DIRECTION('center_axis',(0.,1.,0.));
#4942=DIRECTION('ref_axis',(-0.986285601537232,0.,-0.165047605860676));
#4943=DIRECTION('center_axis',(0.,1.,0.));
#4944=DIRECTION('ref_axis',(-0.707106781186545,0.,-0.70710678118655));
#4945=DIRECTION('',(0.,1.,0.));
#4946=DIRECTION('center_axis',(0.707106781186548,6.83600849992919E-15,-0.707106781186548));
#4947=DIRECTION('ref_axis',(-0.707106781186548,0.,-0.707106781186548));
#4948=DIRECTION('center_axis',(0.828661776165385,-0.395422932484398,0.396182237345226));
#4949=DIRECTION('ref_axis',(0.0211920686295826,-0.685114456397395,-0.728127102820998));
#4950=DIRECTION('center_axis',(0.707106781186548,1.51911299998426E-16,-0.707106781186547));
#4951=DIRECTION('ref_axis',(-0.593029645775784,0.544639035015029,-0.593029645775779));
#4952=DIRECTION('',(0.707106781186548,1.51911299998426E-16,-0.707106781186547));
#4953=DIRECTION('center_axis',(0.898794046299167,0.,-0.438371146789077));
#4954=DIRECTION('ref_axis',(-0.438371146789077,0.,-0.898794046299167));
#4955=DIRECTION('',(-0.404030007753188,-0.387993869072847,-0.828384277009675));
#4956=DIRECTION('',(0.,-1.,0.));
#4957=DIRECTION('',(0.404030007753189,-0.387993869072845,0.828384277009675));
#4958=DIRECTION('center_axis',(0.404030007753188,0.387993869072847,0.828384277009675));
#4959=DIRECTION('ref_axis',(0.788337858757856,-0.607031605772455,-0.100180088053435));
#4960=DIRECTION('',(0.404030007753188,0.387993869072847,0.828384277009675));
#4961=DIRECTION('center_axis',(-0.404030007753198,-0.387993869072846,-0.82838427700967));
#4962=DIRECTION('ref_axis',(0.28760623847595,-0.913545457642601,0.28760623847595));
#4963=DIRECTION('center_axis',(-0.287606238475951,0.913545457642601,-0.287606238475951));
#4964=DIRECTION('ref_axis',(-0.645974188021251,-0.406736643075801,-0.645974188021251));
#4965=DIRECTION('',(-0.828384277009674,-0.387993869072847,-0.404030007753189));
#4966=DIRECTION('',(-0.707106781186548,3.03822599996852E-17,0.707106781186547));
#4967=DIRECTION('center_axis',(-0.828384277009674,-0.387993869072847,-0.404030007753189));
#4968=DIRECTION('ref_axis',(-0.100180088053435,-0.607031605772454,0.788337858757856));
#4969=DIRECTION('',(0.828384277009674,0.387993869072847,0.404030007753189));
#4970=DIRECTION('center_axis',(-0.828384277009672,-0.387993869072857,-0.404030007753184));
#4971=DIRECTION('ref_axis',(-0.438371146789075,0.,0.898794046299168));
#4972=DIRECTION('center_axis',(-1.11022302462516E-15,-1.,9.01127820829708E-15));
#4973=DIRECTION('ref_axis',(-0.325568154457159,8.88178419700127E-15,0.945518575599316));
#4974=DIRECTION('center_axis',(0.,0.,-1.));
#4975=DIRECTION('ref_axis',(-1.,-1.11022302462516E-15,0.));
#4976=DIRECTION('center_axis',(0.8660955078491,-0.395422932484397,-0.305809214624167));
#4977=DIRECTION('ref_axis',(-0.499878556535094,-0.685114456397394,-0.529848667405792));
#4978=DIRECTION('center_axis',(0.,-3.03822599996852E-17,-1.));
#4979=DIRECTION('ref_axis',(-0.838670567945426,0.544639035015025,0.));
#4980=DIRECTION('center_axis',(0.,1.21529039998741E-15,-1.));
#4981=DIRECTION('ref_axis',(-1.,0.,0.));
#4982=DIRECTION('',(0.,-3.03822599996852E-17,-1.));
#4983=DIRECTION('center_axis',(-1.30361813740841E-30,-1.,-1.17419483157319E-15));
#4984=DIRECTION('ref_axis',(-1.,0.,1.11022302462516E-15));
#4985=DIRECTION('center_axis',(0.8660955078491,-0.395422932484398,0.305809214624165));
#4986=DIRECTION('ref_axis',(-0.499878556535094,-0.685114456397395,0.529848667405791));
#4987=DIRECTION('center_axis',(0.,-1.,0.));
#4988=DIRECTION('ref_axis',(-0.814115518356318,0.,-0.580702955710941));
#4989=DIRECTION('center_axis',(0.,-1.,0.));
#4990=DIRECTION('ref_axis',(-1.,0.,0.));
#4991=DIRECTION('',(0.,-1.,0.));
#4992=DIRECTION('center_axis',(-5.5511151231258E-16,3.28537756879508E-15,
1.));
#4993=DIRECTION('ref_axis',(-1.,0.,-5.5511151231258E-16));
#4994=DIRECTION('center_axis',(0.866095507849099,0.395422932484398,0.305809214624167));
#4995=DIRECTION('ref_axis',(-0.499878556535096,0.685114456397392,0.529848667405793));
#4996=DIRECTION('center_axis',(0.,-6.07645199993704E-17,1.));
#4997=DIRECTION('ref_axis',(-0.838670567945422,-0.54463903501503,0.));
#4998=DIRECTION('center_axis',(0.,0.,1.));
#4999=DIRECTION('ref_axis',(-1.,0.,0.));
#5000=DIRECTION('',(0.,-6.07645199993704E-17,1.));
#5001=DIRECTION('center_axis',(1.11022302462516E-15,1.,3.82280444288417E-16));
#5002=DIRECTION('ref_axis',(-1.,1.11022302462516E-15,0.));
#5003=DIRECTION('center_axis',(0.866095507849099,0.395422932484398,-0.305809214624166));
#5004=DIRECTION('ref_axis',(-0.499878556535095,0.685114456397392,-0.529848667405794));
#5005=DIRECTION('center_axis',(0.,1.,0.));
#5006=DIRECTION('ref_axis',(-0.814115518356319,0.,0.58070295571094));
#5007=DIRECTION('',(0.,1.,0.));
#5008=DIRECTION('center_axis',(-0.406736643075799,-0.913545457642601,-5.55111512312578E-17));
#5009=DIRECTION('ref_axis',(0.913545457642601,-0.406736643075799,1.66533453693773E-16));
#5010=DIRECTION('',(-0.87144849798699,0.387993869072845,-0.300063781416724));
#5011=DIRECTION('',(1.11022302462516E-16,1.1334206234058E-17,-1.));
#5012=DIRECTION('',(0.87144849798699,-0.387993869072845,-0.300063781416723));
#5013=DIRECTION('center_axis',(-0.87144849798699,0.387993869072845,-0.300063781416724));
#5014=DIRECTION('ref_axis',(0.486601026191312,0.607031605772453,-0.628277065396214));
#5015=DIRECTION('',(0.87144849798699,-0.387993869072845,0.300063781416724));
#5016=DIRECTION('center_axis',(-0.871448497986997,0.387993869072824,-0.30006378141673));
#5017=DIRECTION('ref_axis',(0.32556815445716,0.,-0.945518575599316));
#5018=DIRECTION('center_axis',(0.325568154457157,0.,-0.945518575599317));
#5019=DIRECTION('ref_axis',(-0.945518575599317,0.,-0.325568154457157));
#5020=DIRECTION('',(-0.871448497986989,-0.387993869072847,-0.300063781416724));
#5021=DIRECTION('',(0.,-1.,0.));
#5022=DIRECTION('center_axis',(0.871448497986989,0.387993869072847,0.300063781416724));
#5023=DIRECTION('ref_axis',(0.486601026191311,-0.607031605772451,-0.628277065396217));
#5024=DIRECTION('',(0.871448497986989,0.387993869072847,0.300063781416724));
#5025=DIRECTION('center_axis',(-0.871448497986996,-0.387993869072845,-0.300063781416706));
#5026=DIRECTION('ref_axis',(0.406736643075797,-0.913545457642602,0.));
#5027=DIRECTION('center_axis',(1.66056225567919E-15,-1.,1.66056225567919E-15));
#5028=DIRECTION('ref_axis',(0.43837114678907,2.22044604925031E-15,0.898794046299171));
#5029=DIRECTION('center_axis',(-0.707106781186545,-5.45931234369343E-15,
-0.70710678118655));
#5030=DIRECTION('ref_axis',(-0.70710678118655,0.,0.707106781186545));
#5031=DIRECTION('center_axis',(0.396182237345225,-0.395422932484393,-0.828661776165388));
#5032=DIRECTION('ref_axis',(-0.728127102821,-0.685114456397393,-0.021192068629587));
#5033=DIRECTION('center_axis',(-0.707106781186547,0.,-0.707106781186548));
#5034=DIRECTION('ref_axis',(-0.593029645775786,0.544639035015025,0.593029645775781));
#5035=DIRECTION('center_axis',(-0.707106781186543,2.80086459372101E-15,
-0.707106781186552));
#5036=DIRECTION('ref_axis',(-0.707106781186552,0.,0.707106781186543));
#5037=DIRECTION('',(-0.707106781186547,0.,-0.707106781186548));
#5038=DIRECTION('center_axis',(-5.14733134870547E-16,-1.,1.05535932381323E-15));
#5039=DIRECTION('ref_axis',(-0.707106781186548,1.11022302462516E-15,0.707106781186548));
#5040=DIRECTION('center_axis',(0.828661776165384,-0.395422932484399,-0.396182237345227));
#5041=DIRECTION('ref_axis',(0.0211920686295826,-0.685114456397395,0.728127102820998));
#5042=DIRECTION('center_axis',(0.,-1.,0.));
#5043=DIRECTION('ref_axis',(-0.986285601537232,0.,0.165047605860676));
#5044=DIRECTION('center_axis',(0.,-1.,0.));
#5045=DIRECTION('ref_axis',(-0.707106781186548,0.,0.707106781186548));
#5046=DIRECTION('',(0.,-1.,0.));
#5047=DIRECTION('center_axis',(0.70710678118655,-8.26017693741448E-15,0.707106781186545));
#5048=DIRECTION('ref_axis',(-0.707106781186545,0.,0.70710678118655));
#5049=DIRECTION('center_axis',(0.828661776165384,0.395422932484399,-0.396182237345226));
#5050=DIRECTION('ref_axis',(0.0211920686295826,0.685114456397394,0.728127102821));
#5051=DIRECTION('center_axis',(0.707106781186547,3.03822599996852E-17,0.707106781186548));
#5052=DIRECTION('ref_axis',(-0.593029645775785,-0.544639035015026,0.59302964577578));
#5053=DIRECTION('center_axis',(0.707106781186545,1.37669615623574E-15,0.70710678118655));
#5054=DIRECTION('ref_axis',(-0.70710678118655,0.,0.707106781186545));
#5055=DIRECTION('',(0.707106781186547,3.03822599996852E-17,0.707106781186548));
#5056=DIRECTION('center_axis',(4.9816867670376E-15,1.,4.9816867670376E-15));
#5057=DIRECTION('ref_axis',(-0.707106781186548,0.,0.707106781186548));
#5058=DIRECTION('center_axis',(0.396182237345226,0.395422932484399,-0.828661776165385));
#5059=DIRECTION('ref_axis',(-0.728127102821,0.685114456397394,-0.0211920686295826));
#5060=DIRECTION('center_axis',(0.,1.,0.));
#5061=DIRECTION('ref_axis',(-0.165047605860675,0.,0.986285601537232));
#5062=DIRECTION('',(0.,1.,0.));
#5063=DIRECTION('center_axis',(-0.28760623847595,-0.913545457642601,0.28760623847595));
#5064=DIRECTION('ref_axis',(0.645974188021251,-0.406736643075799,-0.645974188021251));
#5065=DIRECTION('',(-0.828384277009675,0.387993869072845,0.404030007753188));
#5066=DIRECTION('',(-0.707106781186547,5.02627997177166E-18,-0.707106781186548));
#5067=DIRECTION('',(0.404030007753189,-0.387993869072845,-0.828384277009675));
#5068=DIRECTION('center_axis',(-0.828384277009675,0.387993869072845,0.404030007753188));
#5069=DIRECTION('ref_axis',(-0.100180088053445,0.607031605772449,-0.788337858757859));
#5070=DIRECTION('',(0.828384277009675,-0.387993869072845,-0.404030007753188));
#5071=DIRECTION('center_axis',(-0.828384277009673,0.387993869072853,0.404030007753185));
#5072=DIRECTION('ref_axis',(-0.438371146789075,0.,-0.898794046299168));
#5073=DIRECTION('center_axis',(-0.438371146789077,0.,-0.898794046299167));
#5074=DIRECTION('ref_axis',(-0.898794046299167,0.,0.438371146789077));
#5075=DIRECTION('',(-0.828384277009675,-0.387993869072847,0.404030007753188));
#5076=DIRECTION('',(0.,-1.,0.));
#5077=DIRECTION('center_axis',(0.828384277009675,0.387993869072847,-0.404030007753188));
#5078=DIRECTION('ref_axis',(-0.100180088053435,-0.607031605772455,-0.788337858757856));
#5079=DIRECTION('',(0.828384277009675,0.387993869072847,-0.404030007753188));
#5080=DIRECTION('center_axis',(-0.828384277009666,-0.387993869072848,0.404030007753205));
#5081=DIRECTION('ref_axis',(0.287606238475951,-0.913545457642601,-0.287606238475951));
#5082=DIRECTION('center_axis',(1.,-1.82293559998111E-15,0.));
#5083=DIRECTION('ref_axis',(1.66533453693774E-15,0.913545457642603,0.406736643075796));
#5084=DIRECTION('center_axis',(-1.17419483157318E-15,-1.,0.));
#5085=DIRECTION('ref_axis',(0.,0.,1.));
#5086=DIRECTION('center_axis',(0.305809214624165,-0.395422932484398,-0.8660955078491));
#5087=DIRECTION('ref_axis',(0.529848667405791,-0.685114456397395,0.499878556535094));
#5088=DIRECTION('center_axis',(0.,-1.,0.));
#5089=DIRECTION('ref_axis',(-0.580702955710941,0.,0.814115518356318));
#5090=DIRECTION('center_axis',(0.,-1.,0.));
#5091=DIRECTION('ref_axis',(0.,0.,1.));
#5092=DIRECTION('',(0.,-1.,0.));
#5093=DIRECTION('center_axis',(1.,-2.07008716880766E-15,-5.5511151231258E-16));
#5094=DIRECTION('ref_axis',(5.5511151231258E-16,0.,1.));
#5095=DIRECTION('center_axis',(0.305809214624167,0.395422932484398,-0.866095507849099));
#5096=DIRECTION('ref_axis',(0.529848667405793,0.685114456397392,0.499878556535096));
#5097=DIRECTION('center_axis',(1.,0.,0.));
#5098=DIRECTION('ref_axis',(0.,-0.54463903501503,0.838670567945422));
#5099=DIRECTION('center_axis',(1.,0.,0.));
#5100=DIRECTION('ref_axis',(0.,0.,1.));
#5101=DIRECTION('',(1.,0.,0.));
#5102=DIRECTION('center_axis',(-4.31449888200432E-15,1.,-1.11022302462517E-15));
#5103=DIRECTION('ref_axis',(-1.11022302462516E-15,1.11022302462516E-15,
1.));
#5104=DIRECTION('center_axis',(-0.305809214624163,0.395422932484393,-0.866095507849103));
#5105=DIRECTION('ref_axis',(-0.529848667405795,0.685114456397396,0.499878556535089));
#5106=DIRECTION('center_axis',(0.,1.,0.));
#5107=DIRECTION('ref_axis',(0.580702955710941,0.,0.814115518356319));
#5108=DIRECTION('center_axis',(0.,1.,0.));
#5109=DIRECTION('ref_axis',(0.,0.,1.));
#5110=DIRECTION('',(0.,1.,0.));
#5111=DIRECTION('center_axis',(-1.,-6.07645199993702E-16,0.));
#5112=DIRECTION('ref_axis',(0.,0.,1.));
#5113=DIRECTION('center_axis',(-0.305809214624165,-0.395422932484398,-0.8660955078491));
#5114=DIRECTION('ref_axis',(-0.529848667405792,-0.685114456397394,0.499878556535094));
#5115=DIRECTION('center_axis',(-1.,0.,0.));
#5116=DIRECTION('ref_axis',(0.,0.544639035015025,0.838670567945426));
#5117=DIRECTION('',(-1.,0.,0.));
#5118=DIRECTION('center_axis',(-0.945518575599317,0.,-0.325568154457157));
#5119=DIRECTION('ref_axis',(-0.325568154457157,0.,0.945518575599317));
#5120=DIRECTION('',(-0.300063781416724,-0.387993869072847,0.871448497986989));
#5121=DIRECTION('',(0.,-1.,0.));
#5122=DIRECTION('',(0.300063781416724,-0.387993869072845,-0.87144849798699));
#5123=DIRECTION('center_axis',(0.300063781416724,0.387993869072847,-0.871448497986989));
#5124=DIRECTION('ref_axis',(-0.628277065396215,-0.607031605772453,-0.486601026191312));
#5125=DIRECTION('',(0.300063781416724,0.387993869072847,-0.871448497986989));
#5126=DIRECTION('center_axis',(-0.300063781416707,-0.387993869072846,0.871448497986995));
#5127=DIRECTION('ref_axis',(0.,-0.913545457642602,-0.406736643075798));
#5128=DIRECTION('center_axis',(0.,0.913545457642601,0.406736643075801));
#5129=DIRECTION('ref_axis',(0.,-0.406736643075801,0.913545457642601));
#5130=DIRECTION('',(0.300063781416723,-0.387993869072847,0.871448497986989));
#5131=DIRECTION('',(1.,0.,0.));
#5132=DIRECTION('center_axis',(0.300063781416723,-0.387993869072847,0.871448497986989));
#5133=DIRECTION('ref_axis',(0.628277065396215,-0.607031605772453,-0.486601026191312));
#5134=DIRECTION('',(-0.300063781416723,0.387993869072847,-0.871448497986989));
#5135=DIRECTION('center_axis',(0.300063781416726,-0.387993869072842,0.871448497986991));
#5136=DIRECTION('ref_axis',(0.945518575599316,0.,-0.325568154457158));
#5137=DIRECTION('center_axis',(0.118418410849102,-0.907490295168693,-0.403036529543677));
#5138=DIRECTION('ref_axis',(0.255821123439296,0.420073046236766,-0.870686044810424));
#5139=DIRECTION('center_axis',(-2.49084338351877E-15,-1.,-2.49084338351877E-15));
#5140=DIRECTION('ref_axis',(0.707106781186548,0.,-0.707106781186548));
#5141=DIRECTION('center_axis',(0.707106781186556,-5.60172918744197E-15,
0.707106781186539));
#5142=DIRECTION('ref_axis',(0.287606238475951,0.913545457642601,-0.287606238475951));
#5143=DIRECTION('center_axis',(0.,0.,1.));
#5144=DIRECTION('ref_axis',(1.,0.,0.));
#5145=DIRECTION('center_axis',(-5.14733134870547E-16,-1.,1.05535932381323E-15));
#5146=DIRECTION('ref_axis',(0.898794046299166,0.,0.438371146789079));
#5147=DIRECTION('center_axis',(-0.404030007753197,0.387993869072846,0.82838427700967));
#5148=DIRECTION('ref_axis',(0.28760623847595,0.913545457642601,-0.28760623847595));
#5149=DIRECTION('center_axis',(-0.707106781186548,-6.8834807811787E-15,
-0.707106781186548));
#5150=DIRECTION('ref_axis',(0.707106781186548,0.,-0.707106781186548));
#5151=DIRECTION('center_axis',(0.404030007753189,-0.387993869072845,-0.828384277009675));
#5152=DIRECTION('ref_axis',(0.788337858757855,0.607031605772454,0.100180088053446));
#5153=DIRECTION('',(-0.404030007753189,0.387993869072845,0.828384277009675));
#5154=DIRECTION('center_axis',(-0.707106781186547,3.03822599996852E-17,
-0.707106781186548));
#5155=DIRECTION('ref_axis',(0.593029645775781,0.544639035015031,-0.593029645775781));
#5156=DIRECTION('',(0.707106781186547,-3.03822599996852E-17,0.707106781186548));
#5157=DIRECTION('center_axis',(-0.118418410849102,-0.907490295168697,0.403036529543669));
#5158=DIRECTION('ref_axis',(0.25582112343931,-0.420073046236763,-0.870686044810422));
#5159=DIRECTION('center_axis',(0.707106781186548,0.,0.707106781186548));
#5160=DIRECTION('ref_axis',(0.707106781186548,0.,-0.707106781186548));
#5161=DIRECTION('center_axis',(-5.27679661906616E-15,1.,2.57366567435273E-15));
#5162=DIRECTION('ref_axis',(-0.438371146789079,0.,-0.898794046299166));
#5163=DIRECTION('center_axis',(0.,1.,0.));
#5164=DIRECTION('ref_axis',(0.165047605860675,0.,-0.986285601537232));
#5165=DIRECTION('',(0.,1.,0.));
#5166=DIRECTION('center_axis',(0.,0.,1.));
#5167=DIRECTION('ref_axis',(1.,0.,0.));
#5168=DIRECTION('center_axis',(-0.404030007753191,-0.387993869072856,0.828384277009669));
#5169=DIRECTION('ref_axis',(0.898794046299165,0.,0.438371146789082));
#5170=DIRECTION('center_axis',(4.98168676703755E-15,1.,4.98168676703755E-15));
#5171=DIRECTION('ref_axis',(0.707106781186548,0.,-0.707106781186548));
#5172=DIRECTION('center_axis',(-0.707106781186548,0.,-0.707106781186548));
#5173=DIRECTION('ref_axis',(0.287606238475951,-0.913545457642601,-0.287606238475951));
#5174=DIRECTION('center_axis',(0.,1.,0.));
#5175=DIRECTION('ref_axis',(0.986285601537232,0.,-0.165047605860675));
#5176=DIRECTION('',(0.,-1.,0.));
#5177=DIRECTION('',(0.,1.,0.));
#5178=DIRECTION('center_axis',(0.707106781186547,3.03822599996852E-17,0.707106781186548));
#5179=DIRECTION('ref_axis',(0.593029645775781,-0.544639035015031,-0.593029645775781));
#5180=DIRECTION('',(-0.707106781186547,-3.03822599996852E-17,-0.707106781186548));
#5181=DIRECTION('',(0.707106781186547,3.03822599996852E-17,0.707106781186548));
#5182=DIRECTION('center_axis',(-0.404030007753189,-0.387993869072847,0.828384277009674));
#5183=DIRECTION('ref_axis',(0.788337858757857,-0.607031605772452,0.100180088053446));
#5184=DIRECTION('',(0.404030007753189,0.387993869072847,-0.828384277009674));
#5185=DIRECTION('',(-0.404030007753189,-0.387993869072847,0.828384277009674));
#5186=DIRECTION('center_axis',(-0.287606238475951,0.913545457642601,0.287606238475951));
#5187=DIRECTION('ref_axis',(-0.645974188021251,-0.406736643075801,0.645974188021251));
#5188=DIRECTION('center_axis',(0.707106781186548,0.,-0.707106781186547));
#5189=DIRECTION('ref_axis',(-0.707106781186547,0.,-0.707106781186548));
#5190=DIRECTION('center_axis',(0.,0.,1.));
#5191=DIRECTION('ref_axis',(1.,0.,0.));
#5192=DIRECTION('center_axis',(0.,-1.,5.87097415786591E-15));
#5193=DIRECTION('ref_axis',(1.,0.,0.));
#5194=DIRECTION('center_axis',(-1.11022302462514E-14,4.94303137653113E-15,
1.));
#5195=DIRECTION('ref_axis',(0.406736643075797,0.913545457642602,0.));
#5196=DIRECTION('center_axis',(0.,0.,1.));
#5197=DIRECTION('ref_axis',(1.,0.,0.));
#5198=DIRECTION('center_axis',(1.55431223447525E-14,-1.,-5.35192622003792E-15));
#5199=DIRECTION('ref_axis',(0.325568154457158,0.,0.945518575599316));
#5200=DIRECTION('center_axis',(-0.871448497986979,0.387993869072838,0.300063781416766));
#5201=DIRECTION('ref_axis',(0.406736643075797,0.913545457642602,0.));
#5202=DIRECTION('center_axis',(0.,2.18752271997734E-14,-1.));
#5203=DIRECTION('ref_axis',(1.,0.,0.));
#5204=DIRECTION('center_axis',(0.87144849798699,-0.387993869072845,-0.300063781416723));
#5205=DIRECTION('ref_axis',(0.486601026191312,0.607031605772453,0.628277065396214));
#5206=DIRECTION('',(-0.87144849798699,0.387993869072845,0.300063781416723));
#5207=DIRECTION('center_axis',(1.11022302462516E-16,1.1334206234058E-17,
-1.));
#5208=DIRECTION('ref_axis',(0.838670567945426,0.544639035015024,0.));
#5209=DIRECTION('',(-1.11022302462516E-16,-1.1334206234058E-17,1.));
#5210=DIRECTION('center_axis',(0.,0.,1.));
#5211=DIRECTION('ref_axis',(1.,0.,0.));
#5212=DIRECTION('center_axis',(0.,7.89938759991818E-15,1.));
#5213=DIRECTION('ref_axis',(1.,0.,0.));
#5214=DIRECTION('center_axis',(-9.99200722162645E-15,1.,-3.44052399859575E-15));
#5215=DIRECTION('ref_axis',(0.325568154457158,0.,-0.945518575599316));
#5216=DIRECTION('center_axis',(0.,1.,0.));
#5217=DIRECTION('ref_axis',(0.814115518356315,0.,-0.580702955710946));
#5218=DIRECTION('',(0.,1.,0.));
#5219=DIRECTION('center_axis',(0.,0.,1.));
#5220=DIRECTION('ref_axis',(1.,0.,0.));
#5221=DIRECTION('center_axis',(-0.871448497986991,-0.387993869072842,0.300063781416726));
#5222=DIRECTION('ref_axis',(0.325568154457159,0.,0.945518575599316));
#5223=DIRECTION('center_axis',(0.,1.,-2.34838966314636E-15));
#5224=DIRECTION('ref_axis',(1.,0.,0.));
#5225=DIRECTION('center_axis',(-1.66533453693777E-15,-7.41454706479697E-16,
-1.));
#5226=DIRECTION('ref_axis',(0.406736643075797,-0.913545457642602,0.));
#5227=DIRECTION('center_axis',(0.,1.,0.));
#5228=DIRECTION('ref_axis',(0.814115518356315,0.,0.580702955710946));
#5229=DIRECTION('',(0.,-1.,0.));
#5230=DIRECTION('',(0.,1.,0.));
#5231=DIRECTION('center_axis',(-1.11022302462516E-16,-1.90480537656274E-17,
1.));
#5232=DIRECTION('ref_axis',(0.83867056794542,-0.544639035015033,0.));
#5233=DIRECTION('',(1.11022302462516E-16,1.90480537656274E-17,-1.));
#5234=DIRECTION('',(-1.11022302462516E-16,-1.90480537656274E-17,1.));
#5235=DIRECTION('center_axis',(-0.871448497986989,-0.387993869072847,0.300063781416723));
#5236=DIRECTION('ref_axis',(0.486601026191311,-0.607031605772452,0.628277065396216));
#5237=DIRECTION('',(0.871448497986989,0.387993869072847,-0.300063781416723));
#5238=DIRECTION('',(-0.871448497986989,-0.387993869072847,0.300063781416723));
#5239=DIRECTION('center_axis',(-0.406736643075801,0.913545457642601,-2.77555756156289E-17));
#5240=DIRECTION('ref_axis',(-0.913545457642601,-0.406736643075801,-1.66533453693773E-16));
#5241=DIRECTION('center_axis',(1.,0.,1.11022302462516E-16));
#5242=DIRECTION('ref_axis',(1.11022302462516E-16,0.,-1.));
#5243=DIRECTION('center_axis',(0.,0.,1.));
#5244=DIRECTION('ref_axis',(1.,0.,0.));
#5245=DIRECTION('center_axis',(1.66056225567918E-15,-1.,-1.66056225567918E-15));
#5246=DIRECTION('ref_axis',(0.707106781186548,0.,0.707106781186548));
#5247=DIRECTION('center_axis',(-0.707106781186539,-5.60172918744197E-15,
0.707106781186556));
#5248=DIRECTION('ref_axis',(0.287606238475951,0.913545457642601,0.287606238475951));
#5249=DIRECTION('center_axis',(-0.404030007753185,0.387993869072853,-0.828384277009673));
#5250=DIRECTION('ref_axis',(0.898794046299168,0.,-0.438371146789075));
#5251=DIRECTION('center_axis',(0.118418410849103,-0.907490295168693,0.403036529543677));
#5252=DIRECTION('ref_axis',(0.255821123439304,0.420073046236771,0.870686044810419));
#5253=DIRECTION('center_axis',(1.05535932381323E-15,-1.,5.14733134870547E-16));
#5254=DIRECTION('ref_axis',(-0.438371146789079,0.,0.898794046299166));
#5255=DIRECTION('center_axis',(-0.828384277009674,0.387993869072845,-0.40403000775319));
#5256=DIRECTION('ref_axis',(0.28760623847595,0.913545457642601,0.28760623847595));
#5257=DIRECTION('center_axis',(0.707106781186548,6.8834807811787E-15,-0.707106781186548));
#5258=DIRECTION('ref_axis',(0.707106781186548,0.,0.707106781186548));
#5259=DIRECTION('center_axis',(0.828384277009675,-0.387993869072845,0.404030007753189));
#5260=DIRECTION('ref_axis',(-0.100180088053434,0.607031605772449,0.788337858757861));
#5261=DIRECTION('',(0.828384277009675,-0.387993869072845,0.404030007753189));
#5262=DIRECTION('',(-0.828384277009675,0.387993869072845,-0.404030007753189));
#5263=DIRECTION('center_axis',(0.707106781186548,3.03822599996852E-17,-0.707106781186547));
#5264=DIRECTION('ref_axis',(0.593029645775781,0.544639035015031,0.593029645775781));
#5265=DIRECTION('',(-0.707106781186548,-3.03822599996852E-17,0.707106781186547));
#5266=DIRECTION('',(0.707106781186548,5.02627997177166E-18,-0.707106781186547));
#5267=DIRECTION('center_axis',(0.,0.,1.));
#5268=DIRECTION('ref_axis',(1.,0.,0.));
#5269=DIRECTION('center_axis',(-0.707106781186548,0.,0.707106781186548));
#5270=DIRECTION('ref_axis',(0.707106781186548,0.,0.707106781186548));
#5271=DIRECTION('center_axis',(-2.05893253948219E-15,1.,-4.22143729525293E-15));
#5272=DIRECTION('ref_axis',(0.898794046299166,0.,-0.438371146789079));
#5273=DIRECTION('center_axis',(0.,1.,0.));
#5274=DIRECTION('ref_axis',(0.986285601537232,0.,0.165047605860675));
#5275=DIRECTION('',(0.,1.,0.));
#5276=DIRECTION('center_axis',(-0.118418410849103,-0.907490295168693,-0.403036529543677));
#5277=DIRECTION('ref_axis',(0.255821123439305,-0.420073046236768,0.870686044810421));
#5278=DIRECTION('center_axis',(-2.49084338351877E-15,1.,2.49084338351877E-15));
#5279=DIRECTION('ref_axis',(0.707106781186548,0.,0.707106781186548));
#5280=DIRECTION('center_axis',(0.707106781186548,0.,-0.707106781186548));
#5281=DIRECTION('ref_axis',(0.287606238475951,-0.913545457642601,0.287606238475951));
#5282=DIRECTION('center_axis',(0.,1.,0.));
#5283=DIRECTION('ref_axis',(0.165047605860675,0.,0.986285601537232));
#5284=DIRECTION('',(0.,-1.,0.));
#5285=DIRECTION('',(0.,1.,0.));
#5286=DIRECTION('center_axis',(-0.707106781186548,3.03822599996852E-17,
0.707106781186547));
#5287=DIRECTION('ref_axis',(0.593029645775777,-0.544639035015027,0.593029645775788));
#5288=DIRECTION('',(0.707106781186548,-3.03822599996852E-17,-0.707106781186547));
#5289=DIRECTION('center_axis',(-0.404030007753189,0.387993869072845,-0.828384277009675));
#5290=DIRECTION('ref_axis',(0.788337858757859,0.607031605772451,-0.100180088053434));
#5291=DIRECTION('',(-0.404030007753189,0.387993869072845,-0.828384277009675));
#5292=DIRECTION('center_axis',(0.707106781186547,0.,0.707106781186548));
#5293=DIRECTION('ref_axis',(0.707106781186548,0.,-0.707106781186547));
#5294=DIRECTION('center_axis',(0.201255401777479,-0.907490295168694,0.368724324434965));
#5295=DIRECTION('ref_axis',(0.434775155415236,0.420073046236763,0.796560857724646));
#5296=DIRECTION('center_axis',(-5.87097415786591E-15,-1.,0.));
#5297=DIRECTION('ref_axis',(0.,0.,1.));
#5298=DIRECTION('center_axis',(-1.,4.94303137653113E-15,-1.11022302462514E-14));
#5299=DIRECTION('ref_axis',(0.,0.913545457642602,0.406736643075797));
#5300=DIRECTION('center_axis',(0.300063781416729,0.387993869072824,-0.871448497986997));
#5301=DIRECTION('ref_axis',(0.945518575599316,0.,0.32556815445716));
#5302=DIRECTION('center_axis',(-0.201255401777474,-0.907490295168696,0.368724324434965));
#5303=DIRECTION('ref_axis',(-0.43477515541523,0.420073046236761,0.79656085772465));
#5304=DIRECTION('center_axis',(4.9696457757495E-15,-1.,1.44328993201273E-14));
#5305=DIRECTION('ref_axis',(-0.945518575599316,0.,0.325568154457158));
#5306=DIRECTION('center_axis',(-0.300063781416766,0.387993869072838,-0.871448497986979));
#5307=DIRECTION('ref_axis',(0.,0.913545457642602,0.406736643075797));
#5308=DIRECTION('center_axis',(1.,2.18752271997734E-14,0.));
#5309=DIRECTION('ref_axis',(0.,0.,1.));
#5310=DIRECTION('center_axis',(0.300063781416723,-0.387993869072845,0.87144849798699));
#5311=DIRECTION('ref_axis',(-0.628277065396214,0.607031605772453,0.486601026191312));
#5312=DIRECTION('',(0.300063781416723,-0.387993869072845,0.87144849798699));
#5313=DIRECTION('',(-0.300063781416723,0.387993869072845,-0.87144849798699));
#5314=DIRECTION('center_axis',(1.,1.1334206234058E-17,1.11022302462516E-16));
#5315=DIRECTION('ref_axis',(0.,0.544639035015024,0.838670567945426));
#5316=DIRECTION('',(-1.,-1.1334206234058E-17,-1.11022302462516E-16));
#5317=DIRECTION('',(1.,1.1334206234058E-17,1.11022302462516E-16));
#5318=DIRECTION('center_axis',(-0.201255401777482,-0.9074902951687,-0.36872432443495));
#5319=DIRECTION('ref_axis',(0.434775155415246,-0.420073046236759,0.796560857724643));
#5320=DIRECTION('center_axis',(-1.,7.89938759991818E-15,0.));
#5321=DIRECTION('ref_axis',(0.,0.,1.));
#5322=DIRECTION('center_axis',(3.44052399859575E-15,1.,-9.99200722162645E-15));
#5323=DIRECTION('ref_axis',(0.945518575599316,0.,0.325568154457158));
#5324=DIRECTION('center_axis',(0.,1.,0.));
#5325=DIRECTION('ref_axis',(0.580702955710946,0.,0.814115518356315));
#5326=DIRECTION('',(0.,1.,0.));
#5327=DIRECTION('center_axis',(0.201255401777492,-0.907490295168694,-0.368724324434959));
#5328=DIRECTION('ref_axis',(-0.434775155415254,-0.420073046236769,0.796560857724633));
#5329=DIRECTION('center_axis',(4.69677932629272E-15,1.,0.));
#5330=DIRECTION('ref_axis',(0.,0.,1.));
#5331=DIRECTION('center_axis',(1.,-7.41454706479697E-16,-1.66533453693777E-15));
#5332=DIRECTION('ref_axis',(0.,-0.913545457642602,0.406736643075797));
#5333=DIRECTION('center_axis',(0.,1.,0.));
#5334=DIRECTION('ref_axis',(-0.580702955710946,0.,0.814115518356315));
#5335=DIRECTION('',(0.,-1.,0.));
#5336=DIRECTION('',(0.,1.,0.));
#5337=DIRECTION('center_axis',(-1.,-1.90480537656274E-17,-1.11022302462516E-16));
#5338=DIRECTION('ref_axis',(0.,-0.544639035015033,0.83867056794542));
#5339=DIRECTION('',(1.,1.90480537656274E-17,1.11022302462516E-16));
#5340=DIRECTION('center_axis',(0.300063781416724,0.387993869072845,-0.87144849798699));
#5341=DIRECTION('ref_axis',(0.628277065396214,0.607031605772453,0.486601026191312));
#5342=DIRECTION('',(0.300063781416724,0.387993869072845,-0.87144849798699));
#5343=DIRECTION('center_axis',(-1.11022302462516E-16,0.,1.));
#5344=DIRECTION('ref_axis',(1.,0.,1.11022302462516E-16));
#5345=DIRECTION('center_axis',(-0.118418410849102,-0.907490295168694,0.403036529543676));
#5346=DIRECTION('ref_axis',(-0.255821123439296,0.420073046236767,0.870686044810424));
#5347=DIRECTION('center_axis',(2.49084338351877E-15,-1.,2.49084338351877E-15));
#5348=DIRECTION('ref_axis',(-0.707106781186548,0.,0.707106781186548));
#5349=DIRECTION('center_axis',(-0.707106781186556,-5.60172918744197E-15,
-0.707106781186539));
#5350=DIRECTION('ref_axis',(-0.28760623847595,0.913545457642601,0.28760623847595));
#5351=DIRECTION('center_axis',(0.828384277009673,0.387993869072853,-0.404030007753185));
#5352=DIRECTION('ref_axis',(0.438371146789075,0.,0.898794046299168));
#5353=DIRECTION('center_axis',(0.,0.,1.));
#5354=DIRECTION('ref_axis',(1.,0.,0.));
#5355=DIRECTION('center_axis',(-1.02946626974109E-15,-1.,2.11071864762646E-15));
#5356=DIRECTION('ref_axis',(-0.898794046299166,0.,-0.438371146789079));
#5357=DIRECTION('center_axis',(0.707106781186548,6.88348078117869E-15,0.707106781186548));
#5358=DIRECTION('ref_axis',(-0.707106781186548,0.,0.707106781186548));
#5359=DIRECTION('center_axis',(0.707106781186547,3.03822599996852E-17,0.707106781186548));
#5360=DIRECTION('ref_axis',(-0.59302964577578,0.544639035015032,0.59302964577578));
#5361=DIRECTION('',(-0.707106781186547,-3.03822599996852E-17,-0.707106781186548));
#5362=DIRECTION('',(0.707106781186547,5.02627997177166E-18,0.707106781186548));
#5363=DIRECTION('center_axis',(0.118418410849102,-0.907490295168694,-0.403036529543675));
#5364=DIRECTION('ref_axis',(-0.255821123439303,-0.420073046236766,0.870686044810422));
#5365=DIRECTION('center_axis',(-0.707106781186548,0.,-0.707106781186548));
#5366=DIRECTION('ref_axis',(-0.707106781186548,0.,0.707106781186548));
#5367=DIRECTION('center_axis',(3.16607797143969E-15,1.,-1.54419940461164E-15));
#5368=DIRECTION('ref_axis',(0.438371146789079,0.,0.898794046299166));
#5369=DIRECTION('center_axis',(0.82838427700967,-0.387993869072846,-0.404030007753198));
#5370=DIRECTION('ref_axis',(-0.28760623847595,-0.913545457642601,0.28760623847595));
#5371=DIRECTION('center_axis',(0.,1.,0.));
#5372=DIRECTION('ref_axis',(-0.165047605860675,0.,0.986285601537232));
#5373=DIRECTION('',(0.,-1.,0.));
#5374=DIRECTION('',(0.,1.,0.));
#5375=DIRECTION('center_axis',(-0.828384277009675,0.387993869072847,0.404030007753188));
#5376=DIRECTION('ref_axis',(0.100180088053435,-0.607031605772455,0.788337858757856));
#5377=DIRECTION('',(0.828384277009675,-0.387993869072847,-0.404030007753188));
#5378=DIRECTION('center_axis',(0.,0.,1.));
#5379=DIRECTION('ref_axis',(1.,0.,0.));
#5380=DIRECTION('center_axis',(-3.32112451135836E-15,1.,-3.32112451135836E-15));
#5381=DIRECTION('ref_axis',(-0.707106781186548,0.,0.707106781186548));
#5382=DIRECTION('center_axis',(0.707106781186548,0.,0.707106781186548));
#5383=DIRECTION('ref_axis',(-0.287606238475951,-0.913545457642601,0.287606238475951));
#5384=DIRECTION('center_axis',(0.,1.,0.));
#5385=DIRECTION('ref_axis',(-0.986285601537232,0.,0.165047605860675));
#5386=DIRECTION('',(0.,-1.,0.));
#5387=DIRECTION('center_axis',(-0.707106781186547,3.03822599996852E-17,
-0.707106781186548));
#5388=DIRECTION('ref_axis',(-0.593029645775788,-0.544639035015027,0.593029645775777));
#5389=DIRECTION('',(0.707106781186547,-3.03822599996852E-17,0.707106781186548));
#5390=DIRECTION('center_axis',(0.828384277009675,0.387993869072845,-0.404030007753188));
#5391=DIRECTION('ref_axis',(0.100180088053434,0.607031605772451,0.788337858757859));
#5392=DIRECTION('',(-0.828384277009675,-0.387993869072845,0.404030007753189));
#5393=DIRECTION('',(0.828384277009675,0.387993869072845,-0.404030007753189));
#5394=DIRECTION('center_axis',(0.438371146789077,0.,0.898794046299167));
#5395=DIRECTION('ref_axis',(0.898794046299167,0.,-0.438371146789077));
#5396=DIRECTION('center_axis',(-0.707106781186548,0.,0.707106781186547));
#5397=DIRECTION('ref_axis',(0.707106781186547,0.,0.707106781186548));
#5398=DIRECTION('center_axis',(0.,0.,1.));
#5399=DIRECTION('ref_axis',(1.,0.,0.));
#5400=DIRECTION('center_axis',(0.,-1.,2.34838966314636E-15));
#5401=DIRECTION('ref_axis',(-1.,0.,0.));
#5402=DIRECTION('center_axis',(8.3266726846887E-15,3.70727353239842E-15,
-1.));
#5403=DIRECTION('ref_axis',(-0.406736643075797,0.913545457642602,0.));
#5404=DIRECTION('center_axis',(0.87144849798699,0.387993869072843,0.300063781416727));
#5405=DIRECTION('ref_axis',(-0.32556815445716,0.,0.945518575599316));
#5406=DIRECTION('center_axis',(0.,0.,1.));
#5407=DIRECTION('ref_axis',(1.,0.,0.));
#5408=DIRECTION('center_axis',(-1.33226762955022E-14,-1.,4.58736533146108E-15));
#5409=DIRECTION('ref_axis',(-0.325568154457158,0.,-0.945518575599316));
#5410=DIRECTION('center_axis',(0.,-6.07645199993706E-16,1.));
#5411=DIRECTION('ref_axis',(-1.,0.,0.));
#5412=DIRECTION('center_axis',(0.,0.,1.));
#5413=DIRECTION('ref_axis',(-0.838670567945427,0.544639035015023,0.));
#5414=DIRECTION('',(0.,0.,-1.));
#5415=DIRECTION('',(0.,0.,1.));
#5416=DIRECTION('center_axis',(0.,0.,1.));
#5417=DIRECTION('ref_axis',(1.,0.,0.));
#5418=DIRECTION('center_axis',(0.,-2.43058079997482E-15,-1.));
#5419=DIRECTION('ref_axis',(-1.,0.,0.));
#5420=DIRECTION('center_axis',(1.11022302462516E-15,1.,3.82280444288416E-16));
#5421=DIRECTION('ref_axis',(-0.325568154457157,0.,0.945518575599317));
#5422=DIRECTION('center_axis',(0.87144849798699,-0.387993869072843,0.300063781416725));
#5423=DIRECTION('ref_axis',(-0.406736643075798,-0.913545457642602,0.));
#5424=DIRECTION('center_axis',(0.,1.,0.));
#5425=DIRECTION('ref_axis',(-0.814115518356314,0.,0.580702955710947));
#5426=DIRECTION('',(0.,-1.,0.));
#5427=DIRECTION('',(0.,1.,0.));
#5428=DIRECTION('center_axis',(-0.871448497986989,0.387993869072847,-0.300063781416724));
#5429=DIRECTION('ref_axis',(-0.486601026191312,-0.607031605772451,0.628277065396217));
#5430=DIRECTION('',(0.871448497986989,-0.387993869072847,0.300063781416723));
#5431=DIRECTION('center_axis',(0.,0.,1.));
#5432=DIRECTION('ref_axis',(1.,0.,0.));
#5433=DIRECTION('center_axis',(0.,1.,9.39355865258546E-15));
#5434=DIRECTION('ref_axis',(-1.,0.,0.));
#5435=DIRECTION('center_axis',(9.43689570931387E-15,-4.20157667005154E-15,
1.));
#5436=DIRECTION('ref_axis',(-0.406736643075797,-0.913545457642602,0.));
#5437=DIRECTION('center_axis',(0.,1.,0.));
#5438=DIRECTION('ref_axis',(-0.814115518356315,0.,-0.580702955710946));
#5439=DIRECTION('',(0.,-1.,0.));
#5440=DIRECTION('center_axis',(0.,0.,-1.));
#5441=DIRECTION('ref_axis',(-0.838670567945426,-0.544639035015024,0.));
#5442=DIRECTION('',(0.,0.,1.));
#5443=DIRECTION('center_axis',(0.87144849798699,0.387993869072845,0.300063781416724));
#5444=DIRECTION('ref_axis',(-0.486601026191313,0.607031605772452,0.628277065396215));
#5445=DIRECTION('',(-0.87144849798699,-0.387993869072845,-0.300063781416724));
#5446=DIRECTION('',(0.87144849798699,0.387993869072845,0.300063781416724));
#5447=DIRECTION('center_axis',(-0.325568154457157,0.,0.945518575599317));
#5448=DIRECTION('ref_axis',(0.945518575599317,0.,0.325568154457156));
#5449=DIRECTION('center_axis',(-1.,0.,0.));
#5450=DIRECTION('ref_axis',(0.,0.,1.));
#5451=DIRECTION('center_axis',(0.,0.,1.));
#5452=DIRECTION('ref_axis',(1.,0.,0.));
#5453=DIRECTION('center_axis',(-2.49084338351877E-15,-1.,2.49084338351877E-15));
#5454=DIRECTION('ref_axis',(-0.707106781186548,0.,-0.707106781186548));
#5455=DIRECTION('center_axis',(0.707106781186539,-5.60172918744197E-15,
-0.707106781186556));
#5456=DIRECTION('ref_axis',(-0.28760623847595,0.913545457642601,-0.28760623847595));
#5457=DIRECTION('center_axis',(0.404030007753185,0.387993869072853,0.828384277009673));
#5458=DIRECTION('ref_axis',(-0.898794046299168,0.,0.438371146789075));
#5459=DIRECTION('center_axis',(-0.118418410849103,-0.907490295168696,-0.40303652954367));
#5460=DIRECTION('ref_axis',(-0.255821123439305,0.420073046236763,-0.870686044810423));
#5461=DIRECTION('center_axis',(1.05535932381323E-15,-1.,5.14733134870547E-16));
#5462=DIRECTION('ref_axis',(0.438371146789079,0.,-0.898794046299166));
#5463=DIRECTION('center_axis',(-0.707106781186548,0.,0.707106781186548));
#5464=DIRECTION('ref_axis',(-0.707106781186548,0.,-0.707106781186548));
#5465=DIRECTION('center_axis',(-0.707106781186548,0.,0.707106781186548));
#5466=DIRECTION('ref_axis',(-0.593029645775784,0.544639035015025,-0.593029645775784));
#5467=DIRECTION('',(0.707106781186547,0.,-0.707106781186547));
#5468=DIRECTION('',(-0.707106781186547,0.,0.707106781186547));
#5469=DIRECTION('center_axis',(0.,0.,1.));
#5470=DIRECTION('ref_axis',(1.,0.,0.));
#5471=DIRECTION('center_axis',(0.707106781186548,0.,-0.707106781186548));
#5472=DIRECTION('ref_axis',(-0.707106781186548,0.,-0.707106781186548));
#5473=DIRECTION('center_axis',(-1.54419940461164E-15,1.,-3.16607797143969E-15));
#5474=DIRECTION('ref_axis',(-0.898794046299166,0.,0.438371146789079));
#5475=DIRECTION('center_axis',(0.404030007753179,-0.387993869072844,0.82838427700968));
#5476=DIRECTION('ref_axis',(-0.287606238475951,-0.913545457642601,-0.287606238475951));
#5477=DIRECTION('center_axis',(0.,1.,0.));
#5478=DIRECTION('ref_axis',(-0.986285601537232,0.,-0.165047605860675));
#5479=DIRECTION('',(0.,-1.,0.));
#5480=DIRECTION('',(0.,1.,0.));
#5481=DIRECTION('center_axis',(-0.404030007753188,0.387993869072847,-0.828384277009675));
#5482=DIRECTION('ref_axis',(-0.78833785875786,-0.607031605772449,0.100180088053434));
#5483=DIRECTION('',(0.404030007753188,-0.387993869072847,0.828384277009675));
#5484=DIRECTION('center_axis',(0.118418410849103,-0.907490295168693,0.403036529543678));
#5485=DIRECTION('ref_axis',(-0.255821123439305,-0.420073046236769,-0.870686044810421));
#5486=DIRECTION('center_axis',(-1.66056225567918E-15,1.,1.66056225567918E-15));
#5487=DIRECTION('ref_axis',(-0.707106781186548,0.,-0.707106781186548));
#5488=DIRECTION('center_axis',(-0.707106781186548,0.,0.707106781186548));
#5489=DIRECTION('ref_axis',(-0.287606238475951,-0.913545457642601,-0.287606238475951));
#5490=DIRECTION('center_axis',(0.,1.,0.));
#5491=DIRECTION('ref_axis',(-0.165047605860675,0.,-0.986285601537232));
#5492=DIRECTION('',(0.,-1.,0.));
#5493=DIRECTION('center_axis',(0.707106781186548,0.,-0.707106781186548));
#5494=DIRECTION('ref_axis',(-0.593029645775784,-0.544639035015024,-0.593029645775784));
#5495=DIRECTION('',(-0.707106781186548,0.,0.707106781186548));
#5496=DIRECTION('center_axis',(0.404030007753189,0.387993869072845,0.828384277009675));
#5497=DIRECTION('ref_axis',(-0.788337858757858,0.60703160577245,0.100180088053445));
#5498=DIRECTION('',(-0.404030007753189,-0.387993869072845,-0.828384277009675));
#5499=DIRECTION('',(0.404030007753189,0.387993869072845,0.828384277009675));
#5500=DIRECTION('center_axis',(-0.898794046299167,0.,0.438371146789078));
#5501=DIRECTION('ref_axis',(0.438371146789078,0.,0.898794046299167));
#5502=DIRECTION('center_axis',(-0.707106781186548,0.,-0.707106781186548));
#5503=DIRECTION('ref_axis',(-0.707106781186548,0.,0.707106781186548));
#5504=DIRECTION('center_axis',(-0.28760623847595,-0.913545457642601,-0.28760623847595));
#5505=DIRECTION('ref_axis',(0.645974188021251,-0.406736643075799,0.645974188021251));
#5506=DIRECTION('center_axis',(5.55111512312578E-17,-0.913545457642601,
-0.406736643075799));
#5507=DIRECTION('ref_axis',(-1.66533453693773E-16,-0.406736643075799,0.913545457642601));
#5508=DIRECTION('center_axis',(0.28760623847595,-0.913545457642601,-0.28760623847595));
#5509=DIRECTION('ref_axis',(-0.645974188021251,-0.406736643075799,0.645974188021251));
#5510=DIRECTION('center_axis',(0.406736643075799,-0.913545457642601,0.));
#5511=DIRECTION('ref_axis',(-0.913545457642601,-0.406736643075799,0.));
#5512=DIRECTION('center_axis',(0.28760623847595,-0.913545457642601,0.28760623847595));
#5513=DIRECTION('ref_axis',(-0.645974188021251,-0.406736643075799,-0.645974188021251));
#5514=DIRECTION('center_axis',(0.898794046299167,0.,0.438371146789078));
#5515=DIRECTION('ref_axis',(0.438371146789078,0.,-0.898794046299167));
#5516=DIRECTION('center_axis',(0.325568154457156,0.,0.945518575599317));
#5517=DIRECTION('ref_axis',(0.945518575599317,0.,-0.325568154457156));
#5518=DIRECTION('center_axis',(-0.438371146789078,0.,0.898794046299167));
#5519=DIRECTION('ref_axis',(0.898794046299167,0.,0.438371146789078));
#5520=DIRECTION('center_axis',(-0.945518575599317,0.,0.325568154457156));
#5521=DIRECTION('ref_axis',(0.325568154457156,0.,0.945518575599317));
#5522=DIRECTION('center_axis',(-0.201255401777479,-0.907490295168695,-0.368724324434964));
#5523=DIRECTION('ref_axis',(-0.434775155415236,0.420073046236762,-0.796560857724646));
#5524=DIRECTION('center_axis',(8.21936382101225E-15,-1.,0.));
#5525=DIRECTION('ref_axis',(0.,0.,-1.));
#5526=DIRECTION('center_axis',(1.,5.43733451418424E-15,1.22124532708765E-14));
#5527=DIRECTION('ref_axis',(0.,0.913545457642603,-0.406736643075797));
#5528=DIRECTION('center_axis',(-0.300063781416729,0.387993869072824,0.871448497986997));
#5529=DIRECTION('ref_axis',(-0.945518575599316,0.,-0.325568154457159));
#5530=DIRECTION('center_axis',(0.201255401777481,-0.907490295168702,-0.368724324434946));
#5531=DIRECTION('ref_axis',(0.434775155415246,0.420073046236754,-0.796560857724645));
#5532=DIRECTION('center_axis',(0.300063781416766,0.387993869072839,0.871448497986978));
#5533=DIRECTION('ref_axis',(0.,0.913545457642602,-0.406736643075799));
#5534=DIRECTION('center_axis',(-1.,1.76217107998174E-14,0.));
#5535=DIRECTION('ref_axis',(0.,0.,-1.));
#5536=DIRECTION('center_axis',(-3.44052399859581E-15,-1.,-9.99200722162662E-15));
#5537=DIRECTION('ref_axis',(0.945518575599316,0.,-0.325568154457158));
#5538=DIRECTION('center_axis',(-1.,0.,0.));
#5539=DIRECTION('ref_axis',(0.,0.544639035015025,-0.838670567945426));
#5540=DIRECTION('',(1.,0.,0.));
#5541=DIRECTION('',(-1.,0.,0.));
#5542=DIRECTION('center_axis',(0.201255401777483,-0.9074902951687,0.368724324434949));
#5543=DIRECTION('ref_axis',(-0.43477515541525,-0.420073046236758,-0.796560857724641));
#5544=DIRECTION('center_axis',(1.,-6.07645199993706E-16,0.));
#5545=DIRECTION('ref_axis',(0.,0.,-1.));
#5546=DIRECTION('center_axis',(-3.44052399859574E-15,1.,9.99200722162644E-15));
#5547=DIRECTION('ref_axis',(-0.945518575599317,0.,-0.325568154457157));
#5548=DIRECTION('center_axis',(0.,1.,0.));
#5549=DIRECTION('ref_axis',(-0.580702955710947,0.,-0.814115518356314));
#5550=DIRECTION('',(0.,1.,0.));
#5551=DIRECTION('center_axis',(-0.201255401777492,-0.907490295168694,0.368724324434959));
#5552=DIRECTION('ref_axis',(0.434775155415253,-0.42007304623677,-0.796560857724633));
#5553=DIRECTION('center_axis',(-2.34838966314636E-15,1.,0.));
#5554=DIRECTION('ref_axis',(0.,0.,-1.));
#5555=DIRECTION('center_axis',(-1.,-2.47151568826566E-16,5.5511151231259E-16));
#5556=DIRECTION('ref_axis',(0.,-0.913545457642602,-0.406736643075797));
#5557=DIRECTION('center_axis',(0.,1.,0.));
#5558=DIRECTION('ref_axis',(0.580702955710946,0.,-0.814115518356315));
#5559=DIRECTION('',(0.,-1.,0.));
#5560=DIRECTION('',(0.,1.,0.));
#5561=DIRECTION('center_axis',(1.,0.,0.));
#5562=DIRECTION('ref_axis',(0.,-0.544639035015033,-0.83867056794542));
#5563=DIRECTION('',(-1.,0.,0.));
#5564=DIRECTION('center_axis',(-0.300063781416724,-0.387993869072845,-0.87144849798699));
#5565=DIRECTION('ref_axis',(0.628277065396216,0.607031605772451,-0.486601026191312));
#5566=DIRECTION('',(-0.300063781416724,-0.387993869072845,-0.87144849798699));
#5567=DIRECTION('',(0.300063781416724,0.387993869072845,0.87144849798699));
#5568=DIRECTION('center_axis',(-0.300063781416724,0.387993869072845,0.87144849798699));
#5569=DIRECTION('ref_axis',(-0.628277065396215,0.607031605772453,-0.486601026191312));
#5570=DIRECTION('',(-0.300063781416724,0.387993869072845,0.87144849798699));
#5571=DIRECTION('center_axis',(0.,0.,-1.));
#5572=DIRECTION('ref_axis',(-1.,0.,0.));
#5573=DIRECTION('center_axis',(0.,-0.913545457642601,0.406736643075799));
#5574=DIRECTION('ref_axis',(0.,-0.406736643075799,-0.913545457642601));
#5575=DIRECTION('center_axis',(0.945518575599317,0.,-0.325568154457156));
#5576=DIRECTION('ref_axis',(-0.325568154457156,0.,-0.945518575599317));
#5577=CARTESIAN_POINT('',(0.,0.,0.));
#5578=CARTESIAN_POINT('Origin',(0.,-42.5,4.5));
#5579=CARTESIAN_POINT('',(4.49999999999997,-42.5,-8.04871488326276E-14));
#5580=CARTESIAN_POINT('Origin',(-3.10862446895044E-14,-42.5,-7.99360577730113E-14));
#5581=CARTESIAN_POINT('',(-5.26598123633362E-16,-42.5,-4.3));
#5582=CARTESIAN_POINT('Origin',(0.,-42.5,0.));
#5583=CARTESIAN_POINT('Origin',(0.,-43.6,4.3));
#5584=CARTESIAN_POINT('',(4.49999999999997,-43.6,-8.04871488326276E-14));
#5585=CARTESIAN_POINT('Origin',(-3.10862446895044E-14,-43.6,-7.99360577730113E-14));
#5586=CARTESIAN_POINT('',(-5.26598123633362E-16,-43.6,-4.3));
#5587=CARTESIAN_POINT('Origin',(0.,-43.6,0.));
#5588=CARTESIAN_POINT('Origin',(0.,-43.05,0.));
#5589=CARTESIAN_POINT('',(-5.26598123633362E-16,-43.05,-4.3));
#5590=CARTESIAN_POINT('Origin',(-3.10862446895044E-14,-12.5,-7.99360577730113E-14));
#5591=CARTESIAN_POINT('',(4.49999999999997,-45.5,-8.04871488326276E-14));
#5592=CARTESIAN_POINT('Origin',(-3.10862446895044E-14,-45.5,-7.99360577730113E-14));
#5593=CARTESIAN_POINT('',(4.49999999999997,-12.5,-8.04871488326276E-14));
#5594=CARTESIAN_POINT('Origin',(-3.10862446895044E-14,-12.5,-7.99360577730113E-14));
#5595=CARTESIAN_POINT('',(4.49999999999997,-12.5,-8.04871488326276E-14));
#5596=CARTESIAN_POINT('',(4.49999999999997,-12.5,-8.04871488326276E-14));
#5597=CARTESIAN_POINT('Origin',(-3.10862446895044E-14,-12.5,-7.99360577730113E-14));
#5598=CARTESIAN_POINT('Origin',(-3.10862446895044E-14,-45.5,-7.99360577730113E-14));
#5599=CARTESIAN_POINT('Origin',(0.,42.5,4.5));
#5600=CARTESIAN_POINT('',(4.49999999999997,42.5,-8.04871488326276E-14));
#5601=CARTESIAN_POINT('Origin',(-3.10862446895044E-14,42.5,-7.99360577730113E-14));
#5602=CARTESIAN_POINT('',(-5.26598123633362E-16,42.5,-4.3));
#5603=CARTESIAN_POINT('Origin',(0.,42.5,0.));
#5604=CARTESIAN_POINT('Origin',(0.,43.6,4.3));
#5605=CARTESIAN_POINT('',(4.49999999999997,43.6,-8.04871488326276E-14));
#5606=CARTESIAN_POINT('Origin',(-3.10862446895044E-14,43.6,-7.99360577730113E-14));
#5607=CARTESIAN_POINT('',(-5.26598123633362E-16,43.6,-4.3));
#5608=CARTESIAN_POINT('Origin',(0.,43.6,0.));
#5609=CARTESIAN_POINT('Origin',(0.,43.05,0.));
#5610=CARTESIAN_POINT('',(-5.26598123633362E-16,43.05,-4.3));
#5611=CARTESIAN_POINT('Origin',(-3.10862446895044E-14,12.5,-7.99360577730113E-14));
#5612=CARTESIAN_POINT('',(4.49999999999997,45.5,-8.04871488326276E-14));
#5613=CARTESIAN_POINT('Origin',(-3.10862446895044E-14,45.5,-7.99360577730113E-14));
#5614=CARTESIAN_POINT('',(4.49999999999997,12.5,-8.04871488326276E-14));
#5615=CARTESIAN_POINT('Origin',(-3.10862446895044E-14,12.5,-7.99360577730113E-14));
#5616=CARTESIAN_POINT('',(4.49999999999997,12.5,-8.04871488326276E-14));
#5617=CARTESIAN_POINT('',(4.49999999999997,12.5,-8.04871488326276E-14));
#5618=CARTESIAN_POINT('Origin',(-3.10862446895044E-14,12.5,-7.99360577730113E-14));
#5619=CARTESIAN_POINT('Origin',(-3.10862446895044E-14,45.5,-7.99360577730113E-14));
#5620=CARTESIAN_POINT('Origin',(43.5970869120796,-11.5,-28.3942911165688));
#5621=CARTESIAN_POINT('',(41.5125153106707,-12.5,-30.4788627179777));
#5622=CARTESIAN_POINT('',(30.4788627179778,-12.5,-41.5125153106706));
#5623=CARTESIAN_POINT('',(43.5970869120796,-12.5,-28.3942911165688));
#5624=CARTESIAN_POINT('',(31.1323576805115,-11.5,-42.2732339105101));
#5625=CARTESIAN_POINT('Ctrl Pts',(30.4788627179778,-12.5,-41.5125153106706));
#5626=CARTESIAN_POINT('Ctrl Pts',(30.4798441623098,-12.5,-41.513658634637));
#5627=CARTESIAN_POINT('Ctrl Pts',(30.4808256073323,-12.4999966140198,-41.5148019555488));
#5628=CARTESIAN_POINT('Ctrl Pts',(30.5691642972686,-12.4993870757929,-41.6177105534829));
#5629=CARTESIAN_POINT('Ctrl Pts',(30.6555957334468,-12.4719644803515,-41.7183656676461));
#5630=CARTESIAN_POINT('Ctrl Pts',(30.8141456479824,-12.3681002196286,-41.9029587140278));
#5631=CARTESIAN_POINT('Ctrl Pts',(30.8850954031844,-12.2939934622105,-41.9855379643475));
#5632=CARTESIAN_POINT('Ctrl Pts',(31.0043116959647,-12.1084844254831,-42.1242712199125));
#5633=CARTESIAN_POINT('Ctrl Pts',(31.0515063692788,-11.9989610116544,-42.1791786665296));
#5634=CARTESIAN_POINT('Ctrl Pts',(31.1158182717328,-11.75847579458,-42.2539958700508));
#5635=CARTESIAN_POINT('Ctrl Pts',(31.1323576805114,-11.6298691339293,-42.2732339105101));
#5636=CARTESIAN_POINT('Ctrl Pts',(31.1323576805114,-11.5,-42.2732339105101));
#5637=CARTESIAN_POINT('',(42.2732339105101,-11.5,-31.1323576805114));
#5638=CARTESIAN_POINT('',(44.3041936932661,-11.5,-29.1013978977554));
#5639=CARTESIAN_POINT('Ctrl Pts',(41.5125153106707,-12.5,-30.4788627179777));
#5640=CARTESIAN_POINT('Ctrl Pts',(41.5136586346371,-12.5,-30.4798441623097));
#5641=CARTESIAN_POINT('Ctrl Pts',(41.5148019555489,-12.4999966140198,-30.4808256073323));
#5642=CARTESIAN_POINT('Ctrl Pts',(41.617710553481,-12.4993870757929,-30.5691642972688));
#5643=CARTESIAN_POINT('Ctrl Pts',(41.7183656676458,-12.4719644803516,-30.6555957334467));
#5644=CARTESIAN_POINT('Ctrl Pts',(41.9029587140278,-12.3681002196286,-30.8141456479825));
#5645=CARTESIAN_POINT('Ctrl Pts',(41.9855379643474,-12.2939934622105,-30.8850954031844));
#5646=CARTESIAN_POINT('Ctrl Pts',(42.1242712199124,-12.1084844254831,-31.0043116959647));
#5647=CARTESIAN_POINT('Ctrl Pts',(42.1791786665295,-11.9989610116544,-31.0515063692788));
#5648=CARTESIAN_POINT('Ctrl Pts',(42.2539958700507,-11.7584757945799,-31.1158182717328));
#5649=CARTESIAN_POINT('Ctrl Pts',(42.2732339105101,-11.6298691339292,-31.1323576805114));
#5650=CARTESIAN_POINT('Ctrl Pts',(42.2732339105101,-11.5,-31.1323576805114));
#5651=CARTESIAN_POINT('Origin',(0.,-11.5,0.));
#5652=CARTESIAN_POINT('',(7.80197056954954,-12.5,-50.9055915910215));
#5653=CARTESIAN_POINT('Origin',(0.,-12.5,0.));
#5654=CARTESIAN_POINT('',(7.87778913059206,-11.5,-51.9055915910215));
#5655=CARTESIAN_POINT('Ctrl Pts',(7.80197056954954,-12.5,-50.9055915910215));
#5656=CARTESIAN_POINT('Ctrl Pts',(7.80208503573678,-12.5,-50.9070940290938));
#5657=CARTESIAN_POINT('Ctrl Pts',(7.80219949927579,-12.4999966140198,-50.9085964654944));
#5658=CARTESIAN_POINT('Ctrl Pts',(7.81250198002313,-12.4993870757929,-51.0438287196304));
#5659=CARTESIAN_POINT('Ctrl Pts',(7.82255963917897,-12.4719644803516,-51.1761188880461));
#5660=CARTESIAN_POINT('Ctrl Pts',(7.84097491431066,-12.3681002196286,-51.4187576026273));
#5661=CARTESIAN_POINT('Ctrl Pts',(7.84919820917012,-12.2939934622105,-51.5273190035405));
#5662=CARTESIAN_POINT('Ctrl Pts',(7.86299878590336,-12.1084844254831,-51.7097168783794));
#5663=CARTESIAN_POINT('Ctrl Pts',(7.86845254020765,-11.9989610116544,-51.7819139797563));
#5664=CARTESIAN_POINT('Ctrl Pts',(7.87588090983069,-11.7584757945799,-51.8802931140518));
#5665=CARTESIAN_POINT('Ctrl Pts',(7.8777891305921,-11.6298691339292,-51.9055915910215));
#5666=CARTESIAN_POINT('Ctrl Pts',(7.8777891305921,-11.5,-51.9055915910215));
#5667=CARTESIAN_POINT('Origin',(0.,-11.5,0.));
#5668=CARTESIAN_POINT('Origin',(10.75,-11.5,-50.9055915910215));
#5669=CARTESIAN_POINT('',(-7.80197056954963,-12.5,-50.9055915910215));
#5670=CARTESIAN_POINT('',(10.75,-12.5,-50.9055915910215));
#5671=CARTESIAN_POINT('',(-7.8777891305921,-11.5,-51.9055915910215));
#5672=CARTESIAN_POINT('Ctrl Pts',(-7.80197056954963,-12.5,-50.9055915910215));
#5673=CARTESIAN_POINT('Ctrl Pts',(-7.80208503573688,-12.5,-50.9070940290938));
#5674=CARTESIAN_POINT('Ctrl Pts',(-7.80219949927578,-12.4999966140198,-50.9085964654944));
#5675=CARTESIAN_POINT('Ctrl Pts',(-7.81250198002251,-12.4993870757929,-51.0438287196306));
#5676=CARTESIAN_POINT('Ctrl Pts',(-7.82255963917887,-12.4719644803516,-51.1761188880461));
#5677=CARTESIAN_POINT('Ctrl Pts',(-7.84097491431061,-12.3681002196286,-51.4187576026274));
#5678=CARTESIAN_POINT('Ctrl Pts',(-7.8491982091701,-12.2939934622105,-51.5273190035405));
#5679=CARTESIAN_POINT('Ctrl Pts',(-7.86299878590333,-12.1084844254832,-51.7097168783794));
#5680=CARTESIAN_POINT('Ctrl Pts',(-7.86845254020765,-11.9989610116544,-51.7819139797563));
#5681=CARTESIAN_POINT('Ctrl Pts',(-7.87588090983069,-11.7584757945799,-51.8802931140518));
#5682=CARTESIAN_POINT('Ctrl Pts',(-7.87778913059209,-11.6298691339292,-51.9055915910215));
#5683=CARTESIAN_POINT('Ctrl Pts',(-7.8777891305921,-11.5,-51.9055915910215));
#5684=CARTESIAN_POINT('',(10.75,-11.5,-51.9055915910215));
#5685=CARTESIAN_POINT('Origin',(0.,-11.5,0.));
#5686=CARTESIAN_POINT('',(-30.4788627179778,-12.5,-41.5125153106706));
#5687=CARTESIAN_POINT('Origin',(0.,-12.5,0.));
#5688=CARTESIAN_POINT('',(-31.1323576805114,-11.5,-42.2732339105101));
#5689=CARTESIAN_POINT('Ctrl Pts',(-30.4788627179778,-12.5,-41.5125153106706));
#5690=CARTESIAN_POINT('Ctrl Pts',(-30.4798441623097,-12.5,-41.5136586346371));
#5691=CARTESIAN_POINT('Ctrl Pts',(-30.4808256073323,-12.4999966140198,-41.5148019555488));
#5692=CARTESIAN_POINT('Ctrl Pts',(-30.5691642972689,-12.4993870757929,-41.6177105534829));
#5693=CARTESIAN_POINT('Ctrl Pts',(-30.6555957334468,-12.4719644803515,-41.7183656676461));
#5694=CARTESIAN_POINT('Ctrl Pts',(-30.8141456479824,-12.3681002196286,-41.9029587140278));
#5695=CARTESIAN_POINT('Ctrl Pts',(-30.8850954031844,-12.2939934622105,-41.9855379643475));
#5696=CARTESIAN_POINT('Ctrl Pts',(-31.0043116959646,-12.1084844254831,-42.1242712199125));
#5697=CARTESIAN_POINT('Ctrl Pts',(-31.0515063692788,-11.9989610116544,-42.1791786665295));
#5698=CARTESIAN_POINT('Ctrl Pts',(-31.1158182717328,-11.75847579458,-42.2539958700507));
#5699=CARTESIAN_POINT('Ctrl Pts',(-31.1323576805114,-11.6298691339293,-42.2732339105102));
#5700=CARTESIAN_POINT('Ctrl Pts',(-31.1323576805114,-11.5,-42.2732339105102));
#5701=CARTESIAN_POINT('Origin',(0.,-11.5,0.));
#5702=CARTESIAN_POINT('Origin',(-28.3942911165688,-11.5,-43.5970869120796));
#5703=CARTESIAN_POINT('',(-41.5125153106705,-12.5,-30.478862717978));
#5704=CARTESIAN_POINT('',(-28.3942911165688,-12.5,-43.5970869120796));
#5705=CARTESIAN_POINT('',(-42.2732339105101,-11.5,-31.1323576805115));
#5706=CARTESIAN_POINT('Ctrl Pts',(-41.5125153106705,-12.5,-30.478862717978));
#5707=CARTESIAN_POINT('Ctrl Pts',(-41.5136586346369,-12.5,-30.4798441623099));
#5708=CARTESIAN_POINT('Ctrl Pts',(-41.5148019555487,-12.4999966140198,-30.4808256073324));
#5709=CARTESIAN_POINT('Ctrl Pts',(-41.6177105534839,-12.4993870757929,-30.5691642972672));
#5710=CARTESIAN_POINT('Ctrl Pts',(-41.7183656676459,-12.4719644803515,-30.6555957334469));
#5711=CARTESIAN_POINT('Ctrl Pts',(-41.9029587140277,-12.3681002196286,-30.8141456479825));
#5712=CARTESIAN_POINT('Ctrl Pts',(-41.9855379643474,-12.2939934622105,-30.8850954031845));
#5713=CARTESIAN_POINT('Ctrl Pts',(-42.1242712199124,-12.1084844254832,-31.0043116959647));
#5714=CARTESIAN_POINT('Ctrl Pts',(-42.1791786665295,-11.9989610116544,-31.0515063692789));
#5715=CARTESIAN_POINT('Ctrl Pts',(-42.2539958700507,-11.7584757945799,-31.1158182717328));
#5716=CARTESIAN_POINT('Ctrl Pts',(-42.2732339105101,-11.6298691339292,-31.1323576805114));
#5717=CARTESIAN_POINT('Ctrl Pts',(-42.2732339105101,-11.5,-31.1323576805114));
#5718=CARTESIAN_POINT('',(-29.1013978977554,-11.5,-44.3041936932661));
#5719=CARTESIAN_POINT('Origin',(0.,-11.5,0.));
#5720=CARTESIAN_POINT('',(-50.9055915910215,-12.5,-7.80197056954947));
#5721=CARTESIAN_POINT('Origin',(0.,-12.5,0.));
#5722=CARTESIAN_POINT('',(-51.9055915910215,-11.5,-7.87778913059203));
#5723=CARTESIAN_POINT('Ctrl Pts',(-50.9055915910216,-12.5,-7.80197056954947));
#5724=CARTESIAN_POINT('Ctrl Pts',(-50.9070940290938,-12.5,-7.80208503573672));
#5725=CARTESIAN_POINT('Ctrl Pts',(-50.9085964654944,-12.4999966140198,-7.80219949927572));
#5726=CARTESIAN_POINT('Ctrl Pts',(-51.0438287196304,-12.4993870757929,-7.81250198002312));
#5727=CARTESIAN_POINT('Ctrl Pts',(-51.1761188880461,-12.4719644803516,-7.8225596391788));
#5728=CARTESIAN_POINT('Ctrl Pts',(-51.4187576026274,-12.3681002196286,-7.84097491431054));
#5729=CARTESIAN_POINT('Ctrl Pts',(-51.5273190035405,-12.2939934622105,-7.84919820917012));
#5730=CARTESIAN_POINT('Ctrl Pts',(-51.7097168783794,-12.1084844254832,-7.86299878590333));
#5731=CARTESIAN_POINT('Ctrl Pts',(-51.7819139797563,-11.9989610116544,-7.86845254020758));
#5732=CARTESIAN_POINT('Ctrl Pts',(-51.8802931140518,-11.7584757945799,-7.87588090983062));
#5733=CARTESIAN_POINT('Ctrl Pts',(-51.9055915910215,-11.6298691339292,-7.87778913059204));
#5734=CARTESIAN_POINT('Ctrl Pts',(-51.9055915910215,-11.5,-7.87778913059204));
#5735=CARTESIAN_POINT('Origin',(0.,-11.5,0.));
#5736=CARTESIAN_POINT('Origin',(-50.9055915910215,-11.5,-10.75));
#5737=CARTESIAN_POINT('',(-50.9055915910216,-12.5,7.80197056954953));
#5738=CARTESIAN_POINT('',(-50.9055915910215,-12.5,-10.75));
#5739=CARTESIAN_POINT('',(-51.9055915910215,-11.5,7.87778913059203));
#5740=CARTESIAN_POINT('Ctrl Pts',(-50.9055915910215,-12.5,7.80197056954953));
#5741=CARTESIAN_POINT('Ctrl Pts',(-50.9070940290938,-12.5,7.80208503573678));
#5742=CARTESIAN_POINT('Ctrl Pts',(-50.9085964654944,-12.4999966140198,7.80219949927571));
#5743=CARTESIAN_POINT('Ctrl Pts',(-51.0438287196305,-12.4993870757929,7.81250198002311));
#5744=CARTESIAN_POINT('Ctrl Pts',(-51.1761188880461,-12.4719644803516,7.82255963917885));
#5745=CARTESIAN_POINT('Ctrl Pts',(-51.4187576026273,-12.3681002196286,7.84097491431056));
#5746=CARTESIAN_POINT('Ctrl Pts',(-51.5273190035405,-12.2939934622105,7.84919820917006));
#5747=CARTESIAN_POINT('Ctrl Pts',(-51.7097168783795,-12.1084844254831,7.86299878590329));
#5748=CARTESIAN_POINT('Ctrl Pts',(-51.7819139797563,-11.9989610116544,7.8684525402076));
#5749=CARTESIAN_POINT('Ctrl Pts',(-51.8802931140518,-11.7584757945799,7.87588090983064));
#5750=CARTESIAN_POINT('Ctrl Pts',(-51.9055915910215,-11.6298691339292,7.87778913059204));
#5751=CARTESIAN_POINT('Ctrl Pts',(-51.9055915910215,-11.5,7.87778913059204));
#5752=CARTESIAN_POINT('',(-51.9055915910215,-11.5,-10.75));
#5753=CARTESIAN_POINT('Origin',(0.,-11.5,0.));
#5754=CARTESIAN_POINT('',(-41.5125153106706,-12.5,30.4788627179778));
#5755=CARTESIAN_POINT('Origin',(0.,-12.5,0.));
#5756=CARTESIAN_POINT('',(-42.2732339105101,-11.5,31.1323576805115));
#5757=CARTESIAN_POINT('Ctrl Pts',(-41.5125153106706,-12.5,30.4788627179778));
#5758=CARTESIAN_POINT('Ctrl Pts',(-41.513658634637,-12.5,30.4798441623098));
#5759=CARTESIAN_POINT('Ctrl Pts',(-41.5148019555488,-12.4999966140198,30.4808256073323));
#5760=CARTESIAN_POINT('Ctrl Pts',(-41.6177105534827,-12.4993870757929,30.5691642972691));
#5761=CARTESIAN_POINT('Ctrl Pts',(-41.7183656676461,-12.4719644803515,30.6555957334468));
#5762=CARTESIAN_POINT('Ctrl Pts',(-41.9029587140278,-12.3681002196286,30.8141456479824));
#5763=CARTESIAN_POINT('Ctrl Pts',(-41.9855379643474,-12.2939934622105,30.8850954031844));
#5764=CARTESIAN_POINT('Ctrl Pts',(-42.1242712199125,-12.1084844254831,31.0043116959647));
#5765=CARTESIAN_POINT('Ctrl Pts',(-42.1791786665295,-11.9989610116543,31.0515063692788));
#5766=CARTESIAN_POINT('Ctrl Pts',(-42.2539958700507,-11.7584757945799,31.1158182717328));
#5767=CARTESIAN_POINT('Ctrl Pts',(-42.2732339105101,-11.6298691339292,31.1323576805114));
#5768=CARTESIAN_POINT('Ctrl Pts',(-42.2732339105101,-11.5,31.1323576805114));
#5769=CARTESIAN_POINT('Origin',(0.,-11.5,0.));
#5770=CARTESIAN_POINT('Origin',(-43.5970869120796,-11.5,28.3942911165688));
#5771=CARTESIAN_POINT('',(-30.4788627179779,-12.5,41.5125153106706));
#5772=CARTESIAN_POINT('',(-43.5970869120796,-12.5,28.3942911165688));
#5773=CARTESIAN_POINT('',(-31.1323576805115,-11.5,42.2732339105101));
#5774=CARTESIAN_POINT('Ctrl Pts',(-30.4788627179779,-12.5,41.5125153106706));
#5775=CARTESIAN_POINT('Ctrl Pts',(-30.4798441623099,-12.5,41.513658634637));
#5776=CARTESIAN_POINT('Ctrl Pts',(-30.4808256073324,-12.4999966140198,41.5148019555488));
#5777=CARTESIAN_POINT('Ctrl Pts',(-30.5691642972689,-12.4993870757929,41.6177105534828));
#5778=CARTESIAN_POINT('Ctrl Pts',(-30.6555957334468,-12.4719644803515,41.718365667646));
#5779=CARTESIAN_POINT('Ctrl Pts',(-30.8141456479824,-12.3681002196286,41.9029587140278));
#5780=CARTESIAN_POINT('Ctrl Pts',(-30.8850954031845,-12.2939934622105,41.9855379643474));
#5781=CARTESIAN_POINT('Ctrl Pts',(-31.0043116959648,-12.1084844254831,42.1242712199124));
#5782=CARTESIAN_POINT('Ctrl Pts',(-31.0515063692788,-11.9989610116543,42.1791786665295));
#5783=CARTESIAN_POINT('Ctrl Pts',(-31.1158182717328,-11.75847579458,42.2539958700507));
#5784=CARTESIAN_POINT('Ctrl Pts',(-31.1323576805114,-11.6298691339293,42.2732339105101));
#5785=CARTESIAN_POINT('Ctrl Pts',(-31.1323576805114,-11.5,42.2732339105101));
#5786=CARTESIAN_POINT('',(-44.3041936932662,-11.5,29.1013978977554));
#5787=CARTESIAN_POINT('Origin',(0.,-11.5,0.));
#5788=CARTESIAN_POINT('',(-7.87778913059215,-11.5,51.9055915910215));
#5789=CARTESIAN_POINT('Origin',(0.,-11.5,0.));
#5790=CARTESIAN_POINT('',(-7.80197056954967,-12.5,50.9055915910215));
#5791=CARTESIAN_POINT('Origin',(0.,-12.5,0.));
#5792=CARTESIAN_POINT('Ctrl Pts',(-7.80197056954967,-12.5,50.9055915910215));
#5793=CARTESIAN_POINT('Ctrl Pts',(-7.80208503573691,-12.5,50.9070940290938));
#5794=CARTESIAN_POINT('Ctrl Pts',(-7.80219949927584,-12.4999966140198,50.9085964654944));
#5795=CARTESIAN_POINT('Ctrl Pts',(-7.81250198002324,-12.4993870757929,51.0438287196304));
#5796=CARTESIAN_POINT('Ctrl Pts',(-7.82255963917889,-12.4719644803516,51.1761188880461));
#5797=CARTESIAN_POINT('Ctrl Pts',(-7.84097491431065,-12.3681002196286,51.4187576026273));
#5798=CARTESIAN_POINT('Ctrl Pts',(-7.84919820917017,-12.2939934622105,51.5273190035405));
#5799=CARTESIAN_POINT('Ctrl Pts',(-7.86299878590341,-12.1084844254831,51.7097168783794));
#5800=CARTESIAN_POINT('Ctrl Pts',(-7.86845254020768,-11.9989610116544,51.7819139797563));
#5801=CARTESIAN_POINT('Ctrl Pts',(-7.87588090983071,-11.7584757945799,51.8802931140518));
#5802=CARTESIAN_POINT('Ctrl Pts',(-7.87778913059215,-11.6298691339292,51.9055915910215));
#5803=CARTESIAN_POINT('Ctrl Pts',(-7.87778913059215,-11.5,51.9055915910215));
#5804=CARTESIAN_POINT('Origin',(-10.75,-11.5,50.9055915910215));
#5805=CARTESIAN_POINT('',(7.87778913059215,-11.5,51.9055915910215));
#5806=CARTESIAN_POINT('',(-10.75,-11.5,51.9055915910215));
#5807=CARTESIAN_POINT('',(7.80197056954965,-12.5,50.9055915910215));
#5808=CARTESIAN_POINT('',(-10.75,-12.5,50.9055915910215));
#5809=CARTESIAN_POINT('Ctrl Pts',(7.80197056954964,-12.5,50.9055915910215));
#5810=CARTESIAN_POINT('Ctrl Pts',(7.80208503573689,-12.5,50.9070940290938));
#5811=CARTESIAN_POINT('Ctrl Pts',(7.80219949927578,-12.4999966140198,50.9085964654944));
#5812=CARTESIAN_POINT('Ctrl Pts',(7.81250198002498,-12.4993870757929,51.043828719631));
#5813=CARTESIAN_POINT('Ctrl Pts',(7.82255963917904,-12.4719644803515,51.1761188880462));
#5814=CARTESIAN_POINT('Ctrl Pts',(7.84097491431069,-12.3681002196286,51.4187576026272));
#5815=CARTESIAN_POINT('Ctrl Pts',(7.84919820917013,-12.2939934622105,51.5273190035405));
#5816=CARTESIAN_POINT('Ctrl Pts',(7.8629987859034,-12.1084844254831,51.7097168783795));
#5817=CARTESIAN_POINT('Ctrl Pts',(7.86845254020768,-11.9989610116543,51.7819139797563));
#5818=CARTESIAN_POINT('Ctrl Pts',(7.87588090983071,-11.7584757945799,51.8802931140518));
#5819=CARTESIAN_POINT('Ctrl Pts',(7.87778913059215,-11.6298691339292,51.9055915910215));
#5820=CARTESIAN_POINT('Ctrl Pts',(7.87778913059215,-11.5,51.9055915910215));
#5821=CARTESIAN_POINT('Origin',(0.,-11.5,0.));
#5822=CARTESIAN_POINT('',(31.1323576805114,-11.5,42.2732339105101));
#5823=CARTESIAN_POINT('Origin',(0.,-11.5,0.));
#5824=CARTESIAN_POINT('',(30.4788627179778,-12.5,41.5125153106706));
#5825=CARTESIAN_POINT('Origin',(0.,-12.5,0.));
#5826=CARTESIAN_POINT('Ctrl Pts',(30.4788627179778,-12.5,41.5125153106706));
#5827=CARTESIAN_POINT('Ctrl Pts',(30.4798441623098,-12.5,41.513658634637));
#5828=CARTESIAN_POINT('Ctrl Pts',(30.4808256073323,-12.4999966140198,41.5148019555488));
#5829=CARTESIAN_POINT('Ctrl Pts',(30.5691642972684,-12.4993870757929,41.6177105534813));
#5830=CARTESIAN_POINT('Ctrl Pts',(30.6555957334466,-12.4719644803516,41.7183656676459));
#5831=CARTESIAN_POINT('Ctrl Pts',(30.8141456479824,-12.3681002196286,41.9029587140278));
#5832=CARTESIAN_POINT('Ctrl Pts',(30.8850954031845,-12.2939934622105,41.9855379643474));
#5833=CARTESIAN_POINT('Ctrl Pts',(31.0043116959647,-12.1084844254832,42.1242712199124));
#5834=CARTESIAN_POINT('Ctrl Pts',(31.0515063692788,-11.9989610116544,42.1791786665295));
#5835=CARTESIAN_POINT('Ctrl Pts',(31.1158182717328,-11.7584757945799,42.2539958700507));
#5836=CARTESIAN_POINT('Ctrl Pts',(31.1323576805114,-11.6298691339293,42.2732339105101));
#5837=CARTESIAN_POINT('Ctrl Pts',(31.1323576805114,-11.5,42.2732339105101));
#5838=CARTESIAN_POINT('Origin',(28.3942911165688,-11.5,43.5970869120796));
#5839=CARTESIAN_POINT('',(42.2732339105101,-11.5,31.1323576805115));
#5840=CARTESIAN_POINT('',(29.1013978977554,-11.5,44.3041936932661));
#5841=CARTESIAN_POINT('',(41.5125153106705,-12.5,30.478862717978));
#5842=CARTESIAN_POINT('',(28.3942911165688,-12.5,43.5970869120796));
#5843=CARTESIAN_POINT('Ctrl Pts',(41.5125153106705,-12.5,30.478862717978));
#5844=CARTESIAN_POINT('Ctrl Pts',(41.5136586346369,-12.5,30.47984416231));
#5845=CARTESIAN_POINT('Ctrl Pts',(41.5148019555487,-12.4999966140198,30.4808256073324));
#5846=CARTESIAN_POINT('Ctrl Pts',(41.6177105534829,-12.4993870757929,30.5691642972687));
#5847=CARTESIAN_POINT('Ctrl Pts',(41.718365667646,-12.4719644803515,30.6555957334469));
#5848=CARTESIAN_POINT('Ctrl Pts',(41.9029587140277,-12.3681002196286,30.8141456479825));
#5849=CARTESIAN_POINT('Ctrl Pts',(41.9855379643474,-12.2939934622105,30.8850954031845));
#5850=CARTESIAN_POINT('Ctrl Pts',(42.1242712199124,-12.1084844254831,31.0043116959648));
#5851=CARTESIAN_POINT('Ctrl Pts',(42.1791786665295,-11.9989610116544,31.0515063692789));
#5852=CARTESIAN_POINT('Ctrl Pts',(42.2539958700507,-11.7584757945799,31.1158182717329));
#5853=CARTESIAN_POINT('Ctrl Pts',(42.2732339105101,-11.6298691339292,31.1323576805115));
#5854=CARTESIAN_POINT('Ctrl Pts',(42.2732339105101,-11.5,31.1323576805115));
#5855=CARTESIAN_POINT('Origin',(0.,-11.5,0.));
#5856=CARTESIAN_POINT('',(51.9055915910215,-11.5,7.87778913059206));
#5857=CARTESIAN_POINT('Origin',(0.,-11.5,0.));
#5858=CARTESIAN_POINT('',(50.9055915910215,-12.5,7.80197056954957));
#5859=CARTESIAN_POINT('Origin',(0.,-12.5,0.));
#5860=CARTESIAN_POINT('Ctrl Pts',(50.9055915910216,-12.5,7.80197056954957));
#5861=CARTESIAN_POINT('Ctrl Pts',(50.9070940290938,-12.5,7.80208503573681));
#5862=CARTESIAN_POINT('Ctrl Pts',(50.9085964654944,-12.4999966140198,7.80219949927564));
#5863=CARTESIAN_POINT('Ctrl Pts',(51.0438287196301,-12.4993870757929,7.81250198002472));
#5864=CARTESIAN_POINT('Ctrl Pts',(51.1761188880461,-12.4719644803516,7.82255963917878));
#5865=CARTESIAN_POINT('Ctrl Pts',(51.4187576026274,-12.3681002196286,7.84097491431056));
#5866=CARTESIAN_POINT('Ctrl Pts',(51.5273190035405,-12.2939934622105,7.84919820917015));
#5867=CARTESIAN_POINT('Ctrl Pts',(51.7097168783794,-12.1084844254832,7.86299878590336));
#5868=CARTESIAN_POINT('Ctrl Pts',(51.7819139797563,-11.9989610116544,7.86845254020757));
#5869=CARTESIAN_POINT('Ctrl Pts',(51.8802931140518,-11.7584757945799,7.87588090983061));
#5870=CARTESIAN_POINT('Ctrl Pts',(51.9055915910215,-11.6298691339292,7.87778913059204));
#5871=CARTESIAN_POINT('Ctrl Pts',(51.9055915910215,-11.5,7.87778913059204));
#5872=CARTESIAN_POINT('Origin',(50.9055915910215,-11.5,10.75));
#5873=CARTESIAN_POINT('',(51.9055915910215,-11.5,-7.8777891305921));
#5874=CARTESIAN_POINT('',(51.9055915910215,-11.5,10.75));
#5875=CARTESIAN_POINT('',(50.9055915910215,-12.5,-7.80197056954961));
#5876=CARTESIAN_POINT('',(50.9055915910215,-12.5,10.75));
#5877=CARTESIAN_POINT('Ctrl Pts',(50.9055915910215,-12.5,-7.80197056954961));
#5878=CARTESIAN_POINT('Ctrl Pts',(50.9070940290938,-12.5,-7.80208503573685));
#5879=CARTESIAN_POINT('Ctrl Pts',(50.9085964654944,-12.4999966140198,-7.80219949927576));
#5880=CARTESIAN_POINT('Ctrl Pts',(51.0438287196306,-12.4993870757929,-7.81250198002249));
#5881=CARTESIAN_POINT('Ctrl Pts',(51.1761188880461,-12.4719644803516,-7.82255963917885));
#5882=CARTESIAN_POINT('Ctrl Pts',(51.4187576026273,-12.3681002196286,-7.8409749143106));
#5883=CARTESIAN_POINT('Ctrl Pts',(51.5273190035405,-12.2939934622105,-7.84919820917015));
#5884=CARTESIAN_POINT('Ctrl Pts',(51.7097168783794,-12.1084844254831,-7.86299878590338));
#5885=CARTESIAN_POINT('Ctrl Pts',(51.7819139797563,-11.9989610116544,-7.86845254020763));
#5886=CARTESIAN_POINT('Ctrl Pts',(51.8802931140518,-11.7584757945799,-7.87588090983067));
#5887=CARTESIAN_POINT('Ctrl Pts',(51.9055915910215,-11.6298691339292,-7.87778913059209));
#5888=CARTESIAN_POINT('Ctrl Pts',(51.9055915910215,-11.5,-7.8777891305921));
#5889=CARTESIAN_POINT('Origin',(0.,-11.5,0.));
#5890=CARTESIAN_POINT('Origin',(0.,-11.5,0.));
#5891=CARTESIAN_POINT('Origin',(0.,-12.5,0.));
#5892=CARTESIAN_POINT('Origin',(0.,12.5,0.));
#5893=CARTESIAN_POINT('',(-7.87778913059215,11.5,51.9055915910215));
#5894=CARTESIAN_POINT('',(-7.87778913059215,12.5,51.9055915910215));
#5895=CARTESIAN_POINT('',(-31.1323576805115,11.5,42.2732339105101));
#5896=CARTESIAN_POINT('Origin',(0.,11.5,0.));
#5897=CARTESIAN_POINT('',(-31.1323576805115,12.5,42.2732339105101));
#5898=CARTESIAN_POINT('Origin',(-21.5,0.,51.9055915910215));
#5899=CARTESIAN_POINT('',(7.87778913059215,11.5,51.9055915910215));
#5900=CARTESIAN_POINT('',(7.87778913059215,12.5,51.9055915910215));
#5901=CARTESIAN_POINT('',(-10.75,11.5,51.9055915910215));
#5902=CARTESIAN_POINT('',(4.8369380324386,-8.64940759319751,51.9055915910215));
#5903=CARTESIAN_POINT('',(6.213293067897,-7.22488159751937,51.9055915910215));
#5904=CARTESIAN_POINT('Origin',(4.626862046117,-7.00745317543844,51.9055915910215));
#5905=CARTESIAN_POINT('',(-4.83693803243862,-8.64940759319751,51.9055915910215));
#5906=CARTESIAN_POINT('',(-10.75,-8.64940759319751,51.9055915910215));
#5907=CARTESIAN_POINT('',(-6.21329306789701,-7.22488159751937,51.9055915910215));
#5908=CARTESIAN_POINT('Origin',(-4.62686204611701,-7.00745317543844,51.9055915910215));
#5909=CARTESIAN_POINT('',(-6.21329306789701,7.22488159751937,51.9055915910215));
#5910=CARTESIAN_POINT('',(-6.21329306789701,0.,51.9055915910215));
#5911=CARTESIAN_POINT('',(-4.83693803243862,8.64940759319751,51.9055915910215));
#5912=CARTESIAN_POINT('Origin',(-4.62686204611701,7.00745317543845,51.9055915910215));
#5913=CARTESIAN_POINT('',(4.83693803243861,8.64940759319752,51.9055915910215));
#5914=CARTESIAN_POINT('',(-10.75,8.64940759319751,51.9055915910215));
#5915=CARTESIAN_POINT('',(6.213293067897,7.22488159751938,51.9055915910215));
#5916=CARTESIAN_POINT('Origin',(4.626862046117,7.00745317543845,51.9055915910215));
#5917=CARTESIAN_POINT('',(6.213293067897,0.,51.9055915910215));
#5918=CARTESIAN_POINT('Origin',(0.,12.5,0.));
#5919=CARTESIAN_POINT('',(31.1323576805114,11.5,42.2732339105101));
#5920=CARTESIAN_POINT('',(31.1323576805114,12.5,42.2732339105101));
#5921=CARTESIAN_POINT('Origin',(0.,11.5,0.));
#5922=CARTESIAN_POINT('Origin',(21.5,0.,51.9055915910215));
#5923=CARTESIAN_POINT('',(42.2732339105101,11.5,31.1323576805115));
#5924=CARTESIAN_POINT('',(42.2732339105101,12.5,31.1323576805115));
#5925=CARTESIAN_POINT('',(29.1013978977554,11.5,44.3041936932661));
#5926=CARTESIAN_POINT('',(41.0962574573201,7.22488159751937,32.3093341337014));
#5927=CARTESIAN_POINT('',(40.1230274784272,8.64940759319752,33.2825641125943));
#5928=CARTESIAN_POINT('Origin',(39.9744813239348,7.00745317543845,33.4311102670868));
#5929=CARTESIAN_POINT('',(41.0962574573201,-7.22488159751938,32.3093341337014));
#5930=CARTESIAN_POINT('',(41.0962574573201,0.,32.3093341337014));
#5931=CARTESIAN_POINT('',(40.1230274784272,-8.64940759319751,33.2825641125943));
#5932=CARTESIAN_POINT('Origin',(39.9744813239348,-7.00745317543845,33.4311102670868));
#5933=CARTESIAN_POINT('',(33.2825641125943,-8.64940759319752,40.1230274784272));
#5934=CARTESIAN_POINT('',(29.1013978977554,-8.64940759319751,44.3041936932661));
#5935=CARTESIAN_POINT('',(32.3093341337014,-7.22488159751937,41.0962574573201));
#5936=CARTESIAN_POINT('Origin',(33.4311102670868,-7.00745317543845,39.9744813239348));
#5937=CARTESIAN_POINT('',(32.3093341337014,7.22488159751938,41.0962574573201));
#5938=CARTESIAN_POINT('',(32.3093341337014,0.,41.0962574573201));
#5939=CARTESIAN_POINT('',(33.2825641125943,8.64940759319752,40.1230274784272));
#5940=CARTESIAN_POINT('Origin',(33.4311102670868,7.00745317543845,39.9744813239348));
#5941=CARTESIAN_POINT('',(29.1013978977554,8.64940759319752,44.3041936932661));
#5942=CARTESIAN_POINT('Origin',(0.,12.5,0.));
#5943=CARTESIAN_POINT('',(51.9055915910215,11.5,7.87778913059206));
#5944=CARTESIAN_POINT('',(51.9055915910215,12.5,7.87778913059206));
#5945=CARTESIAN_POINT('Origin',(0.,11.5,0.));
#5946=CARTESIAN_POINT('Origin',(51.9055915910215,0.,21.5));
#5947=CARTESIAN_POINT('',(51.9055915910215,11.5,-7.8777891305921));
#5948=CARTESIAN_POINT('',(51.9055915910215,12.5,-7.8777891305921));
#5949=CARTESIAN_POINT('',(51.9055915910215,11.5,10.75));
#5950=CARTESIAN_POINT('',(51.9055915910215,7.22488159751938,-6.213293067897));
#5951=CARTESIAN_POINT('',(51.9055915910215,8.64940759319751,-4.8369380324386));
#5952=CARTESIAN_POINT('Origin',(51.9055915910215,7.00745317543844,-4.62686204611699));
#5953=CARTESIAN_POINT('',(51.9055915910215,-7.22488159751938,-6.21329306789701));
#5954=CARTESIAN_POINT('',(51.9055915910215,0.,-6.21329306789701));
#5955=CARTESIAN_POINT('',(51.9055915910215,-8.64940759319751,-4.83693803243861));
#5956=CARTESIAN_POINT('Origin',(51.9055915910215,-7.00745317543844,-4.626862046117));
#5957=CARTESIAN_POINT('',(51.9055915910215,-8.64940759319752,4.83693803243863));
#5958=CARTESIAN_POINT('',(51.9055915910215,-8.64940759319752,10.75));
#5959=CARTESIAN_POINT('',(51.9055915910215,-7.22488159751938,6.21329306789702));
#5960=CARTESIAN_POINT('Origin',(51.9055915910215,-7.00745317543845,4.62686204611701));
#5961=CARTESIAN_POINT('',(51.9055915910215,7.22488159751938,6.21329306789702));
#5962=CARTESIAN_POINT('',(51.9055915910215,0.,6.21329306789702));
#5963=CARTESIAN_POINT('',(51.9055915910215,8.64940759319751,4.83693803243862));
#5964=CARTESIAN_POINT('Origin',(51.9055915910215,7.00745317543845,4.62686204611701));
#5965=CARTESIAN_POINT('',(51.9055915910215,8.64940759319751,10.75));
#5966=CARTESIAN_POINT('Origin',(0.,12.5,0.));
#5967=CARTESIAN_POINT('',(42.2732339105101,11.5,-31.1323576805114));
#5968=CARTESIAN_POINT('',(42.2732339105101,12.5,-31.1323576805114));
#5969=CARTESIAN_POINT('Origin',(0.,11.5,0.));
#5970=CARTESIAN_POINT('Origin',(51.9055915910215,0.,-21.5));
#5971=CARTESIAN_POINT('',(31.1323576805115,11.5,-42.2732339105101));
#5972=CARTESIAN_POINT('',(31.1323576805115,12.5,-42.2732339105101));
#5973=CARTESIAN_POINT('',(44.3041936932661,11.5,-29.1013978977554));
#5974=CARTESIAN_POINT('',(32.3093341337014,7.22488159751936,-41.0962574573201));
#5975=CARTESIAN_POINT('',(33.2825641125943,8.64940759319752,-40.1230274784272));
#5976=CARTESIAN_POINT('Origin',(33.4311102670868,7.00745317543845,-39.9744813239348));
#5977=CARTESIAN_POINT('',(32.3093341337014,-7.22488159751937,-41.0962574573201));
#5978=CARTESIAN_POINT('',(32.3093341337014,0.,-41.0962574573201));
#5979=CARTESIAN_POINT('',(33.2825641125943,-8.64940759319751,-40.1230274784272));
#5980=CARTESIAN_POINT('Origin',(33.4311102670868,-7.00745317543845,-39.9744813239348));
#5981=CARTESIAN_POINT('',(40.1230274784272,-8.64940759319751,-33.2825641125943));
#5982=CARTESIAN_POINT('',(44.3041936932661,-8.64940759319751,-29.1013978977554));
#5983=CARTESIAN_POINT('',(41.0962574573201,-7.22488159751937,-32.3093341337014));
#5984=CARTESIAN_POINT('Origin',(39.9744813239348,-7.00745317543844,-33.4311102670868));
#5985=CARTESIAN_POINT('',(41.0962574573201,7.22488159751938,-32.3093341337014));
#5986=CARTESIAN_POINT('',(41.0962574573201,0.,-32.3093341337014));
#5987=CARTESIAN_POINT('',(40.1230274784272,8.64940759319751,-33.2825641125943));
#5988=CARTESIAN_POINT('Origin',(39.9744813239348,7.00745317543845,-33.4311102670868));
#5989=CARTESIAN_POINT('',(44.3041936932661,8.64940759319751,-29.1013978977554));
#5990=CARTESIAN_POINT('Origin',(0.,-12.5,-8.88178419700125E-15));
#5991=CARTESIAN_POINT('Origin',(10.75,11.5,-50.9055915910215));
#5992=CARTESIAN_POINT('',(-7.80197056954962,12.5,-50.9055915910215));
#5993=CARTESIAN_POINT('',(7.80197056954955,12.5,-50.9055915910215));
#5994=CARTESIAN_POINT('',(10.75,12.5,-50.9055915910215));
#5995=CARTESIAN_POINT('',(7.87778913059206,11.5,-51.9055915910215));
#5996=CARTESIAN_POINT('Ctrl Pts',(7.80197056954956,12.5,-50.9055915910216));
#5997=CARTESIAN_POINT('Ctrl Pts',(7.8020850357368,12.5,-50.9070940290938));
#5998=CARTESIAN_POINT('Ctrl Pts',(7.80219949927565,12.4999966140198,-50.9085964654944));
#5999=CARTESIAN_POINT('Ctrl Pts',(7.81250198002473,12.4993870757929,-51.0438287196301));
#6000=CARTESIAN_POINT('Ctrl Pts',(7.82255963917886,12.4719644803516,-51.1761188880461));
#6001=CARTESIAN_POINT('Ctrl Pts',(7.84097491431059,12.3681002196286,-51.4187576026273));
#6002=CARTESIAN_POINT('Ctrl Pts',(7.84919820917,12.2939934622105,-51.5273190035405));
#6003=CARTESIAN_POINT('Ctrl Pts',(7.86299878590326,12.1084844254831,-51.7097168783795));
#6004=CARTESIAN_POINT('Ctrl Pts',(7.86845254020764,11.9989610116543,-51.7819139797563));
#6005=CARTESIAN_POINT('Ctrl Pts',(7.87588090983066,11.7584757945799,-51.8802931140518));
#6006=CARTESIAN_POINT('Ctrl Pts',(7.87778913059203,11.6298691339292,-51.9055915910215));
#6007=CARTESIAN_POINT('Ctrl Pts',(7.87778913059203,11.5,-51.9055915910215));
#6008=CARTESIAN_POINT('',(-7.8777891305921,11.5,-51.9055915910215));
#6009=CARTESIAN_POINT('',(10.75,11.5,-51.9055915910215));
#6010=CARTESIAN_POINT('Ctrl Pts',(-7.80197056954962,12.5,-50.9055915910215));
#6011=CARTESIAN_POINT('Ctrl Pts',(-7.80208503573687,12.5,-50.9070940290938));
#6012=CARTESIAN_POINT('Ctrl Pts',(-7.80219949927579,12.4999966140198,-50.9085964654944));
#6013=CARTESIAN_POINT('Ctrl Pts',(-7.81250198002252,12.4993870757929,-51.0438287196306));
#6014=CARTESIAN_POINT('Ctrl Pts',(-7.82255963917883,12.4719644803516,-51.1761188880461));
#6015=CARTESIAN_POINT('Ctrl Pts',(-7.84097491431058,12.3681002196286,-51.4187576026273));
#6016=CARTESIAN_POINT('Ctrl Pts',(-7.84919820917013,12.2939934622105,-51.5273190035405));
#6017=CARTESIAN_POINT('Ctrl Pts',(-7.86299878590336,12.1084844254832,-51.7097168783794));
#6018=CARTESIAN_POINT('Ctrl Pts',(-7.86845254020765,11.9989610116544,-51.7819139797563));
#6019=CARTESIAN_POINT('Ctrl Pts',(-7.8758809098307,11.7584757945799,-51.8802931140518));
#6020=CARTESIAN_POINT('Ctrl Pts',(-7.87778913059209,11.6298691339292,-51.9055915910215));
#6021=CARTESIAN_POINT('Ctrl Pts',(-7.8777891305921,11.5,-51.9055915910215));
#6022=CARTESIAN_POINT('Origin',(0.,11.5,0.));
#6023=CARTESIAN_POINT('',(30.4788627179778,12.5,-41.5125153106706));
#6024=CARTESIAN_POINT('Origin',(0.,12.5,0.));
#6025=CARTESIAN_POINT('Ctrl Pts',(30.4788627179778,12.5,-41.5125153106706));
#6026=CARTESIAN_POINT('Ctrl Pts',(30.4798441623098,12.5,-41.513658634637));
#6027=CARTESIAN_POINT('Ctrl Pts',(30.4808256073324,12.4999966140198,-41.5148019555487));
#6028=CARTESIAN_POINT('Ctrl Pts',(30.5691642972667,12.4993870757929,-41.6177105534843));
#6029=CARTESIAN_POINT('Ctrl Pts',(30.6555957334467,12.4719644803515,-41.718365667646));
#6030=CARTESIAN_POINT('Ctrl Pts',(30.8141456479824,12.3681002196286,-41.9029587140278));
#6031=CARTESIAN_POINT('Ctrl Pts',(30.8850954031845,12.2939934622105,-41.9855379643474));
#6032=CARTESIAN_POINT('Ctrl Pts',(31.0043116959647,12.1084844254832,-42.1242712199124));
#6033=CARTESIAN_POINT('Ctrl Pts',(31.0515063692788,11.9989610116544,-42.1791786665295));
#6034=CARTESIAN_POINT('Ctrl Pts',(31.1158182717328,11.75847579458,-42.2539958700507));
#6035=CARTESIAN_POINT('Ctrl Pts',(31.1323576805114,11.6298691339293,-42.2732339105101));
#6036=CARTESIAN_POINT('Ctrl Pts',(31.1323576805114,11.5,-42.2732339105101));
#6037=CARTESIAN_POINT('Origin',(0.,11.5,0.));
#6038=CARTESIAN_POINT('Origin',(43.5970869120796,11.5,-28.3942911165688));
#6039=CARTESIAN_POINT('',(41.5125153106707,12.5,-30.4788627179777));
#6040=CARTESIAN_POINT('',(43.5970869120796,12.5,-28.3942911165688));
#6041=CARTESIAN_POINT('Ctrl Pts',(41.5125153106707,12.5,-30.4788627179777));
#6042=CARTESIAN_POINT('Ctrl Pts',(41.5136586346371,12.5,-30.4798441623097));
#6043=CARTESIAN_POINT('Ctrl Pts',(41.5148019555488,12.4999966140198,-30.4808256073323));
#6044=CARTESIAN_POINT('Ctrl Pts',(41.6177105534829,12.4993870757929,-30.5691642972689));
#6045=CARTESIAN_POINT('Ctrl Pts',(41.7183656676461,12.4719644803515,-30.6555957334468));
#6046=CARTESIAN_POINT('Ctrl Pts',(41.9029587140278,12.3681002196286,-30.8141456479824));
#6047=CARTESIAN_POINT('Ctrl Pts',(41.9855379643474,12.2939934622105,-30.8850954031844));
#6048=CARTESIAN_POINT('Ctrl Pts',(42.1242712199124,12.1084844254831,-31.0043116959647));
#6049=CARTESIAN_POINT('Ctrl Pts',(42.1791786665295,11.9989610116544,-31.0515063692788));
#6050=CARTESIAN_POINT('Ctrl Pts',(42.2539958700507,11.75847579458,-31.1158182717328));
#6051=CARTESIAN_POINT('Ctrl Pts',(42.2732339105101,11.6298691339293,-31.1323576805114));
#6052=CARTESIAN_POINT('Ctrl Pts',(42.2732339105101,11.5,-31.1323576805114));
#6053=CARTESIAN_POINT('Origin',(0.,11.5,0.));
#6054=CARTESIAN_POINT('',(50.9055915910215,12.5,-7.80197056954963));
#6055=CARTESIAN_POINT('Origin',(0.,12.5,0.));
#6056=CARTESIAN_POINT('Ctrl Pts',(50.9055915910215,12.5,-7.80197056954964));
#6057=CARTESIAN_POINT('Ctrl Pts',(50.9070940290938,12.5,-7.80208503573688));
#6058=CARTESIAN_POINT('Ctrl Pts',(50.9085964654944,12.4999966140198,-7.80219949927575));
#6059=CARTESIAN_POINT('Ctrl Pts',(51.0438287196306,12.4993870757929,-7.81250198002248));
#6060=CARTESIAN_POINT('Ctrl Pts',(51.1761188880461,12.4719644803516,-7.82255963917884));
#6061=CARTESIAN_POINT('Ctrl Pts',(51.4187576026273,12.3681002196286,-7.84097491431059));
#6062=CARTESIAN_POINT('Ctrl Pts',(51.5273190035405,12.2939934622105,-7.84919820917014));
#6063=CARTESIAN_POINT('Ctrl Pts',(51.7097168783794,12.1084844254831,-7.86299878590337));
#6064=CARTESIAN_POINT('Ctrl Pts',(51.7819139797563,11.9989610116544,-7.86845254020762));
#6065=CARTESIAN_POINT('Ctrl Pts',(51.8802931140518,11.7584757945799,-7.87588090983066));
#6066=CARTESIAN_POINT('Ctrl Pts',(51.9055915910215,11.6298691339292,-7.8777891305921));
#6067=CARTESIAN_POINT('Ctrl Pts',(51.9055915910215,11.5,-7.8777891305921));
#6068=CARTESIAN_POINT('Origin',(50.9055915910215,11.5,10.75));
#6069=CARTESIAN_POINT('',(50.9055915910215,12.5,7.80197056954951));
#6070=CARTESIAN_POINT('',(50.9055915910215,12.5,10.75));
#6071=CARTESIAN_POINT('Ctrl Pts',(50.9055915910215,12.5,7.80197056954951));
#6072=CARTESIAN_POINT('Ctrl Pts',(50.9070940290938,12.5,7.80208503573675));
#6073=CARTESIAN_POINT('Ctrl Pts',(50.9085964654944,12.4999966140198,7.80219949927564));
#6074=CARTESIAN_POINT('Ctrl Pts',(51.0438287196301,12.4993870757929,7.81250198002472));
#6075=CARTESIAN_POINT('Ctrl Pts',(51.1761188880461,12.4719644803516,7.82255963917881));
#6076=CARTESIAN_POINT('Ctrl Pts',(51.4187576026273,12.3681002196286,7.84097491431054));
#6077=CARTESIAN_POINT('Ctrl Pts',(51.5273190035405,12.2939934622105,7.84919820917015));
#6078=CARTESIAN_POINT('Ctrl Pts',(51.7097168783794,12.1084844254832,7.86299878590337));
#6079=CARTESIAN_POINT('Ctrl Pts',(51.7819139797563,11.9989610116544,7.86845254020758));
#6080=CARTESIAN_POINT('Ctrl Pts',(51.8802931140518,11.7584757945799,7.87588090983062));
#6081=CARTESIAN_POINT('Ctrl Pts',(51.9055915910215,11.6298691339292,7.87778913059203));
#6082=CARTESIAN_POINT('Ctrl Pts',(51.9055915910215,11.5,7.87778913059203));
#6083=CARTESIAN_POINT('Origin',(0.,11.5,0.));
#6084=CARTESIAN_POINT('',(41.5125153106706,12.5,30.4788627179778));
#6085=CARTESIAN_POINT('Origin',(0.,12.5,0.));
#6086=CARTESIAN_POINT('Ctrl Pts',(41.5125153106706,12.5,30.4788627179778));
#6087=CARTESIAN_POINT('Ctrl Pts',(41.513658634637,12.5,30.4798441623098));
#6088=CARTESIAN_POINT('Ctrl Pts',(41.5148019555487,12.4999966140198,30.4808256073324));
#6089=CARTESIAN_POINT('Ctrl Pts',(41.6177105534832,12.4993870757929,30.5691642972682));
#6090=CARTESIAN_POINT('Ctrl Pts',(41.7183656676459,12.4719644803515,30.6555957334469));
#6091=CARTESIAN_POINT('Ctrl Pts',(41.9029587140277,12.3681002196286,30.8141456479825));
#6092=CARTESIAN_POINT('Ctrl Pts',(41.9855379643474,12.2939934622105,30.8850954031845));
#6093=CARTESIAN_POINT('Ctrl Pts',(42.1242712199124,12.1084844254831,31.0043116959647));
#6094=CARTESIAN_POINT('Ctrl Pts',(42.1791786665295,11.9989610116544,31.0515063692788));
#6095=CARTESIAN_POINT('Ctrl Pts',(42.2539958700507,11.75847579458,31.1158182717328));
#6096=CARTESIAN_POINT('Ctrl Pts',(42.2732339105101,11.6298691339293,31.1323576805115));
#6097=CARTESIAN_POINT('Ctrl Pts',(42.2732339105101,11.5,31.1323576805115));
#6098=CARTESIAN_POINT('Origin',(28.3942911165688,11.5,43.5970869120796));
#6099=CARTESIAN_POINT('',(30.4788627179777,12.5,41.5125153106707));
#6100=CARTESIAN_POINT('',(28.3942911165688,12.5,43.5970869120796));
#6101=CARTESIAN_POINT('Ctrl Pts',(30.4788627179777,12.5,41.5125153106707));
#6102=CARTESIAN_POINT('Ctrl Pts',(30.4798441623097,12.5,41.5136586346371));
#6103=CARTESIAN_POINT('Ctrl Pts',(30.4808256073324,12.4999966140198,41.5148019555488));
#6104=CARTESIAN_POINT('Ctrl Pts',(30.5691642972679,12.4993870757929,41.6177105534816));
#6105=CARTESIAN_POINT('Ctrl Pts',(30.6555957334466,12.4719644803516,41.7183656676459));
#6106=CARTESIAN_POINT('Ctrl Pts',(30.8141456479824,12.3681002196286,41.9029587140278));
#6107=CARTESIAN_POINT('Ctrl Pts',(30.8850954031845,12.2939934622105,41.9855379643474));
#6108=CARTESIAN_POINT('Ctrl Pts',(31.0043116959647,12.1084844254832,42.1242712199124));
#6109=CARTESIAN_POINT('Ctrl Pts',(31.0515063692789,11.9989610116544,42.1791786665295));
#6110=CARTESIAN_POINT('Ctrl Pts',(31.1158182717328,11.7584757945799,42.2539958700507));
#6111=CARTESIAN_POINT('Ctrl Pts',(31.1323576805114,11.6298691339292,42.2732339105101));
#6112=CARTESIAN_POINT('Ctrl Pts',(31.1323576805114,11.5,42.2732339105101));
#6113=CARTESIAN_POINT('Origin',(0.,11.5,0.));
#6114=CARTESIAN_POINT('',(7.8019705695497,12.5,50.9055915910215));
#6115=CARTESIAN_POINT('Origin',(0.,12.5,0.));
#6116=CARTESIAN_POINT('Ctrl Pts',(7.8019705695497,12.5,50.9055915910215));
#6117=CARTESIAN_POINT('Ctrl Pts',(7.80208503573695,12.5,50.9070940290938));
#6118=CARTESIAN_POINT('Ctrl Pts',(7.80219949927577,12.4999966140198,50.9085964654944));
#6119=CARTESIAN_POINT('Ctrl Pts',(7.81250198002498,12.4993870757929,51.043828719631));
#6120=CARTESIAN_POINT('Ctrl Pts',(7.82255963917899,12.4719644803515,51.1761188880462));
#6121=CARTESIAN_POINT('Ctrl Pts',(7.84097491431069,12.3681002196286,51.4187576026273));
#6122=CARTESIAN_POINT('Ctrl Pts',(7.84919820917019,12.2939934622105,51.5273190035405));
#6123=CARTESIAN_POINT('Ctrl Pts',(7.86299878590342,12.1084844254832,51.7097168783794));
#6124=CARTESIAN_POINT('Ctrl Pts',(7.86845254020764,11.9989610116544,51.7819139797563));
#6125=CARTESIAN_POINT('Ctrl Pts',(7.87588090983069,11.7584757945799,51.8802931140518));
#6126=CARTESIAN_POINT('Ctrl Pts',(7.87778913059215,11.6298691339292,51.9055915910215));
#6127=CARTESIAN_POINT('Ctrl Pts',(7.87778913059215,11.5,51.9055915910215));
#6128=CARTESIAN_POINT('Origin',(-10.75,11.5,50.9055915910215));
#6129=CARTESIAN_POINT('',(-7.80197056954958,12.5,50.9055915910215));
#6130=CARTESIAN_POINT('',(-10.75,12.5,50.9055915910215));
#6131=CARTESIAN_POINT('Ctrl Pts',(-7.80197056954958,12.5,50.9055915910215));
#6132=CARTESIAN_POINT('Ctrl Pts',(-7.80208503573683,12.5,50.9070940290938));
#6133=CARTESIAN_POINT('Ctrl Pts',(-7.80219949927579,12.4999966140198,50.9085964654944));
#6134=CARTESIAN_POINT('Ctrl Pts',(-7.812501980025,12.4993870757929,51.043828719631));
#6135=CARTESIAN_POINT('Ctrl Pts',(-7.82255963917897,12.4719644803515,51.1761188880462));
#6136=CARTESIAN_POINT('Ctrl Pts',(-7.84097491431067,12.3681002196286,51.4187576026273));
#6137=CARTESIAN_POINT('Ctrl Pts',(-7.84919820917019,12.2939934622105,51.5273190035405));
#6138=CARTESIAN_POINT('Ctrl Pts',(-7.86299878590343,12.1084844254831,51.7097168783795));
#6139=CARTESIAN_POINT('Ctrl Pts',(-7.86845254020772,11.9989610116543,51.7819139797563));
#6140=CARTESIAN_POINT('Ctrl Pts',(-7.87588090983075,11.7584757945799,51.8802931140518));
#6141=CARTESIAN_POINT('Ctrl Pts',(-7.87778913059215,11.6298691339292,51.9055915910215));
#6142=CARTESIAN_POINT('Ctrl Pts',(-7.87778913059215,11.5,51.9055915910215));
#6143=CARTESIAN_POINT('Origin',(0.,11.5,0.));
#6144=CARTESIAN_POINT('',(-30.4788627179779,12.5,41.5125153106706));
#6145=CARTESIAN_POINT('Origin',(0.,12.5,0.));
#6146=CARTESIAN_POINT('Ctrl Pts',(-30.4788627179779,12.5,41.5125153106706));
#6147=CARTESIAN_POINT('Ctrl Pts',(-30.4798441623098,12.5,41.513658634637));
#6148=CARTESIAN_POINT('Ctrl Pts',(-30.4808256073324,12.4999966140198,41.5148019555488));
#6149=CARTESIAN_POINT('Ctrl Pts',(-30.5691642972689,12.4993870757929,41.6177105534828));
#6150=CARTESIAN_POINT('Ctrl Pts',(-30.6555957334468,12.4719644803515,41.718365667646));
#6151=CARTESIAN_POINT('Ctrl Pts',(-30.8141456479824,12.3681002196286,41.9029587140277));
#6152=CARTESIAN_POINT('Ctrl Pts',(-30.8850954031845,12.2939934622105,41.9855379643474));
#6153=CARTESIAN_POINT('Ctrl Pts',(-31.0043116959647,12.1084844254831,42.1242712199124));
#6154=CARTESIAN_POINT('Ctrl Pts',(-31.0515063692789,11.9989610116543,42.1791786665295));
#6155=CARTESIAN_POINT('Ctrl Pts',(-31.1158182717328,11.75847579458,42.2539958700507));
#6156=CARTESIAN_POINT('Ctrl Pts',(-31.1323576805114,11.6298691339293,42.2732339105101));
#6157=CARTESIAN_POINT('Ctrl Pts',(-31.1323576805114,11.5,42.2732339105101));
#6158=CARTESIAN_POINT('Origin',(-43.5970869120796,11.5,28.3942911165688));
#6159=CARTESIAN_POINT('',(-42.2732339105101,11.5,31.1323576805115));
#6160=CARTESIAN_POINT('',(-44.3041936932662,11.5,29.1013978977554));
#6161=CARTESIAN_POINT('',(-41.5125153106707,12.5,30.4788627179777));
#6162=CARTESIAN_POINT('',(-43.5970869120796,12.5,28.3942911165688));
#6163=CARTESIAN_POINT('Ctrl Pts',(-41.5125153106707,12.5,30.4788627179777));
#6164=CARTESIAN_POINT('Ctrl Pts',(-41.5136586346371,12.5,30.4798441623097));
#6165=CARTESIAN_POINT('Ctrl Pts',(-41.5148019555488,12.4999966140198,30.4808256073324));
#6166=CARTESIAN_POINT('Ctrl Pts',(-41.6177105534841,12.4993870757929,30.5691642972671));
#6167=CARTESIAN_POINT('Ctrl Pts',(-41.718365667646,12.4719644803515,30.6555957334468));
#6168=CARTESIAN_POINT('Ctrl Pts',(-41.9029587140278,12.3681002196286,30.8141456479824));
#6169=CARTESIAN_POINT('Ctrl Pts',(-41.9855379643474,12.2939934622105,30.8850954031844));
#6170=CARTESIAN_POINT('Ctrl Pts',(-42.1242712199125,12.1084844254831,31.0043116959647));
#6171=CARTESIAN_POINT('Ctrl Pts',(-42.1791786665295,11.9989610116544,31.0515063692788));
#6172=CARTESIAN_POINT('Ctrl Pts',(-42.2539958700507,11.7584757945799,31.1158182717328));
#6173=CARTESIAN_POINT('Ctrl Pts',(-42.2732339105101,11.6298691339292,31.1323576805114));
#6174=CARTESIAN_POINT('Ctrl Pts',(-42.2732339105101,11.5,31.1323576805114));
#6175=CARTESIAN_POINT('Origin',(0.,11.5,0.));
#6176=CARTESIAN_POINT('',(-51.9055915910215,11.5,7.87778913059203));
#6177=CARTESIAN_POINT('Origin',(0.,11.5,0.));
#6178=CARTESIAN_POINT('',(-50.9055915910215,12.5,7.80197056954953));
#6179=CARTESIAN_POINT('Origin',(0.,12.5,0.));
#6180=CARTESIAN_POINT('Ctrl Pts',(-50.9055915910215,12.5,7.80197056954953));
#6181=CARTESIAN_POINT('Ctrl Pts',(-50.9070940290938,12.5,7.80208503573678));
#6182=CARTESIAN_POINT('Ctrl Pts',(-50.9085964654944,12.4999966140198,7.80219949927572));
#6183=CARTESIAN_POINT('Ctrl Pts',(-51.0438287196304,12.4993870757929,7.81250198002312));
#6184=CARTESIAN_POINT('Ctrl Pts',(-51.1761188880461,12.4719644803516,7.8225596391788));
#6185=CARTESIAN_POINT('Ctrl Pts',(-51.4187576026274,12.3681002196286,7.84097491431054));
#6186=CARTESIAN_POINT('Ctrl Pts',(-51.5273190035405,12.2939934622105,7.84919820917012));
#6187=CARTESIAN_POINT('Ctrl Pts',(-51.7097168783794,12.1084844254832,7.86299878590333));
#6188=CARTESIAN_POINT('Ctrl Pts',(-51.7819139797563,11.9989610116544,7.86845254020758));
#6189=CARTESIAN_POINT('Ctrl Pts',(-51.8802931140518,11.7584757945799,7.87588090983062));
#6190=CARTESIAN_POINT('Ctrl Pts',(-51.9055915910215,11.6298691339292,7.87778913059204));
#6191=CARTESIAN_POINT('Ctrl Pts',(-51.9055915910215,11.5,7.87778913059204));
#6192=CARTESIAN_POINT('Origin',(-50.9055915910215,11.5,-10.75));
#6193=CARTESIAN_POINT('',(-51.9055915910215,11.5,-7.87778913059203));
#6194=CARTESIAN_POINT('',(-51.9055915910215,11.5,-10.75));
#6195=CARTESIAN_POINT('',(-50.9055915910215,12.5,-7.80197056954952));
#6196=CARTESIAN_POINT('',(-50.9055915910215,12.5,-10.75));
#6197=CARTESIAN_POINT('Ctrl Pts',(-50.9055915910215,12.5,-7.80197056954952));
#6198=CARTESIAN_POINT('Ctrl Pts',(-50.9070940290938,12.5,-7.80208503573677));
#6199=CARTESIAN_POINT('Ctrl Pts',(-50.9085964654944,12.4999966140198,-7.80219949927568));
#6200=CARTESIAN_POINT('Ctrl Pts',(-51.043828719631,12.4993870757929,-7.81250198002488));
#6201=CARTESIAN_POINT('Ctrl Pts',(-51.1761188880462,12.4719644803515,-7.82255963917886));
#6202=CARTESIAN_POINT('Ctrl Pts',(-51.4187576026273,12.3681002196286,-7.84097491431056));
#6203=CARTESIAN_POINT('Ctrl Pts',(-51.5273190035405,12.2939934622105,-7.84919820917006));
#6204=CARTESIAN_POINT('Ctrl Pts',(-51.7097168783795,12.1084844254831,-7.86299878590329));
#6205=CARTESIAN_POINT('Ctrl Pts',(-51.7819139797563,11.9989610116544,-7.8684525402076));
#6206=CARTESIAN_POINT('Ctrl Pts',(-51.8802931140518,11.7584757945799,-7.87588090983064));
#6207=CARTESIAN_POINT('Ctrl Pts',(-51.9055915910215,11.6298691339292,-7.87778913059204));
#6208=CARTESIAN_POINT('Ctrl Pts',(-51.9055915910215,11.5,-7.87778913059204));
#6209=CARTESIAN_POINT('Origin',(0.,11.5,0.));
#6210=CARTESIAN_POINT('',(-42.2732339105101,11.5,-31.1323576805115));
#6211=CARTESIAN_POINT('Origin',(0.,11.5,0.));
#6212=CARTESIAN_POINT('',(-41.5125153106706,12.5,-30.4788627179778));
#6213=CARTESIAN_POINT('Origin',(0.,12.5,0.));
#6214=CARTESIAN_POINT('Ctrl Pts',(-41.5125153106706,12.5,-30.4788627179778));
#6215=CARTESIAN_POINT('Ctrl Pts',(-41.513658634637,12.5,-30.4798441623098));
#6216=CARTESIAN_POINT('Ctrl Pts',(-41.5148019555488,12.4999966140198,-30.4808256073323));
#6217=CARTESIAN_POINT('Ctrl Pts',(-41.6177105534825,12.4993870757929,-30.5691642972691));
#6218=CARTESIAN_POINT('Ctrl Pts',(-41.718365667646,12.4719644803515,-30.6555957334468));
#6219=CARTESIAN_POINT('Ctrl Pts',(-41.9029587140278,12.3681002196286,-30.8141456479825));
#6220=CARTESIAN_POINT('Ctrl Pts',(-41.9855379643474,12.2939934622105,-30.8850954031845));
#6221=CARTESIAN_POINT('Ctrl Pts',(-42.1242712199124,12.1084844254831,-31.0043116959647));
#6222=CARTESIAN_POINT('Ctrl Pts',(-42.1791786665295,11.9989610116544,-31.0515063692788));
#6223=CARTESIAN_POINT('Ctrl Pts',(-42.2539958700507,11.7584757945799,-31.1158182717328));
#6224=CARTESIAN_POINT('Ctrl Pts',(-42.2732339105101,11.6298691339293,-31.1323576805114));
#6225=CARTESIAN_POINT('Ctrl Pts',(-42.2732339105101,11.5,-31.1323576805114));
#6226=CARTESIAN_POINT('Origin',(-28.3942911165688,11.5,-43.5970869120796));
#6227=CARTESIAN_POINT('',(-31.1323576805114,11.5,-42.2732339105101));
#6228=CARTESIAN_POINT('',(-29.1013978977554,11.5,-44.3041936932661));
#6229=CARTESIAN_POINT('',(-30.4788627179778,12.5,-41.5125153106707));
#6230=CARTESIAN_POINT('',(-28.3942911165688,12.5,-43.5970869120796));
#6231=CARTESIAN_POINT('Ctrl Pts',(-30.4788627179778,12.5,-41.5125153106706));
#6232=CARTESIAN_POINT('Ctrl Pts',(-30.4798441623097,12.5,-41.513658634637));
#6233=CARTESIAN_POINT('Ctrl Pts',(-30.4808256073323,12.4999966140198,-41.5148019555488));
#6234=CARTESIAN_POINT('Ctrl Pts',(-30.5691642972669,12.4993870757929,-41.6177105534824));
#6235=CARTESIAN_POINT('Ctrl Pts',(-30.6555957334466,12.4719644803516,-41.7183656676458));
#6236=CARTESIAN_POINT('Ctrl Pts',(-30.8141456479824,12.3681002196286,-41.9029587140278));
#6237=CARTESIAN_POINT('Ctrl Pts',(-30.8850954031844,12.2939934622105,-41.9855379643474));
#6238=CARTESIAN_POINT('Ctrl Pts',(-31.0043116959647,12.1084844254831,-42.1242712199124));
#6239=CARTESIAN_POINT('Ctrl Pts',(-31.0515063692788,11.9989610116544,-42.1791786665295));
#6240=CARTESIAN_POINT('Ctrl Pts',(-31.1158182717328,11.7584757945799,-42.2539958700507));
#6241=CARTESIAN_POINT('Ctrl Pts',(-31.1323576805114,11.6298691339292,-42.2732339105101));
#6242=CARTESIAN_POINT('Ctrl Pts',(-31.1323576805114,11.5,-42.2732339105101));
#6243=CARTESIAN_POINT('Origin',(0.,11.5,0.));
#6244=CARTESIAN_POINT('Origin',(0.,11.5,0.));
#6245=CARTESIAN_POINT('Origin',(0.,12.5,0.));
#6246=CARTESIAN_POINT('Origin',(-51.9055915910215,0.,21.5));
#6247=CARTESIAN_POINT('',(-42.2732339105101,12.5,31.1323576805115));
#6248=CARTESIAN_POINT('',(-41.0962574573201,-7.22488159751938,32.3093341337014));
#6249=CARTESIAN_POINT('',(-40.1230274784272,-8.64940759319752,33.2825641125943));
#6250=CARTESIAN_POINT('Origin',(-39.9744813239348,-7.00745317543845,33.4311102670868));
#6251=CARTESIAN_POINT('',(-41.0962574573201,7.22488159751938,32.3093341337014));
#6252=CARTESIAN_POINT('',(-41.0962574573201,0.,32.3093341337014));
#6253=CARTESIAN_POINT('',(-40.1230274784272,8.64940759319752,33.2825641125943));
#6254=CARTESIAN_POINT('Origin',(-39.9744813239348,7.00745317543845,33.4311102670868));
#6255=CARTESIAN_POINT('',(-33.2825641125943,8.64940759319752,40.1230274784272));
#6256=CARTESIAN_POINT('',(-44.3041936932662,8.64940759319752,29.1013978977554));
#6257=CARTESIAN_POINT('',(-32.3093341337014,7.22488159751937,41.0962574573201));
#6258=CARTESIAN_POINT('Origin',(-33.4311102670868,7.00745317543845,39.9744813239347));
#6259=CARTESIAN_POINT('',(-32.3093341337014,-7.22488159751937,41.0962574573201));
#6260=CARTESIAN_POINT('',(-32.3093341337014,0.,41.0962574573201));
#6261=CARTESIAN_POINT('',(-33.2825641125943,-8.64940759319751,40.1230274784272));
#6262=CARTESIAN_POINT('Origin',(-33.4311102670868,-7.00745317543845,39.9744813239348));
#6263=CARTESIAN_POINT('',(-44.3041936932662,-8.64940759319751,29.1013978977554));
#6264=CARTESIAN_POINT('Origin',(0.,12.5,0.));
#6265=CARTESIAN_POINT('',(-51.9055915910215,12.5,7.87778913059203));
#6266=CARTESIAN_POINT('Origin',(-51.9055915910215,0.,-21.5));
#6267=CARTESIAN_POINT('',(-51.9055915910215,12.5,-7.87778913059203));
#6268=CARTESIAN_POINT('',(-51.9055915910215,-7.22488159751939,-6.21329306789703));
#6269=CARTESIAN_POINT('',(-51.9055915910215,-8.64940759319752,-4.83693803243863));
#6270=CARTESIAN_POINT('Origin',(-51.9055915910215,-7.00745317543845,-4.62686204611702));
#6271=CARTESIAN_POINT('',(-51.9055915910215,7.22488159751938,-6.21329306789703));
#6272=CARTESIAN_POINT('',(-51.9055915910215,0.,-6.21329306789703));
#6273=CARTESIAN_POINT('',(-51.9055915910215,8.64940759319752,-4.83693803243863));
#6274=CARTESIAN_POINT('Origin',(-51.9055915910215,7.00745317543845,-4.62686204611702));
#6275=CARTESIAN_POINT('',(-51.9055915910215,8.64940759319752,4.8369380324386));
#6276=CARTESIAN_POINT('',(-51.9055915910215,8.64940759319752,-10.75));
#6277=CARTESIAN_POINT('',(-51.9055915910215,7.22488159751938,6.213293067897));
#6278=CARTESIAN_POINT('Origin',(-51.9055915910215,7.00745317543845,4.626862046117));
#6279=CARTESIAN_POINT('',(-51.9055915910215,-7.22488159751938,6.213293067897));
#6280=CARTESIAN_POINT('',(-51.9055915910215,0.,6.213293067897));
#6281=CARTESIAN_POINT('',(-51.9055915910215,-8.64940759319752,4.8369380324386));
#6282=CARTESIAN_POINT('Origin',(-51.9055915910215,-7.00745317543845,4.62686204611699));
#6283=CARTESIAN_POINT('',(-51.9055915910215,-8.64940759319752,-10.75));
#6284=CARTESIAN_POINT('Origin',(0.,12.5,0.));
#6285=CARTESIAN_POINT('',(-42.2732339105101,12.5,-31.1323576805115));
#6286=CARTESIAN_POINT('Origin',(-21.5,0.,-51.9055915910215));
#6287=CARTESIAN_POINT('',(-31.1323576805114,12.5,-42.2732339105101));
#6288=CARTESIAN_POINT('',(-40.1230274784272,-8.64940759319752,-33.2825641125943));
#6289=CARTESIAN_POINT('',(-41.0962574573201,-7.22488159751937,-32.3093341337014));
#6290=CARTESIAN_POINT('Origin',(-39.9744813239348,-7.00745317543845,-33.4311102670868));
#6291=CARTESIAN_POINT('',(-33.2825641125943,-8.64940759319751,-40.1230274784272));
#6292=CARTESIAN_POINT('',(-29.1013978977554,-8.64940759319751,-44.3041936932661));
#6293=CARTESIAN_POINT('',(-32.3093341337014,-7.22488159751937,-41.0962574573201));
#6294=CARTESIAN_POINT('Origin',(-33.4311102670868,-7.00745317543844,-39.9744813239348));
#6295=CARTESIAN_POINT('',(-32.3093341337014,7.22488159751938,-41.0962574573201));
#6296=CARTESIAN_POINT('',(-32.3093341337014,0.,-41.0962574573201));
#6297=CARTESIAN_POINT('',(-33.2825641125943,8.64940759319751,-40.1230274784272));
#6298=CARTESIAN_POINT('Origin',(-33.4311102670868,7.00745317543845,-39.9744813239348));
#6299=CARTESIAN_POINT('',(-40.1230274784272,8.64940759319752,-33.2825641125943));
#6300=CARTESIAN_POINT('',(-29.1013978977554,8.64940759319751,-44.3041936932661));
#6301=CARTESIAN_POINT('',(-41.0962574573201,7.22488159751938,-32.3093341337014));
#6302=CARTESIAN_POINT('Origin',(-39.9744813239348,7.00745317543845,-33.4311102670868));
#6303=CARTESIAN_POINT('',(-41.0962574573201,0.,-32.3093341337014));
#6304=CARTESIAN_POINT('Origin',(0.,12.5,0.));
#6305=CARTESIAN_POINT('',(-7.8777891305921,12.5,-51.9055915910215));
#6306=CARTESIAN_POINT('Origin',(21.5,0.,-51.9055915910215));
#6307=CARTESIAN_POINT('',(7.87778913059206,12.5,-51.9055915910215));
#6308=CARTESIAN_POINT('',(-4.8369380324386,-8.64940759319752,-51.9055915910215));
#6309=CARTESIAN_POINT('',(-6.213293067897,-7.22488159751938,-51.9055915910215));
#6310=CARTESIAN_POINT('Origin',(-4.62686204611699,-7.00745317543844,-51.9055915910215));
#6311=CARTESIAN_POINT('',(4.83693803243863,-8.64940759319752,-51.9055915910215));
#6312=CARTESIAN_POINT('',(10.75,-8.64940759319752,-51.9055915910215));
#6313=CARTESIAN_POINT('',(6.21329306789703,-7.22488159751938,-51.9055915910215));
#6314=CARTESIAN_POINT('Origin',(4.62686204611702,-7.00745317543845,-51.9055915910215));
#6315=CARTESIAN_POINT('',(6.21329306789703,7.22488159751938,-51.9055915910215));
#6316=CARTESIAN_POINT('',(6.21329306789703,0.,-51.9055915910215));
#6317=CARTESIAN_POINT('',(4.83693803243863,8.64940759319752,-51.9055915910215));
#6318=CARTESIAN_POINT('Origin',(4.62686204611702,7.00745317543845,-51.9055915910215));
#6319=CARTESIAN_POINT('',(-4.8369380324386,8.64940759319752,-51.9055915910215));
#6320=CARTESIAN_POINT('',(10.75,8.64940759319752,-51.9055915910215));
#6321=CARTESIAN_POINT('',(-6.21329306789699,7.22488159751938,-51.9055915910215));
#6322=CARTESIAN_POINT('Origin',(-4.62686204611699,7.00745317543845,-51.9055915910215));
#6323=CARTESIAN_POINT('',(-6.21329306789699,0.,-51.9055915910215));
#6324=CARTESIAN_POINT('Origin',(0.,12.5,-8.88178419700125E-15));
#6325=CARTESIAN_POINT('Origin',(0.,12.5,0.));
#6326=CARTESIAN_POINT('Ctrl Pts',(41.0962574573201,7.22488159751937,32.3093341337014));
#6327=CARTESIAN_POINT('Ctrl Pts',(41.0962574573201,7.5592122053471,32.3093341337014));
#6328=CARTESIAN_POINT('Ctrl Pts',(40.9255668156021,8.3072411357924,32.4800247754195));
#6329=CARTESIAN_POINT('Ctrl Pts',(40.4275784391319,8.64940759319752,32.9780131518896));
#6330=CARTESIAN_POINT('Ctrl Pts',(40.1230274784272,8.64940759319752,33.2825641125943));
#6331=CARTESIAN_POINT('Ctrl Pts',(40.9502182496307,7.22488159751937,32.4553733413909));
#6332=CARTESIAN_POINT('Ctrl Pts',(40.9594962313756,7.51782816032568,32.4457991295267));
#6333=CARTESIAN_POINT('Ctrl Pts',(40.8258259047588,8.18034199627428,32.5794354207686));
#6334=CARTESIAN_POINT('Ctrl Pts',(40.3886104068042,8.47115443665377,33.0167369054845));
#6335=CARTESIAN_POINT('Ctrl Pts',(40.1230274784272,8.45742137547814,33.2825641125943));
#6336=CARTESIAN_POINT('Ctrl Pts',(40.5650608092791,7.22488159751937,32.6534248575088));
#6337=CARTESIAN_POINT('Ctrl Pts',(40.6055192733411,7.43533208926205,32.6379591864636));
#6338=CARTESIAN_POINT('Ctrl Pts',(40.5647730832314,7.92677536615728,32.7167188957745));
#6339=CARTESIAN_POINT('Ctrl Pts',(40.2426232289903,8.11476649523908,33.0257550062485));
#6340=CARTESIAN_POINT('Ctrl Pts',(40.0425528828547,8.07390795112533,33.2020895170218));
#6341=CARTESIAN_POINT('Ctrl Pts',(40.1364080283065,7.22488159751938,32.5915584671244));
#6342=CARTESIAN_POINT('Ctrl Pts',(40.2034347859326,7.38319944173072,32.6056893527089));
#6343=CARTESIAN_POINT('Ctrl Pts',(40.2425408671197,7.73991520930008,32.6978940045436));
#6344=CARTESIAN_POINT('Ctrl Pts',(40.0026942833417,7.85639283336968,32.8912563209157));
#6345=CARTESIAN_POINT('Ctrl Pts',(39.8275450768192,7.81394996526692,32.9870817109863));
#6346=CARTESIAN_POINT('Ctrl Pts',(39.9507795293445,7.22488159751938,32.501021398814));
#6347=CARTESIAN_POINT('Ctrl Pts',(40.0224172219623,7.36987838441279,32.5359614360734));
#6348=CARTESIAN_POINT('Ctrl Pts',(40.0858002674035,7.67555738203502,32.6515227563134));
#6349=CARTESIAN_POINT('Ctrl Pts',(39.8764161314954,7.76929104075639,32.7963571351695));
#6350=CARTESIAN_POINT('Ctrl Pts',(39.7035269357166,7.73586213555492,32.8630635698837));
#6351=CARTESIAN_POINT('',(39.9507795293445,7.22488159751938,32.501021398814));
#6352=CARTESIAN_POINT('Origin',(40.3891506761336,7.22488159751937,31.6022273525149));
#6353=CARTESIAN_POINT('',(39.7035269357166,7.73586213555492,32.8630635698837));
#6354=CARTESIAN_POINT('Origin',(39.4159206972407,8.64940759319752,32.5754573314078));
#6355=CARTESIAN_POINT('Origin',(39.2673745427482,7.00745317543845,32.7240034859002));
#6356=CARTESIAN_POINT('Origin',(28.3942911165688,8.64940759319752,43.5970869120796));
#6357=CARTESIAN_POINT('',(32.8630635698837,7.73586213555492,39.7035269357166));
#6358=CARTESIAN_POINT('Origin',(32.5754573314078,8.64940759319752,39.4159206972407));
#6359=CARTESIAN_POINT('',(28.6818973550448,7.73586213555491,43.8846931505555));
#6360=CARTESIAN_POINT('Ctrl Pts',(33.2825641125943,8.64940759319752,40.1230274784272));
#6361=CARTESIAN_POINT('Ctrl Pts',(32.9780131518896,8.64940759319752,40.4275784391319));
#6362=CARTESIAN_POINT('Ctrl Pts',(32.4800247754195,8.3072411357924,40.9255668156021));
#6363=CARTESIAN_POINT('Ctrl Pts',(32.3093341337014,7.5592122053471,41.0962574573201));
#6364=CARTESIAN_POINT('Ctrl Pts',(32.3093341337014,7.22488159751937,41.0962574573201));
#6365=CARTESIAN_POINT('Ctrl Pts',(33.2825641125943,8.45742137547814,40.1230274784272));
#6366=CARTESIAN_POINT('Ctrl Pts',(33.0167369054845,8.47115443665376,40.3886104068042));
#6367=CARTESIAN_POINT('Ctrl Pts',(32.5794354207686,8.18034199627428,40.8258259047588));
#6368=CARTESIAN_POINT('Ctrl Pts',(32.4457991295267,7.51782816032568,40.9594962313756));
#6369=CARTESIAN_POINT('Ctrl Pts',(32.4553733413909,7.22488159751937,40.9502182496306));
#6370=CARTESIAN_POINT('Ctrl Pts',(33.2020895170217,8.07390795112532,40.0425528828547));
#6371=CARTESIAN_POINT('Ctrl Pts',(33.0257550062485,8.11476649523908,40.2426232289903));
#6372=CARTESIAN_POINT('Ctrl Pts',(32.7167188957745,7.92677536615727,40.5647730832314));
#6373=CARTESIAN_POINT('Ctrl Pts',(32.6379591864636,7.43533208926205,40.6055192733411));
#6374=CARTESIAN_POINT('Ctrl Pts',(32.6534248575088,7.22488159751937,40.5650608092791));
#6375=CARTESIAN_POINT('Ctrl Pts',(32.9870817109863,7.81394996526691,39.8275450768192));
#6376=CARTESIAN_POINT('Ctrl Pts',(32.8912563209157,7.85639283336967,40.0026942833417));
#6377=CARTESIAN_POINT('Ctrl Pts',(32.6978940045436,7.73991520930008,40.2425408671197));
#6378=CARTESIAN_POINT('Ctrl Pts',(32.6056893527089,7.38319944173072,40.2034347859326));
#6379=CARTESIAN_POINT('Ctrl Pts',(32.5915584671244,7.22488159751937,40.1364080283065));
#6380=CARTESIAN_POINT('Ctrl Pts',(32.8630635698837,7.73586213555491,39.7035269357166));
#6381=CARTESIAN_POINT('Ctrl Pts',(32.7963571351695,7.76929104075639,39.8764161314954));
#6382=CARTESIAN_POINT('Ctrl Pts',(32.6515227563133,7.67555738203501,40.0858002674035));
#6383=CARTESIAN_POINT('Ctrl Pts',(32.5359614360734,7.36987838441279,40.0224172219623));
#6384=CARTESIAN_POINT('Ctrl Pts',(32.501021398814,7.22488159751937,39.9507795293445));
#6385=CARTESIAN_POINT('',(32.501021398814,7.22488159751938,39.9507795293445));
#6386=CARTESIAN_POINT('Origin',(31.6022273525149,7.22488159751938,40.3891506761336));
#6387=CARTESIAN_POINT('Origin',(32.7240034859002,7.00745317543845,39.2673745427482));
#6388=CARTESIAN_POINT('Origin',(31.6022273525149,0.,40.3891506761336));
#6389=CARTESIAN_POINT('',(32.501021398814,-7.22488159751937,39.9507795293445));
#6390=CARTESIAN_POINT('Origin',(31.6022273525149,-7.22488159751937,40.3891506761336));
#6391=CARTESIAN_POINT('',(32.501021398814,0.,39.9507795293445));
#6392=CARTESIAN_POINT('Ctrl Pts',(32.3093341337014,-7.22488159751937,41.0962574573201));
#6393=CARTESIAN_POINT('Ctrl Pts',(32.3093341337014,-7.67065574128968,41.0962574573201));
#6394=CARTESIAN_POINT('Ctrl Pts',(32.5431007726596,-8.39956607411182,40.8624908183619));
#6395=CARTESIAN_POINT('Ctrl Pts',(33.0541508920658,-8.64940759319752,40.3514406989557));
#6396=CARTESIAN_POINT('Ctrl Pts',(33.2825641125943,-8.64940759319752,40.1230274784272));
#6397=CARTESIAN_POINT('Ctrl Pts',(32.4553733413909,-7.22488159751937,40.9502182496306));
#6398=CARTESIAN_POINT('Ctrl Pts',(32.4426077255719,-7.61547701459445,40.9625888919573));
#6399=CARTESIAN_POINT('Ctrl Pts',(32.6345605703462,-8.26249640988858,40.7707683830125));
#6400=CARTESIAN_POINT('Ctrl Pts',(33.083193707262,-8.46772117135986,40.3222146747099));
#6401=CARTESIAN_POINT('Ctrl Pts',(33.2825641125943,-8.45742137547814,40.1230274784272));
#6402=CARTESIAN_POINT('Ctrl Pts',(32.6534248575088,-7.22488159751937,40.5650608092791));
#6403=CARTESIAN_POINT('Ctrl Pts',(32.6328039627818,-7.50548225317627,40.6190054280284));
#6404=CARTESIAN_POINT('Ctrl Pts',(32.7563706874139,-7.98843691535379,40.5264441070152));
#6405=CARTESIAN_POINT('Ctrl Pts',(33.0698386339418,-8.10455185921064,40.1926056424564));
#6406=CARTESIAN_POINT('Ctrl Pts',(33.2020895170217,-8.07390795112532,40.0425528828547));
#6407=CARTESIAN_POINT('Ctrl Pts',(32.5915584671244,-7.22488159751937,40.1364080283065));
#6408=CARTESIAN_POINT('Ctrl Pts',(32.6103996479038,-7.43597205646784,40.2257770384747));
#6409=CARTESIAN_POINT('Ctrl Pts',(32.7259389678841,-7.78218698804782,40.2196657744578));
#6410=CARTESIAN_POINT('Ctrl Pts',(32.9152126684334,-7.84578211634399,39.9589069817111));
#6411=CARTESIAN_POINT('Ctrl Pts',(32.9870817109863,-7.81394996526692,39.8275450768192));
#6412=CARTESIAN_POINT('Ctrl Pts',(32.5010213988141,-7.22488159751937,39.9507795293445));
#6413=CARTESIAN_POINT('Ctrl Pts',(32.5476081151599,-7.4182106467106,40.0462964528349));
#6414=CARTESIAN_POINT('Ctrl Pts',(32.6749870673996,-7.70867453595125,40.0697755823326));
#6415=CARTESIAN_POINT('Ctrl Pts',(32.813033743848,-7.76093381445602,39.8331938325507));
#6416=CARTESIAN_POINT('Ctrl Pts',(32.8630635698837,-7.73586213555492,39.7035269357166));
#6417=CARTESIAN_POINT('',(32.8630635698837,-7.73586213555491,39.7035269357166));
#6418=CARTESIAN_POINT('Origin',(32.5754573314078,-8.64940759319752,39.4159206972407));
#6419=CARTESIAN_POINT('Origin',(32.7240034859002,-7.00745317543844,39.2673745427482));
#6420=CARTESIAN_POINT('Origin',(28.3942911165688,-8.64940759319751,43.5970869120796));
#6421=CARTESIAN_POINT('',(39.7035269357166,-7.73586213555492,32.8630635698837));
#6422=CARTESIAN_POINT('Origin',(39.4159206972407,-8.64940759319751,32.5754573314078));
#6423=CARTESIAN_POINT('',(28.6818973550448,-7.73586213555491,43.8846931505555));
#6424=CARTESIAN_POINT('Ctrl Pts',(40.1230274784272,-8.64940759319752,33.2825641125943));
#6425=CARTESIAN_POINT('Ctrl Pts',(40.4275784391319,-8.64940759319752,32.9780131518896));
#6426=CARTESIAN_POINT('Ctrl Pts',(40.9255668156021,-8.3072411357924,32.4800247754195));
#6427=CARTESIAN_POINT('Ctrl Pts',(41.0962574573201,-7.55921220534711,32.3093341337014));
#6428=CARTESIAN_POINT('Ctrl Pts',(41.0962574573201,-7.22488159751937,32.3093341337014));
#6429=CARTESIAN_POINT('Ctrl Pts',(40.1230274784272,-8.45742137547814,33.2825641125943));
#6430=CARTESIAN_POINT('Ctrl Pts',(40.3886104068042,-8.47115443665377,33.0167369054845));
#6431=CARTESIAN_POINT('Ctrl Pts',(40.8258259047588,-8.18034199627429,32.5794354207686));
#6432=CARTESIAN_POINT('Ctrl Pts',(40.9594962313756,-7.51782816032568,32.4457991295267));
#6433=CARTESIAN_POINT('Ctrl Pts',(40.9502182496307,-7.22488159751937,32.4553733413909));
#6434=CARTESIAN_POINT('Ctrl Pts',(40.0425528828547,-8.07390795112532,33.2020895170218));
#6435=CARTESIAN_POINT('Ctrl Pts',(40.2426232289903,-8.11476649523908,33.0257550062485));
#6436=CARTESIAN_POINT('Ctrl Pts',(40.5647730832314,-7.92677536615728,32.7167188957745));
#6437=CARTESIAN_POINT('Ctrl Pts',(40.6055192733411,-7.43533208926205,32.6379591864636));
#6438=CARTESIAN_POINT('Ctrl Pts',(40.5650608092791,-7.22488159751937,32.6534248575088));
#6439=CARTESIAN_POINT('Ctrl Pts',(39.8275450768192,-7.81394996526692,32.9870817109863));
#6440=CARTESIAN_POINT('Ctrl Pts',(40.0026942833417,-7.85639283336968,32.8912563209157));
#6441=CARTESIAN_POINT('Ctrl Pts',(40.2425408671197,-7.73991520930009,32.6978940045436));
#6442=CARTESIAN_POINT('Ctrl Pts',(40.2034347859326,-7.38319944173073,32.6056893527089));
#6443=CARTESIAN_POINT('Ctrl Pts',(40.1364080283065,-7.22488159751938,32.5915584671244));
#6444=CARTESIAN_POINT('Ctrl Pts',(39.7035269357166,-7.73586213555492,32.8630635698837));
#6445=CARTESIAN_POINT('Ctrl Pts',(39.8764161314954,-7.76929104075639,32.7963571351695));
#6446=CARTESIAN_POINT('Ctrl Pts',(40.0858002674035,-7.67555738203502,32.6515227563134));
#6447=CARTESIAN_POINT('Ctrl Pts',(40.0224172219623,-7.3698783844128,32.5359614360734));
#6448=CARTESIAN_POINT('Ctrl Pts',(39.9507795293445,-7.22488159751938,32.501021398814));
#6449=CARTESIAN_POINT('',(39.9507795293445,-7.22488159751938,32.501021398814));
#6450=CARTESIAN_POINT('Origin',(40.3891506761336,-7.22488159751937,31.6022273525149));
#6451=CARTESIAN_POINT('Origin',(39.2673745427482,-7.00745317543845,32.7240034859002));
#6452=CARTESIAN_POINT('Origin',(40.3891506761336,0.,31.6022273525149));
#6453=CARTESIAN_POINT('',(39.9507795293445,0.,32.5010213988141));
#6454=CARTESIAN_POINT('Origin',(28.9246212024587,-3.10248446160609,28.9246212024587));
#6455=CARTESIAN_POINT('',(30.0930312943225,-3.23455339382864,28.1757116533056));
#6456=CARTESIAN_POINT('',(33.6548493426597,-4.90281727070532,29.9129263900217));
#6457=CARTESIAN_POINT('',(28.1757116533056,-3.23455339382864,30.0930312943225));
#6458=CARTESIAN_POINT('',(29.7397949753891,-3.23455339382864,28.528947972239));
#6459=CARTESIAN_POINT('',(27.7468293631624,-2.82269364099773,29.2136922872565));
#6460=CARTESIAN_POINT('Origin',(33.7986524618977,-4.44604454188403,30.0567295092597));
#6461=CARTESIAN_POINT('',(30.456019986955,-2.77778066500734,27.870117749394));
#6462=CARTESIAN_POINT('',(34.0178380352922,-4.44604454188403,29.6073324861101));
#6463=CARTESIAN_POINT('Origin',(30.2368344135604,-2.77778066500734,28.3195147725436));
#6464=CARTESIAN_POINT('Origin',(40.5918830920368,0.,32.8137084989848));
#6465=CARTESIAN_POINT('',(30.456019986955,2.77778066500736,27.870117749394));
#6466=CARTESIAN_POINT('',(38.7753067098616,6.6743203907477,31.9277049977789));
#6467=CARTESIAN_POINT('',(30.456019986955,0.,27.870117749394));
#6468=CARTESIAN_POINT('Origin',(38.5561211364671,6.6743203907477,32.3771020209284));
#6469=CARTESIAN_POINT('',(30.0930312943225,3.23455339382866,28.1757116533056));
#6470=CARTESIAN_POINT('',(38.4123180172291,7.131093119569,32.2332989016905));
#6471=CARTESIAN_POINT('Origin',(30.2368344135604,2.77778066500736,28.3195147725436));
#6472=CARTESIAN_POINT('Ctrl Pts',(51.9055915910215,7.22488159751938,-6.213293067897));
#6473=CARTESIAN_POINT('Ctrl Pts',(51.9055915910215,7.5592122053471,-6.213293067897));
#6474=CARTESIAN_POINT('Ctrl Pts',(51.9055915910215,8.30728882244404,-5.97195327632427));
#6475=CARTESIAN_POINT('Ctrl Pts',(51.9055915910215,8.64940759319751,-5.26763813150092));
#6476=CARTESIAN_POINT('Ctrl Pts',(51.9055915910215,8.64940759319751,-4.8369380324386));
#6477=CARTESIAN_POINT('Ctrl Pts',(51.9055915910215,7.22488159751938,-6.00676243974434));
#6478=CARTESIAN_POINT('Ctrl Pts',(51.9053821246954,7.51782816032568,-6.02009295368562));
#6479=CARTESIAN_POINT('Ctrl Pts',(51.9053831282173,8.1803900025579,-5.83113050307237));
#6480=CARTESIAN_POINT('Ctrl Pts',(51.905418859873,8.47115443665375,-5.21270174283256));
#6481=CARTESIAN_POINT('Ctrl Pts',(51.9055915910215,8.45742137547814,-4.8369380324386));
#6482=CARTESIAN_POINT('Ctrl Pts',(51.7733047989138,7.22488159751937,-5.59435925178474));
#6483=CARTESIAN_POINT('Ctrl Pts',(51.7909773723368,7.43533208926205,-5.633903586951));
#6484=CARTESIAN_POINT('Ctrl Pts',(51.8178430327111,7.92681916726589,-5.54946875868066));
#6485=CARTESIAN_POINT('Ctrl Pts',(51.8085803480449,8.11475788970088,-5.10309645923039));
#6486=CARTESIAN_POINT('Ctrl Pts',(51.7917965779031,8.07389934558713,-4.8369380324386));
#6487=CARTESIAN_POINT('Ctrl Pts',(51.4264382908272,7.22488159751937,-5.33501428774423));
#6488=CARTESIAN_POINT('Ctrl Pts',(51.4838254106866,7.38319944173072,-5.37241731756161));
#6489=CARTESIAN_POINT('Ctrl Pts',(51.5766958147595,7.73995198260628,-5.33489876651866));
#6490=CARTESIAN_POINT('Ctrl Pts',(51.5438067797477,7.85639283336967,-5.02854600721886));
#6491=CARTESIAN_POINT('Ctrl Pts',(51.4877163712249,7.81394996526691,-4.8369380324386));
#6492=CARTESIAN_POINT('Ctrl Pts',(51.2311597454787,7.22488159751937,-5.26777449229769));
#6493=CARTESIAN_POINT('Ctrl Pts',(51.3065215809983,7.36987838441279,-5.29372365325529));
#6494=CARTESIAN_POINT('Ctrl Pts',(51.4330743837519,7.67558219477054,-5.25685268059164));
#6495=CARTESIAN_POINT('Ctrl Pts',(51.3874107844912,7.76929104075638,-5.00635772750286));
#6496=CARTESIAN_POINT('Ctrl Pts',(51.3123282340973,7.73586213555491,-4.8369380324386));
#6497=CARTESIAN_POINT('',(51.2311597454787,7.22488159751937,-5.26777449229769));
#6498=CARTESIAN_POINT('Origin',(50.9055915910215,7.22488159751938,-6.213293067897));
#6499=CARTESIAN_POINT('',(51.3123282340973,7.73586213555491,-4.83693803243861));
#6500=CARTESIAN_POINT('Origin',(50.9055915910215,8.64940759319751,-4.8369380324386));
#6501=CARTESIAN_POINT('Origin',(50.9055915910215,7.00745317543844,-4.62686204611699));
#6502=CARTESIAN_POINT('Origin',(50.9055915910215,8.64940759319751,10.75));
#6503=CARTESIAN_POINT('',(51.3123282340973,7.73586213555491,4.83693803243862));
#6504=CARTESIAN_POINT('Origin',(50.9055915910215,8.64940759319751,4.83693803243862));
#6505=CARTESIAN_POINT('',(51.3123282340973,7.73586213555491,10.75));
#6506=CARTESIAN_POINT('Ctrl Pts',(51.9055915910215,8.64940759319752,4.83693803243862));
#6507=CARTESIAN_POINT('Ctrl Pts',(51.9055915910215,8.64940759319752,5.15996310673535));
#6508=CARTESIAN_POINT('Ctrl Pts',(51.9055915910215,8.39962116598226,5.88274319075896));
#6509=CARTESIAN_POINT('Ctrl Pts',(51.9055915910215,7.67065574128968,6.21329306789702));
#6510=CARTESIAN_POINT('Ctrl Pts',(51.9055915910215,7.22488159751937,6.21329306789702));
#6511=CARTESIAN_POINT('Ctrl Pts',(51.9055915910215,8.45742137547814,4.83693803243862));
#6512=CARTESIAN_POINT('Ctrl Pts',(51.9054620426602,8.46772117135986,5.11876081523409));
#6513=CARTESIAN_POINT('Ctrl Pts',(51.9054288990909,8.26255131080644,5.7532133027848));
#6514=CARTESIAN_POINT('Ctrl Pts',(51.9053123025867,7.61547701459445,6.02453645833275));
#6515=CARTESIAN_POINT('Ctrl Pts',(51.9055915910215,7.22488159751937,6.00676243974436));
#6516=CARTESIAN_POINT('Ctrl Pts',(51.7917965779031,8.07389934558713,4.83693803243862));
#6517=CARTESIAN_POINT('Ctrl Pts',(51.8043844055095,8.10454325367245,5.03655685253246));
#6518=CARTESIAN_POINT('Ctrl Pts',(51.8187782335476,7.98849013675151,5.49431891016728));
#6519=CARTESIAN_POINT('Ctrl Pts',(51.7968682301444,7.50548225317627,5.64708503200644));
#6520=CARTESIAN_POINT('Ctrl Pts',(51.7733047989138,7.22488159751937,5.59435925178477));
#6521=CARTESIAN_POINT('Ctrl Pts',(51.4877163712249,7.81394996526692,4.83693803243862));
#6522=CARTESIAN_POINT('Ctrl Pts',(51.529784177617,7.84578211634399,4.98064401352381));
#6523=CARTESIAN_POINT('Ctrl Pts',(51.5803509875316,7.78222457725639,5.29889435903309));
#6524=CARTESIAN_POINT('Ctrl Pts',(51.5029544506397,7.43597205646784,5.38488499416742));
#6525=CARTESIAN_POINT('Ctrl Pts',(51.4264382908272,7.22488159751937,5.33501428774425));
#6526=CARTESIAN_POINT('Ctrl Pts',(51.3123282340973,7.73586213555492,4.83693803243862));
#6527=CARTESIAN_POINT('Ctrl Pts',(51.3686401468927,7.76093381445602,4.96400280373681));
#6528=CARTESIAN_POINT('Ctrl Pts',(51.438335415701,7.70870200495469,5.2289275039777));
#6529=CARTESIAN_POINT('Ctrl Pts',(51.3316421928382,7.4182106467106,5.30237337357451));
#6530=CARTESIAN_POINT('Ctrl Pts',(51.2311597454787,7.22488159751937,5.26777449229771));
#6531=CARTESIAN_POINT('',(51.2311597454787,7.22488159751938,5.2677744922977));
#6532=CARTESIAN_POINT('Origin',(50.9055915910215,7.22488159751938,6.21329306789702));
#6533=CARTESIAN_POINT('Origin',(50.9055915910215,7.00745317543845,4.62686204611701));
#6534=CARTESIAN_POINT('Origin',(50.9055915910215,0.,6.21329306789702));
#6535=CARTESIAN_POINT('',(51.2311597454787,-7.22488159751938,5.26777449229771));
#6536=CARTESIAN_POINT('Origin',(50.9055915910215,-7.22488159751938,6.21329306789702));
#6537=CARTESIAN_POINT('',(51.2311597454787,0.,5.2677744922977));
#6538=CARTESIAN_POINT('Ctrl Pts',(51.9055915910215,-7.22488159751938,6.21329306789702));
#6539=CARTESIAN_POINT('Ctrl Pts',(51.9055915910215,-7.55921220534711,6.21329306789702));
#6540=CARTESIAN_POINT('Ctrl Pts',(51.9055915910215,-8.30728882244404,5.97195327632429));
#6541=CARTESIAN_POINT('Ctrl Pts',(51.9055915910215,-8.64940759319752,5.26763813150093));
#6542=CARTESIAN_POINT('Ctrl Pts',(51.9055915910215,-8.64940759319752,4.83693803243862));
#6543=CARTESIAN_POINT('Ctrl Pts',(51.9055915910215,-7.22488159751938,6.00676243974435));
#6544=CARTESIAN_POINT('Ctrl Pts',(51.9053821246954,-7.51782816032568,6.02009295368565));
#6545=CARTESIAN_POINT('Ctrl Pts',(51.9053831282173,-8.1803900025579,5.83113050307239));
#6546=CARTESIAN_POINT('Ctrl Pts',(51.905418859873,-8.47115443665376,5.21270174283258));
#6547=CARTESIAN_POINT('Ctrl Pts',(51.9055915910215,-8.45742137547814,4.83693803243862));
#6548=CARTESIAN_POINT('Ctrl Pts',(51.7733047989138,-7.22488159751938,5.59435925178476));
#6549=CARTESIAN_POINT('Ctrl Pts',(51.7909773723368,-7.43533208926205,5.63390358695102));
#6550=CARTESIAN_POINT('Ctrl Pts',(51.8178430327111,-7.9268191672659,5.54946875868068));
#6551=CARTESIAN_POINT('Ctrl Pts',(51.8085803480449,-8.11475788970088,5.1030964592304));
#6552=CARTESIAN_POINT('Ctrl Pts',(51.7917965779031,-8.07389934558713,4.83693803243862));
#6553=CARTESIAN_POINT('Ctrl Pts',(51.4264382908272,-7.22488159751938,5.33501428774424));
#6554=CARTESIAN_POINT('Ctrl Pts',(51.4838254106866,-7.38319944173072,5.37241731756162));
#6555=CARTESIAN_POINT('Ctrl Pts',(51.5766958147595,-7.73995198260629,5.33489876651868));
#6556=CARTESIAN_POINT('Ctrl Pts',(51.5438067797477,-7.85639283336967,5.02854600721888));
#6557=CARTESIAN_POINT('Ctrl Pts',(51.4877163712249,-7.81394996526691,4.83693803243862));
#6558=CARTESIAN_POINT('Ctrl Pts',(51.2311597454787,-7.22488159751938,5.2677744922977));
#6559=CARTESIAN_POINT('Ctrl Pts',(51.3065215809983,-7.36987838441279,5.2937236532553));
#6560=CARTESIAN_POINT('Ctrl Pts',(51.4330743837519,-7.67558219477054,5.25685268059166));
#6561=CARTESIAN_POINT('Ctrl Pts',(51.3874107844912,-7.76929104075639,5.00635772750288));
#6562=CARTESIAN_POINT('Ctrl Pts',(51.3123282340973,-7.73586213555492,4.83693803243862));
#6563=CARTESIAN_POINT('',(51.3123282340973,-7.73586213555491,4.83693803243862));
#6564=CARTESIAN_POINT('Origin',(50.9055915910215,-8.64940759319752,4.83693803243863));
#6565=CARTESIAN_POINT('Origin',(50.9055915910215,-7.00745317543844,4.62686204611701));
#6566=CARTESIAN_POINT('Origin',(50.9055915910215,-8.64940759319752,10.75));
#6567=CARTESIAN_POINT('',(51.3123282340973,-7.73586213555491,-4.83693803243861));
#6568=CARTESIAN_POINT('Origin',(50.9055915910215,-8.64940759319751,-4.83693803243861));
#6569=CARTESIAN_POINT('',(51.3123282340974,-7.73586213555492,10.75));
#6570=CARTESIAN_POINT('Ctrl Pts',(51.9055915910215,-8.64940759319751,-4.83693803243861));
#6571=CARTESIAN_POINT('Ctrl Pts',(51.9055915910215,-8.64940759319751,-5.26763813150092));
#6572=CARTESIAN_POINT('Ctrl Pts',(51.9055915910215,-8.30728882244404,-5.97195327632428));
#6573=CARTESIAN_POINT('Ctrl Pts',(51.9055915910215,-7.5592122053471,-6.213293067897));
#6574=CARTESIAN_POINT('Ctrl Pts',(51.9055915910215,-7.22488159751937,-6.21329306789701));
#6575=CARTESIAN_POINT('Ctrl Pts',(51.9055915910215,-8.45742137547814,-4.83693803243861));
#6576=CARTESIAN_POINT('Ctrl Pts',(51.905418859873,-8.47115443665376,-5.21270174283257));
#6577=CARTESIAN_POINT('Ctrl Pts',(51.9053831282173,-8.1803900025579,-5.83113050307238));
#6578=CARTESIAN_POINT('Ctrl Pts',(51.9053821246954,-7.51782816032568,-6.02009295368563));
#6579=CARTESIAN_POINT('Ctrl Pts',(51.9055915910215,-7.22488159751937,-6.00676243974434));
#6580=CARTESIAN_POINT('Ctrl Pts',(51.7917965779031,-8.07389934558713,-4.83693803243861));
#6581=CARTESIAN_POINT('Ctrl Pts',(51.8085803480449,-8.11475788970089,-5.10309645923039));
#6582=CARTESIAN_POINT('Ctrl Pts',(51.8178430327111,-7.92681916726589,-5.54946875868067));
#6583=CARTESIAN_POINT('Ctrl Pts',(51.7909773723368,-7.43533208926205,-5.63390358695101));
#6584=CARTESIAN_POINT('Ctrl Pts',(51.7733047989138,-7.22488159751937,-5.59435925178475));
#6585=CARTESIAN_POINT('Ctrl Pts',(51.4877163712249,-7.81394996526692,-4.83693803243861));
#6586=CARTESIAN_POINT('Ctrl Pts',(51.5438067797477,-7.85639283336967,-5.02854600721887));
#6587=CARTESIAN_POINT('Ctrl Pts',(51.5766958147595,-7.73995198260629,-5.33489876651867));
#6588=CARTESIAN_POINT('Ctrl Pts',(51.4838254106866,-7.38319944173072,-5.37241731756161));
#6589=CARTESIAN_POINT('Ctrl Pts',(51.4264382908272,-7.22488159751937,-5.33501428774423));
#6590=CARTESIAN_POINT('Ctrl Pts',(51.3123282340973,-7.73586213555492,-4.83693803243861));
#6591=CARTESIAN_POINT('Ctrl Pts',(51.3874107844912,-7.76929104075639,-5.00635772750286));
#6592=CARTESIAN_POINT('Ctrl Pts',(51.4330743837519,-7.67558219477054,-5.25685268059165));
#6593=CARTESIAN_POINT('Ctrl Pts',(51.3065215809983,-7.36987838441279,-5.29372365325529));
#6594=CARTESIAN_POINT('Ctrl Pts',(51.2311597454787,-7.22488159751937,-5.26777449229769));
#6595=CARTESIAN_POINT('',(51.2311597454787,-7.22488159751937,-5.26777449229769));
#6596=CARTESIAN_POINT('Origin',(50.9055915910215,-7.22488159751938,-6.213293067897));
#6597=CARTESIAN_POINT('Origin',(50.9055915910215,-7.00745317543844,-4.626862046117));
#6598=CARTESIAN_POINT('Origin',(50.9055915910215,0.,-6.21329306789701));
#6599=CARTESIAN_POINT('',(51.2311597454787,0.,-5.26777449229768));
#6600=CARTESIAN_POINT('Origin',(40.9055915910215,-3.10248446160609,0.));
#6601=CARTESIAN_POINT('',(41.2022232694836,-3.23455339382863,-1.35574971986518));
#6602=CARTESIAN_POINT('',(44.9492052855247,-4.90281727070532,-2.64593909448789));
#6603=CARTESIAN_POINT('',(41.2022232694836,-3.23455339382863,1.35574971986519));
#6604=CARTESIAN_POINT('',(41.2022232694836,-3.23455339382863,-0.856198126906839));
#6605=CARTESIAN_POINT('',(40.2771711189343,-2.82269364099773,1.03722872069807));
#6606=CARTESIAN_POINT('Origin',(45.1525736070626,-4.44604454188402,-2.64593909448789));
#6607=CARTESIAN_POINT('',(41.2428075137929,-2.77778066500733,-1.82850900766483));
#6608=CARTESIAN_POINT('',(44.989789529834,-4.44604454188402,-3.11869838228755));
#6609=CARTESIAN_POINT('Origin',(41.4055915910215,-2.77778066500733,-1.35574971986518));
#6610=CARTESIAN_POINT('Origin',(51.9055915910215,0.,-5.49999999999999));
#6611=CARTESIAN_POINT('',(41.2428075137929,2.77778066500735,-1.82850900766483));
#6612=CARTESIAN_POINT('',(49.9945790287844,6.6743203907477,-4.84198560547833));
#6613=CARTESIAN_POINT('',(41.2428075137929,0.,-1.82850900766483));
#6614=CARTESIAN_POINT('Origin',(50.157363106013,6.6743203907477,-4.36922631767867));
#6615=CARTESIAN_POINT('',(41.2022232694836,3.23455339382866,-1.35574971986518));
#6616=CARTESIAN_POINT('',(49.9539947844751,7.131093119569,-4.36922631767867));
#6617=CARTESIAN_POINT('Origin',(41.4055915910215,2.77778066500735,-1.35574971986518));
#6618=CARTESIAN_POINT('Ctrl Pts',(32.3093341337014,7.22488159751936,-41.0962574573201));
#6619=CARTESIAN_POINT('Ctrl Pts',(32.3093341337014,7.55921220534709,-41.0962574573201));
#6620=CARTESIAN_POINT('Ctrl Pts',(32.4800247754195,8.30724113579238,-40.9255668156021));
#6621=CARTESIAN_POINT('Ctrl Pts',(32.9780131518896,8.64940759319751,-40.4275784391319));
#6622=CARTESIAN_POINT('Ctrl Pts',(33.2825641125943,8.64940759319752,-40.1230274784272));
#6623=CARTESIAN_POINT('Ctrl Pts',(32.4553733413909,7.22488159751936,-40.9502182496306));
#6624=CARTESIAN_POINT('Ctrl Pts',(32.4457991295267,7.51782816032566,-40.9594962313756));
#6625=CARTESIAN_POINT('Ctrl Pts',(32.5794354207686,8.18034199627427,-40.8258259047588));
#6626=CARTESIAN_POINT('Ctrl Pts',(33.0167369054845,8.47115443665376,-40.3886104068042));
#6627=CARTESIAN_POINT('Ctrl Pts',(33.2825641125943,8.45742137547814,-40.1230274784272));
#6628=CARTESIAN_POINT('Ctrl Pts',(32.6534248575088,7.22488159751936,-40.5650608092791));
#6629=CARTESIAN_POINT('Ctrl Pts',(32.6379591864636,7.43533208926204,-40.6055192733411));
#6630=CARTESIAN_POINT('Ctrl Pts',(32.7167188957745,7.92677536615726,-40.5647730832313));
#6631=CARTESIAN_POINT('Ctrl Pts',(33.0257550062485,8.11476649523907,-40.2426232289903));
#6632=CARTESIAN_POINT('Ctrl Pts',(33.2020895170218,8.07390795112532,-40.0425528828547));
#6633=CARTESIAN_POINT('Ctrl Pts',(32.5915584671244,7.22488159751937,-40.1364080283065));
#6634=CARTESIAN_POINT('Ctrl Pts',(32.6056893527089,7.38319944173071,-40.2034347859326));
#6635=CARTESIAN_POINT('Ctrl Pts',(32.6978940045436,7.73991520930007,-40.2425408671196));
#6636=CARTESIAN_POINT('Ctrl Pts',(32.8912563209157,7.85639283336968,-40.0026942833417));
#6637=CARTESIAN_POINT('Ctrl Pts',(32.9870817109863,7.81394996526692,-39.8275450768192));
#6638=CARTESIAN_POINT('Ctrl Pts',(32.501021398814,7.22488159751937,-39.9507795293445));
#6639=CARTESIAN_POINT('Ctrl Pts',(32.5359614360734,7.36987838441279,-40.0224172219623));
#6640=CARTESIAN_POINT('Ctrl Pts',(32.6515227563133,7.675557382035,-40.0858002674034));
#6641=CARTESIAN_POINT('Ctrl Pts',(32.7963571351695,7.76929104075639,-39.8764161314954));
#6642=CARTESIAN_POINT('Ctrl Pts',(32.8630635698837,7.73586213555492,-39.7035269357166));
#6643=CARTESIAN_POINT('',(32.501021398814,7.22488159751937,-39.9507795293445));
#6644=CARTESIAN_POINT('Origin',(31.6022273525149,7.22488159751936,-40.3891506761336));
#6645=CARTESIAN_POINT('',(32.8630635698837,7.73586213555492,-39.7035269357166));
#6646=CARTESIAN_POINT('Origin',(32.5754573314078,8.64940759319752,-39.4159206972407));
#6647=CARTESIAN_POINT('Origin',(32.7240034859002,7.00745317543845,-39.2673745427482));
#6648=CARTESIAN_POINT('Origin',(43.5970869120796,8.64940759319751,-28.3942911165688));
#6649=CARTESIAN_POINT('',(39.7035269357166,7.73586213555491,-32.8630635698837));
#6650=CARTESIAN_POINT('Origin',(39.4159206972407,8.64940759319751,-32.5754573314077));
#6651=CARTESIAN_POINT('',(43.8846931505555,7.73586213555491,-28.6818973550448));
#6652=CARTESIAN_POINT('Ctrl Pts',(40.1230274784272,8.64940759319751,-33.2825641125943));
#6653=CARTESIAN_POINT('Ctrl Pts',(40.4275784391319,8.64940759319751,-32.9780131518896));
#6654=CARTESIAN_POINT('Ctrl Pts',(40.9255668156021,8.30724113579239,-32.4800247754195));
#6655=CARTESIAN_POINT('Ctrl Pts',(41.0962574573201,7.5592122053471,-32.3093341337014));
#6656=CARTESIAN_POINT('Ctrl Pts',(41.0962574573201,7.22488159751938,-32.3093341337014));
#6657=CARTESIAN_POINT('Ctrl Pts',(40.1230274784272,8.45742137547814,-33.2825641125943));
#6658=CARTESIAN_POINT('Ctrl Pts',(40.3886104068042,8.47115443665376,-33.0167369054845));
#6659=CARTESIAN_POINT('Ctrl Pts',(40.8258259047588,8.18034199627428,-32.5794354207686));
#6660=CARTESIAN_POINT('Ctrl Pts',(40.9594962313756,7.51782816032568,-32.4457991295267));
#6661=CARTESIAN_POINT('Ctrl Pts',(40.9502182496306,7.22488159751938,-32.4553733413909));
#6662=CARTESIAN_POINT('Ctrl Pts',(40.0425528828547,8.07390795112532,-33.2020895170217));
#6663=CARTESIAN_POINT('Ctrl Pts',(40.2426232289903,8.11476649523907,-33.0257550062485));
#6664=CARTESIAN_POINT('Ctrl Pts',(40.5647730832314,7.92677536615726,-32.7167188957745));
#6665=CARTESIAN_POINT('Ctrl Pts',(40.6055192733411,7.43533208926205,-32.6379591864636));
#6666=CARTESIAN_POINT('Ctrl Pts',(40.5650608092791,7.22488159751937,-32.6534248575088));
#6667=CARTESIAN_POINT('Ctrl Pts',(39.8275450768192,7.81394996526691,-32.9870817109862));
#6668=CARTESIAN_POINT('Ctrl Pts',(40.0026942833417,7.85639283336967,-32.8912563209157));
#6669=CARTESIAN_POINT('Ctrl Pts',(40.2425408671196,7.73991520930007,-32.6978940045436));
#6670=CARTESIAN_POINT('Ctrl Pts',(40.2034347859326,7.38319944173072,-32.6056893527089));
#6671=CARTESIAN_POINT('Ctrl Pts',(40.1364080283065,7.22488159751937,-32.5915584671244));
#6672=CARTESIAN_POINT('Ctrl Pts',(39.7035269357166,7.73586213555491,-32.8630635698837));
#6673=CARTESIAN_POINT('Ctrl Pts',(39.8764161314954,7.76929104075638,-32.7963571351695));
#6674=CARTESIAN_POINT('Ctrl Pts',(40.0858002674035,7.675557382035,-32.6515227563133));
#6675=CARTESIAN_POINT('Ctrl Pts',(40.0224172219623,7.36987838441279,-32.5359614360734));
#6676=CARTESIAN_POINT('Ctrl Pts',(39.9507795293445,7.22488159751937,-32.501021398814));
#6677=CARTESIAN_POINT('',(39.9507795293445,7.22488159751937,-32.501021398814));
#6678=CARTESIAN_POINT('Origin',(40.3891506761336,7.22488159751938,-31.6022273525149));
#6679=CARTESIAN_POINT('Origin',(39.2673745427482,7.00745317543844,-32.7240034859002));
#6680=CARTESIAN_POINT('Origin',(40.3891506761336,0.,-31.6022273525149));
#6681=CARTESIAN_POINT('',(39.9507795293445,-7.22488159751937,-32.501021398814));
#6682=CARTESIAN_POINT('Origin',(40.3891506761336,-7.22488159751937,-31.6022273525149));
#6683=CARTESIAN_POINT('',(39.9507795293445,0.,-32.501021398814));
#6684=CARTESIAN_POINT('Ctrl Pts',(41.0962574573201,-7.22488159751936,-32.3093341337014));
#6685=CARTESIAN_POINT('Ctrl Pts',(41.0962574573201,-7.55921220534709,-32.3093341337014));
#6686=CARTESIAN_POINT('Ctrl Pts',(40.9255668156021,-8.30724113579239,-32.4800247754194));
#6687=CARTESIAN_POINT('Ctrl Pts',(40.4275784391319,-8.64940759319751,-32.9780131518896));
#6688=CARTESIAN_POINT('Ctrl Pts',(40.1230274784272,-8.64940759319751,-33.2825641125943));
#6689=CARTESIAN_POINT('Ctrl Pts',(40.9502182496307,-7.22488159751936,-32.4553733413909));
#6690=CARTESIAN_POINT('Ctrl Pts',(40.9594962313756,-7.51782816032567,-32.4457991295266));
#6691=CARTESIAN_POINT('Ctrl Pts',(40.8258259047588,-8.18034199627427,-32.5794354207685));
#6692=CARTESIAN_POINT('Ctrl Pts',(40.3886104068042,-8.47115443665376,-33.0167369054845));
#6693=CARTESIAN_POINT('Ctrl Pts',(40.1230274784272,-8.45742137547814,-33.2825641125943));
#6694=CARTESIAN_POINT('Ctrl Pts',(40.5650608092791,-7.22488159751937,-32.6534248575088));
#6695=CARTESIAN_POINT('Ctrl Pts',(40.6055192733411,-7.43533208926204,-32.6379591864636));
#6696=CARTESIAN_POINT('Ctrl Pts',(40.5647730832314,-7.92677536615726,-32.7167188957745));
#6697=CARTESIAN_POINT('Ctrl Pts',(40.2426232289903,-8.11476649523908,-33.0257550062485));
#6698=CARTESIAN_POINT('Ctrl Pts',(40.0425528828547,-8.07390795112532,-33.2020895170217));
#6699=CARTESIAN_POINT('Ctrl Pts',(40.1364080283065,-7.22488159751937,-32.5915584671244));
#6700=CARTESIAN_POINT('Ctrl Pts',(40.2034347859326,-7.38319944173072,-32.6056893527089));
#6701=CARTESIAN_POINT('Ctrl Pts',(40.2425408671197,-7.73991520930007,-32.6978940045436));
#6702=CARTESIAN_POINT('Ctrl Pts',(40.0026942833417,-7.85639283336968,-32.8912563209157));
#6703=CARTESIAN_POINT('Ctrl Pts',(39.8275450768192,-7.81394996526692,-32.9870817109862));
#6704=CARTESIAN_POINT('Ctrl Pts',(39.9507795293445,-7.22488159751937,-32.501021398814));
#6705=CARTESIAN_POINT('Ctrl Pts',(40.0224172219623,-7.36987838441279,-32.5359614360734));
#6706=CARTESIAN_POINT('Ctrl Pts',(40.0858002674035,-7.67555738203501,-32.6515227563133));
#6707=CARTESIAN_POINT('Ctrl Pts',(39.8764161314954,-7.76929104075639,-32.7963571351695));
#6708=CARTESIAN_POINT('Ctrl Pts',(39.7035269357166,-7.73586213555492,-32.8630635698837));
#6709=CARTESIAN_POINT('',(39.7035269357166,-7.73586213555491,-32.8630635698837));
#6710=CARTESIAN_POINT('Origin',(39.4159206972407,-8.64940759319751,-32.5754573314077));
#6711=CARTESIAN_POINT('Origin',(39.2673745427482,-7.00745317543844,-32.7240034859002));
#6712=CARTESIAN_POINT('Origin',(43.5970869120796,-8.64940759319751,-28.3942911165688));
#6713=CARTESIAN_POINT('',(32.8630635698837,-7.73586213555491,-39.7035269357166));
#6714=CARTESIAN_POINT('Origin',(32.5754573314078,-8.64940759319751,-39.4159206972407));
#6715=CARTESIAN_POINT('',(43.8846931505556,-7.73586213555491,-28.6818973550448));
#6716=CARTESIAN_POINT('Ctrl Pts',(33.2825641125943,-8.64940759319752,-40.1230274784272));
#6717=CARTESIAN_POINT('Ctrl Pts',(32.9780131518896,-8.64940759319752,-40.4275784391319));
#6718=CARTESIAN_POINT('Ctrl Pts',(32.4800247754195,-8.3072411357924,-40.9255668156021));
#6719=CARTESIAN_POINT('Ctrl Pts',(32.3093341337014,-7.5592122053471,-41.0962574573201));
#6720=CARTESIAN_POINT('Ctrl Pts',(32.3093341337014,-7.22488159751937,-41.0962574573201));
#6721=CARTESIAN_POINT('Ctrl Pts',(33.2825641125943,-8.45742137547814,-40.1230274784272));
#6722=CARTESIAN_POINT('Ctrl Pts',(33.0167369054845,-8.47115443665376,-40.3886104068042));
#6723=CARTESIAN_POINT('Ctrl Pts',(32.5794354207686,-8.18034199627428,-40.8258259047588));
#6724=CARTESIAN_POINT('Ctrl Pts',(32.4457991295267,-7.51782816032567,-40.9594962313756));
#6725=CARTESIAN_POINT('Ctrl Pts',(32.4553733413909,-7.22488159751937,-40.9502182496306));
#6726=CARTESIAN_POINT('Ctrl Pts',(33.2020895170218,-8.07390795112532,-40.0425528828547));
#6727=CARTESIAN_POINT('Ctrl Pts',(33.0257550062485,-8.11476649523908,-40.2426232289903));
#6728=CARTESIAN_POINT('Ctrl Pts',(32.7167188957745,-7.92677536615727,-40.5647730832313));
#6729=CARTESIAN_POINT('Ctrl Pts',(32.6379591864636,-7.43533208926204,-40.6055192733411));
#6730=CARTESIAN_POINT('Ctrl Pts',(32.6534248575088,-7.22488159751937,-40.5650608092791));
#6731=CARTESIAN_POINT('Ctrl Pts',(32.9870817109863,-7.81394996526692,-39.8275450768192));
#6732=CARTESIAN_POINT('Ctrl Pts',(32.8912563209157,-7.85639283336968,-40.0026942833417));
#6733=CARTESIAN_POINT('Ctrl Pts',(32.6978940045436,-7.73991520930008,-40.2425408671197));
#6734=CARTESIAN_POINT('Ctrl Pts',(32.6056893527089,-7.38319944173072,-40.2034347859326));
#6735=CARTESIAN_POINT('Ctrl Pts',(32.5915584671244,-7.22488159751937,-40.1364080283065));
#6736=CARTESIAN_POINT('Ctrl Pts',(32.8630635698837,-7.73586213555492,-39.7035269357166));
#6737=CARTESIAN_POINT('Ctrl Pts',(32.7963571351695,-7.76929104075639,-39.8764161314954));
#6738=CARTESIAN_POINT('Ctrl Pts',(32.6515227563133,-7.67555738203501,-40.0858002674035));
#6739=CARTESIAN_POINT('Ctrl Pts',(32.5359614360734,-7.36987838441279,-40.0224172219623));
#6740=CARTESIAN_POINT('Ctrl Pts',(32.501021398814,-7.22488159751937,-39.9507795293445));
#6741=CARTESIAN_POINT('',(32.5010213988141,-7.22488159751938,-39.9507795293445));
#6742=CARTESIAN_POINT('Origin',(31.6022273525149,-7.22488159751937,-40.3891506761336));
#6743=CARTESIAN_POINT('Origin',(32.7240034859002,-7.00745317543845,-39.2673745427482));
#6744=CARTESIAN_POINT('Origin',(31.6022273525149,0.,-40.3891506761336));
#6745=CARTESIAN_POINT('',(32.5010213988141,0.,-39.9507795293445));
#6746=CARTESIAN_POINT('Origin',(28.9246212024587,-3.10248446160609,-28.9246212024587));
#6747=CARTESIAN_POINT('',(28.1757116533056,-3.23455339382863,-30.0930312943225));
#6748=CARTESIAN_POINT('',(29.9129263900217,-4.90281727070532,-33.6548493426597));
#6749=CARTESIAN_POINT('',(30.0930312943225,-3.23455339382863,-28.1757116533056));
#6750=CARTESIAN_POINT('',(28.528947972239,-3.23455339382863,-29.7397949753891));
#6751=CARTESIAN_POINT('',(29.2136922872565,-2.82269364099773,-27.7468293631624));
#6752=CARTESIAN_POINT('Origin',(30.0567295092597,-4.44604454188402,-33.7986524618976));
#6753=CARTESIAN_POINT('',(27.870117749394,-2.77778066500734,-30.456019986955));
#6754=CARTESIAN_POINT('',(29.6073324861101,-4.44604454188402,-34.0178380352922));
#6755=CARTESIAN_POINT('Origin',(28.3195147725436,-2.77778066500734,-30.2368344135604));
#6756=CARTESIAN_POINT('Origin',(32.8137084989848,0.,-40.5918830920368));
#6757=CARTESIAN_POINT('',(27.870117749394,2.77778066500736,-30.456019986955));
#6758=CARTESIAN_POINT('',(31.9277049977789,6.6743203907477,-38.7753067098616));
#6759=CARTESIAN_POINT('',(27.870117749394,0.,-30.456019986955));
#6760=CARTESIAN_POINT('Origin',(32.3771020209284,6.6743203907477,-38.5561211364671));
#6761=CARTESIAN_POINT('',(28.1757116533056,3.23455339382866,-30.0930312943225));
#6762=CARTESIAN_POINT('',(32.2332989016905,7.131093119569,-38.4123180172291));
#6763=CARTESIAN_POINT('Origin',(28.3195147725436,2.77778066500736,-30.2368344135604));
#6764=CARTESIAN_POINT('Ctrl Pts',(-4.8369380324386,-8.64940759319751,-51.9055915910215));
#6765=CARTESIAN_POINT('Ctrl Pts',(-5.15996310673533,-8.64940759319752,-51.9055915910215));
#6766=CARTESIAN_POINT('Ctrl Pts',(-5.88274319075893,-8.39962116598225,-51.9055915910215));
#6767=CARTESIAN_POINT('Ctrl Pts',(-6.213293067897,-7.67065574128968,-51.9055915910215));
#6768=CARTESIAN_POINT('Ctrl Pts',(-6.213293067897,-7.22488159751938,-51.9055915910215));
#6769=CARTESIAN_POINT('Ctrl Pts',(-4.8369380324386,-8.45742137547814,-51.9055915910215));
#6770=CARTESIAN_POINT('Ctrl Pts',(-5.11876081523406,-8.46772117135985,-51.9054620426602));
#6771=CARTESIAN_POINT('Ctrl Pts',(-5.75321330278477,-8.26255131080643,-51.9054288990909));
#6772=CARTESIAN_POINT('Ctrl Pts',(-6.02453645833272,-7.61547701459445,-51.9053123025867));
#6773=CARTESIAN_POINT('Ctrl Pts',(-6.00676243974434,-7.22488159751938,-51.9055915910215));
#6774=CARTESIAN_POINT('Ctrl Pts',(-4.8369380324386,-8.07389934558713,-51.7917965779031));
#6775=CARTESIAN_POINT('Ctrl Pts',(-5.03655685253244,-8.10454325367245,-51.8043844055095));
#6776=CARTESIAN_POINT('Ctrl Pts',(-5.49431891016725,-7.9884901367515,-51.8187782335475));
#6777=CARTESIAN_POINT('Ctrl Pts',(-5.64708503200642,-7.50548225317627,-51.7968682301444));
#6778=CARTESIAN_POINT('Ctrl Pts',(-5.59435925178474,-7.22488159751937,-51.7733047989138));
#6779=CARTESIAN_POINT('Ctrl Pts',(-4.8369380324386,-7.81394996526692,-51.4877163712249));
#6780=CARTESIAN_POINT('Ctrl Pts',(-4.98064401352379,-7.84578211634399,-51.529784177617));
#6781=CARTESIAN_POINT('Ctrl Pts',(-5.29889435903307,-7.78222457725638,-51.5803509875315));
#6782=CARTESIAN_POINT('Ctrl Pts',(-5.3848849941674,-7.43597205646784,-51.5029544506397));
#6783=CARTESIAN_POINT('Ctrl Pts',(-5.33501428774422,-7.22488159751937,-51.4264382908272));
#6784=CARTESIAN_POINT('Ctrl Pts',(-4.8369380324386,-7.73586213555492,-51.3123282340973));
#6785=CARTESIAN_POINT('Ctrl Pts',(-4.96400280373679,-7.76093381445602,-51.3686401468927));
#6786=CARTESIAN_POINT('Ctrl Pts',(-5.22892750397767,-7.70870200495468,-51.438335415701));
#6787=CARTESIAN_POINT('Ctrl Pts',(-5.30237337357448,-7.4182106467106,-51.3316421928382));
#6788=CARTESIAN_POINT('Ctrl Pts',(-5.26777449229768,-7.22488159751937,-51.2311597454787));
#6789=CARTESIAN_POINT('',(-4.8369380324386,-7.73586213555491,-51.3123282340973));
#6790=CARTESIAN_POINT('Origin',(-4.8369380324386,-8.64940759319751,-50.9055915910215));
#6791=CARTESIAN_POINT('',(-5.26777449229768,-7.22488159751938,-51.2311597454787));
#6792=CARTESIAN_POINT('Origin',(-6.21329306789699,-7.22488159751938,-50.9055915910215));
#6793=CARTESIAN_POINT('Origin',(-4.62686204611699,-7.00745317543845,-50.9055915910215));
#6794=CARTESIAN_POINT('Origin',(-6.21329306789699,0.,-50.9055915910215));
#6795=CARTESIAN_POINT('',(-5.26777449229768,7.22488159751938,-51.2311597454787));
#6796=CARTESIAN_POINT('Origin',(-6.21329306789699,7.22488159751938,-50.9055915910215));
#6797=CARTESIAN_POINT('',(-5.26777449229767,0.,-51.2311597454787));
#6798=CARTESIAN_POINT('Ctrl Pts',(-6.213293067897,7.22488159751937,-51.9055915910215));
#6799=CARTESIAN_POINT('Ctrl Pts',(-6.213293067897,7.5592122053471,-51.9055915910215));
#6800=CARTESIAN_POINT('Ctrl Pts',(-5.97195327632427,8.30728882244404,-51.9055915910215));
#6801=CARTESIAN_POINT('Ctrl Pts',(-5.26763813150091,8.64940759319752,-51.9055915910215));
#6802=CARTESIAN_POINT('Ctrl Pts',(-4.8369380324386,8.64940759319752,-51.9055915910215));
#6803=CARTESIAN_POINT('Ctrl Pts',(-6.00676243974433,7.22488159751937,-51.9055915910215));
#6804=CARTESIAN_POINT('Ctrl Pts',(-6.02009295368563,7.51782816032568,-51.9053821246954));
#6805=CARTESIAN_POINT('Ctrl Pts',(-5.83113050307237,8.1803900025579,-51.9053831282173));
#6806=CARTESIAN_POINT('Ctrl Pts',(-5.21270174283256,8.47115443665376,-51.905418859873));
#6807=CARTESIAN_POINT('Ctrl Pts',(-4.8369380324386,8.45742137547814,-51.9055915910215));
#6808=CARTESIAN_POINT('Ctrl Pts',(-5.59435925178474,7.22488159751937,-51.7733047989138));
#6809=CARTESIAN_POINT('Ctrl Pts',(-5.633903586951,7.43533208926205,-51.7909773723368));
#6810=CARTESIAN_POINT('Ctrl Pts',(-5.54946875868066,7.9268191672659,-51.8178430327111));
#6811=CARTESIAN_POINT('Ctrl Pts',(-5.10309645923039,8.11475788970089,-51.8085803480449));
#6812=CARTESIAN_POINT('Ctrl Pts',(-4.8369380324386,8.07389934558714,-51.7917965779031));
#6813=CARTESIAN_POINT('Ctrl Pts',(-5.33501428774422,7.22488159751938,-51.4264382908272));
#6814=CARTESIAN_POINT('Ctrl Pts',(-5.3724173175616,7.38319944173072,-51.4838254106866));
#6815=CARTESIAN_POINT('Ctrl Pts',(-5.33489876651866,7.73995198260629,-51.5766958147595));
#6816=CARTESIAN_POINT('Ctrl Pts',(-5.02854600721886,7.85639283336968,-51.5438067797477));
#6817=CARTESIAN_POINT('Ctrl Pts',(-4.8369380324386,7.81394996526692,-51.4877163712249));
#6818=CARTESIAN_POINT('Ctrl Pts',(-5.26777449229768,7.22488159751938,-51.2311597454787));
#6819=CARTESIAN_POINT('Ctrl Pts',(-5.29372365325528,7.36987838441279,-51.3065215809983));
#6820=CARTESIAN_POINT('Ctrl Pts',(-5.25685268059164,7.67558219477054,-51.4330743837519));
#6821=CARTESIAN_POINT('Ctrl Pts',(-5.00635772750286,7.76929104075639,-51.3874107844912));
#6822=CARTESIAN_POINT('Ctrl Pts',(-4.8369380324386,7.73586213555492,-51.3123282340973));
#6823=CARTESIAN_POINT('',(-4.8369380324386,7.73586213555491,-51.3123282340973));
#6824=CARTESIAN_POINT('Origin',(-4.8369380324386,8.64940759319752,-50.9055915910215));
#6825=CARTESIAN_POINT('Origin',(-4.62686204611699,7.00745317543845,-50.9055915910215));
#6826=CARTESIAN_POINT('Origin',(10.75,8.64940759319752,-50.9055915910215));
#6827=CARTESIAN_POINT('',(4.83693803243863,7.73586213555492,-51.3123282340973));
#6828=CARTESIAN_POINT('Origin',(4.83693803243863,8.64940759319752,-50.9055915910215));
#6829=CARTESIAN_POINT('',(10.75,7.73586213555492,-51.3123282340973));
#6830=CARTESIAN_POINT('Ctrl Pts',(4.83693803243863,8.64940759319752,-51.9055915910215));
#6831=CARTESIAN_POINT('Ctrl Pts',(5.15996310673536,8.64940759319752,-51.9055915910215));
#6832=CARTESIAN_POINT('Ctrl Pts',(5.88274319075896,8.39962116598226,-51.9055915910215));
#6833=CARTESIAN_POINT('Ctrl Pts',(6.21329306789703,7.67065574128968,-51.9055915910215));
#6834=CARTESIAN_POINT('Ctrl Pts',(6.21329306789703,7.22488159751938,-51.9055915910215));
#6835=CARTESIAN_POINT('Ctrl Pts',(4.83693803243863,8.45742137547814,-51.9055915910215));
#6836=CARTESIAN_POINT('Ctrl Pts',(5.1187608152341,8.46772117135986,-51.9054620426602));
#6837=CARTESIAN_POINT('Ctrl Pts',(5.7532133027848,8.26255131080644,-51.9054288990909));
#6838=CARTESIAN_POINT('Ctrl Pts',(6.02453645833275,7.61547701459445,-51.9053123025867));
#6839=CARTESIAN_POINT('Ctrl Pts',(6.00676243974436,7.22488159751938,-51.9055915910215));
#6840=CARTESIAN_POINT('Ctrl Pts',(4.83693803243863,8.07389934558714,-51.7917965779031));
#6841=CARTESIAN_POINT('Ctrl Pts',(5.03655685253247,8.10454325367246,-51.8043844055095));
#6842=CARTESIAN_POINT('Ctrl Pts',(5.49431891016729,7.98849013675151,-51.8187782335476));
#6843=CARTESIAN_POINT('Ctrl Pts',(5.64708503200645,7.50548225317627,-51.7968682301444));
#6844=CARTESIAN_POINT('Ctrl Pts',(5.59435925178477,7.22488159751938,-51.7733047989138));
#6845=CARTESIAN_POINT('Ctrl Pts',(4.83693803243863,7.81394996526692,-51.4877163712249));
#6846=CARTESIAN_POINT('Ctrl Pts',(4.98064401352382,7.84578211634399,-51.529784177617));
#6847=CARTESIAN_POINT('Ctrl Pts',(5.2988943590331,7.78222457725639,-51.5803509875316));
#6848=CARTESIAN_POINT('Ctrl Pts',(5.38488499416743,7.43597205646784,-51.5029544506397));
#6849=CARTESIAN_POINT('Ctrl Pts',(5.33501428774425,7.22488159751938,-51.4264382908272));
#6850=CARTESIAN_POINT('Ctrl Pts',(4.83693803243863,7.73586213555492,-51.3123282340973));
#6851=CARTESIAN_POINT('Ctrl Pts',(4.96400280373682,7.76093381445602,-51.3686401468927));
#6852=CARTESIAN_POINT('Ctrl Pts',(5.22892750397771,7.70870200495469,-51.4383354157011));
#6853=CARTESIAN_POINT('Ctrl Pts',(5.30237337357451,7.4182106467106,-51.3316421928382));
#6854=CARTESIAN_POINT('Ctrl Pts',(5.26777449229771,7.22488159751938,-51.2311597454787));
#6855=CARTESIAN_POINT('',(5.26777449229771,7.22488159751938,-51.2311597454787));
#6856=CARTESIAN_POINT('Origin',(6.21329306789703,7.22488159751938,-50.9055915910215));
#6857=CARTESIAN_POINT('Origin',(4.62686204611702,7.00745317543845,-50.9055915910215));
#6858=CARTESIAN_POINT('Origin',(6.21329306789703,0.,-50.9055915910215));
#6859=CARTESIAN_POINT('',(5.26777449229771,-7.22488159751938,-51.2311597454787));
#6860=CARTESIAN_POINT('Origin',(6.21329306789703,-7.22488159751938,-50.9055915910215));
#6861=CARTESIAN_POINT('',(5.26777449229771,0.,-51.2311597454787));
#6862=CARTESIAN_POINT('Ctrl Pts',(6.21329306789702,-7.22488159751938,-51.9055915910215));
#6863=CARTESIAN_POINT('Ctrl Pts',(6.21329306789702,-7.67065574128969,-51.9055915910215));
#6864=CARTESIAN_POINT('Ctrl Pts',(5.88274319075896,-8.39962116598226,-51.9055915910215));
#6865=CARTESIAN_POINT('Ctrl Pts',(5.15996310673536,-8.64940759319752,-51.9055915910215));
#6866=CARTESIAN_POINT('Ctrl Pts',(4.83693803243862,-8.64940759319752,-51.9055915910215));
#6867=CARTESIAN_POINT('Ctrl Pts',(6.00676243974436,-7.22488159751938,-51.9055915910215));
#6868=CARTESIAN_POINT('Ctrl Pts',(6.02453645833275,-7.61547701459446,-51.9053123025867));
#6869=CARTESIAN_POINT('Ctrl Pts',(5.7532133027848,-8.26255131080644,-51.9054288990909));
#6870=CARTESIAN_POINT('Ctrl Pts',(5.11876081523409,-8.46772117135986,-51.9054620426602));
#6871=CARTESIAN_POINT('Ctrl Pts',(4.83693803243862,-8.45742137547814,-51.9055915910215));
#6872=CARTESIAN_POINT('Ctrl Pts',(5.59435925178477,-7.22488159751938,-51.7733047989138));
#6873=CARTESIAN_POINT('Ctrl Pts',(5.64708503200644,-7.50548225317628,-51.7968682301444));
#6874=CARTESIAN_POINT('Ctrl Pts',(5.49431891016728,-7.98849013675151,-51.8187782335476));
#6875=CARTESIAN_POINT('Ctrl Pts',(5.03655685253246,-8.10454325367245,-51.8043844055095));
#6876=CARTESIAN_POINT('Ctrl Pts',(4.83693803243862,-8.07389934558713,-51.7917965779031));
#6877=CARTESIAN_POINT('Ctrl Pts',(5.33501428774425,-7.22488159751938,-51.4264382908272));
#6878=CARTESIAN_POINT('Ctrl Pts',(5.38488499416742,-7.43597205646785,-51.5029544506397));
#6879=CARTESIAN_POINT('Ctrl Pts',(5.2988943590331,-7.78222457725639,-51.5803509875316));
#6880=CARTESIAN_POINT('Ctrl Pts',(4.98064401352382,-7.84578211634399,-51.529784177617));
#6881=CARTESIAN_POINT('Ctrl Pts',(4.83693803243863,-7.81394996526692,-51.4877163712249));
#6882=CARTESIAN_POINT('Ctrl Pts',(5.26777449229771,-7.22488159751938,-51.2311597454787));
#6883=CARTESIAN_POINT('Ctrl Pts',(5.30237337357451,-7.41821064671061,-51.3316421928382));
#6884=CARTESIAN_POINT('Ctrl Pts',(5.2289275039777,-7.70870200495469,-51.438335415701));
#6885=CARTESIAN_POINT('Ctrl Pts',(4.96400280373682,-7.76093381445602,-51.3686401468927));
#6886=CARTESIAN_POINT('Ctrl Pts',(4.83693803243863,-7.73586213555492,-51.3123282340973));
#6887=CARTESIAN_POINT('',(4.83693803243863,-7.73586213555491,-51.3123282340973));
#6888=CARTESIAN_POINT('Origin',(4.83693803243863,-8.64940759319752,-50.9055915910215));
#6889=CARTESIAN_POINT('Origin',(4.62686204611702,-7.00745317543845,-50.9055915910215));
#6890=CARTESIAN_POINT('Origin',(10.75,-8.64940759319752,-50.9055915910215));
#6891=CARTESIAN_POINT('',(10.75,-7.73586213555492,-51.3123282340973));
#6892=CARTESIAN_POINT('Origin',(1.7123962538137,0.,-40.9055915910215));
#6893=CARTESIAN_POINT('',(1.82850900766485,-2.77778066500734,-41.2428075137929));
#6894=CARTESIAN_POINT('',(1.50998800849774,-2.36592091217644,-40.3177553632436));
#6895=CARTESIAN_POINT('',(1.82850900766485,2.77778066500736,-41.2428075137929));
#6896=CARTESIAN_POINT('',(1.82850900766485,0.,-41.2428075137929));
#6897=CARTESIAN_POINT('',(3.23327523168852,4.59419676104012,-45.3225448621941));
#6898=CARTESIAN_POINT('Origin',(1.03722872069808,-2.36592091217644,-40.4805394404722));
#6899=CARTESIAN_POINT('',(1.35574971986519,-3.23455339382863,-41.2022232694836));
#6900=CARTESIAN_POINT('',(1.03722872069808,-2.82269364099774,-40.2771711189343));
#6901=CARTESIAN_POINT('Origin',(1.35574971986519,-2.77778066500733,-41.4055915910215));
#6902=CARTESIAN_POINT('Origin',(4.44089209850063E-15,-3.10248446160609,
-40.9055915910215));
#6903=CARTESIAN_POINT('',(-1.35574971986517,-3.23455339382863,-41.2022232694836));
#6904=CARTESIAN_POINT('',(-2.64593909448788,-4.90281727070532,-44.9492052855247));
#6905=CARTESIAN_POINT('',(-0.856198126906835,-3.23455339382863,-41.2022232694836));
#6906=CARTESIAN_POINT('Origin',(-2.64593909448788,-4.44604454188402,-45.1525736070626));
#6907=CARTESIAN_POINT('',(-1.82850900766483,-2.77778066500733,-41.2428075137929));
#6908=CARTESIAN_POINT('',(-3.11869838228754,-4.44604454188402,-44.989789529834));
#6909=CARTESIAN_POINT('Origin',(-1.35574971986517,-2.77778066500733,-41.4055915910215));
#6910=CARTESIAN_POINT('Ctrl Pts',(-40.1230274784272,-8.64940759319752,-33.2825641125943));
#6911=CARTESIAN_POINT('Ctrl Pts',(-40.3514406989557,-8.64940759319751,-33.0541508920658));
#6912=CARTESIAN_POINT('Ctrl Pts',(-40.8624908183619,-8.39956607411182,-32.5431007726596));
#6913=CARTESIAN_POINT('Ctrl Pts',(-41.0962574573201,-7.67065574128967,-32.3093341337014));
#6914=CARTESIAN_POINT('Ctrl Pts',(-41.0962574573201,-7.22488159751937,-32.3093341337014));
#6915=CARTESIAN_POINT('Ctrl Pts',(-40.1230274784272,-8.45742137547814,-33.2825641125943));
#6916=CARTESIAN_POINT('Ctrl Pts',(-40.3222146747099,-8.46772117135985,-33.083193707262));
#6917=CARTESIAN_POINT('Ctrl Pts',(-40.7707683830125,-8.26249640988858,-32.6345605703462));
#6918=CARTESIAN_POINT('Ctrl Pts',(-40.9625888919572,-7.61547701459444,-32.4426077255719));
#6919=CARTESIAN_POINT('Ctrl Pts',(-40.9502182496306,-7.22488159751937,-32.4553733413909));
#6920=CARTESIAN_POINT('Ctrl Pts',(-40.0425528828547,-8.07390795112532,-33.2020895170218));
#6921=CARTESIAN_POINT('Ctrl Pts',(-40.1926056424564,-8.10455185921064,-33.0698386339418));
#6922=CARTESIAN_POINT('Ctrl Pts',(-40.5264441070152,-7.98843691535378,-32.7563706874139));
#6923=CARTESIAN_POINT('Ctrl Pts',(-40.6190054280284,-7.50548225317627,-32.6328039627819));
#6924=CARTESIAN_POINT('Ctrl Pts',(-40.5650608092791,-7.22488159751937,-32.6534248575088));
#6925=CARTESIAN_POINT('Ctrl Pts',(-39.8275450768192,-7.81394996526692,-32.9870817109863));
#6926=CARTESIAN_POINT('Ctrl Pts',(-39.9589069817111,-7.84578211634398,-32.9152126684334));
#6927=CARTESIAN_POINT('Ctrl Pts',(-40.2196657744578,-7.78218698804782,-32.7259389678841));
#6928=CARTESIAN_POINT('Ctrl Pts',(-40.2257770384747,-7.43597205646784,-32.6103996479038));
#6929=CARTESIAN_POINT('Ctrl Pts',(-40.1364080283065,-7.22488159751937,-32.5915584671244));
#6930=CARTESIAN_POINT('Ctrl Pts',(-39.7035269357166,-7.73586213555492,-32.8630635698837));
#6931=CARTESIAN_POINT('Ctrl Pts',(-39.8331938325507,-7.76093381445602,-32.8130337438481));
#6932=CARTESIAN_POINT('Ctrl Pts',(-40.0697755823326,-7.70867453595125,-32.6749870673996));
#6933=CARTESIAN_POINT('Ctrl Pts',(-40.0462964528349,-7.4182106467106,-32.5476081151599));
#6934=CARTESIAN_POINT('Ctrl Pts',(-39.9507795293445,-7.22488159751937,-32.501021398814));
#6935=CARTESIAN_POINT('',(-39.7035269357166,-7.73586213555491,-32.8630635698837));
#6936=CARTESIAN_POINT('Origin',(-39.4159206972407,-8.64940759319752,-32.5754573314078));
#6937=CARTESIAN_POINT('',(-39.9507795293445,-7.22488159751937,-32.5010213988141));
#6938=CARTESIAN_POINT('Origin',(-40.3891506761336,-7.22488159751937,-31.6022273525149));
#6939=CARTESIAN_POINT('Origin',(-39.2673745427482,-7.00745317543845,-32.7240034859002));
#6940=CARTESIAN_POINT('Origin',(-40.3891506761336,0.,-31.6022273525149));
#6941=CARTESIAN_POINT('',(-39.9507795293445,7.22488159751938,-32.5010213988141));
#6942=CARTESIAN_POINT('Origin',(-40.3891506761336,7.22488159751938,-31.6022273525149));
#6943=CARTESIAN_POINT('',(-39.9507795293445,0.,-32.5010213988141));
#6944=CARTESIAN_POINT('Ctrl Pts',(-41.0962574573201,7.22488159751936,-32.3093341337014));
#6945=CARTESIAN_POINT('Ctrl Pts',(-41.0962574573201,7.67065574128967,-32.3093341337014));
#6946=CARTESIAN_POINT('Ctrl Pts',(-40.8624908183619,8.39956607411183,-32.5431007726596));
#6947=CARTESIAN_POINT('Ctrl Pts',(-40.3514406989557,8.64940759319752,-33.0541508920658));
#6948=CARTESIAN_POINT('Ctrl Pts',(-40.1230274784272,8.64940759319752,-33.2825641125943));
#6949=CARTESIAN_POINT('Ctrl Pts',(-40.9502182496306,7.22488159751936,-32.4553733413909));
#6950=CARTESIAN_POINT('Ctrl Pts',(-40.9625888919572,7.61547701459444,-32.4426077255719));
#6951=CARTESIAN_POINT('Ctrl Pts',(-40.7707683830125,8.26249640988858,-32.6345605703462));
#6952=CARTESIAN_POINT('Ctrl Pts',(-40.3222146747099,8.46772117135985,-33.083193707262));
#6953=CARTESIAN_POINT('Ctrl Pts',(-40.1230274784272,8.45742137547814,-33.2825641125943));
#6954=CARTESIAN_POINT('Ctrl Pts',(-40.5650608092791,7.22488159751936,-32.6534248575088));
#6955=CARTESIAN_POINT('Ctrl Pts',(-40.6190054280284,7.50548225317626,-32.6328039627818));
#6956=CARTESIAN_POINT('Ctrl Pts',(-40.5264441070152,7.98843691535378,-32.7563706874139));
#6957=CARTESIAN_POINT('Ctrl Pts',(-40.1926056424564,8.10455185921064,-33.0698386339418));
#6958=CARTESIAN_POINT('Ctrl Pts',(-40.0425528828547,8.07390795112532,-33.2020895170218));
#6959=CARTESIAN_POINT('Ctrl Pts',(-40.1364080283065,7.22488159751936,-32.5915584671244));
#6960=CARTESIAN_POINT('Ctrl Pts',(-40.2257770384747,7.43597205646783,-32.6103996479038));
#6961=CARTESIAN_POINT('Ctrl Pts',(-40.2196657744578,7.78218698804782,-32.7259389678841));
#6962=CARTESIAN_POINT('Ctrl Pts',(-39.9589069817111,7.84578211634399,-32.9152126684334));
#6963=CARTESIAN_POINT('Ctrl Pts',(-39.8275450768192,7.81394996526692,-32.9870817109863));
#6964=CARTESIAN_POINT('Ctrl Pts',(-39.9507795293445,7.22488159751937,-32.501021398814));
#6965=CARTESIAN_POINT('Ctrl Pts',(-40.0462964528349,7.41821064671059,-32.5476081151599));
#6966=CARTESIAN_POINT('Ctrl Pts',(-40.0697755823326,7.70867453595125,-32.6749870673996));
#6967=CARTESIAN_POINT('Ctrl Pts',(-39.8331938325507,7.76093381445602,-32.8130337438481));
#6968=CARTESIAN_POINT('Ctrl Pts',(-39.7035269357166,7.73586213555492,-32.8630635698837));
#6969=CARTESIAN_POINT('',(-39.7035269357166,7.73586213555492,-32.8630635698837));
#6970=CARTESIAN_POINT('Origin',(-39.4159206972407,8.64940759319752,-32.5754573314078));
#6971=CARTESIAN_POINT('Origin',(-39.2673745427482,7.00745317543845,-32.7240034859002));
#6972=CARTESIAN_POINT('Origin',(-28.3942911165688,8.64940759319751,-43.5970869120796));
#6973=CARTESIAN_POINT('',(-32.8630635698837,7.73586213555491,-39.7035269357166));
#6974=CARTESIAN_POINT('Origin',(-32.5754573314077,8.64940759319751,-39.4159206972407));
#6975=CARTESIAN_POINT('',(-28.6818973550448,7.73586213555491,-43.8846931505555));
#6976=CARTESIAN_POINT('Ctrl Pts',(-33.2825641125943,8.64940759319752,-40.1230274784272));
#6977=CARTESIAN_POINT('Ctrl Pts',(-33.0541508920658,8.64940759319752,-40.3514406989557));
#6978=CARTESIAN_POINT('Ctrl Pts',(-32.5431007726596,8.39956607411183,-40.8624908183619));
#6979=CARTESIAN_POINT('Ctrl Pts',(-32.3093341337014,7.67065574128968,-41.0962574573201));
#6980=CARTESIAN_POINT('Ctrl Pts',(-32.3093341337014,7.22488159751938,-41.0962574573201));
#6981=CARTESIAN_POINT('Ctrl Pts',(-33.2825641125943,8.45742137547814,-40.1230274784272));
#6982=CARTESIAN_POINT('Ctrl Pts',(-33.0831937072619,8.46772117135986,-40.3222146747099));
#6983=CARTESIAN_POINT('Ctrl Pts',(-32.6345605703462,8.26249640988858,-40.7707683830125));
#6984=CARTESIAN_POINT('Ctrl Pts',(-32.4426077255719,7.61547701459445,-40.9625888919573));
#6985=CARTESIAN_POINT('Ctrl Pts',(-32.4553733413909,7.22488159751938,-40.9502182496306));
#6986=CARTESIAN_POINT('Ctrl Pts',(-33.2020895170217,8.07390795112532,-40.0425528828547));
#6987=CARTESIAN_POINT('Ctrl Pts',(-33.0698386339418,8.10455185921064,-40.1926056424564));
#6988=CARTESIAN_POINT('Ctrl Pts',(-32.7563706874139,7.98843691535379,-40.5264441070152));
#6989=CARTESIAN_POINT('Ctrl Pts',(-32.6328039627818,7.50548225317627,-40.6190054280284));
#6990=CARTESIAN_POINT('Ctrl Pts',(-32.6534248575088,7.22488159751937,-40.5650608092791));
#6991=CARTESIAN_POINT('Ctrl Pts',(-32.9870817109863,7.81394996526692,-39.8275450768192));
#6992=CARTESIAN_POINT('Ctrl Pts',(-32.9152126684333,7.84578211634399,-39.9589069817111));
#6993=CARTESIAN_POINT('Ctrl Pts',(-32.7259389678841,7.78218698804782,-40.2196657744578));
#6994=CARTESIAN_POINT('Ctrl Pts',(-32.6103996479037,7.43597205646784,-40.2257770384747));
#6995=CARTESIAN_POINT('Ctrl Pts',(-32.5915584671244,7.22488159751937,-40.1364080283065));
#6996=CARTESIAN_POINT('Ctrl Pts',(-32.8630635698837,7.73586213555492,-39.7035269357166));
#6997=CARTESIAN_POINT('Ctrl Pts',(-32.813033743848,7.76093381445602,-39.8331938325507));
#6998=CARTESIAN_POINT('Ctrl Pts',(-32.6749870673996,7.70867453595125,-40.0697755823326));
#6999=CARTESIAN_POINT('Ctrl Pts',(-32.5476081151599,7.4182106467106,-40.0462964528349));
#7000=CARTESIAN_POINT('Ctrl Pts',(-32.501021398814,7.22488159751937,-39.9507795293445));
#7001=CARTESIAN_POINT('',(-32.501021398814,7.22488159751937,-39.9507795293445));
#7002=CARTESIAN_POINT('Origin',(-31.6022273525149,7.22488159751938,-40.3891506761336));
#7003=CARTESIAN_POINT('Origin',(-32.7240034859002,7.00745317543844,-39.2673745427482));
#7004=CARTESIAN_POINT('Origin',(-31.6022273525149,0.,-40.3891506761336));
#7005=CARTESIAN_POINT('',(-32.501021398814,-7.22488159751937,-39.9507795293445));
#7006=CARTESIAN_POINT('Origin',(-31.6022273525149,-7.22488159751937,-40.3891506761336));
#7007=CARTESIAN_POINT('',(-32.501021398814,0.,-39.9507795293445));
#7008=CARTESIAN_POINT('Ctrl Pts',(-32.3093341337014,-7.22488159751937,-41.0962574573201));
#7009=CARTESIAN_POINT('Ctrl Pts',(-32.3093341337014,-7.67065574128967,-41.0962574573201));
#7010=CARTESIAN_POINT('Ctrl Pts',(-32.5431007726596,-8.39956607411182,-40.8624908183619));
#7011=CARTESIAN_POINT('Ctrl Pts',(-33.0541508920658,-8.64940759319751,-40.3514406989557));
#7012=CARTESIAN_POINT('Ctrl Pts',(-33.2825641125943,-8.64940759319751,-40.1230274784272));
#7013=CARTESIAN_POINT('Ctrl Pts',(-32.4553733413909,-7.22488159751937,-40.9502182496307));
#7014=CARTESIAN_POINT('Ctrl Pts',(-32.4426077255719,-7.61547701459444,-40.9625888919573));
#7015=CARTESIAN_POINT('Ctrl Pts',(-32.6345605703462,-8.26249640988858,-40.7707683830125));
#7016=CARTESIAN_POINT('Ctrl Pts',(-33.0831937072619,-8.46772117135985,-40.32221467471));
#7017=CARTESIAN_POINT('Ctrl Pts',(-33.2825641125943,-8.45742137547814,-40.1230274784272));
#7018=CARTESIAN_POINT('Ctrl Pts',(-32.6534248575088,-7.22488159751937,-40.5650608092791));
#7019=CARTESIAN_POINT('Ctrl Pts',(-32.6328039627818,-7.50548225317627,-40.6190054280284));
#7020=CARTESIAN_POINT('Ctrl Pts',(-32.7563706874139,-7.98843691535379,-40.5264441070153));
#7021=CARTESIAN_POINT('Ctrl Pts',(-33.0698386339418,-8.10455185921064,-40.1926056424564));
#7022=CARTESIAN_POINT('Ctrl Pts',(-33.2020895170217,-8.07390795112532,-40.0425528828547));
#7023=CARTESIAN_POINT('Ctrl Pts',(-32.5915584671244,-7.22488159751937,-40.1364080283065));
#7024=CARTESIAN_POINT('Ctrl Pts',(-32.6103996479037,-7.43597205646783,-40.2257770384747));
#7025=CARTESIAN_POINT('Ctrl Pts',(-32.7259389678841,-7.78218698804783,-40.2196657744578));
#7026=CARTESIAN_POINT('Ctrl Pts',(-32.9152126684333,-7.84578211634399,-39.9589069817111));
#7027=CARTESIAN_POINT('Ctrl Pts',(-32.9870817109862,-7.81394996526692,-39.8275450768192));
#7028=CARTESIAN_POINT('Ctrl Pts',(-32.501021398814,-7.22488159751937,-39.9507795293445));
#7029=CARTESIAN_POINT('Ctrl Pts',(-32.5476081151598,-7.4182106467106,-40.0462964528349));
#7030=CARTESIAN_POINT('Ctrl Pts',(-32.6749870673996,-7.70867453595126,-40.0697755823326));
#7031=CARTESIAN_POINT('Ctrl Pts',(-32.813033743848,-7.76093381445602,-39.8331938325507));
#7032=CARTESIAN_POINT('Ctrl Pts',(-32.8630635698837,-7.73586213555492,-39.7035269357166));
#7033=CARTESIAN_POINT('',(-32.8630635698837,-7.73586213555491,-39.7035269357166));
#7034=CARTESIAN_POINT('Origin',(-32.5754573314077,-8.64940759319751,-39.4159206972407));
#7035=CARTESIAN_POINT('Origin',(-32.7240034859002,-7.00745317543844,-39.2673745427482));
#7036=CARTESIAN_POINT('Origin',(-28.3942911165688,-8.64940759319751,-43.5970869120796));
#7037=CARTESIAN_POINT('',(-28.6818973550448,-7.73586213555491,-43.8846931505556));
#7038=CARTESIAN_POINT('Origin',(-27.7137741993086,0.,-30.1354682056088));
#7039=CARTESIAN_POINT('',(-27.870117749394,-2.77778066500734,-30.456019986955));
#7040=CARTESIAN_POINT('',(-27.4412354592508,-2.36592091217643,-29.576680979889));
#7041=CARTESIAN_POINT('',(-27.870117749394,2.77778066500736,-30.456019986955));
#7042=CARTESIAN_POINT('',(-27.870117749394,0.,-30.456019986955));
#7043=CARTESIAN_POINT('',(-29.7616079709195,4.59419676104012,-34.3341496544584));
#7044=CARTESIAN_POINT('Origin',(-27.8906324824003,-2.36592091217643,-29.3574954064945));
#7045=CARTESIAN_POINT('',(-28.1757116533056,-3.23455339382863,-30.0930312943225));
#7046=CARTESIAN_POINT('',(-27.7468293631624,-2.82269364099773,-29.2136922872565));
#7047=CARTESIAN_POINT('Origin',(-28.3195147725436,-2.77778066500733,-30.2368344135605));
#7048=CARTESIAN_POINT('Origin',(-28.9246212024587,-3.10248446160609,-28.9246212024587));
#7049=CARTESIAN_POINT('',(-30.0930312943225,-3.23455339382863,-28.1757116533056));
#7050=CARTESIAN_POINT('',(-33.6548493426597,-4.90281727070532,-29.9129263900217));
#7051=CARTESIAN_POINT('',(-29.7397949753891,-3.23455339382863,-28.528947972239));
#7052=CARTESIAN_POINT('Origin',(-33.7986524618976,-4.44604454188402,-30.0567295092597));
#7053=CARTESIAN_POINT('',(-30.456019986955,-2.77778066500734,-27.870117749394));
#7054=CARTESIAN_POINT('',(-34.0178380352922,-4.44604454188402,-29.6073324861101));
#7055=CARTESIAN_POINT('Origin',(-30.2368344135604,-2.77778066500734,-28.3195147725436));
#7056=CARTESIAN_POINT('Ctrl Pts',(-51.9055915910215,-7.22488159751938,-6.21329306789703));
#7057=CARTESIAN_POINT('Ctrl Pts',(-51.9055915910215,-7.55921220534711,-6.21329306789703));
#7058=CARTESIAN_POINT('Ctrl Pts',(-51.9055915910215,-8.30728882244405,-5.9719532763243));
#7059=CARTESIAN_POINT('Ctrl Pts',(-51.9055915910215,-8.64940759319752,-5.26763813150094));
#7060=CARTESIAN_POINT('Ctrl Pts',(-51.9055915910215,-8.64940759319752,-4.83693803243862));
#7061=CARTESIAN_POINT('Ctrl Pts',(-51.9055915910215,-7.22488159751938,-6.00676243974436));
#7062=CARTESIAN_POINT('Ctrl Pts',(-51.9053821246954,-7.51782816032569,-6.02009295368565));
#7063=CARTESIAN_POINT('Ctrl Pts',(-51.9053831282173,-8.18039000255791,-5.8311305030724));
#7064=CARTESIAN_POINT('Ctrl Pts',(-51.9054188598731,-8.47115443665377,-5.21270174283258));
#7065=CARTESIAN_POINT('Ctrl Pts',(-51.9055915910215,-8.45742137547815,-4.83693803243863));
#7066=CARTESIAN_POINT('Ctrl Pts',(-51.7733047989138,-7.22488159751938,-5.59435925178477));
#7067=CARTESIAN_POINT('Ctrl Pts',(-51.7909773723368,-7.43533208926206,-5.63390358695103));
#7068=CARTESIAN_POINT('Ctrl Pts',(-51.8178430327111,-7.9268191672659,-5.54946875868069));
#7069=CARTESIAN_POINT('Ctrl Pts',(-51.808580348045,-8.11475788970089,-5.10309645923041));
#7070=CARTESIAN_POINT('Ctrl Pts',(-51.7917965779031,-8.07389934558714,-4.83693803243863));
#7071=CARTESIAN_POINT('Ctrl Pts',(-51.4264382908272,-7.22488159751938,-5.33501428774425));
#7072=CARTESIAN_POINT('Ctrl Pts',(-51.4838254106866,-7.38319944173073,-5.37241731756163));
#7073=CARTESIAN_POINT('Ctrl Pts',(-51.5766958147595,-7.7399519826063,-5.33489876651869));
#7074=CARTESIAN_POINT('Ctrl Pts',(-51.5438067797477,-7.85639283336968,-5.02854600721889));
#7075=CARTESIAN_POINT('Ctrl Pts',(-51.4877163712249,-7.81394996526692,-4.83693803243863));
#7076=CARTESIAN_POINT('Ctrl Pts',(-51.2311597454787,-7.22488159751938,-5.26777449229771));
#7077=CARTESIAN_POINT('Ctrl Pts',(-51.3065215809983,-7.3698783844128,-5.29372365325531));
#7078=CARTESIAN_POINT('Ctrl Pts',(-51.433074383752,-7.67558219477055,-5.25685268059167));
#7079=CARTESIAN_POINT('Ctrl Pts',(-51.3874107844912,-7.76929104075639,-5.00635772750288));
#7080=CARTESIAN_POINT('Ctrl Pts',(-51.3123282340973,-7.73586213555492,-4.83693803243863));
#7081=CARTESIAN_POINT('',(-51.2311597454787,-7.22488159751938,-5.26777449229771));
#7082=CARTESIAN_POINT('Origin',(-50.9055915910215,-7.22488159751939,-6.21329306789703));
#7083=CARTESIAN_POINT('',(-51.3123282340973,-7.73586213555492,-4.83693803243863));
#7084=CARTESIAN_POINT('Origin',(-50.9055915910215,-8.64940759319752,-4.83693803243863));
#7085=CARTESIAN_POINT('Origin',(-50.9055915910215,-7.00745317543845,-4.62686204611702));
#7086=CARTESIAN_POINT('Origin',(-50.9055915910215,-8.64940759319752,-10.75));
#7087=CARTESIAN_POINT('',(-51.3123282340974,-7.73586213555492,4.8369380324386));
#7088=CARTESIAN_POINT('Origin',(-50.9055915910215,-8.64940759319752,4.8369380324386));
#7089=CARTESIAN_POINT('',(-51.3123282340974,-7.73586213555492,-10.75));
#7090=CARTESIAN_POINT('Ctrl Pts',(-51.9055915910215,-8.64940759319752,4.8369380324386));
#7091=CARTESIAN_POINT('Ctrl Pts',(-51.9055915910215,-8.64940759319752,5.15996310673533));
#7092=CARTESIAN_POINT('Ctrl Pts',(-51.9055915910215,-8.39962116598226,5.88274319075893));
#7093=CARTESIAN_POINT('Ctrl Pts',(-51.9055915910215,-7.67065574128969,6.213293067897));
#7094=CARTESIAN_POINT('Ctrl Pts',(-51.9055915910215,-7.22488159751938,6.213293067897));
#7095=CARTESIAN_POINT('Ctrl Pts',(-51.9055915910215,-8.45742137547815,4.8369380324386));
#7096=CARTESIAN_POINT('Ctrl Pts',(-51.9054620426602,-8.46772117135986,5.11876081523407));
#7097=CARTESIAN_POINT('Ctrl Pts',(-51.9054288990909,-8.26255131080644,5.75321330278477));
#7098=CARTESIAN_POINT('Ctrl Pts',(-51.9053123025867,-7.61547701459446,6.02453645833272));
#7099=CARTESIAN_POINT('Ctrl Pts',(-51.9055915910215,-7.22488159751938,6.00676243974434));
#7100=CARTESIAN_POINT('Ctrl Pts',(-51.7917965779031,-8.07389934558714,4.8369380324386));
#7101=CARTESIAN_POINT('Ctrl Pts',(-51.8043844055095,-8.10454325367246,5.03655685253244));
#7102=CARTESIAN_POINT('Ctrl Pts',(-51.8187782335476,-7.98849013675151,5.49431891016725));
#7103=CARTESIAN_POINT('Ctrl Pts',(-51.7968682301444,-7.50548225317628,5.64708503200642));
#7104=CARTESIAN_POINT('Ctrl Pts',(-51.7733047989138,-7.22488159751938,5.59435925178474));
#7105=CARTESIAN_POINT('Ctrl Pts',(-51.4877163712249,-7.81394996526692,4.8369380324386));
#7106=CARTESIAN_POINT('Ctrl Pts',(-51.529784177617,-7.84578211634399,4.98064401352379));
#7107=CARTESIAN_POINT('Ctrl Pts',(-51.5803509875316,-7.78222457725639,5.29889435903307));
#7108=CARTESIAN_POINT('Ctrl Pts',(-51.5029544506397,-7.43597205646785,5.3848849941674));
#7109=CARTESIAN_POINT('Ctrl Pts',(-51.4264382908272,-7.22488159751938,5.33501428774423));
#7110=CARTESIAN_POINT('Ctrl Pts',(-51.3123282340974,-7.73586213555492,4.8369380324386));
#7111=CARTESIAN_POINT('Ctrl Pts',(-51.3686401468927,-7.76093381445603,4.96400280373679));
#7112=CARTESIAN_POINT('Ctrl Pts',(-51.438335415701,-7.70870200495469,5.22892750397768));
#7113=CARTESIAN_POINT('Ctrl Pts',(-51.3316421928382,-7.4182106467106,5.30237337357449));
#7114=CARTESIAN_POINT('Ctrl Pts',(-51.2311597454787,-7.22488159751938,5.26777449229769));
#7115=CARTESIAN_POINT('',(-51.2311597454787,-7.22488159751938,5.26777449229768));
#7116=CARTESIAN_POINT('Origin',(-50.9055915910215,-7.22488159751938,6.213293067897));
#7117=CARTESIAN_POINT('Origin',(-50.9055915910215,-7.00745317543845,4.62686204611699));
#7118=CARTESIAN_POINT('Origin',(-50.9055915910215,0.,6.213293067897));
#7119=CARTESIAN_POINT('',(-51.2311597454787,7.22488159751938,5.26777449229768));
#7120=CARTESIAN_POINT('Origin',(-50.9055915910215,7.22488159751938,6.213293067897));
#7121=CARTESIAN_POINT('',(-51.2311597454787,0.,5.26777449229768));
#7122=CARTESIAN_POINT('Ctrl Pts',(-51.9055915910215,7.22488159751938,6.213293067897));
#7123=CARTESIAN_POINT('Ctrl Pts',(-51.9055915910215,7.67065574128969,6.213293067897));
#7124=CARTESIAN_POINT('Ctrl Pts',(-51.9055915910215,8.39962116598226,5.88274319075893));
#7125=CARTESIAN_POINT('Ctrl Pts',(-51.9055915910215,8.64940759319752,5.15996310673533));
#7126=CARTESIAN_POINT('Ctrl Pts',(-51.9055915910215,8.64940759319752,4.8369380324386));
#7127=CARTESIAN_POINT('Ctrl Pts',(-51.9055915910215,7.22488159751938,6.00676243974434));
#7128=CARTESIAN_POINT('Ctrl Pts',(-51.9053123025867,7.61547701459446,6.02453645833273));
#7129=CARTESIAN_POINT('Ctrl Pts',(-51.9054288990909,8.26255131080644,5.75321330278478));
#7130=CARTESIAN_POINT('Ctrl Pts',(-51.9054620426602,8.46772117135986,5.11876081523407));
#7131=CARTESIAN_POINT('Ctrl Pts',(-51.9055915910215,8.45742137547815,4.8369380324386));
#7132=CARTESIAN_POINT('Ctrl Pts',(-51.7733047989138,7.22488159751938,5.59435925178474));
#7133=CARTESIAN_POINT('Ctrl Pts',(-51.7968682301444,7.50548225317628,5.64708503200642));
#7134=CARTESIAN_POINT('Ctrl Pts',(-51.8187782335476,7.98849013675151,5.49431891016726));
#7135=CARTESIAN_POINT('Ctrl Pts',(-51.8043844055095,8.10454325367245,5.03655685253244));
#7136=CARTESIAN_POINT('Ctrl Pts',(-51.7917965779031,8.07389934558714,4.8369380324386));
#7137=CARTESIAN_POINT('Ctrl Pts',(-51.4264382908272,7.22488159751938,5.33501428774423));
#7138=CARTESIAN_POINT('Ctrl Pts',(-51.5029544506397,7.43597205646785,5.3848849941674));
#7139=CARTESIAN_POINT('Ctrl Pts',(-51.5803509875316,7.78222457725639,5.29889435903307));
#7140=CARTESIAN_POINT('Ctrl Pts',(-51.529784177617,7.84578211634399,4.9806440135238));
#7141=CARTESIAN_POINT('Ctrl Pts',(-51.4877163712249,7.81394996526692,4.8369380324386));
#7142=CARTESIAN_POINT('Ctrl Pts',(-51.2311597454787,7.22488159751938,5.26777449229769));
#7143=CARTESIAN_POINT('Ctrl Pts',(-51.3316421928382,7.41821064671061,5.30237337357449));
#7144=CARTESIAN_POINT('Ctrl Pts',(-51.438335415701,7.70870200495469,5.22892750397768));
#7145=CARTESIAN_POINT('Ctrl Pts',(-51.3686401468927,7.76093381445602,4.9640028037368));
#7146=CARTESIAN_POINT('Ctrl Pts',(-51.3123282340973,7.73586213555492,4.8369380324386));
#7147=CARTESIAN_POINT('',(-51.3123282340973,7.73586213555492,4.83693803243861));
#7148=CARTESIAN_POINT('Origin',(-50.9055915910215,8.64940759319752,4.8369380324386));
#7149=CARTESIAN_POINT('Origin',(-50.9055915910215,7.00745317543845,4.626862046117));
#7150=CARTESIAN_POINT('Origin',(-50.9055915910215,8.64940759319752,-10.75));
#7151=CARTESIAN_POINT('',(-51.3123282340973,7.73586213555492,-4.83693803243863));
#7152=CARTESIAN_POINT('Origin',(-50.9055915910215,8.64940759319752,-4.83693803243863));
#7153=CARTESIAN_POINT('',(-51.3123282340973,7.73586213555492,-10.75));
#7154=CARTESIAN_POINT('Ctrl Pts',(-51.9055915910215,8.64940759319752,-4.83693803243863));
#7155=CARTESIAN_POINT('Ctrl Pts',(-51.9055915910215,8.64940759319752,-5.15996310673536));
#7156=CARTESIAN_POINT('Ctrl Pts',(-51.9055915910216,8.39962116598226,-5.88274319075897));
#7157=CARTESIAN_POINT('Ctrl Pts',(-51.9055915910215,7.67065574128969,-6.21329306789703));
#7158=CARTESIAN_POINT('Ctrl Pts',(-51.9055915910215,7.22488159751938,-6.21329306789703));
#7159=CARTESIAN_POINT('Ctrl Pts',(-51.9055915910215,8.45742137547815,-4.83693803243863));
#7160=CARTESIAN_POINT('Ctrl Pts',(-51.9054620426602,8.46772117135986,-5.1187608152341));
#7161=CARTESIAN_POINT('Ctrl Pts',(-51.9054288990909,8.26255131080644,-5.75321330278481));
#7162=CARTESIAN_POINT('Ctrl Pts',(-51.9053123025867,7.61547701459446,-6.02453645833275));
#7163=CARTESIAN_POINT('Ctrl Pts',(-51.9055915910215,7.22488159751938,-6.00676243974437));
#7164=CARTESIAN_POINT('Ctrl Pts',(-51.7917965779031,8.07389934558715,-4.83693803243863));
#7165=CARTESIAN_POINT('Ctrl Pts',(-51.8043844055095,8.10454325367246,-5.03655685253247));
#7166=CARTESIAN_POINT('Ctrl Pts',(-51.8187782335476,7.98849013675152,-5.49431891016729));
#7167=CARTESIAN_POINT('Ctrl Pts',(-51.7968682301444,7.50548225317628,-5.64708503200645));
#7168=CARTESIAN_POINT('Ctrl Pts',(-51.7733047989138,7.22488159751938,-5.59435925178478));
#7169=CARTESIAN_POINT('Ctrl Pts',(-51.4877163712249,7.81394996526693,-4.83693803243863));
#7170=CARTESIAN_POINT('Ctrl Pts',(-51.529784177617,7.84578211634399,-4.98064401352383));
#7171=CARTESIAN_POINT('Ctrl Pts',(-51.5803509875316,7.78222457725639,-5.29889435903311));
#7172=CARTESIAN_POINT('Ctrl Pts',(-51.5029544506397,7.43597205646785,-5.38488499416743));
#7173=CARTESIAN_POINT('Ctrl Pts',(-51.4264382908272,7.22488159751938,-5.33501428774426));
#7174=CARTESIAN_POINT('Ctrl Pts',(-51.3123282340974,7.73586213555493,-4.83693803243863));
#7175=CARTESIAN_POINT('Ctrl Pts',(-51.3686401468927,7.76093381445603,-4.96400280373682));
#7176=CARTESIAN_POINT('Ctrl Pts',(-51.4383354157011,7.70870200495469,-5.22892750397771));
#7177=CARTESIAN_POINT('Ctrl Pts',(-51.3316421928382,7.41821064671061,-5.30237337357452));
#7178=CARTESIAN_POINT('Ctrl Pts',(-51.2311597454787,7.22488159751938,-5.26777449229772));
#7179=CARTESIAN_POINT('',(-51.2311597454787,7.22488159751938,-5.26777449229771));
#7180=CARTESIAN_POINT('Origin',(-50.9055915910215,7.22488159751938,-6.21329306789703));
#7181=CARTESIAN_POINT('Origin',(-50.9055915910215,7.00745317543845,-4.62686204611702));
#7182=CARTESIAN_POINT('Origin',(-50.9055915910215,0.,-6.21329306789703));
#7183=CARTESIAN_POINT('',(-51.2311597454787,0.,-5.26777449229771));
#7184=CARTESIAN_POINT('Origin',(-51.9055915910215,8.,-4.44089209850063E-15));
#7185=CARTESIAN_POINT('',(-41.2022232694836,3.23455339382866,-1.3557497198652));
#7186=CARTESIAN_POINT('',(-45.2819606178847,5.05096948986142,-2.76051594388886));
#7187=CARTESIAN_POINT('',(-41.2022232694836,3.23455339382866,1.35574971986518));
#7188=CARTESIAN_POINT('',(-41.2022232694836,3.23455339382866,0.856198126906836));
#7189=CARTESIAN_POINT('',(-49.9539947844751,7.131093119569,4.36922631767866));
#7190=CARTESIAN_POINT('Origin',(-45.4853289394226,4.59419676104012,-2.76051594388886));
#7191=CARTESIAN_POINT('',(-41.2428075137929,2.77778066500736,-1.82850900766485));
#7192=CARTESIAN_POINT('',(-45.3225448621941,4.59419676104012,-3.23327523168852));
#7193=CARTESIAN_POINT('Origin',(-41.4055915910215,2.77778066500736,-1.35574971986519));
#7194=CARTESIAN_POINT('Origin',(-40.9055915910215,0.,-1.7123962538137));
#7195=CARTESIAN_POINT('',(-41.2428075137929,-2.77778066500734,-1.82850900766485));
#7196=CARTESIAN_POINT('',(-40.3177553632436,-2.36592091217644,-1.50998800849774));
#7197=CARTESIAN_POINT('',(-41.2428075137929,0.,-1.82850900766485));
#7198=CARTESIAN_POINT('Origin',(-40.4805394404722,-2.36592091217644,-1.03722872069808));
#7199=CARTESIAN_POINT('',(-41.2022232694836,-3.23455339382863,-1.35574971986519));
#7200=CARTESIAN_POINT('',(-40.2771711189343,-2.82269364099774,-1.03722872069808));
#7201=CARTESIAN_POINT('Origin',(-41.4055915910215,-2.77778066500733,-1.35574971986519));
#7202=CARTESIAN_POINT('Ctrl Pts',(-41.0962574573201,-7.22488159751937,32.3093341337014));
#7203=CARTESIAN_POINT('Ctrl Pts',(-41.0962574573201,-7.5592122053471,32.3093341337014));
#7204=CARTESIAN_POINT('Ctrl Pts',(-40.9255668156021,-8.3072411357924,32.4800247754195));
#7205=CARTESIAN_POINT('Ctrl Pts',(-40.4275784391319,-8.64940759319752,32.9780131518896));
#7206=CARTESIAN_POINT('Ctrl Pts',(-40.1230274784272,-8.64940759319752,33.2825641125943));
#7207=CARTESIAN_POINT('Ctrl Pts',(-40.9502182496307,-7.22488159751937,32.4553733413909));
#7208=CARTESIAN_POINT('Ctrl Pts',(-40.9594962313756,-7.51782816032568,32.4457991295267));
#7209=CARTESIAN_POINT('Ctrl Pts',(-40.8258259047588,-8.18034199627428,32.5794354207686));
#7210=CARTESIAN_POINT('Ctrl Pts',(-40.3886104068042,-8.47115443665376,33.0167369054845));
#7211=CARTESIAN_POINT('Ctrl Pts',(-40.1230274784272,-8.45742137547814,33.2825641125943));
#7212=CARTESIAN_POINT('Ctrl Pts',(-40.5650608092791,-7.22488159751937,32.6534248575088));
#7213=CARTESIAN_POINT('Ctrl Pts',(-40.6055192733411,-7.43533208926205,32.6379591864636));
#7214=CARTESIAN_POINT('Ctrl Pts',(-40.5647730832314,-7.92677536615727,32.7167188957745));
#7215=CARTESIAN_POINT('Ctrl Pts',(-40.2426232289903,-8.11476649523908,33.0257550062485));
#7216=CARTESIAN_POINT('Ctrl Pts',(-40.0425528828547,-8.07390795112532,33.2020895170217));
#7217=CARTESIAN_POINT('Ctrl Pts',(-40.1364080283065,-7.22488159751938,32.5915584671244));
#7218=CARTESIAN_POINT('Ctrl Pts',(-40.2034347859326,-7.38319944173072,32.6056893527089));
#7219=CARTESIAN_POINT('Ctrl Pts',(-40.2425408671197,-7.73991520930008,32.6978940045436));
#7220=CARTESIAN_POINT('Ctrl Pts',(-40.0026942833417,-7.85639283336968,32.8912563209157));
#7221=CARTESIAN_POINT('Ctrl Pts',(-39.8275450768192,-7.81394996526692,32.9870817109862));
#7222=CARTESIAN_POINT('Ctrl Pts',(-39.9507795293445,-7.22488159751938,32.501021398814));
#7223=CARTESIAN_POINT('Ctrl Pts',(-40.0224172219623,-7.36987838441279,32.5359614360734));
#7224=CARTESIAN_POINT('Ctrl Pts',(-40.0858002674035,-7.67555738203501,32.6515227563133));
#7225=CARTESIAN_POINT('Ctrl Pts',(-39.8764161314954,-7.76929104075639,32.7963571351695));
#7226=CARTESIAN_POINT('Ctrl Pts',(-39.7035269357166,-7.73586213555492,32.8630635698837));
#7227=CARTESIAN_POINT('',(-39.9507795293445,-7.22488159751937,32.501021398814));
#7228=CARTESIAN_POINT('Origin',(-40.3891506761336,-7.22488159751938,31.6022273525149));
#7229=CARTESIAN_POINT('',(-39.7035269357166,-7.73586213555491,32.8630635698837));
#7230=CARTESIAN_POINT('Origin',(-39.4159206972407,-8.64940759319752,32.5754573314077));
#7231=CARTESIAN_POINT('Origin',(-39.2673745427482,-7.00745317543845,32.7240034859002));
#7232=CARTESIAN_POINT('Origin',(-43.5970869120796,-8.64940759319751,28.3942911165688));
#7233=CARTESIAN_POINT('',(-32.8630635698837,-7.73586213555492,39.7035269357166));
#7234=CARTESIAN_POINT('Origin',(-32.5754573314078,-8.64940759319751,39.4159206972407));
#7235=CARTESIAN_POINT('',(-43.8846931505556,-7.73586213555492,28.6818973550448));
#7236=CARTESIAN_POINT('Ctrl Pts',(-33.2825641125943,-8.64940759319752,40.1230274784272));
#7237=CARTESIAN_POINT('Ctrl Pts',(-32.9780131518896,-8.64940759319752,40.4275784391319));
#7238=CARTESIAN_POINT('Ctrl Pts',(-32.4800247754195,-8.3072411357924,40.925566815602));
#7239=CARTESIAN_POINT('Ctrl Pts',(-32.3093341337014,-7.5592122053471,41.0962574573201));
#7240=CARTESIAN_POINT('Ctrl Pts',(-32.3093341337014,-7.22488159751937,41.0962574573201));
#7241=CARTESIAN_POINT('Ctrl Pts',(-33.2825641125943,-8.45742137547814,40.1230274784272));
#7242=CARTESIAN_POINT('Ctrl Pts',(-33.0167369054845,-8.47115443665376,40.3886104068042));
#7243=CARTESIAN_POINT('Ctrl Pts',(-32.5794354207686,-8.18034199627428,40.8258259047588));
#7244=CARTESIAN_POINT('Ctrl Pts',(-32.4457991295267,-7.51782816032568,40.9594962313756));
#7245=CARTESIAN_POINT('Ctrl Pts',(-32.4553733413909,-7.22488159751937,40.9502182496306));
#7246=CARTESIAN_POINT('Ctrl Pts',(-33.2020895170218,-8.07390795112532,40.0425528828547));
#7247=CARTESIAN_POINT('Ctrl Pts',(-33.0257550062485,-8.11476649523908,40.2426232289903));
#7248=CARTESIAN_POINT('Ctrl Pts',(-32.7167188957745,-7.92677536615728,40.5647730832313));
#7249=CARTESIAN_POINT('Ctrl Pts',(-32.6379591864636,-7.43533208926205,40.6055192733411));
#7250=CARTESIAN_POINT('Ctrl Pts',(-32.6534248575088,-7.22488159751937,40.5650608092791));
#7251=CARTESIAN_POINT('Ctrl Pts',(-32.9870817109863,-7.81394996526691,39.8275450768192));
#7252=CARTESIAN_POINT('Ctrl Pts',(-32.8912563209157,-7.85639283336968,40.0026942833417));
#7253=CARTESIAN_POINT('Ctrl Pts',(-32.6978940045436,-7.73991520930008,40.2425408671197));
#7254=CARTESIAN_POINT('Ctrl Pts',(-32.6056893527089,-7.38319944173072,40.2034347859326));
#7255=CARTESIAN_POINT('Ctrl Pts',(-32.5915584671244,-7.22488159751937,40.1364080283065));
#7256=CARTESIAN_POINT('Ctrl Pts',(-32.8630635698837,-7.73586213555492,39.7035269357166));
#7257=CARTESIAN_POINT('Ctrl Pts',(-32.7963571351695,-7.76929104075639,39.8764161314954));
#7258=CARTESIAN_POINT('Ctrl Pts',(-32.6515227563133,-7.67555738203502,40.0858002674035));
#7259=CARTESIAN_POINT('Ctrl Pts',(-32.5359614360734,-7.36987838441279,40.0224172219623));
#7260=CARTESIAN_POINT('Ctrl Pts',(-32.501021398814,-7.22488159751937,39.9507795293445));
#7261=CARTESIAN_POINT('',(-32.5010213988141,-7.22488159751937,39.9507795293445));
#7262=CARTESIAN_POINT('Origin',(-31.6022273525149,-7.22488159751937,40.3891506761336));
#7263=CARTESIAN_POINT('Origin',(-32.7240034859002,-7.00745317543845,39.2673745427482));
#7264=CARTESIAN_POINT('Origin',(-31.6022273525149,0.,40.3891506761335));
#7265=CARTESIAN_POINT('',(-32.5010213988141,7.22488159751937,39.9507795293445));
#7266=CARTESIAN_POINT('Origin',(-31.6022273525149,7.22488159751937,40.3891506761335));
#7267=CARTESIAN_POINT('',(-32.5010213988141,0.,39.9507795293445));
#7268=CARTESIAN_POINT('Ctrl Pts',(-32.3093341337014,7.22488159751937,41.0962574573201));
#7269=CARTESIAN_POINT('Ctrl Pts',(-32.3093341337014,7.5592122053471,41.0962574573201));
#7270=CARTESIAN_POINT('Ctrl Pts',(-32.4800247754195,8.30724113579239,40.9255668156021));
#7271=CARTESIAN_POINT('Ctrl Pts',(-32.9780131518896,8.64940759319752,40.4275784391319));
#7272=CARTESIAN_POINT('Ctrl Pts',(-33.2825641125943,8.64940759319752,40.1230274784272));
#7273=CARTESIAN_POINT('Ctrl Pts',(-32.4553733413909,7.22488159751937,40.9502182496306));
#7274=CARTESIAN_POINT('Ctrl Pts',(-32.4457991295267,7.51782816032568,40.9594962313756));
#7275=CARTESIAN_POINT('Ctrl Pts',(-32.5794354207686,8.18034199627428,40.8258259047588));
#7276=CARTESIAN_POINT('Ctrl Pts',(-33.0167369054845,8.47115443665376,40.3886104068042));
#7277=CARTESIAN_POINT('Ctrl Pts',(-33.2825641125943,8.45742137547814,40.1230274784272));
#7278=CARTESIAN_POINT('Ctrl Pts',(-32.6534248575088,7.22488159751937,40.5650608092791));
#7279=CARTESIAN_POINT('Ctrl Pts',(-32.6379591864636,7.43533208926204,40.6055192733411));
#7280=CARTESIAN_POINT('Ctrl Pts',(-32.7167188957745,7.92677536615727,40.5647730832314));
#7281=CARTESIAN_POINT('Ctrl Pts',(-33.0257550062485,8.11476649523908,40.2426232289903));
#7282=CARTESIAN_POINT('Ctrl Pts',(-33.2020895170218,8.07390795112532,40.0425528828547));
#7283=CARTESIAN_POINT('Ctrl Pts',(-32.5915584671244,7.22488159751937,40.1364080283065));
#7284=CARTESIAN_POINT('Ctrl Pts',(-32.6056893527089,7.38319944173072,40.2034347859326));
#7285=CARTESIAN_POINT('Ctrl Pts',(-32.6978940045436,7.73991520930008,40.2425408671197));
#7286=CARTESIAN_POINT('Ctrl Pts',(-32.8912563209157,7.85639283336968,40.0026942833417));
#7287=CARTESIAN_POINT('Ctrl Pts',(-32.9870817109863,7.81394996526692,39.8275450768192));
#7288=CARTESIAN_POINT('Ctrl Pts',(-32.5010213988141,7.22488159751937,39.9507795293445));
#7289=CARTESIAN_POINT('Ctrl Pts',(-32.5359614360734,7.36987838441279,40.0224172219623));
#7290=CARTESIAN_POINT('Ctrl Pts',(-32.6515227563134,7.67555738203501,40.0858002674035));
#7291=CARTESIAN_POINT('Ctrl Pts',(-32.7963571351695,7.76929104075639,39.8764161314954));
#7292=CARTESIAN_POINT('Ctrl Pts',(-32.8630635698837,7.73586213555492,39.7035269357166));
#7293=CARTESIAN_POINT('',(-32.8630635698837,7.73586213555492,39.7035269357166));
#7294=CARTESIAN_POINT('Origin',(-32.5754573314078,8.64940759319752,39.4159206972407));
#7295=CARTESIAN_POINT('Origin',(-32.7240034859002,7.00745317543845,39.2673745427482));
#7296=CARTESIAN_POINT('Origin',(-43.5970869120796,8.64940759319752,28.3942911165688));
#7297=CARTESIAN_POINT('',(-39.7035269357166,7.73586213555492,32.8630635698837));
#7298=CARTESIAN_POINT('Origin',(-39.4159206972407,8.64940759319752,32.5754573314077));
#7299=CARTESIAN_POINT('',(-43.8846931505556,7.73586213555492,28.6818973550448));
#7300=CARTESIAN_POINT('Ctrl Pts',(-40.1230274784272,8.64940759319752,33.2825641125943));
#7301=CARTESIAN_POINT('Ctrl Pts',(-40.3514406989557,8.64940759319752,33.0541508920658));
#7302=CARTESIAN_POINT('Ctrl Pts',(-40.8624908183619,8.39956607411184,32.5431007726596));
#7303=CARTESIAN_POINT('Ctrl Pts',(-41.0962574573201,7.67065574128968,32.3093341337014));
#7304=CARTESIAN_POINT('Ctrl Pts',(-41.0962574573201,7.22488159751938,32.3093341337014));
#7305=CARTESIAN_POINT('Ctrl Pts',(-40.1230274784272,8.45742137547814,33.2825641125943));
#7306=CARTESIAN_POINT('Ctrl Pts',(-40.3222146747099,8.46772117135986,33.0831937072619));
#7307=CARTESIAN_POINT('Ctrl Pts',(-40.7707683830126,8.26249640988859,32.6345605703462));
#7308=CARTESIAN_POINT('Ctrl Pts',(-40.9625888919573,7.61547701459445,32.4426077255719));
#7309=CARTESIAN_POINT('Ctrl Pts',(-40.9502182496307,7.22488159751938,32.4553733413909));
#7310=CARTESIAN_POINT('Ctrl Pts',(-40.0425528828547,8.07390795112532,33.2020895170217));
#7311=CARTESIAN_POINT('Ctrl Pts',(-40.1926056424563,8.10455185921064,33.0698386339418));
#7312=CARTESIAN_POINT('Ctrl Pts',(-40.5264441070153,7.98843691535379,32.7563706874139));
#7313=CARTESIAN_POINT('Ctrl Pts',(-40.6190054280284,7.50548225317627,32.6328039627818));
#7314=CARTESIAN_POINT('Ctrl Pts',(-40.5650608092791,7.22488159751937,32.6534248575088));
#7315=CARTESIAN_POINT('Ctrl Pts',(-39.8275450768192,7.81394996526691,32.9870817109862));
#7316=CARTESIAN_POINT('Ctrl Pts',(-39.9589069817111,7.84578211634399,32.9152126684333));
#7317=CARTESIAN_POINT('Ctrl Pts',(-40.2196657744578,7.78218698804783,32.7259389678841));
#7318=CARTESIAN_POINT('Ctrl Pts',(-40.2257770384747,7.43597205646784,32.6103996479037));
#7319=CARTESIAN_POINT('Ctrl Pts',(-40.1364080283065,7.22488159751938,32.5915584671244));
#7320=CARTESIAN_POINT('Ctrl Pts',(-39.7035269357166,7.73586213555492,32.8630635698837));
#7321=CARTESIAN_POINT('Ctrl Pts',(-39.8331938325507,7.76093381445602,32.813033743848));
#7322=CARTESIAN_POINT('Ctrl Pts',(-40.0697755823326,7.70867453595126,32.6749870673996));
#7323=CARTESIAN_POINT('Ctrl Pts',(-40.0462964528349,7.4182106467106,32.5476081151599));
#7324=CARTESIAN_POINT('Ctrl Pts',(-39.9507795293445,7.22488159751938,32.501021398814));
#7325=CARTESIAN_POINT('',(-39.9507795293445,7.22488159751938,32.501021398814));
#7326=CARTESIAN_POINT('Origin',(-40.3891506761336,7.22488159751938,31.6022273525149));
#7327=CARTESIAN_POINT('Origin',(-39.2673745427482,7.00745317543845,32.7240034859002));
#7328=CARTESIAN_POINT('Origin',(-40.3891506761336,0.,31.6022273525149));
#7329=CARTESIAN_POINT('',(-39.9507795293445,0.,32.501021398814));
#7330=CARTESIAN_POINT('Origin',(-36.7027957955108,8.,36.7027957955108));
#7331=CARTESIAN_POINT('',(-30.0930312943225,3.23455339382866,28.1757116533056));
#7332=CARTESIAN_POINT('',(-33.9711609618259,5.05096948986142,30.0672018748311));
#7333=CARTESIAN_POINT('',(-28.1757116533056,3.23455339382866,30.0930312943225));
#7334=CARTESIAN_POINT('',(-28.528947972239,3.23455339382866,29.7397949753891));
#7335=CARTESIAN_POINT('',(-32.2332989016905,7.131093119569,38.4123180172291));
#7336=CARTESIAN_POINT('Origin',(-34.1149640810639,4.59419676104012,30.2110049940691));
#7337=CARTESIAN_POINT('',(-30.456019986955,2.77778066500736,27.870117749394));
#7338=CARTESIAN_POINT('',(-34.3341496544584,4.59419676104012,29.7616079709195));
#7339=CARTESIAN_POINT('Origin',(-30.2368344135605,2.77778066500736,28.3195147725436));
#7340=CARTESIAN_POINT('Origin',(-30.1354682056088,0.,27.7137741993086));
#7341=CARTESIAN_POINT('',(-30.456019986955,-2.77778066500734,27.870117749394));
#7342=CARTESIAN_POINT('',(-29.576680979889,-2.36592091217643,27.4412354592508));
#7343=CARTESIAN_POINT('',(-30.456019986955,0.,27.870117749394));
#7344=CARTESIAN_POINT('Origin',(-29.3574954064945,-2.36592091217643,27.8906324824003));
#7345=CARTESIAN_POINT('',(-30.0930312943225,-3.23455339382863,28.1757116533056));
#7346=CARTESIAN_POINT('',(-29.2136922872565,-2.82269364099773,27.7468293631624));
#7347=CARTESIAN_POINT('Origin',(-30.2368344135604,-2.77778066500733,28.3195147725436));
#7348=CARTESIAN_POINT('Ctrl Pts',(4.8369380324386,-8.64940759319751,51.9055915910215));
#7349=CARTESIAN_POINT('Ctrl Pts',(5.15996310673533,-8.64940759319751,51.9055915910215));
#7350=CARTESIAN_POINT('Ctrl Pts',(5.88274319075893,-8.39962116598225,51.9055915910215));
#7351=CARTESIAN_POINT('Ctrl Pts',(6.213293067897,-7.67065574128968,51.9055915910215));
#7352=CARTESIAN_POINT('Ctrl Pts',(6.213293067897,-7.22488159751937,51.9055915910215));
#7353=CARTESIAN_POINT('Ctrl Pts',(4.8369380324386,-8.45742137547814,51.9055915910215));
#7354=CARTESIAN_POINT('Ctrl Pts',(5.11876081523407,-8.46772117135985,51.9054620426601));
#7355=CARTESIAN_POINT('Ctrl Pts',(5.75321330278478,-8.26255131080643,51.9054288990909));
#7356=CARTESIAN_POINT('Ctrl Pts',(6.02453645833273,-7.61547701459445,51.9053123025867));
#7357=CARTESIAN_POINT('Ctrl Pts',(6.00676243974434,-7.22488159751937,51.9055915910215));
#7358=CARTESIAN_POINT('Ctrl Pts',(4.8369380324386,-8.07389934558713,51.7917965779031));
#7359=CARTESIAN_POINT('Ctrl Pts',(5.03655685253244,-8.10454325367245,51.8043844055095));
#7360=CARTESIAN_POINT('Ctrl Pts',(5.49431891016726,-7.9884901367515,51.8187782335476));
#7361=CARTESIAN_POINT('Ctrl Pts',(5.64708503200642,-7.50548225317627,51.7968682301444));
#7362=CARTESIAN_POINT('Ctrl Pts',(5.59435925178475,-7.22488159751937,51.7733047989138));
#7363=CARTESIAN_POINT('Ctrl Pts',(4.8369380324386,-7.81394996526691,51.4877163712248));
#7364=CARTESIAN_POINT('Ctrl Pts',(4.9806440135238,-7.84578211634398,51.529784177617));
#7365=CARTESIAN_POINT('Ctrl Pts',(5.29889435903308,-7.78222457725638,51.5803509875315));
#7366=CARTESIAN_POINT('Ctrl Pts',(5.3848849941674,-7.43597205646784,51.5029544506397));
#7367=CARTESIAN_POINT('Ctrl Pts',(5.33501428774423,-7.22488159751937,51.4264382908272));
#7368=CARTESIAN_POINT('Ctrl Pts',(4.8369380324386,-7.73586213555491,51.3123282340973));
#7369=CARTESIAN_POINT('Ctrl Pts',(4.9640028037368,-7.76093381445602,51.3686401468927));
#7370=CARTESIAN_POINT('Ctrl Pts',(5.22892750397768,-7.70870200495468,51.438335415701));
#7371=CARTESIAN_POINT('Ctrl Pts',(5.30237337357449,-7.4182106467106,51.3316421928382));
#7372=CARTESIAN_POINT('Ctrl Pts',(5.26777449229769,-7.22488159751937,51.2311597454787));
#7373=CARTESIAN_POINT('',(4.8369380324386,-7.73586213555491,51.3123282340973));
#7374=CARTESIAN_POINT('Origin',(4.8369380324386,-8.64940759319751,50.9055915910215));
#7375=CARTESIAN_POINT('',(5.26777449229768,-7.22488159751937,51.2311597454787));
#7376=CARTESIAN_POINT('Origin',(6.213293067897,-7.22488159751937,50.9055915910215));
#7377=CARTESIAN_POINT('Origin',(4.626862046117,-7.00745317543844,50.9055915910215));
#7378=CARTESIAN_POINT('Origin',(6.213293067897,0.,50.9055915910215));
#7379=CARTESIAN_POINT('',(5.26777449229769,7.22488159751938,51.2311597454787));
#7380=CARTESIAN_POINT('Origin',(6.213293067897,7.22488159751938,50.9055915910215));
#7381=CARTESIAN_POINT('',(5.26777449229768,0.,51.2311597454787));
#7382=CARTESIAN_POINT('Ctrl Pts',(6.21329306789701,7.22488159751938,51.9055915910215));
#7383=CARTESIAN_POINT('Ctrl Pts',(6.21329306789701,7.67065574128968,51.9055915910215));
#7384=CARTESIAN_POINT('Ctrl Pts',(5.88274319075894,8.39962116598225,51.9055915910215));
#7385=CARTESIAN_POINT('Ctrl Pts',(5.15996310673534,8.64940759319752,51.9055915910215));
#7386=CARTESIAN_POINT('Ctrl Pts',(4.8369380324386,8.64940759319752,51.9055915910215));
#7387=CARTESIAN_POINT('Ctrl Pts',(6.00676243974434,7.22488159751938,51.9055915910215));
#7388=CARTESIAN_POINT('Ctrl Pts',(6.02453645833273,7.61547701459445,51.9053123025867));
#7389=CARTESIAN_POINT('Ctrl Pts',(5.75321330278478,8.26255131080643,51.9054288990909));
#7390=CARTESIAN_POINT('Ctrl Pts',(5.11876081523407,8.46772117135986,51.9054620426601));
#7391=CARTESIAN_POINT('Ctrl Pts',(4.83693803243861,8.45742137547814,51.9055915910215));
#7392=CARTESIAN_POINT('Ctrl Pts',(5.59435925178475,7.22488159751938,51.7733047989138));
#7393=CARTESIAN_POINT('Ctrl Pts',(5.64708503200643,7.50548225317627,51.7968682301444));
#7394=CARTESIAN_POINT('Ctrl Pts',(5.49431891016726,7.98849013675151,51.8187782335475));
#7395=CARTESIAN_POINT('Ctrl Pts',(5.03655685253244,8.10454325367245,51.8043844055095));
#7396=CARTESIAN_POINT('Ctrl Pts',(4.8369380324386,8.07389934558714,51.7917965779031));
#7397=CARTESIAN_POINT('Ctrl Pts',(5.33501428774423,7.22488159751938,51.4264382908272));
#7398=CARTESIAN_POINT('Ctrl Pts',(5.3848849941674,7.43597205646784,51.5029544506397));
#7399=CARTESIAN_POINT('Ctrl Pts',(5.29889435903307,7.78222457725638,51.5803509875315));
#7400=CARTESIAN_POINT('Ctrl Pts',(4.9806440135238,7.84578211634399,51.529784177617));
#7401=CARTESIAN_POINT('Ctrl Pts',(4.83693803243861,7.81394996526692,51.4877163712248));
#7402=CARTESIAN_POINT('Ctrl Pts',(5.26777449229769,7.22488159751938,51.2311597454787));
#7403=CARTESIAN_POINT('Ctrl Pts',(5.30237337357449,7.4182106467106,51.3316421928382));
#7404=CARTESIAN_POINT('Ctrl Pts',(5.22892750397768,7.70870200495468,51.438335415701));
#7405=CARTESIAN_POINT('Ctrl Pts',(4.9640028037368,7.76093381445602,51.3686401468927));
#7406=CARTESIAN_POINT('Ctrl Pts',(4.83693803243861,7.73586213555492,51.3123282340973));
#7407=CARTESIAN_POINT('',(4.83693803243861,7.73586213555491,51.3123282340973));
#7408=CARTESIAN_POINT('Origin',(4.83693803243861,8.64940759319752,50.9055915910215));
#7409=CARTESIAN_POINT('Origin',(4.626862046117,7.00745317543845,50.9055915910215));
#7410=CARTESIAN_POINT('Origin',(-10.75,8.64940759319751,50.9055915910215));
#7411=CARTESIAN_POINT('',(-4.83693803243862,7.73586213555491,51.3123282340973));
#7412=CARTESIAN_POINT('Origin',(-4.83693803243862,8.64940759319751,50.9055915910215));
#7413=CARTESIAN_POINT('',(-10.75,7.73586213555491,51.3123282340973));
#7414=CARTESIAN_POINT('Ctrl Pts',(-4.83693803243861,8.64940759319751,51.9055915910215));
#7415=CARTESIAN_POINT('Ctrl Pts',(-5.15996310673535,8.64940759319752,51.9055915910215));
#7416=CARTESIAN_POINT('Ctrl Pts',(-5.88274319075895,8.39962116598225,51.9055915910215));
#7417=CARTESIAN_POINT('Ctrl Pts',(-6.21329306789702,7.67065574128967,51.9055915910215));
#7418=CARTESIAN_POINT('Ctrl Pts',(-6.21329306789701,7.22488159751937,51.9055915910215));
#7419=CARTESIAN_POINT('Ctrl Pts',(-4.83693803243861,8.45742137547814,51.9055915910215));
#7420=CARTESIAN_POINT('Ctrl Pts',(-5.11876081523408,8.46772117135985,51.9054620426601));
#7421=CARTESIAN_POINT('Ctrl Pts',(-5.75321330278479,8.26255131080643,51.9054288990909));
#7422=CARTESIAN_POINT('Ctrl Pts',(-6.02453645833274,7.61547701459445,51.9053123025867));
#7423=CARTESIAN_POINT('Ctrl Pts',(-6.00676243974435,7.22488159751937,51.9055915910215));
#7424=CARTESIAN_POINT('Ctrl Pts',(-4.83693803243861,8.07389934558713,51.7917965779031));
#7425=CARTESIAN_POINT('Ctrl Pts',(-5.03655685253245,8.10454325367244,51.8043844055095));
#7426=CARTESIAN_POINT('Ctrl Pts',(-5.49431891016727,7.98849013675151,51.8187782335476));
#7427=CARTESIAN_POINT('Ctrl Pts',(-5.64708503200643,7.50548225317627,51.7968682301444));
#7428=CARTESIAN_POINT('Ctrl Pts',(-5.59435925178476,7.22488159751937,51.7733047989138));
#7429=CARTESIAN_POINT('Ctrl Pts',(-4.83693803243861,7.81394996526691,51.4877163712248));
#7430=CARTESIAN_POINT('Ctrl Pts',(-4.98064401352381,7.84578211634398,51.529784177617));
#7431=CARTESIAN_POINT('Ctrl Pts',(-5.29889435903309,7.78222457725638,51.5803509875316));
#7432=CARTESIAN_POINT('Ctrl Pts',(-5.38488499416741,7.43597205646784,51.5029544506397));
#7433=CARTESIAN_POINT('Ctrl Pts',(-5.33501428774424,7.22488159751937,51.4264382908272));
#7434=CARTESIAN_POINT('Ctrl Pts',(-4.83693803243862,7.73586213555491,51.3123282340973));
#7435=CARTESIAN_POINT('Ctrl Pts',(-4.96400280373681,7.76093381445602,51.3686401468927));
#7436=CARTESIAN_POINT('Ctrl Pts',(-5.22892750397769,7.70870200495468,51.438335415701));
#7437=CARTESIAN_POINT('Ctrl Pts',(-5.3023733735745,7.4182106467106,51.3316421928382));
#7438=CARTESIAN_POINT('Ctrl Pts',(-5.2677744922977,7.22488159751937,51.2311597454787));
#7439=CARTESIAN_POINT('',(-5.26777449229769,7.22488159751937,51.2311597454787));
#7440=CARTESIAN_POINT('Origin',(-6.21329306789701,7.22488159751937,50.9055915910215));
#7441=CARTESIAN_POINT('Origin',(-4.62686204611701,7.00745317543845,50.9055915910215));
#7442=CARTESIAN_POINT('Origin',(-6.21329306789701,0.,50.9055915910215));
#7443=CARTESIAN_POINT('',(-5.2677744922977,-7.22488159751937,51.2311597454787));
#7444=CARTESIAN_POINT('Origin',(-6.21329306789701,-7.22488159751937,50.9055915910215));
#7445=CARTESIAN_POINT('',(-5.2677744922977,0.,51.2311597454787));
#7446=CARTESIAN_POINT('Ctrl Pts',(-6.21329306789701,-7.22488159751937,51.9055915910215));
#7447=CARTESIAN_POINT('Ctrl Pts',(-6.21329306789701,-7.5592122053471,51.9055915910215));
#7448=CARTESIAN_POINT('Ctrl Pts',(-5.97195327632429,-8.30728882244404,51.9055915910215));
#7449=CARTESIAN_POINT('Ctrl Pts',(-5.26763813150093,-8.64940759319751,51.9055915910215));
#7450=CARTESIAN_POINT('Ctrl Pts',(-4.83693803243862,-8.64940759319751,51.9055915910215));
#7451=CARTESIAN_POINT('Ctrl Pts',(-6.00676243974435,-7.22488159751937,51.9055915910215));
#7452=CARTESIAN_POINT('Ctrl Pts',(-6.02009295368564,-7.51782816032568,51.9053821246954));
#7453=CARTESIAN_POINT('Ctrl Pts',(-5.83113050307239,-8.1803900025579,51.9053831282173));
#7454=CARTESIAN_POINT('Ctrl Pts',(-5.21270174283258,-8.47115443665376,51.905418859873));
#7455=CARTESIAN_POINT('Ctrl Pts',(-4.83693803243862,-8.45742137547814,51.9055915910215));
#7456=CARTESIAN_POINT('Ctrl Pts',(-5.59435925178476,-7.22488159751937,51.7733047989138));
#7457=CARTESIAN_POINT('Ctrl Pts',(-5.63390358695102,-7.43533208926205,51.7909773723367));
#7458=CARTESIAN_POINT('Ctrl Pts',(-5.54946875868068,-7.9268191672659,51.8178430327111));
#7459=CARTESIAN_POINT('Ctrl Pts',(-5.1030964592304,-8.11475788970089,51.8085803480449));
#7460=CARTESIAN_POINT('Ctrl Pts',(-4.83693803243862,-8.07389934558713,51.7917965779031));
#7461=CARTESIAN_POINT('Ctrl Pts',(-5.33501428774424,-7.22488159751937,51.4264382908272));
#7462=CARTESIAN_POINT('Ctrl Pts',(-5.37241731756162,-7.38319944173072,51.4838254106866));
#7463=CARTESIAN_POINT('Ctrl Pts',(-5.33489876651868,-7.73995198260629,51.5766958147595));
#7464=CARTESIAN_POINT('Ctrl Pts',(-5.02854600721888,-7.85639283336967,51.5438067797477));
#7465=CARTESIAN_POINT('Ctrl Pts',(-4.83693803243862,-7.81394996526692,51.4877163712248));
#7466=CARTESIAN_POINT('Ctrl Pts',(-5.2677744922977,-7.22488159751937,51.2311597454787));
#7467=CARTESIAN_POINT('Ctrl Pts',(-5.2937236532553,-7.36987838441279,51.3065215809983));
#7468=CARTESIAN_POINT('Ctrl Pts',(-5.25685268059166,-7.67558219477054,51.4330743837519));
#7469=CARTESIAN_POINT('Ctrl Pts',(-5.00635772750288,-7.76929104075639,51.3874107844912));
#7470=CARTESIAN_POINT('Ctrl Pts',(-4.83693803243862,-7.73586213555492,51.3123282340973));
#7471=CARTESIAN_POINT('',(-4.83693803243862,-7.73586213555491,51.3123282340973));
#7472=CARTESIAN_POINT('Origin',(-4.83693803243862,-8.64940759319751,50.9055915910215));
#7473=CARTESIAN_POINT('Origin',(-4.62686204611701,-7.00745317543844,50.9055915910215));
#7474=CARTESIAN_POINT('Origin',(-10.75,-8.64940759319751,50.9055915910215));
#7475=CARTESIAN_POINT('',(-10.75,-7.73586213555491,51.3123282340973));
#7476=CARTESIAN_POINT('Origin',(-1.71239625381369,0.,40.9055915910215));
#7477=CARTESIAN_POINT('',(-1.82850900766485,-2.77778066500734,41.2428075137929));
#7478=CARTESIAN_POINT('',(-1.50998800849773,-2.36592091217643,40.3177553632436));
#7479=CARTESIAN_POINT('',(-1.82850900766485,2.77778066500736,41.2428075137929));
#7480=CARTESIAN_POINT('',(-1.82850900766485,0.,41.2428075137929));
#7481=CARTESIAN_POINT('',(-3.23327523168851,4.59419676104012,45.3225448621941));
#7482=CARTESIAN_POINT('Origin',(-1.03722872069807,-2.36592091217643,40.4805394404722));
#7483=CARTESIAN_POINT('',(-1.35574971986519,-3.23455339382863,41.2022232694836));
#7484=CARTESIAN_POINT('',(-1.03722872069807,-2.82269364099773,40.2771711189343));
#7485=CARTESIAN_POINT('Origin',(-1.35574971986519,-2.77778066500733,41.4055915910215));
#7486=CARTESIAN_POINT('Origin',(0.,-3.10248446160609,40.9055915910215));
#7487=CARTESIAN_POINT('',(1.35574971986517,-3.23455339382863,41.2022232694836));
#7488=CARTESIAN_POINT('',(2.64593909448789,-4.90281727070532,44.9492052855247));
#7489=CARTESIAN_POINT('',(0.856198126906841,-3.23455339382863,41.2022232694836));
#7490=CARTESIAN_POINT('Origin',(2.64593909448789,-4.44604454188402,45.1525736070626));
#7491=CARTESIAN_POINT('',(1.82850900766483,-2.77778066500733,41.2428075137929));
#7492=CARTESIAN_POINT('',(3.11869838228755,-4.44604454188402,44.989789529834));
#7493=CARTESIAN_POINT('Origin',(1.35574971986517,-2.77778066500733,41.4055915910215));
#7494=CARTESIAN_POINT('Origin',(-30.2368344135604,2.77778066500736,28.3195147725436));
#7495=CARTESIAN_POINT('',(-29.8832810229672,2.77778066500736,27.9659613819503));
#7496=CARTESIAN_POINT('Origin',(-30.2368344135605,2.77778066500736,28.3195147725436));
#7497=CARTESIAN_POINT('Origin',(-30.2368344135604,2.77778066500736,28.3195147725436));
#7498=CARTESIAN_POINT('Origin',(-28.3195147725436,2.77778066500736,30.2368344135604));
#7499=CARTESIAN_POINT('',(-27.870117749394,2.77778066500736,30.456019986955));
#7500=CARTESIAN_POINT('',(-27.9659613819503,2.77778066500736,29.8832810229672));
#7501=CARTESIAN_POINT('Origin',(-28.3195147725436,2.77778066500736,30.2368344135604));
#7502=CARTESIAN_POINT('Origin',(-28.3195147725436,2.77778066500736,30.2368344135604));
#7503=CARTESIAN_POINT('Origin',(-28.3195147725436,2.77778066500736,30.2368344135604));
#7504=CARTESIAN_POINT('Origin',(-32.3771020209284,6.6743203907477,38.5561211364671));
#7505=CARTESIAN_POINT('',(-31.9277049977789,6.6743203907477,38.7753067098616));
#7506=CARTESIAN_POINT('Origin',(-28.672751091477,2.77778066500736,29.8835980946271));
#7507=CARTESIAN_POINT('',(-28.3191977008837,2.77778066500736,29.5300447040338));
#7508=CARTESIAN_POINT('Origin',(-30.2368344135605,-2.77778066500734,28.3195147725436));
#7509=CARTESIAN_POINT('',(-29.8832810229672,-2.77778066500733,27.9659613819503));
#7510=CARTESIAN_POINT('Origin',(-30.2368344135604,-2.77778066500733,28.3195147725436));
#7511=CARTESIAN_POINT('Origin',(-30.2368344135605,-2.77778066500734,28.3195147725436));
#7512=CARTESIAN_POINT('Origin',(-30.2368344135605,0.,28.3195147725436));
#7513=CARTESIAN_POINT('',(-29.8832810229672,0.,27.9659613819503));
#7514=CARTESIAN_POINT('Origin',(-28.3195147725436,-2.77778066500733,30.2368344135604));
#7515=CARTESIAN_POINT('',(-27.870117749394,-2.77778066500734,30.456019986955));
#7516=CARTESIAN_POINT('',(-28.1757116533056,-3.23455339382863,30.0930312943225));
#7517=CARTESIAN_POINT('Origin',(-28.3195147725436,-2.77778066500734,30.2368344135604));
#7518=CARTESIAN_POINT('',(-27.9659613819503,-2.77778066500733,29.8832810229672));
#7519=CARTESIAN_POINT('Origin',(-28.3195147725436,-2.77778066500733,30.2368344135604));
#7520=CARTESIAN_POINT('Origin',(-28.3195147725436,-2.77778066500733,30.2368344135604));
#7521=CARTESIAN_POINT('Origin',(-28.3195147725436,0.,30.2368344135604));
#7522=CARTESIAN_POINT('',(-27.9659613819503,0.,29.8832810229672));
#7523=CARTESIAN_POINT('',(-27.870117749394,0.,30.456019986955));
#7524=CARTESIAN_POINT('Origin',(-28.672751091477,-2.77778066500733,29.883598094627));
#7525=CARTESIAN_POINT('',(-28.3191977008837,-2.77778066500733,29.5300447040338));
#7526=CARTESIAN_POINT('',(-28.528947972239,-3.23455339382863,29.7397949753891));
#7527=CARTESIAN_POINT('Origin',(-30.0567295092597,-4.44604454188402,33.7986524618976));
#7528=CARTESIAN_POINT('',(-29.6073324861101,-4.44604454188402,34.0178380352922));
#7529=CARTESIAN_POINT('',(-29.9129263900217,-4.90281727070532,33.6548493426597));
#7530=CARTESIAN_POINT('Origin',(-28.9246212024587,-3.10248446160609,28.9246212024587));
#7531=CARTESIAN_POINT('Origin',(-27.7137741993086,0.,30.1354682056088));
#7532=CARTESIAN_POINT('Origin',(-41.4055915910215,2.77778066500736,-1.3557497198652));
#7533=CARTESIAN_POINT('',(-40.9055915910215,2.77778066500736,-1.35574971986519));
#7534=CARTESIAN_POINT('Origin',(-41.4055915910215,2.77778066500736,-1.35574971986519));
#7535=CARTESIAN_POINT('Origin',(-41.4055915910215,2.77778066500736,-1.3557497198652));
#7536=CARTESIAN_POINT('Origin',(-41.4055915910215,2.77778066500736,1.35574971986518));
#7537=CARTESIAN_POINT('',(-41.2428075137929,2.77778066500736,1.82850900766483));
#7538=CARTESIAN_POINT('',(-40.9055915910215,2.77778066500736,1.35574971986517));
#7539=CARTESIAN_POINT('Origin',(-41.4055915910215,2.77778066500736,1.35574971986517));
#7540=CARTESIAN_POINT('Origin',(-41.4055915910215,2.77778066500736,1.35574971986518));
#7541=CARTESIAN_POINT('Origin',(-41.4055915910215,2.77778066500736,1.35574971986517));
#7542=CARTESIAN_POINT('Origin',(-50.157363106013,6.6743203907477,4.36922631767866));
#7543=CARTESIAN_POINT('',(-49.9945790287844,6.6743203907477,4.84198560547832));
#7544=CARTESIAN_POINT('Origin',(-41.4055915910215,2.77778066500736,0.856198126906836));
#7545=CARTESIAN_POINT('',(-40.9055915910215,2.77778066500736,0.856198126906836));
#7546=CARTESIAN_POINT('Origin',(-41.4055915910215,-2.77778066500734,-1.35574971986519));
#7547=CARTESIAN_POINT('',(-40.9055915910215,-2.77778066500733,-1.35574971986519));
#7548=CARTESIAN_POINT('Origin',(-41.4055915910215,-2.77778066500733,-1.35574971986519));
#7549=CARTESIAN_POINT('Origin',(-41.4055915910215,-2.77778066500734,-1.35574971986519));
#7550=CARTESIAN_POINT('Origin',(-41.4055915910215,0.,-1.35574971986519));
#7551=CARTESIAN_POINT('',(-40.9055915910215,0.,-1.35574971986519));
#7552=CARTESIAN_POINT('Origin',(-41.4055915910215,-2.77778066500733,1.35574971986517));
#7553=CARTESIAN_POINT('',(-41.2428075137929,-2.77778066500733,1.82850900766483));
#7554=CARTESIAN_POINT('',(-41.2022232694836,-3.23455339382863,1.35574971986517));
#7555=CARTESIAN_POINT('Origin',(-41.4055915910215,-2.77778066500733,1.35574971986517));
#7556=CARTESIAN_POINT('',(-40.9055915910215,-2.77778066500733,1.35574971986517));
#7557=CARTESIAN_POINT('Origin',(-41.4055915910215,-2.77778066500733,1.35574971986517));
#7558=CARTESIAN_POINT('Origin',(-41.4055915910215,-2.77778066500733,1.35574971986517));
#7559=CARTESIAN_POINT('Origin',(-41.4055915910215,0.,1.35574971986517));
#7560=CARTESIAN_POINT('',(-40.9055915910215,0.,1.35574971986517));
#7561=CARTESIAN_POINT('',(-41.2428075137929,0.,1.82850900766483));
#7562=CARTESIAN_POINT('Origin',(-41.4055915910215,-2.77778066500733,0.856198126906835));
#7563=CARTESIAN_POINT('',(-40.9055915910215,-2.77778066500733,0.856198126906835));
#7564=CARTESIAN_POINT('',(-41.2022232694836,-3.23455339382863,0.856198126906835));
#7565=CARTESIAN_POINT('Origin',(-45.1525736070626,-4.44604454188402,2.64593909448788));
#7566=CARTESIAN_POINT('',(-44.989789529834,-4.44604454188402,3.11869838228754));
#7567=CARTESIAN_POINT('',(-44.9492052855247,-4.90281727070532,2.64593909448788));
#7568=CARTESIAN_POINT('Origin',(-40.9055915910215,-3.10248446160609,-4.44089209850063E-15));
#7569=CARTESIAN_POINT('Origin',(-40.9055915910215,0.,1.71239625381367));
#7570=CARTESIAN_POINT('Origin',(-28.3195147725436,2.77778066500736,-30.2368344135604));
#7571=CARTESIAN_POINT('',(-27.9659613819503,2.77778066500736,-29.8832810229672));
#7572=CARTESIAN_POINT('Origin',(-28.3195147725436,2.77778066500736,-30.2368344135605));
#7573=CARTESIAN_POINT('',(-28.1757116533056,3.23455339382866,-30.0930312943225));
#7574=CARTESIAN_POINT('Origin',(-28.3195147725436,2.77778066500736,-30.2368344135604));
#7575=CARTESIAN_POINT('Origin',(-28.3195147725436,2.77778066500736,-30.2368344135605));
#7576=CARTESIAN_POINT('Origin',(-30.2368344135604,2.77778066500736,-28.3195147725436));
#7577=CARTESIAN_POINT('',(-30.456019986955,2.77778066500736,-27.870117749394));
#7578=CARTESIAN_POINT('',(-29.8832810229672,2.77778066500736,-27.9659613819503));
#7579=CARTESIAN_POINT('Origin',(-30.2368344135604,2.77778066500736,-28.3195147725436));
#7580=CARTESIAN_POINT('',(-30.0930312943225,3.23455339382866,-28.1757116533056));
#7581=CARTESIAN_POINT('Origin',(-30.2368344135604,2.77778066500736,-28.3195147725436));
#7582=CARTESIAN_POINT('Origin',(-30.2368344135604,2.77778066500736,-28.3195147725436));
#7583=CARTESIAN_POINT('Origin',(-38.5561211364671,6.6743203907477,-32.3771020209284));
#7584=CARTESIAN_POINT('',(-38.4123180172291,7.131093119569,-32.2332989016905));
#7585=CARTESIAN_POINT('',(-38.7753067098616,6.6743203907477,-31.9277049977789));
#7586=CARTESIAN_POINT('Origin',(-29.8835980946271,2.77778066500736,-28.672751091477));
#7587=CARTESIAN_POINT('',(-29.5300447040338,2.77778066500736,-28.3191977008837));
#7588=CARTESIAN_POINT('',(-29.7397949753891,3.23455339382866,-28.528947972239));
#7589=CARTESIAN_POINT('Origin',(-28.3195147725436,-2.77778066500734,-30.2368344135605));
#7590=CARTESIAN_POINT('',(-27.9659613819503,-2.77778066500733,-29.8832810229672));
#7591=CARTESIAN_POINT('Origin',(-28.3195147725436,-2.77778066500733,-30.2368344135605));
#7592=CARTESIAN_POINT('Origin',(-28.3195147725436,-2.77778066500734,-30.2368344135605));
#7593=CARTESIAN_POINT('Origin',(-28.3195147725436,0.,-30.2368344135605));
#7594=CARTESIAN_POINT('',(-27.9659613819503,0.,-29.8832810229672));
#7595=CARTESIAN_POINT('Origin',(-30.2368344135604,-2.77778066500733,-28.3195147725436));
#7596=CARTESIAN_POINT('',(-29.8832810229672,-2.77778066500733,-27.9659613819503));
#7597=CARTESIAN_POINT('Origin',(-30.2368344135604,-2.77778066500733,-28.3195147725436));
#7598=CARTESIAN_POINT('Origin',(-30.2368344135604,-2.77778066500733,-28.3195147725436));
#7599=CARTESIAN_POINT('Origin',(-30.2368344135604,0.,-28.3195147725436));
#7600=CARTESIAN_POINT('',(-29.8832810229672,0.,-27.9659613819503));
#7601=CARTESIAN_POINT('',(-30.456019986955,0.,-27.870117749394));
#7602=CARTESIAN_POINT('Origin',(-29.8835980946271,-2.77778066500733,-28.672751091477));
#7603=CARTESIAN_POINT('',(-29.5300447040338,-2.77778066500733,-28.3191977008837));
#7604=CARTESIAN_POINT('Origin',(-30.2110049940691,4.59419676104012,-34.1149640810639));
#7605=CARTESIAN_POINT('',(-30.0672018748311,5.05096948986142,-33.9711609618259));
#7606=CARTESIAN_POINT('Origin',(-30.1354682056088,0.,-27.7137741993086));
#7607=CARTESIAN_POINT('Origin',(1.3557497198652,2.77778066500736,-41.4055915910215));
#7608=CARTESIAN_POINT('',(1.35574971986519,2.77778066500736,-40.9055915910215));
#7609=CARTESIAN_POINT('Origin',(1.35574971986519,2.77778066500736,-41.4055915910215));
#7610=CARTESIAN_POINT('',(1.3557497198652,3.23455339382866,-41.2022232694836));
#7611=CARTESIAN_POINT('Origin',(1.3557497198652,2.77778066500736,-41.4055915910215));
#7612=CARTESIAN_POINT('Origin',(1.35574971986519,2.77778066500736,-41.4055915910215));
#7613=CARTESIAN_POINT('Origin',(-1.35574971986518,2.77778066500736,-41.4055915910215));
#7614=CARTESIAN_POINT('',(-1.82850900766483,2.77778066500736,-41.2428075137929));
#7615=CARTESIAN_POINT('',(-1.35574971986517,2.77778066500736,-40.9055915910215));
#7616=CARTESIAN_POINT('Origin',(-1.35574971986517,2.77778066500736,-41.4055915910215));
#7617=CARTESIAN_POINT('',(-1.35574971986518,3.23455339382866,-41.2022232694836));
#7618=CARTESIAN_POINT('Origin',(-1.35574971986518,2.77778066500736,-41.4055915910215));
#7619=CARTESIAN_POINT('Origin',(-1.35574971986517,2.77778066500736,-41.4055915910215));
#7620=CARTESIAN_POINT('Origin',(-4.36922631767866,6.6743203907477,-50.157363106013));
#7621=CARTESIAN_POINT('',(-4.36922631767866,7.131093119569,-49.9539947844751));
#7622=CARTESIAN_POINT('',(-4.84198560547832,6.6743203907477,-49.9945790287844));
#7623=CARTESIAN_POINT('Origin',(-0.856198126906836,2.77778066500736,-41.4055915910215));
#7624=CARTESIAN_POINT('',(-0.856198126906836,2.77778066500736,-40.9055915910215));
#7625=CARTESIAN_POINT('',(-0.856198126906836,3.23455339382866,-41.2022232694836));
#7626=CARTESIAN_POINT('Origin',(1.35574971986519,-2.77778066500734,-41.4055915910215));
#7627=CARTESIAN_POINT('',(1.35574971986519,-2.77778066500733,-40.9055915910215));
#7628=CARTESIAN_POINT('Origin',(1.35574971986519,-2.77778066500733,-41.4055915910215));
#7629=CARTESIAN_POINT('Origin',(1.35574971986519,-2.77778066500734,-41.4055915910215));
#7630=CARTESIAN_POINT('Origin',(1.35574971986519,0.,-41.4055915910215));
#7631=CARTESIAN_POINT('',(1.35574971986519,0.,-40.9055915910215));
#7632=CARTESIAN_POINT('Origin',(-1.35574971986517,-2.77778066500733,-41.4055915910215));
#7633=CARTESIAN_POINT('',(-1.35574971986517,-2.77778066500733,-40.9055915910215));
#7634=CARTESIAN_POINT('Origin',(-1.35574971986517,-2.77778066500733,-41.4055915910215));
#7635=CARTESIAN_POINT('Origin',(-1.35574971986517,-2.77778066500733,-41.4055915910215));
#7636=CARTESIAN_POINT('Origin',(-1.35574971986517,0.,-41.4055915910215));
#7637=CARTESIAN_POINT('',(-1.35574971986517,0.,-40.9055915910215));
#7638=CARTESIAN_POINT('',(-1.82850900766483,0.,-41.2428075137929));
#7639=CARTESIAN_POINT('Origin',(-0.856198126906835,-2.77778066500733,-41.4055915910215));
#7640=CARTESIAN_POINT('',(-0.856198126906835,-2.77778066500733,-40.9055915910215));
#7641=CARTESIAN_POINT('Origin',(2.76051594388886,4.59419676104012,-45.4853289394226));
#7642=CARTESIAN_POINT('',(2.76051594388886,5.05096948986142,-45.2819606178847));
#7643=CARTESIAN_POINT('Origin',(-1.71239625381367,0.,-40.9055915910215));
#7644=CARTESIAN_POINT('Origin',(30.2368344135604,2.77778066500736,-28.3195147725436));
#7645=CARTESIAN_POINT('',(29.8832810229672,2.77778066500736,-27.9659613819503));
#7646=CARTESIAN_POINT('',(30.456019986955,2.77778066500736,-27.870117749394));
#7647=CARTESIAN_POINT('Origin',(30.2368344135605,2.77778066500736,-28.3195147725436));
#7648=CARTESIAN_POINT('',(30.0930312943225,3.23455339382866,-28.1757116533056));
#7649=CARTESIAN_POINT('Origin',(30.2368344135604,2.77778066500736,-28.3195147725436));
#7650=CARTESIAN_POINT('Origin',(30.2368344135605,2.77778066500736,-28.3195147725436));
#7651=CARTESIAN_POINT('Origin',(28.3195147725436,2.77778066500736,-30.2368344135604));
#7652=CARTESIAN_POINT('',(27.9659613819503,2.77778066500736,-29.8832810229672));
#7653=CARTESIAN_POINT('Origin',(28.3195147725436,2.77778066500736,-30.2368344135604));
#7654=CARTESIAN_POINT('Origin',(28.3195147725436,2.77778066500736,-30.2368344135604));
#7655=CARTESIAN_POINT('Origin',(28.672751091477,2.77778066500736,-29.8835980946271));
#7656=CARTESIAN_POINT('',(28.3191977008837,2.77778066500736,-29.5300447040338));
#7657=CARTESIAN_POINT('',(28.528947972239,3.23455339382866,-29.7397949753891));
#7658=CARTESIAN_POINT('Origin',(30.2368344135605,-2.77778066500734,-28.3195147725436));
#7659=CARTESIAN_POINT('',(29.8832810229672,-2.77778066500733,-27.9659613819503));
#7660=CARTESIAN_POINT('Origin',(30.2368344135605,-2.77778066500733,-28.3195147725436));
#7661=CARTESIAN_POINT('',(30.456019986955,-2.77778066500734,-27.870117749394));
#7662=CARTESIAN_POINT('Origin',(30.2368344135605,-2.77778066500734,-28.3195147725436));
#7663=CARTESIAN_POINT('Origin',(30.2368344135605,-2.77778066500733,-28.3195147725436));
#7664=CARTESIAN_POINT('Origin',(30.2368344135605,0.,-28.3195147725436));
#7665=CARTESIAN_POINT('',(30.456019986955,0.,-27.870117749394));
#7666=CARTESIAN_POINT('',(29.8832810229672,0.,-27.9659613819503));
#7667=CARTESIAN_POINT('Origin',(29.3574954064945,-2.36592091217643,-27.8906324824003));
#7668=CARTESIAN_POINT('',(29.576680979889,-2.36592091217643,-27.4412354592508));
#7669=CARTESIAN_POINT('Origin',(28.3195147725436,-2.77778066500733,-30.2368344135604));
#7670=CARTESIAN_POINT('',(27.9659613819503,-2.77778066500733,-29.8832810229672));
#7671=CARTESIAN_POINT('Origin',(28.3195147725436,-2.77778066500733,-30.2368344135604));
#7672=CARTESIAN_POINT('Origin',(28.3195147725436,-2.77778066500733,-30.2368344135604));
#7673=CARTESIAN_POINT('Origin',(28.3195147725436,0.,-30.2368344135604));
#7674=CARTESIAN_POINT('',(27.9659613819503,0.,-29.8832810229672));
#7675=CARTESIAN_POINT('Origin',(28.672751091477,-2.77778066500733,-29.8835980946271));
#7676=CARTESIAN_POINT('',(28.3191977008837,-2.77778066500733,-29.5300447040338));
#7677=CARTESIAN_POINT('Origin',(34.1149640810639,4.59419676104012,-30.2110049940691));
#7678=CARTESIAN_POINT('',(34.3341496544584,4.59419676104012,-29.7616079709195));
#7679=CARTESIAN_POINT('',(33.9711609618259,5.05096948986142,-30.0672018748311));
#7680=CARTESIAN_POINT('Origin',(30.1354682056088,0.,-27.7137741993086));
#7681=CARTESIAN_POINT('Origin',(27.7137741993086,0.,-30.1354682056088));
#7682=CARTESIAN_POINT('Origin',(41.4055915910215,2.77778066500736,1.35574971986519));
#7683=CARTESIAN_POINT('',(40.9055915910215,2.77778066500736,1.35574971986519));
#7684=CARTESIAN_POINT('',(41.2428075137929,2.77778066500736,1.82850900766485));
#7685=CARTESIAN_POINT('Origin',(41.4055915910215,2.77778066500736,1.35574971986519));
#7686=CARTESIAN_POINT('',(41.2022232694836,3.23455339382866,1.35574971986519));
#7687=CARTESIAN_POINT('Origin',(41.4055915910215,2.77778066500736,1.35574971986519));
#7688=CARTESIAN_POINT('Origin',(41.4055915910215,2.77778066500736,1.35574971986519));
#7689=CARTESIAN_POINT('Origin',(41.4055915910215,2.77778066500735,-1.35574971986518));
#7690=CARTESIAN_POINT('',(40.9055915910215,2.77778066500736,-1.35574971986518));
#7691=CARTESIAN_POINT('Origin',(41.4055915910215,2.77778066500735,-1.35574971986518));
#7692=CARTESIAN_POINT('Origin',(41.4055915910215,2.77778066500736,-1.35574971986518));
#7693=CARTESIAN_POINT('Origin',(41.4055915910215,2.77778066500736,-0.856198126906839));
#7694=CARTESIAN_POINT('',(40.9055915910215,2.77778066500736,-0.856198126906839));
#7695=CARTESIAN_POINT('',(41.2022232694836,3.23455339382866,-0.856198126906839));
#7696=CARTESIAN_POINT('Origin',(41.4055915910215,-2.77778066500733,1.35574971986519));
#7697=CARTESIAN_POINT('',(40.9055915910215,-2.77778066500733,1.35574971986519));
#7698=CARTESIAN_POINT('Origin',(41.4055915910215,-2.77778066500733,1.35574971986519));
#7699=CARTESIAN_POINT('',(41.2428075137929,-2.77778066500733,1.82850900766485));
#7700=CARTESIAN_POINT('Origin',(41.4055915910215,-2.77778066500733,1.35574971986519));
#7701=CARTESIAN_POINT('Origin',(41.4055915910215,-2.77778066500733,1.35574971986519));
#7702=CARTESIAN_POINT('Origin',(41.4055915910215,0.,1.35574971986519));
#7703=CARTESIAN_POINT('',(41.2428075137929,0.,1.82850900766485));
#7704=CARTESIAN_POINT('',(40.9055915910215,0.,1.35574971986519));
#7705=CARTESIAN_POINT('Origin',(40.4805394404722,-2.36592091217643,1.03722872069807));
#7706=CARTESIAN_POINT('',(40.3177553632436,-2.36592091217643,1.50998800849773));
#7707=CARTESIAN_POINT('Origin',(41.4055915910215,-2.77778066500733,-1.35574971986518));
#7708=CARTESIAN_POINT('',(40.9055915910215,-2.77778066500733,-1.35574971986518));
#7709=CARTESIAN_POINT('Origin',(41.4055915910215,-2.77778066500733,-1.35574971986518));
#7710=CARTESIAN_POINT('Origin',(41.4055915910215,-2.77778066500733,-1.35574971986518));
#7711=CARTESIAN_POINT('Origin',(41.4055915910215,0.,-1.35574971986518));
#7712=CARTESIAN_POINT('',(40.9055915910215,0.,-1.35574971986518));
#7713=CARTESIAN_POINT('Origin',(41.4055915910215,-2.77778066500733,-0.856198126906839));
#7714=CARTESIAN_POINT('',(40.9055915910215,-2.77778066500733,-0.856198126906839));
#7715=CARTESIAN_POINT('Origin',(45.4853289394226,4.59419676104012,2.76051594388885));
#7716=CARTESIAN_POINT('',(45.3225448621941,4.59419676104012,3.23327523168851));
#7717=CARTESIAN_POINT('',(45.2819606178847,5.05096948986141,2.76051594388885));
#7718=CARTESIAN_POINT('Origin',(40.9055915910215,0.,1.71239625381369));
#7719=CARTESIAN_POINT('Origin',(40.9055915910215,0.,-1.71239625381368));
#7720=CARTESIAN_POINT('Origin',(28.3195147725436,2.77778066500736,30.2368344135604));
#7721=CARTESIAN_POINT('',(27.9659613819503,2.77778066500736,29.8832810229672));
#7722=CARTESIAN_POINT('',(27.870117749394,2.77778066500736,30.456019986955));
#7723=CARTESIAN_POINT('Origin',(28.3195147725436,2.77778066500736,30.2368344135604));
#7724=CARTESIAN_POINT('',(28.1757116533056,3.23455339382866,30.0930312943225));
#7725=CARTESIAN_POINT('Origin',(28.3195147725436,2.77778066500736,30.2368344135604));
#7726=CARTESIAN_POINT('Origin',(28.3195147725436,2.77778066500736,30.2368344135604));
#7727=CARTESIAN_POINT('Origin',(30.2368344135604,2.77778066500736,28.3195147725436));
#7728=CARTESIAN_POINT('',(29.8832810229672,2.77778066500736,27.9659613819503));
#7729=CARTESIAN_POINT('Origin',(30.2368344135604,2.77778066500736,28.3195147725436));
#7730=CARTESIAN_POINT('Origin',(30.2368344135604,2.77778066500736,28.3195147725436));
#7731=CARTESIAN_POINT('Origin',(29.8835980946271,2.77778066500736,28.672751091477));
#7732=CARTESIAN_POINT('',(29.5300447040338,2.77778066500736,28.3191977008837));
#7733=CARTESIAN_POINT('',(29.7397949753891,3.23455339382866,28.528947972239));
#7734=CARTESIAN_POINT('Origin',(28.3195147725436,-2.77778066500734,30.2368344135604));
#7735=CARTESIAN_POINT('',(27.9659613819503,-2.77778066500734,29.8832810229672));
#7736=CARTESIAN_POINT('Origin',(28.3195147725436,-2.77778066500734,30.2368344135605));
#7737=CARTESIAN_POINT('',(27.870117749394,-2.77778066500734,30.456019986955));
#7738=CARTESIAN_POINT('Origin',(28.3195147725436,-2.77778066500734,30.2368344135604));
#7739=CARTESIAN_POINT('Origin',(28.3195147725436,-2.77778066500734,30.2368344135605));
#7740=CARTESIAN_POINT('Origin',(28.3195147725436,0.,30.2368344135604));
#7741=CARTESIAN_POINT('',(27.870117749394,0.,30.456019986955));
#7742=CARTESIAN_POINT('',(27.9659613819503,0.,29.8832810229672));
#7743=CARTESIAN_POINT('Origin',(27.8906324824003,-2.36592091217643,29.3574954064944));
#7744=CARTESIAN_POINT('',(27.4412354592508,-2.36592091217643,29.576680979889));
#7745=CARTESIAN_POINT('Origin',(30.2368344135604,-2.77778066500734,28.3195147725436));
#7746=CARTESIAN_POINT('',(29.8832810229672,-2.77778066500734,27.9659613819503));
#7747=CARTESIAN_POINT('Origin',(30.2368344135604,-2.77778066500734,28.3195147725436));
#7748=CARTESIAN_POINT('Origin',(30.2368344135604,-2.77778066500734,28.3195147725436));
#7749=CARTESIAN_POINT('Origin',(30.2368344135604,0.,28.3195147725436));
#7750=CARTESIAN_POINT('',(29.8832810229672,0.,27.9659613819503));
#7751=CARTESIAN_POINT('Origin',(29.8835980946271,-2.77778066500734,28.672751091477));
#7752=CARTESIAN_POINT('',(29.5300447040338,-2.77778066500734,28.3191977008837));
#7753=CARTESIAN_POINT('Origin',(30.2110049940691,4.59419676104012,34.1149640810639));
#7754=CARTESIAN_POINT('',(29.7616079709195,4.59419676104012,34.3341496544584));
#7755=CARTESIAN_POINT('',(30.0672018748311,5.05096948986142,33.9711609618259));
#7756=CARTESIAN_POINT('Origin',(27.7137741993086,0.,30.1354682056088));
#7757=CARTESIAN_POINT('Origin',(30.1354682056088,0.,27.7137741993086));
#7758=CARTESIAN_POINT('Origin',(-36.7027957955108,8.,-36.7027957955108));
#7759=CARTESIAN_POINT('Origin',(4.44089209850063E-15,8.,-51.9055915910215));
#7760=CARTESIAN_POINT('Origin',(36.7027957955108,8.,-36.7027957955108));
#7761=CARTESIAN_POINT('Origin',(51.9055915910215,8.,0.));
#7762=CARTESIAN_POINT('Origin',(36.7027957955108,8.,36.7027957955108));
#7763=CARTESIAN_POINT('Origin',(-32.8137084989848,0.,40.5918830920368));
#7764=CARTESIAN_POINT('Origin',(-51.9055915910215,0.,5.49999999999998));
#7765=CARTESIAN_POINT('Origin',(-40.5918830920368,0.,-32.8137084989848));
#7766=CARTESIAN_POINT('Origin',(-5.49999999999998,0.,-51.9055915910215));
#7767=CARTESIAN_POINT('Origin',(-1.35574971986519,2.77778066500736,41.4055915910215));
#7768=CARTESIAN_POINT('',(-1.35574971986518,2.77778066500736,40.9055915910215));
#7769=CARTESIAN_POINT('Origin',(-1.35574971986518,2.77778066500736,41.4055915910215));
#7770=CARTESIAN_POINT('',(-1.35574971986519,3.23455339382866,41.2022232694836));
#7771=CARTESIAN_POINT('Origin',(-1.35574971986519,2.77778066500736,41.4055915910215));
#7772=CARTESIAN_POINT('Origin',(-1.35574971986519,2.77778066500736,41.4055915910215));
#7773=CARTESIAN_POINT('Origin',(1.35574971986517,2.77778066500736,41.4055915910215));
#7774=CARTESIAN_POINT('',(1.35574971986518,3.23455339382866,41.2022232694836));
#7775=CARTESIAN_POINT('',(1.82850900766483,2.77778066500736,41.2428075137929));
#7776=CARTESIAN_POINT('Origin',(1.35574971986518,2.77778066500737,41.4055915910215));
#7777=CARTESIAN_POINT('',(1.35574971986517,2.77778066500736,40.9055915910215));
#7778=CARTESIAN_POINT('Origin',(1.35574971986517,2.77778066500736,41.4055915910215));
#7779=CARTESIAN_POINT('Origin',(1.35574971986517,2.77778066500736,41.4055915910215));
#7780=CARTESIAN_POINT('Origin',(0.856198126906841,2.77778066500736,41.4055915910215));
#7781=CARTESIAN_POINT('',(0.856198126906841,2.77778066500736,40.9055915910215));
#7782=CARTESIAN_POINT('',(0.856198126906841,3.23455339382866,41.2022232694836));
#7783=CARTESIAN_POINT('Origin',(-1.35574971986518,-2.77778066500734,41.4055915910215));
#7784=CARTESIAN_POINT('',(-1.35574971986518,-2.77778066500733,40.9055915910215));
#7785=CARTESIAN_POINT('Origin',(-1.35574971986518,-2.77778066500733,41.4055915910215));
#7786=CARTESIAN_POINT('Origin',(-1.35574971986518,-2.77778066500734,41.4055915910215));
#7787=CARTESIAN_POINT('Origin',(-1.35574971986518,0.,41.4055915910215));
#7788=CARTESIAN_POINT('',(-1.35574971986518,0.,40.9055915910215));
#7789=CARTESIAN_POINT('Origin',(1.35574971986517,-2.77778066500733,41.4055915910215));
#7790=CARTESIAN_POINT('',(1.35574971986517,-2.77778066500733,40.9055915910215));
#7791=CARTESIAN_POINT('Origin',(1.35574971986517,-2.77778066500733,41.4055915910215));
#7792=CARTESIAN_POINT('Origin',(1.35574971986518,-2.77778066500733,41.4055915910215));
#7793=CARTESIAN_POINT('Origin',(1.35574971986517,0.,41.4055915910215));
#7794=CARTESIAN_POINT('',(1.35574971986517,0.,40.9055915910215));
#7795=CARTESIAN_POINT('',(1.82850900766483,0.,41.2428075137929));
#7796=CARTESIAN_POINT('Origin',(0.856198126906841,-2.77778066500733,41.4055915910215));
#7797=CARTESIAN_POINT('',(0.856198126906841,-2.77778066500733,40.9055915910215));
#7798=CARTESIAN_POINT('Origin',(4.36922631767867,6.6743203907477,50.157363106013));
#7799=CARTESIAN_POINT('',(4.36922631767867,7.131093119569,49.9539947844751));
#7800=CARTESIAN_POINT('',(4.84198560547832,6.6743203907477,49.9945790287844));
#7801=CARTESIAN_POINT('Origin',(-2.76051594388885,4.59419676104012,45.4853289394226));
#7802=CARTESIAN_POINT('',(-2.76051594388885,5.05096948986142,45.2819606178847));
#7803=CARTESIAN_POINT('Origin',(1.71239625381368,0.,40.9055915910215));
#7804=CARTESIAN_POINT('Origin',(0.,8.,51.9055915910215));
#7805=CARTESIAN_POINT('Origin',(5.49999999999999,0.,51.9055915910215));
#7806=UNCERTAINTY_MEASURE_WITH_UNIT(LENGTH_MEASURE(0.01),#7810,
'DISTANCE_ACCURACY_VALUE',
'Maximum model space distance between geometric entities at asserted c
onnectivities');
#7807=UNCERTAINTY_MEASURE_WITH_UNIT(LENGTH_MEASURE(0.01),#7810,
'DISTANCE_ACCURACY_VALUE',
'Maximum model space distance between geometric entities at asserted c
onnectivities');
#7808=(
GEOMETRIC_REPRESENTATION_CONTEXT(3)
GLOBAL_UNCERTAINTY_ASSIGNED_CONTEXT((#7806))
GLOBAL_UNIT_ASSIGNED_CONTEXT((#7810,#7812,#7813))
REPRESENTATION_CONTEXT('','3D')
);
#7809=(
GEOMETRIC_REPRESENTATION_CONTEXT(3)
GLOBAL_UNCERTAINTY_ASSIGNED_CONTEXT((#7807))
GLOBAL_UNIT_ASSIGNED_CONTEXT((#7810,#7812,#7813))
REPRESENTATION_CONTEXT('','3D')
);
#7810=(
LENGTH_UNIT()
NAMED_UNIT(*)
SI_UNIT(.MILLI.,.METRE.)
);
#7811=(
LENGTH_UNIT()
NAMED_UNIT(*)
SI_UNIT($,.METRE.)
);
#7812=(
NAMED_UNIT(*)
PLANE_ANGLE_UNIT()
SI_UNIT($,.RADIAN.)
);
#7813=(
NAMED_UNIT(*)
SI_UNIT($,.STERADIAN.)
SOLID_ANGLE_UNIT()
);
#7814=SHAPE_DEFINITION_REPRESENTATION(#7815,#7816);
#7815=PRODUCT_DEFINITION_SHAPE('',$,#7818);
#7816=SHAPE_REPRESENTATION('',(#3834),#7808);
#7817=PRODUCT_DEFINITION_CONTEXT('part definition',#7822,'design');
#7818=PRODUCT_DEFINITION('2026-04-01-00-36-03-887','kolo zadn\X\ED_',#7819,
#7817);
#7819=PRODUCT_DEFINITION_FORMATION('',$,#7824);
#7820=PRODUCT_RELATED_PRODUCT_CATEGORY('kolo zadn\X\ED_','kolo zadn\X\ED
_',(#7824));
#7821=APPLICATION_PROTOCOL_DEFINITION('international standard',
'automotive_design',2009,#7822);
#7822=APPLICATION_CONTEXT(
'Core Data for Automotive Mechanical Design Process');
#7823=PRODUCT_CONTEXT('part definition',#7822,'mechanical');
#7824=PRODUCT('2026-04-01-00-36-03-887','kolo zadn\X\ED_',$,(#7823));
#7825=PRESENTATION_STYLE_ASSIGNMENT((#7826));
#7826=SURFACE_STYLE_USAGE(.BOTH.,#7827);
#7827=SURFACE_SIDE_STYLE('',(#7828));
#7828=SURFACE_STYLE_FILL_AREA(#7829);
#7829=FILL_AREA_STYLE('Ocel \X2\2013\X0\ sat\X\E9n',(#7830));
#7830=FILL_AREA_STYLE_COLOUR('Ocel \X2\2013\X0\ sat\X\E9n',#7831);
#7831=COLOUR_RGB('Ocel \X2\2013\X0\ sat\X\E9n',0.627450980392157,0.627450980392157,
0.627450980392157);
ENDSEC;
END-ISO-10303-21;
