ISO-10303-21;
HEADER;
/* Generated by software containing ST-Developer
 * from STEP Tools, Inc. (www.steptools.com) 
 */

FILE_DESCRIPTION(
/* description */ (''),
/* implementation_level */ '2;1');

FILE_NAME(
/* name */ 'napnk.step',
/* time_stamp */ '2026-04-15T09:27:40+02:00',
/* author */ (''),
/* organization */ (''),
/* preprocessor_version */ 'ST-DEVELOPER v20.1',
/* originating_system */ 'Autodesk Translation Framework v14.24.0.0',
/* authorisation */ '');

FILE_SCHEMA (('AUTOMOTIVE_DESIGN { 1 0 10303 214 3 1 1 }'));
ENDSEC;

DATA;
#10=MECHANICAL_DESIGN_GEOMETRIC_PRESENTATION_REPRESENTATION('',(#13,#14,
#15,#16,#17),#3293);
#11=SHAPE_REPRESENTATION_RELATIONSHIP('SRR','None',#3300,#12);
#12=ADVANCED_BREP_SHAPE_REPRESENTATION('',(#18,#19,#20,#21,#22),#3292);
#13=STYLED_ITEM('',(#3309),#18);
#14=STYLED_ITEM('',(#3309),#19);
#15=STYLED_ITEM('',(#3309),#20);
#16=STYLED_ITEM('',(#3309),#21);
#17=STYLED_ITEM('',(#3309),#22);
#18=MANIFOLD_SOLID_BREP('T\X2\011B\X0\leso1',#2021);
#19=MANIFOLD_SOLID_BREP('T\X2\011B\X0\leso2',#2022);
#20=MANIFOLD_SOLID_BREP('T\X2\011B\X0\leso3',#2023);
#21=MANIFOLD_SOLID_BREP('T\X2\011B\X0\leso4',#2024);
#22=MANIFOLD_SOLID_BREP('T\X2\011B\X0\leso5',#2025);
#23=CYLINDRICAL_SURFACE('',#2043,7.);
#24=CYLINDRICAL_SURFACE('',#2049,7.);
#25=CYLINDRICAL_SURFACE('',#2050,2.75);
#26=CYLINDRICAL_SURFACE('',#2058,7.);
#27=CYLINDRICAL_SURFACE('',#2064,7.);
#28=CYLINDRICAL_SURFACE('',#2065,2.75);
#29=CYLINDRICAL_SURFACE('',#2074,7.);
#30=CYLINDRICAL_SURFACE('',#2080,7.);
#31=CYLINDRICAL_SURFACE('',#2081,2.75);
#32=CYLINDRICAL_SURFACE('',#2088,7.);
#33=CYLINDRICAL_SURFACE('',#2094,7.);
#34=CYLINDRICAL_SURFACE('',#2095,2.75);
#35=CYLINDRICAL_SURFACE('',#2189,3.38975);
#36=CYLINDRICAL_SURFACE('',#2190,3.38975);
#37=FACE_BOUND('',#174,.T.);
#38=FACE_BOUND('',#178,.T.);
#39=FACE_BOUND('',#185,.T.);
#40=FACE_BOUND('',#189,.T.);
#41=FACE_BOUND('',#197,.T.);
#42=FACE_BOUND('',#201,.T.);
#43=FACE_BOUND('',#207,.T.);
#44=FACE_BOUND('',#211,.T.);
#45=FACE_BOUND('',#295,.T.);
#46=FACE_BOUND('',#299,.T.);
#47=FACE_BOUND('',#300,.T.);
#48=FACE_BOUND('',#302,.T.);
#49=FACE_OUTER_BOUND('',#173,.T.);
#50=FACE_OUTER_BOUND('',#175,.T.);
#51=FACE_OUTER_BOUND('',#176,.T.);
#52=FACE_OUTER_BOUND('',#177,.T.);
#53=FACE_OUTER_BOUND('',#179,.T.);
#54=FACE_OUTER_BOUND('',#180,.T.);
#55=FACE_OUTER_BOUND('',#181,.T.);
#56=FACE_OUTER_BOUND('',#182,.T.);
#57=FACE_OUTER_BOUND('',#183,.T.);
#58=FACE_OUTER_BOUND('',#184,.T.);
#59=FACE_OUTER_BOUND('',#186,.T.);
#60=FACE_OUTER_BOUND('',#187,.T.);
#61=FACE_OUTER_BOUND('',#188,.T.);
#62=FACE_OUTER_BOUND('',#190,.T.);
#63=FACE_OUTER_BOUND('',#191,.T.);
#64=FACE_OUTER_BOUND('',#192,.T.);
#65=FACE_OUTER_BOUND('',#193,.T.);
#66=FACE_OUTER_BOUND('',#194,.T.);
#67=FACE_OUTER_BOUND('',#195,.T.);
#68=FACE_OUTER_BOUND('',#196,.T.);
#69=FACE_OUTER_BOUND('',#198,.T.);
#70=FACE_OUTER_BOUND('',#199,.T.);
#71=FACE_OUTER_BOUND('',#200,.T.);
#72=FACE_OUTER_BOUND('',#202,.T.);
#73=FACE_OUTER_BOUND('',#203,.T.);
#74=FACE_OUTER_BOUND('',#204,.T.);
#75=FACE_OUTER_BOUND('',#205,.T.);
#76=FACE_OUTER_BOUND('',#206,.T.);
#77=FACE_OUTER_BOUND('',#208,.T.);
#78=FACE_OUTER_BOUND('',#209,.T.);
#79=FACE_OUTER_BOUND('',#210,.T.);
#80=FACE_OUTER_BOUND('',#212,.T.);
#81=FACE_OUTER_BOUND('',#213,.T.);
#82=FACE_OUTER_BOUND('',#214,.T.);
#83=FACE_OUTER_BOUND('',#215,.T.);
#84=FACE_OUTER_BOUND('',#216,.T.);
#85=FACE_OUTER_BOUND('',#217,.T.);
#86=FACE_OUTER_BOUND('',#218,.T.);
#87=FACE_OUTER_BOUND('',#219,.T.);
#88=FACE_OUTER_BOUND('',#220,.T.);
#89=FACE_OUTER_BOUND('',#221,.T.);
#90=FACE_OUTER_BOUND('',#222,.T.);
#91=FACE_OUTER_BOUND('',#223,.T.);
#92=FACE_OUTER_BOUND('',#224,.T.);
#93=FACE_OUTER_BOUND('',#225,.T.);
#94=FACE_OUTER_BOUND('',#226,.T.);
#95=FACE_OUTER_BOUND('',#227,.T.);
#96=FACE_OUTER_BOUND('',#228,.T.);
#97=FACE_OUTER_BOUND('',#229,.T.);
#98=FACE_OUTER_BOUND('',#230,.T.);
#99=FACE_OUTER_BOUND('',#231,.T.);
#100=FACE_OUTER_BOUND('',#232,.T.);
#101=FACE_OUTER_BOUND('',#233,.T.);
#102=FACE_OUTER_BOUND('',#234,.T.);
#103=FACE_OUTER_BOUND('',#235,.T.);
#104=FACE_OUTER_BOUND('',#236,.T.);
#105=FACE_OUTER_BOUND('',#237,.T.);
#106=FACE_OUTER_BOUND('',#238,.T.);
#107=FACE_OUTER_BOUND('',#239,.T.);
#108=FACE_OUTER_BOUND('',#240,.T.);
#109=FACE_OUTER_BOUND('',#241,.T.);
#110=FACE_OUTER_BOUND('',#242,.T.);
#111=FACE_OUTER_BOUND('',#243,.T.);
#112=FACE_OUTER_BOUND('',#244,.T.);
#113=FACE_OUTER_BOUND('',#245,.T.);
#114=FACE_OUTER_BOUND('',#246,.T.);
#115=FACE_OUTER_BOUND('',#247,.T.);
#116=FACE_OUTER_BOUND('',#248,.T.);
#117=FACE_OUTER_BOUND('',#249,.T.);
#118=FACE_OUTER_BOUND('',#250,.T.);
#119=FACE_OUTER_BOUND('',#251,.T.);
#120=FACE_OUTER_BOUND('',#252,.T.);
#121=FACE_OUTER_BOUND('',#253,.T.);
#122=FACE_OUTER_BOUND('',#254,.T.);
#123=FACE_OUTER_BOUND('',#255,.T.);
#124=FACE_OUTER_BOUND('',#256,.T.);
#125=FACE_OUTER_BOUND('',#257,.T.);
#126=FACE_OUTER_BOUND('',#258,.T.);
#127=FACE_OUTER_BOUND('',#259,.T.);
#128=FACE_OUTER_BOUND('',#260,.T.);
#129=FACE_OUTER_BOUND('',#261,.T.);
#130=FACE_OUTER_BOUND('',#262,.T.);
#131=FACE_OUTER_BOUND('',#263,.T.);
#132=FACE_OUTER_BOUND('',#264,.T.);
#133=FACE_OUTER_BOUND('',#265,.T.);
#134=FACE_OUTER_BOUND('',#266,.T.);
#135=FACE_OUTER_BOUND('',#267,.T.);
#136=FACE_OUTER_BOUND('',#268,.T.);
#137=FACE_OUTER_BOUND('',#269,.T.);
#138=FACE_OUTER_BOUND('',#270,.T.);
#139=FACE_OUTER_BOUND('',#271,.T.);
#140=FACE_OUTER_BOUND('',#272,.T.);
#141=FACE_OUTER_BOUND('',#273,.T.);
#142=FACE_OUTER_BOUND('',#274,.T.);
#143=FACE_OUTER_BOUND('',#275,.T.);
#144=FACE_OUTER_BOUND('',#276,.T.);
#145=FACE_OUTER_BOUND('',#277,.T.);
#146=FACE_OUTER_BOUND('',#278,.T.);
#147=FACE_OUTER_BOUND('',#279,.T.);
#148=FACE_OUTER_BOUND('',#280,.T.);
#149=FACE_OUTER_BOUND('',#281,.T.);
#150=FACE_OUTER_BOUND('',#282,.T.);
#151=FACE_OUTER_BOUND('',#283,.T.);
#152=FACE_OUTER_BOUND('',#284,.T.);
#153=FACE_OUTER_BOUND('',#285,.T.);
#154=FACE_OUTER_BOUND('',#286,.T.);
#155=FACE_OUTER_BOUND('',#287,.T.);
#156=FACE_OUTER_BOUND('',#288,.T.);
#157=FACE_OUTER_BOUND('',#289,.T.);
#158=FACE_OUTER_BOUND('',#290,.T.);
#159=FACE_OUTER_BOUND('',#291,.T.);
#160=FACE_OUTER_BOUND('',#292,.T.);
#161=FACE_OUTER_BOUND('',#293,.T.);
#162=FACE_OUTER_BOUND('',#294,.T.);
#163=FACE_OUTER_BOUND('',#296,.T.);
#164=FACE_OUTER_BOUND('',#297,.T.);
#165=FACE_OUTER_BOUND('',#298,.T.);
#166=FACE_OUTER_BOUND('',#301,.T.);
#167=FACE_OUTER_BOUND('',#303,.T.);
#168=FACE_OUTER_BOUND('',#304,.T.);
#169=FACE_OUTER_BOUND('',#305,.T.);
#170=FACE_OUTER_BOUND('',#306,.T.);
#171=FACE_OUTER_BOUND('',#307,.T.);
#172=FACE_OUTER_BOUND('',#308,.T.);
#173=EDGE_LOOP('',(#1247,#1248,#1249,#1250,#1251,#1252));
#174=EDGE_LOOP('',(#1253));
#175=EDGE_LOOP('',(#1254,#1255,#1256,#1257));
#176=EDGE_LOOP('',(#1258,#1259,#1260,#1261));
#177=EDGE_LOOP('',(#1262,#1263,#1264,#1265,#1266,#1267));
#178=EDGE_LOOP('',(#1268));
#179=EDGE_LOOP('',(#1269,#1270,#1271,#1272));
#180=EDGE_LOOP('',(#1273,#1274,#1275,#1276));
#181=EDGE_LOOP('',(#1277,#1278,#1279,#1280));
#182=EDGE_LOOP('',(#1281,#1282,#1283,#1284));
#183=EDGE_LOOP('',(#1285,#1286,#1287,#1288));
#184=EDGE_LOOP('',(#1289,#1290,#1291,#1292,#1293,#1294));
#185=EDGE_LOOP('',(#1295));
#186=EDGE_LOOP('',(#1296,#1297,#1298,#1299));
#187=EDGE_LOOP('',(#1300,#1301,#1302,#1303));
#188=EDGE_LOOP('',(#1304,#1305,#1306,#1307,#1308,#1309));
#189=EDGE_LOOP('',(#1310));
#190=EDGE_LOOP('',(#1311,#1312,#1313,#1314));
#191=EDGE_LOOP('',(#1315,#1316,#1317,#1318));
#192=EDGE_LOOP('',(#1319,#1320,#1321,#1322));
#193=EDGE_LOOP('',(#1323,#1324,#1325,#1326));
#194=EDGE_LOOP('',(#1327,#1328,#1329,#1330));
#195=EDGE_LOOP('',(#1331,#1332,#1333,#1334));
#196=EDGE_LOOP('',(#1335,#1336,#1337,#1338,#1339,#1340));
#197=EDGE_LOOP('',(#1341));
#198=EDGE_LOOP('',(#1342,#1343,#1344,#1345));
#199=EDGE_LOOP('',(#1346,#1347,#1348,#1349));
#200=EDGE_LOOP('',(#1350,#1351,#1352,#1353,#1354,#1355));
#201=EDGE_LOOP('',(#1356));
#202=EDGE_LOOP('',(#1357,#1358,#1359,#1360));
#203=EDGE_LOOP('',(#1361,#1362,#1363,#1364));
#204=EDGE_LOOP('',(#1365,#1366,#1367,#1368));
#205=EDGE_LOOP('',(#1369,#1370,#1371,#1372));
#206=EDGE_LOOP('',(#1373,#1374,#1375,#1376,#1377,#1378));
#207=EDGE_LOOP('',(#1379));
#208=EDGE_LOOP('',(#1380,#1381,#1382,#1383));
#209=EDGE_LOOP('',(#1384,#1385,#1386,#1387));
#210=EDGE_LOOP('',(#1388,#1389,#1390,#1391,#1392,#1393));
#211=EDGE_LOOP('',(#1394));
#212=EDGE_LOOP('',(#1395,#1396,#1397,#1398));
#213=EDGE_LOOP('',(#1399,#1400,#1401,#1402));
#214=EDGE_LOOP('',(#1403,#1404,#1405,#1406));
#215=EDGE_LOOP('',(#1407,#1408,#1409,#1410));
#216=EDGE_LOOP('',(#1411,#1412,#1413,#1414));
#217=EDGE_LOOP('',(#1415,#1416,#1417,#1418));
#218=EDGE_LOOP('',(#1419,#1420,#1421,#1422));
#219=EDGE_LOOP('',(#1423,#1424,#1425,#1426));
#220=EDGE_LOOP('',(#1427,#1428,#1429,#1430,#1431,#1432,#1433,#1434,#1435,
#1436,#1437,#1438));
#221=EDGE_LOOP('',(#1439,#1440,#1441,#1442));
#222=EDGE_LOOP('',(#1443,#1444,#1445,#1446));
#223=EDGE_LOOP('',(#1447,#1448,#1449,#1450));
#224=EDGE_LOOP('',(#1451,#1452,#1453,#1454));
#225=EDGE_LOOP('',(#1455,#1456,#1457,#1458));
#226=EDGE_LOOP('',(#1459,#1460,#1461,#1462));
#227=EDGE_LOOP('',(#1463,#1464,#1465,#1466,#1467,#1468,#1469,#1470,#1471,
#1472,#1473,#1474));
#228=EDGE_LOOP('',(#1475,#1476,#1477,#1478));
#229=EDGE_LOOP('',(#1479,#1480,#1481,#1482));
#230=EDGE_LOOP('',(#1483,#1484,#1485,#1486));
#231=EDGE_LOOP('',(#1487,#1488,#1489,#1490));
#232=EDGE_LOOP('',(#1491,#1492,#1493,#1494));
#233=EDGE_LOOP('',(#1495,#1496,#1497,#1498));
#234=EDGE_LOOP('',(#1499,#1500,#1501,#1502));
#235=EDGE_LOOP('',(#1503,#1504,#1505,#1506));
#236=EDGE_LOOP('',(#1507,#1508,#1509,#1510));
#237=EDGE_LOOP('',(#1511,#1512,#1513,#1514));
#238=EDGE_LOOP('',(#1515,#1516,#1517,#1518));
#239=EDGE_LOOP('',(#1519,#1520,#1521,#1522));
#240=EDGE_LOOP('',(#1523,#1524,#1525));
#241=EDGE_LOOP('',(#1526,#1527,#1528));
#242=EDGE_LOOP('',(#1529,#1530,#1531,#1532));
#243=EDGE_LOOP('',(#1533,#1534,#1535));
#244=EDGE_LOOP('',(#1536,#1537,#1538));
#245=EDGE_LOOP('',(#1539,#1540,#1541,#1542));
#246=EDGE_LOOP('',(#1543,#1544,#1545));
#247=EDGE_LOOP('',(#1546,#1547,#1548,#1549));
#248=EDGE_LOOP('',(#1550,#1551,#1552));
#249=EDGE_LOOP('',(#1553,#1554,#1555));
#250=EDGE_LOOP('',(#1556,#1557,#1558,#1559));
#251=EDGE_LOOP('',(#1560,#1561,#1562,#1563));
#252=EDGE_LOOP('',(#1564,#1565,#1566));
#253=EDGE_LOOP('',(#1567,#1568,#1569,#1570));
#254=EDGE_LOOP('',(#1571,#1572,#1573,#1574));
#255=EDGE_LOOP('',(#1575,#1576,#1577));
#256=EDGE_LOOP('',(#1578,#1579,#1580,#1581));
#257=EDGE_LOOP('',(#1582,#1583,#1584));
#258=EDGE_LOOP('',(#1585,#1586,#1587,#1588));
#259=EDGE_LOOP('',(#1589,#1590,#1591));
#260=EDGE_LOOP('',(#1592,#1593,#1594,#1595));
#261=EDGE_LOOP('',(#1596,#1597,#1598));
#262=EDGE_LOOP('',(#1599,#1600,#1601));
#263=EDGE_LOOP('',(#1602,#1603,#1604,#1605));
#264=EDGE_LOOP('',(#1606,#1607,#1608));
#265=EDGE_LOOP('',(#1609,#1610,#1611));
#266=EDGE_LOOP('',(#1612,#1613,#1614,#1615));
#267=EDGE_LOOP('',(#1616,#1617,#1618));
#268=EDGE_LOOP('',(#1619,#1620,#1621,#1622));
#269=EDGE_LOOP('',(#1623,#1624,#1625,#1626));
#270=EDGE_LOOP('',(#1627,#1628,#1629,#1630));
#271=EDGE_LOOP('',(#1631,#1632,#1633,#1634));
#272=EDGE_LOOP('',(#1635,#1636,#1637,#1638));
#273=EDGE_LOOP('',(#1639,#1640,#1641,#1642));
#274=EDGE_LOOP('',(#1643,#1644,#1645,#1646));
#275=EDGE_LOOP('',(#1647,#1648,#1649,#1650));
#276=EDGE_LOOP('',(#1651,#1652,#1653,#1654));
#277=EDGE_LOOP('',(#1655,#1656,#1657,#1658));
#278=EDGE_LOOP('',(#1659,#1660,#1661,#1662));
#279=EDGE_LOOP('',(#1663,#1664,#1665,#1666));
#280=EDGE_LOOP('',(#1667,#1668,#1669,#1670));
#281=EDGE_LOOP('',(#1671,#1672,#1673,#1674));
#282=EDGE_LOOP('',(#1675,#1676,#1677,#1678));
#283=EDGE_LOOP('',(#1679,#1680,#1681,#1682));
#284=EDGE_LOOP('',(#1683,#1684,#1685,#1686));
#285=EDGE_LOOP('',(#1687,#1688,#1689,#1690));
#286=EDGE_LOOP('',(#1691,#1692,#1693,#1694));
#287=EDGE_LOOP('',(#1695,#1696,#1697,#1698));
#288=EDGE_LOOP('',(#1699,#1700,#1701,#1702));
#289=EDGE_LOOP('',(#1703,#1704,#1705,#1706));
#290=EDGE_LOOP('',(#1707,#1708,#1709,#1710));
#291=EDGE_LOOP('',(#1711,#1712,#1713,#1714));
#292=EDGE_LOOP('',(#1715,#1716,#1717,#1718));
#293=EDGE_LOOP('',(#1719,#1720,#1721,#1722));
#294=EDGE_LOOP('',(#1723,#1724,#1725,#1726,#1727,#1728,#1729,#1730));
#295=EDGE_LOOP('',(#1731));
#296=EDGE_LOOP('',(#1732,#1733,#1734,#1735));
#297=EDGE_LOOP('',(#1736,#1737,#1738,#1739));
#298=EDGE_LOOP('',(#1740,#1741,#1742,#1743,#1744,#1745,#1746,#1747,#1748,
#1749,#1750,#1751));
#299=EDGE_LOOP('',(#1752));
#300=EDGE_LOOP('',(#1753));
#301=EDGE_LOOP('',(#1754,#1755,#1756,#1757,#1758,#1759,#1760,#1761));
#302=EDGE_LOOP('',(#1762));
#303=EDGE_LOOP('',(#1763,#1764,#1765,#1766));
#304=EDGE_LOOP('',(#1767,#1768,#1769,#1770));
#305=EDGE_LOOP('',(#1771,#1772,#1773,#1774));
#306=EDGE_LOOP('',(#1775,#1776,#1777,#1778));
#307=EDGE_LOOP('',(#1779,#1780,#1781,#1782));
#308=EDGE_LOOP('',(#1783,#1784,#1785,#1786));
#309=LINE('',#2745,#551);
#310=LINE('',#2747,#552);
#311=LINE('',#2749,#553);
#312=LINE('',#2752,#554);
#313=LINE('',#2757,#555);
#314=LINE('',#2760,#556);
#315=LINE('',#2763,#557);
#316=LINE('',#2764,#558);
#317=LINE('',#2769,#559);
#318=LINE('',#2771,#560);
#319=LINE('',#2772,#561);
#320=LINE('',#2776,#562);
#321=LINE('',#2778,#563);
#322=LINE('',#2780,#564);
#323=LINE('',#2782,#565);
#324=LINE('',#2789,#566);
#325=LINE('',#2791,#567);
#326=LINE('',#2793,#568);
#327=LINE('',#2796,#569);
#328=LINE('',#2803,#570);
#329=LINE('',#2804,#571);
#330=LINE('',#2807,#572);
#331=LINE('',#2808,#573);
#332=LINE('',#2813,#574);
#333=LINE('',#2815,#575);
#334=LINE('',#2816,#576);
#335=LINE('',#2820,#577);
#336=LINE('',#2822,#578);
#337=LINE('',#2824,#579);
#338=LINE('',#2826,#580);
#339=LINE('',#2831,#581);
#340=LINE('',#2833,#582);
#341=LINE('',#2835,#583);
#342=LINE('',#2836,#584);
#343=LINE('',#2841,#585);
#344=LINE('',#2843,#586);
#345=LINE('',#2846,#587);
#346=LINE('',#2853,#588);
#347=LINE('',#2854,#589);
#348=LINE('',#2857,#590);
#349=LINE('',#2858,#591);
#350=LINE('',#2862,#592);
#351=LINE('',#2863,#593);
#352=LINE('',#2868,#594);
#353=LINE('',#2870,#595);
#354=LINE('',#2877,#596);
#355=LINE('',#2879,#597);
#356=LINE('',#2881,#598);
#357=LINE('',#2884,#599);
#358=LINE('',#2891,#600);
#359=LINE('',#2892,#601);
#360=LINE('',#2895,#602);
#361=LINE('',#2896,#603);
#362=LINE('',#2901,#604);
#363=LINE('',#2903,#605);
#364=LINE('',#2904,#606);
#365=LINE('',#2908,#607);
#366=LINE('',#2910,#608);
#367=LINE('',#2912,#609);
#368=LINE('',#2914,#610);
#369=LINE('',#2919,#611);
#370=LINE('',#2921,#612);
#371=LINE('',#2923,#613);
#372=LINE('',#2924,#614);
#373=LINE('',#2928,#615);
#374=LINE('',#2930,#616);
#375=LINE('',#2932,#617);
#376=LINE('',#2933,#618);
#377=LINE('',#2935,#619);
#378=LINE('',#2936,#620);
#379=LINE('',#2939,#621);
#380=LINE('',#2941,#622);
#381=LINE('',#2943,#623);
#382=LINE('',#2945,#624);
#383=LINE('',#2947,#625);
#384=LINE('',#2949,#626);
#385=LINE('',#2951,#627);
#386=LINE('',#2953,#628);
#387=LINE('',#2955,#629);
#388=LINE('',#2957,#630);
#389=LINE('',#2958,#631);
#390=LINE('',#2962,#632);
#391=LINE('',#2963,#633);
#392=LINE('',#2964,#634);
#393=LINE('',#2967,#635);
#394=LINE('',#2969,#636);
#395=LINE('',#2970,#637);
#396=LINE('',#2973,#638);
#397=LINE('',#2975,#639);
#398=LINE('',#2976,#640);
#399=LINE('',#2980,#641);
#400=LINE('',#2982,#642);
#401=LINE('',#2983,#643);
#402=LINE('',#2984,#644);
#403=LINE('',#2988,#645);
#404=LINE('',#2989,#646);
#405=LINE('',#2991,#647);
#406=LINE('',#2992,#648);
#407=LINE('',#2994,#649);
#408=LINE('',#2996,#650);
#409=LINE('',#2997,#651);
#410=LINE('',#2999,#652);
#411=LINE('',#3001,#653);
#412=LINE('',#3003,#654);
#413=LINE('',#3005,#655);
#414=LINE('',#3007,#656);
#415=LINE('',#3009,#657);
#416=LINE('',#3010,#658);
#417=LINE('',#3013,#659);
#418=LINE('',#3015,#660);
#419=LINE('',#3016,#661);
#420=LINE('',#3017,#662);
#421=LINE('',#3020,#663);
#422=LINE('',#3021,#664);
#423=LINE('',#3023,#665);
#424=LINE('',#3024,#666);
#425=LINE('',#3027,#667);
#426=LINE('',#3029,#668);
#427=LINE('',#3031,#669);
#428=LINE('',#3033,#670);
#429=LINE('',#3035,#671);
#430=LINE('',#3037,#672);
#431=LINE('',#3043,#673);
#432=LINE('',#3045,#674);
#433=LINE('',#3046,#675);
#434=LINE('',#3050,#676);
#435=LINE('',#3051,#677);
#436=LINE('',#3052,#678);
#437=LINE('',#3054,#679);
#438=LINE('',#3058,#680);
#439=LINE('',#3060,#681);
#440=LINE('',#3061,#682);
#441=LINE('',#3065,#683);
#442=LINE('',#3066,#684);
#443=LINE('',#3067,#685);
#444=LINE('',#3069,#686);
#445=LINE('',#3073,#687);
#446=LINE('',#3075,#688);
#447=LINE('',#3076,#689);
#448=LINE('',#3078,#690);
#449=LINE('',#3079,#691);
#450=LINE('',#3083,#692);
#451=LINE('',#3085,#693);
#452=LINE('',#3086,#694);
#453=LINE('',#3089,#695);
#454=LINE('',#3091,#696);
#455=LINE('',#3092,#697);
#456=LINE('',#3094,#698);
#457=LINE('',#3097,#699);
#458=LINE('',#3099,#700);
#459=LINE('',#3100,#701);
#460=LINE('',#3104,#702);
#461=LINE('',#3106,#703);
#462=LINE('',#3107,#704);
#463=LINE('',#3109,#705);
#464=LINE('',#3110,#706);
#465=LINE('',#3112,#707);
#466=LINE('',#3113,#708);
#467=LINE('',#3117,#709);
#468=LINE('',#3119,#710);
#469=LINE('',#3120,#711);
#470=LINE('',#3123,#712);
#471=LINE('',#3125,#713);
#472=LINE('',#3126,#714);
#473=LINE('',#3130,#715);
#474=LINE('',#3131,#716);
#475=LINE('',#3132,#717);
#476=LINE('',#3135,#718);
#477=LINE('',#3137,#719);
#478=LINE('',#3138,#720);
#479=LINE('',#3142,#721);
#480=LINE('',#3144,#722);
#481=LINE('',#3145,#723);
#482=LINE('',#3147,#724);
#483=LINE('',#3148,#725);
#484=LINE('',#3152,#726);
#485=LINE('',#3154,#727);
#486=LINE('',#3155,#728);
#487=LINE('',#3159,#729);
#488=LINE('',#3160,#730);
#489=LINE('',#3161,#731);
#490=LINE('',#3164,#732);
#491=LINE('',#3166,#733);
#492=LINE('',#3167,#734);
#493=LINE('',#3171,#735);
#494=LINE('',#3173,#736);
#495=LINE('',#3174,#737);
#496=LINE('',#3178,#738);
#497=LINE('',#3179,#739);
#498=LINE('',#3180,#740);
#499=LINE('',#3183,#741);
#500=LINE('',#3185,#742);
#501=LINE('',#3186,#743);
#502=LINE('',#3190,#744);
#503=LINE('',#3191,#745);
#504=LINE('',#3192,#746);
#505=LINE('',#3194,#747);
#506=LINE('',#3196,#748);
#507=LINE('',#3198,#749);
#508=LINE('',#3199,#750);
#509=LINE('',#3201,#751);
#510=LINE('',#3203,#752);
#511=LINE('',#3204,#753);
#512=LINE('',#3206,#754);
#513=LINE('',#3207,#755);
#514=LINE('',#3209,#756);
#515=LINE('',#3210,#757);
#516=LINE('',#3212,#758);
#517=LINE('',#3214,#759);
#518=LINE('',#3215,#760);
#519=LINE('',#3217,#761);
#520=LINE('',#3218,#762);
#521=LINE('',#3221,#763);
#522=LINE('',#3223,#764);
#523=LINE('',#3224,#765);
#524=LINE('',#3226,#766);
#525=LINE('',#3228,#767);
#526=LINE('',#3229,#768);
#527=LINE('',#3231,#769);
#528=LINE('',#3232,#770);
#529=LINE('',#3234,#771);
#530=LINE('',#3236,#772);
#531=LINE('',#3237,#773);
#532=LINE('',#3239,#774);
#533=LINE('',#3240,#775);
#534=LINE('',#3243,#776);
#535=LINE('',#3245,#777);
#536=LINE('',#3246,#778);
#537=LINE('',#3249,#779);
#538=LINE('',#3251,#780);
#539=LINE('',#3252,#781);
#540=LINE('',#3254,#782);
#541=LINE('',#3255,#783);
#542=LINE('',#3257,#784);
#543=LINE('',#3258,#785);
#544=LINE('',#3260,#786);
#545=LINE('',#3262,#787);
#546=LINE('',#3264,#788);
#547=LINE('',#3266,#789);
#548=LINE('',#3268,#790);
#549=LINE('',#3287,#791);
#550=LINE('',#3289,#792);
#551=VECTOR('',#2197,10.);
#552=VECTOR('',#2198,10.);
#553=VECTOR('',#2199,10.);
#554=VECTOR('',#2202,10.);
#555=VECTOR('',#2207,10.);
#556=VECTOR('',#2210,10.);
#557=VECTOR('',#2213,10.);
#558=VECTOR('',#2214,10.);
#559=VECTOR('',#2219,10.);
#560=VECTOR('',#2220,10.);
#561=VECTOR('',#2221,10.);
#562=VECTOR('',#2226,10.);
#563=VECTOR('',#2229,2.75);
#564=VECTOR('',#2232,10.);
#565=VECTOR('',#2235,10.);
#566=VECTOR('',#2242,10.);
#567=VECTOR('',#2243,10.);
#568=VECTOR('',#2244,10.);
#569=VECTOR('',#2247,10.);
#570=VECTOR('',#2254,10.);
#571=VECTOR('',#2255,10.);
#572=VECTOR('',#2258,10.);
#573=VECTOR('',#2259,10.);
#574=VECTOR('',#2264,10.);
#575=VECTOR('',#2265,10.);
#576=VECTOR('',#2266,10.);
#577=VECTOR('',#2271,10.);
#578=VECTOR('',#2274,2.75);
#579=VECTOR('',#2277,10.);
#580=VECTOR('',#2280,10.);
#581=VECTOR('',#2285,10.);
#582=VECTOR('',#2286,10.);
#583=VECTOR('',#2287,10.);
#584=VECTOR('',#2288,10.);
#585=VECTOR('',#2293,10.);
#586=VECTOR('',#2294,10.);
#587=VECTOR('',#2297,10.);
#588=VECTOR('',#2304,10.);
#589=VECTOR('',#2305,10.);
#590=VECTOR('',#2308,10.);
#591=VECTOR('',#2309,10.);
#592=VECTOR('',#2314,10.);
#593=VECTOR('',#2315,10.);
#594=VECTOR('',#2322,2.75);
#595=VECTOR('',#2325,10.);
#596=VECTOR('',#2332,10.);
#597=VECTOR('',#2333,10.);
#598=VECTOR('',#2334,10.);
#599=VECTOR('',#2337,10.);
#600=VECTOR('',#2344,10.);
#601=VECTOR('',#2345,10.);
#602=VECTOR('',#2348,10.);
#603=VECTOR('',#2349,10.);
#604=VECTOR('',#2354,10.);
#605=VECTOR('',#2355,10.);
#606=VECTOR('',#2356,10.);
#607=VECTOR('',#2361,10.);
#608=VECTOR('',#2364,2.75);
#609=VECTOR('',#2367,10.);
#610=VECTOR('',#2370,10.);
#611=VECTOR('',#2375,10.);
#612=VECTOR('',#2376,10.);
#613=VECTOR('',#2377,10.);
#614=VECTOR('',#2378,10.);
#615=VECTOR('',#2381,10.);
#616=VECTOR('',#2382,10.);
#617=VECTOR('',#2383,10.);
#618=VECTOR('',#2384,10.);
#619=VECTOR('',#2387,10.);
#620=VECTOR('',#2388,10.);
#621=VECTOR('',#2391,10.);
#622=VECTOR('',#2392,10.);
#623=VECTOR('',#2393,10.);
#624=VECTOR('',#2394,10.);
#625=VECTOR('',#2395,10.);
#626=VECTOR('',#2396,10.);
#627=VECTOR('',#2397,10.);
#628=VECTOR('',#2398,10.);
#629=VECTOR('',#2399,10.);
#630=VECTOR('',#2400,10.);
#631=VECTOR('',#2401,10.);
#632=VECTOR('',#2404,10.);
#633=VECTOR('',#2405,10.);
#634=VECTOR('',#2406,10.);
#635=VECTOR('',#2409,10.);
#636=VECTOR('',#2410,10.);
#637=VECTOR('',#2411,10.);
#638=VECTOR('',#2414,10.);
#639=VECTOR('',#2415,10.);
#640=VECTOR('',#2416,10.);
#641=VECTOR('',#2419,10.);
#642=VECTOR('',#2420,10.);
#643=VECTOR('',#2421,10.);
#644=VECTOR('',#2422,10.);
#645=VECTOR('',#2425,10.);
#646=VECTOR('',#2426,10.);
#647=VECTOR('',#2427,10.);
#648=VECTOR('',#2428,10.);
#649=VECTOR('',#2431,10.);
#650=VECTOR('',#2434,10.);
#651=VECTOR('',#2435,10.);
#652=VECTOR('',#2436,10.);
#653=VECTOR('',#2437,10.);
#654=VECTOR('',#2438,10.);
#655=VECTOR('',#2439,10.);
#656=VECTOR('',#2440,10.);
#657=VECTOR('',#2441,10.);
#658=VECTOR('',#2442,10.);
#659=VECTOR('',#2445,10.);
#660=VECTOR('',#2446,10.);
#661=VECTOR('',#2447,10.);
#662=VECTOR('',#2448,10.);
#663=VECTOR('',#2451,10.);
#664=VECTOR('',#2452,10.);
#665=VECTOR('',#2453,10.);
#666=VECTOR('',#2454,10.);
#667=VECTOR('',#2459,10.);
#668=VECTOR('',#2462,10.);
#669=VECTOR('',#2465,10.);
#670=VECTOR('',#2468,10.);
#671=VECTOR('',#2471,10.);
#672=VECTOR('',#2474,10.);
#673=VECTOR('',#2483,10.);
#674=VECTOR('',#2484,10.);
#675=VECTOR('',#2485,10.);
#676=VECTOR('',#2488,10.);
#677=VECTOR('',#2489,10.);
#678=VECTOR('',#2490,10.);
#679=VECTOR('',#2493,10.);
#680=VECTOR('',#2496,10.);
#681=VECTOR('',#2497,10.);
#682=VECTOR('',#2498,10.);
#683=VECTOR('',#2501,10.);
#684=VECTOR('',#2502,10.);
#685=VECTOR('',#2503,10.);
#686=VECTOR('',#2506,10.);
#687=VECTOR('',#2509,10.);
#688=VECTOR('',#2510,10.);
#689=VECTOR('',#2511,10.);
#690=VECTOR('',#2514,10.);
#691=VECTOR('',#2515,10.);
#692=VECTOR('',#2518,10.);
#693=VECTOR('',#2519,10.);
#694=VECTOR('',#2520,10.);
#695=VECTOR('',#2523,10.);
#696=VECTOR('',#2524,10.);
#697=VECTOR('',#2525,10.);
#698=VECTOR('',#2528,10.);
#699=VECTOR('',#2531,10.);
#700=VECTOR('',#2532,10.);
#701=VECTOR('',#2533,10.);
#702=VECTOR('',#2536,10.);
#703=VECTOR('',#2537,10.);
#704=VECTOR('',#2538,10.);
#705=VECTOR('',#2541,10.);
#706=VECTOR('',#2542,10.);
#707=VECTOR('',#2545,10.);
#708=VECTOR('',#2546,10.);
#709=VECTOR('',#2549,10.);
#710=VECTOR('',#2550,10.);
#711=VECTOR('',#2551,10.);
#712=VECTOR('',#2554,10.);
#713=VECTOR('',#2555,10.);
#714=VECTOR('',#2556,10.);
#715=VECTOR('',#2559,10.);
#716=VECTOR('',#2560,10.);
#717=VECTOR('',#2561,10.);
#718=VECTOR('',#2564,10.);
#719=VECTOR('',#2565,10.);
#720=VECTOR('',#2566,10.);
#721=VECTOR('',#2569,10.);
#722=VECTOR('',#2570,10.);
#723=VECTOR('',#2571,10.);
#724=VECTOR('',#2574,10.);
#725=VECTOR('',#2575,10.);
#726=VECTOR('',#2578,10.);
#727=VECTOR('',#2579,10.);
#728=VECTOR('',#2580,10.);
#729=VECTOR('',#2583,10.);
#730=VECTOR('',#2584,10.);
#731=VECTOR('',#2585,10.);
#732=VECTOR('',#2588,10.);
#733=VECTOR('',#2589,10.);
#734=VECTOR('',#2590,10.);
#735=VECTOR('',#2593,10.);
#736=VECTOR('',#2594,10.);
#737=VECTOR('',#2595,10.);
#738=VECTOR('',#2598,10.);
#739=VECTOR('',#2599,10.);
#740=VECTOR('',#2600,10.);
#741=VECTOR('',#2603,10.);
#742=VECTOR('',#2604,10.);
#743=VECTOR('',#2605,10.);
#744=VECTOR('',#2608,10.);
#745=VECTOR('',#2609,10.);
#746=VECTOR('',#2610,10.);
#747=VECTOR('',#2613,10.);
#748=VECTOR('',#2616,10.);
#749=VECTOR('',#2619,10.);
#750=VECTOR('',#2620,10.);
#751=VECTOR('',#2623,10.);
#752=VECTOR('',#2626,10.);
#753=VECTOR('',#2627,10.);
#754=VECTOR('',#2630,10.);
#755=VECTOR('',#2631,10.);
#756=VECTOR('',#2634,10.);
#757=VECTOR('',#2635,10.);
#758=VECTOR('',#2638,10.);
#759=VECTOR('',#2641,10.);
#760=VECTOR('',#2642,10.);
#761=VECTOR('',#2645,10.);
#762=VECTOR('',#2646,10.);
#763=VECTOR('',#2649,10.);
#764=VECTOR('',#2650,10.);
#765=VECTOR('',#2651,10.);
#766=VECTOR('',#2654,10.);
#767=VECTOR('',#2657,10.);
#768=VECTOR('',#2658,10.);
#769=VECTOR('',#2661,10.);
#770=VECTOR('',#2662,10.);
#771=VECTOR('',#2665,10.);
#772=VECTOR('',#2668,10.);
#773=VECTOR('',#2669,10.);
#774=VECTOR('',#2672,10.);
#775=VECTOR('',#2673,10.);
#776=VECTOR('',#2676,10.);
#777=VECTOR('',#2677,10.);
#778=VECTOR('',#2678,10.);
#779=VECTOR('',#2681,10.);
#780=VECTOR('',#2682,10.);
#781=VECTOR('',#2683,10.);
#782=VECTOR('',#2686,10.);
#783=VECTOR('',#2687,10.);
#784=VECTOR('',#2690,10.);
#785=VECTOR('',#2691,10.);
#786=VECTOR('',#2694,10.);
#787=VECTOR('',#2697,10.);
#788=VECTOR('',#2700,10.);
#789=VECTOR('',#2703,10.);
#790=VECTOR('',#2706,10.);
#791=VECTOR('',#2735,3.39);
#792=VECTOR('',#2738,3.39);
#793=CIRCLE('',#2040,7.);
#794=CIRCLE('',#2041,7.);
#795=CIRCLE('',#2042,2.75);
#796=CIRCLE('',#2044,7.);
#797=CIRCLE('',#2047,7.);
#798=CIRCLE('',#2048,2.75);
#799=CIRCLE('',#2055,7.);
#800=CIRCLE('',#2056,7.);
#801=CIRCLE('',#2057,2.75);
#802=CIRCLE('',#2059,7.);
#803=CIRCLE('',#2062,7.);
#804=CIRCLE('',#2063,2.75);
#805=CIRCLE('',#2071,7.);
#806=CIRCLE('',#2072,7.);
#807=CIRCLE('',#2073,2.75);
#808=CIRCLE('',#2075,7.);
#809=CIRCLE('',#2078,7.);
#810=CIRCLE('',#2079,2.75);
#811=CIRCLE('',#2085,7.);
#812=CIRCLE('',#2086,7.);
#813=CIRCLE('',#2087,2.75);
#814=CIRCLE('',#2089,7.);
#815=CIRCLE('',#2092,7.);
#816=CIRCLE('',#2093,2.75);
#817=CIRCLE('',#2177,3.38975);
#818=CIRCLE('',#2181,3.38975);
#819=CIRCLE('',#2182,3.38975);
#820=CIRCLE('',#2184,3.38975);
#821=VERTEX_POINT('',#2741);
#822=VERTEX_POINT('',#2742);
#823=VERTEX_POINT('',#2744);
#824=VERTEX_POINT('',#2746);
#825=VERTEX_POINT('',#2748);
#826=VERTEX_POINT('',#2750);
#827=VERTEX_POINT('',#2753);
#828=VERTEX_POINT('',#2756);
#829=VERTEX_POINT('',#2758);
#830=VERTEX_POINT('',#2762);
#831=VERTEX_POINT('',#2766);
#832=VERTEX_POINT('',#2768);
#833=VERTEX_POINT('',#2770);
#834=VERTEX_POINT('',#2773);
#835=VERTEX_POINT('',#2785);
#836=VERTEX_POINT('',#2786);
#837=VERTEX_POINT('',#2788);
#838=VERTEX_POINT('',#2790);
#839=VERTEX_POINT('',#2792);
#840=VERTEX_POINT('',#2794);
#841=VERTEX_POINT('',#2797);
#842=VERTEX_POINT('',#2800);
#843=VERTEX_POINT('',#2801);
#844=VERTEX_POINT('',#2806);
#845=VERTEX_POINT('',#2810);
#846=VERTEX_POINT('',#2812);
#847=VERTEX_POINT('',#2814);
#848=VERTEX_POINT('',#2817);
#849=VERTEX_POINT('',#2829);
#850=VERTEX_POINT('',#2830);
#851=VERTEX_POINT('',#2832);
#852=VERTEX_POINT('',#2834);
#853=VERTEX_POINT('',#2838);
#854=VERTEX_POINT('',#2840);
#855=VERTEX_POINT('',#2842);
#856=VERTEX_POINT('',#2844);
#857=VERTEX_POINT('',#2847);
#858=VERTEX_POINT('',#2850);
#859=VERTEX_POINT('',#2851);
#860=VERTEX_POINT('',#2856);
#861=VERTEX_POINT('',#2861);
#862=VERTEX_POINT('',#2864);
#863=VERTEX_POINT('',#2873);
#864=VERTEX_POINT('',#2874);
#865=VERTEX_POINT('',#2876);
#866=VERTEX_POINT('',#2878);
#867=VERTEX_POINT('',#2880);
#868=VERTEX_POINT('',#2882);
#869=VERTEX_POINT('',#2885);
#870=VERTEX_POINT('',#2888);
#871=VERTEX_POINT('',#2889);
#872=VERTEX_POINT('',#2894);
#873=VERTEX_POINT('',#2898);
#874=VERTEX_POINT('',#2900);
#875=VERTEX_POINT('',#2902);
#876=VERTEX_POINT('',#2905);
#877=VERTEX_POINT('',#2917);
#878=VERTEX_POINT('',#2918);
#879=VERTEX_POINT('',#2920);
#880=VERTEX_POINT('',#2922);
#881=VERTEX_POINT('',#2926);
#882=VERTEX_POINT('',#2927);
#883=VERTEX_POINT('',#2929);
#884=VERTEX_POINT('',#2931);
#885=VERTEX_POINT('',#2938);
#886=VERTEX_POINT('',#2940);
#887=VERTEX_POINT('',#2942);
#888=VERTEX_POINT('',#2944);
#889=VERTEX_POINT('',#2946);
#890=VERTEX_POINT('',#2948);
#891=VERTEX_POINT('',#2950);
#892=VERTEX_POINT('',#2952);
#893=VERTEX_POINT('',#2954);
#894=VERTEX_POINT('',#2956);
#895=VERTEX_POINT('',#2960);
#896=VERTEX_POINT('',#2961);
#897=VERTEX_POINT('',#2966);
#898=VERTEX_POINT('',#2968);
#899=VERTEX_POINT('',#2972);
#900=VERTEX_POINT('',#2974);
#901=VERTEX_POINT('',#2978);
#902=VERTEX_POINT('',#2979);
#903=VERTEX_POINT('',#2981);
#904=VERTEX_POINT('',#2986);
#905=VERTEX_POINT('',#2987);
#906=VERTEX_POINT('',#2990);
#907=VERTEX_POINT('',#2998);
#908=VERTEX_POINT('',#3000);
#909=VERTEX_POINT('',#3002);
#910=VERTEX_POINT('',#3004);
#911=VERTEX_POINT('',#3006);
#912=VERTEX_POINT('',#3008);
#913=VERTEX_POINT('',#3012);
#914=VERTEX_POINT('',#3014);
#915=VERTEX_POINT('',#3019);
#916=VERTEX_POINT('',#3022);
#917=VERTEX_POINT('',#3042);
#918=VERTEX_POINT('',#3044);
#919=VERTEX_POINT('',#3048);
#920=VERTEX_POINT('',#3049);
#921=VERTEX_POINT('',#3056);
#922=VERTEX_POINT('',#3057);
#923=VERTEX_POINT('',#3059);
#924=VERTEX_POINT('',#3063);
#925=VERTEX_POINT('',#3064);
#926=VERTEX_POINT('',#3071);
#927=VERTEX_POINT('',#3072);
#928=VERTEX_POINT('',#3074);
#929=VERTEX_POINT('',#3081);
#930=VERTEX_POINT('',#3082);
#931=VERTEX_POINT('',#3084);
#932=VERTEX_POINT('',#3088);
#933=VERTEX_POINT('',#3090);
#934=VERTEX_POINT('',#3096);
#935=VERTEX_POINT('',#3098);
#936=VERTEX_POINT('',#3102);
#937=VERTEX_POINT('',#3103);
#938=VERTEX_POINT('',#3105);
#939=VERTEX_POINT('',#3115);
#940=VERTEX_POINT('',#3116);
#941=VERTEX_POINT('',#3118);
#942=VERTEX_POINT('',#3122);
#943=VERTEX_POINT('',#3124);
#944=VERTEX_POINT('',#3128);
#945=VERTEX_POINT('',#3129);
#946=VERTEX_POINT('',#3134);
#947=VERTEX_POINT('',#3136);
#948=VERTEX_POINT('',#3140);
#949=VERTEX_POINT('',#3141);
#950=VERTEX_POINT('',#3143);
#951=VERTEX_POINT('',#3150);
#952=VERTEX_POINT('',#3151);
#953=VERTEX_POINT('',#3153);
#954=VERTEX_POINT('',#3157);
#955=VERTEX_POINT('',#3158);
#956=VERTEX_POINT('',#3163);
#957=VERTEX_POINT('',#3165);
#958=VERTEX_POINT('',#3169);
#959=VERTEX_POINT('',#3170);
#960=VERTEX_POINT('',#3172);
#961=VERTEX_POINT('',#3176);
#962=VERTEX_POINT('',#3177);
#963=VERTEX_POINT('',#3182);
#964=VERTEX_POINT('',#3184);
#965=VERTEX_POINT('',#3188);
#966=VERTEX_POINT('',#3189);
#967=VERTEX_POINT('',#3220);
#968=VERTEX_POINT('',#3222);
#969=VERTEX_POINT('',#3242);
#970=VERTEX_POINT('',#3244);
#971=VERTEX_POINT('',#3248);
#972=VERTEX_POINT('',#3250);
#973=VERTEX_POINT('',#3270);
#974=VERTEX_POINT('',#3275);
#975=VERTEX_POINT('',#3277);
#976=VERTEX_POINT('',#3280);
#977=EDGE_CURVE('',#821,#822,#793,.T.);
#978=EDGE_CURVE('',#823,#821,#309,.T.);
#979=EDGE_CURVE('',#824,#823,#310,.T.);
#980=EDGE_CURVE('',#824,#825,#311,.T.);
#981=EDGE_CURVE('',#826,#825,#794,.T.);
#982=EDGE_CURVE('',#822,#826,#312,.T.);
#983=EDGE_CURVE('',#827,#827,#795,.T.);
#984=EDGE_CURVE('',#825,#828,#313,.T.);
#985=EDGE_CURVE('',#828,#829,#796,.T.);
#986=EDGE_CURVE('',#829,#826,#314,.T.);
#987=EDGE_CURVE('',#822,#830,#315,.T.);
#988=EDGE_CURVE('',#829,#830,#316,.T.);
#989=EDGE_CURVE('',#830,#831,#797,.T.);
#990=EDGE_CURVE('',#832,#828,#317,.T.);
#991=EDGE_CURVE('',#832,#833,#318,.T.);
#992=EDGE_CURVE('',#833,#831,#319,.T.);
#993=EDGE_CURVE('',#834,#834,#798,.T.);
#994=EDGE_CURVE('',#831,#821,#320,.T.);
#995=EDGE_CURVE('',#827,#834,#321,.T.);
#996=EDGE_CURVE('',#832,#824,#322,.T.);
#997=EDGE_CURVE('',#823,#833,#323,.T.);
#998=EDGE_CURVE('',#835,#836,#799,.T.);
#999=EDGE_CURVE('',#837,#835,#324,.T.);
#1000=EDGE_CURVE('',#838,#837,#325,.T.);
#1001=EDGE_CURVE('',#838,#839,#326,.T.);
#1002=EDGE_CURVE('',#840,#839,#800,.T.);
#1003=EDGE_CURVE('',#836,#840,#327,.T.);
#1004=EDGE_CURVE('',#841,#841,#801,.T.);
#1005=EDGE_CURVE('',#842,#843,#802,.T.);
#1006=EDGE_CURVE('',#843,#840,#328,.T.);
#1007=EDGE_CURVE('',#839,#842,#329,.T.);
#1008=EDGE_CURVE('',#836,#844,#330,.T.);
#1009=EDGE_CURVE('',#843,#844,#331,.T.);
#1010=EDGE_CURVE('',#844,#845,#803,.T.);
#1011=EDGE_CURVE('',#846,#842,#332,.T.);
#1012=EDGE_CURVE('',#846,#847,#333,.T.);
#1013=EDGE_CURVE('',#847,#845,#334,.T.);
#1014=EDGE_CURVE('',#848,#848,#804,.T.);
#1015=EDGE_CURVE('',#845,#835,#335,.T.);
#1016=EDGE_CURVE('',#841,#848,#336,.T.);
#1017=EDGE_CURVE('',#846,#838,#337,.T.);
#1018=EDGE_CURVE('',#837,#847,#338,.T.);
#1019=EDGE_CURVE('',#849,#850,#339,.T.);
#1020=EDGE_CURVE('',#849,#851,#340,.T.);
#1021=EDGE_CURVE('',#852,#851,#341,.T.);
#1022=EDGE_CURVE('',#850,#852,#342,.T.);
#1023=EDGE_CURVE('',#851,#853,#805,.T.);
#1024=EDGE_CURVE('',#849,#854,#343,.T.);
#1025=EDGE_CURVE('',#854,#855,#344,.T.);
#1026=EDGE_CURVE('',#856,#855,#806,.T.);
#1027=EDGE_CURVE('',#853,#856,#345,.T.);
#1028=EDGE_CURVE('',#857,#857,#807,.T.);
#1029=EDGE_CURVE('',#858,#859,#808,.T.);
#1030=EDGE_CURVE('',#859,#856,#346,.T.);
#1031=EDGE_CURVE('',#855,#858,#347,.T.);
#1032=EDGE_CURVE('',#853,#860,#348,.T.);
#1033=EDGE_CURVE('',#859,#860,#349,.T.);
#1034=EDGE_CURVE('',#860,#852,#809,.T.);
#1035=EDGE_CURVE('',#861,#858,#350,.T.);
#1036=EDGE_CURVE('',#861,#850,#351,.T.);
#1037=EDGE_CURVE('',#862,#862,#810,.T.);
#1038=EDGE_CURVE('',#857,#862,#352,.T.);
#1039=EDGE_CURVE('',#861,#854,#353,.T.);
#1040=EDGE_CURVE('',#863,#864,#811,.T.);
#1041=EDGE_CURVE('',#865,#863,#354,.T.);
#1042=EDGE_CURVE('',#866,#865,#355,.T.);
#1043=EDGE_CURVE('',#866,#867,#356,.T.);
#1044=EDGE_CURVE('',#868,#867,#812,.T.);
#1045=EDGE_CURVE('',#864,#868,#357,.T.);
#1046=EDGE_CURVE('',#869,#869,#813,.T.);
#1047=EDGE_CURVE('',#870,#871,#814,.T.);
#1048=EDGE_CURVE('',#871,#868,#358,.T.);
#1049=EDGE_CURVE('',#867,#870,#359,.T.);
#1050=EDGE_CURVE('',#864,#872,#360,.T.);
#1051=EDGE_CURVE('',#871,#872,#361,.T.);
#1052=EDGE_CURVE('',#872,#873,#815,.T.);
#1053=EDGE_CURVE('',#874,#870,#362,.T.);
#1054=EDGE_CURVE('',#874,#875,#363,.T.);
#1055=EDGE_CURVE('',#875,#873,#364,.T.);
#1056=EDGE_CURVE('',#876,#876,#816,.T.);
#1057=EDGE_CURVE('',#873,#863,#365,.T.);
#1058=EDGE_CURVE('',#869,#876,#366,.T.);
#1059=EDGE_CURVE('',#865,#875,#367,.T.);
#1060=EDGE_CURVE('',#874,#866,#368,.T.);
#1061=EDGE_CURVE('',#877,#878,#369,.F.);
#1062=EDGE_CURVE('',#879,#877,#370,.T.);
#1063=EDGE_CURVE('',#880,#879,#371,.F.);
#1064=EDGE_CURVE('',#880,#878,#372,.T.);
#1065=EDGE_CURVE('',#881,#882,#373,.F.);
#1066=EDGE_CURVE('',#883,#881,#374,.T.);
#1067=EDGE_CURVE('',#884,#883,#375,.F.);
#1068=EDGE_CURVE('',#882,#884,#376,.T.);
#1069=EDGE_CURVE('',#878,#881,#377,.T.);
#1070=EDGE_CURVE('',#883,#880,#378,.T.);
#1071=EDGE_CURVE('',#885,#881,#379,.T.);
#1072=EDGE_CURVE('',#886,#885,#380,.T.);
#1073=EDGE_CURVE('',#887,#886,#381,.T.);
#1074=EDGE_CURVE('',#888,#887,#382,.T.);
#1075=EDGE_CURVE('',#889,#888,#383,.T.);
#1076=EDGE_CURVE('',#889,#890,#384,.T.);
#1077=EDGE_CURVE('',#891,#890,#385,.T.);
#1078=EDGE_CURVE('',#891,#892,#386,.T.);
#1079=EDGE_CURVE('',#893,#892,#387,.T.);
#1080=EDGE_CURVE('',#893,#894,#388,.T.);
#1081=EDGE_CURVE('',#878,#894,#389,.T.);
#1082=EDGE_CURVE('',#895,#896,#390,.T.);
#1083=EDGE_CURVE('',#895,#894,#391,.T.);
#1084=EDGE_CURVE('',#893,#896,#392,.T.);
#1085=EDGE_CURVE('',#897,#895,#393,.F.);
#1086=EDGE_CURVE('',#898,#897,#394,.T.);
#1087=EDGE_CURVE('',#894,#898,#395,.F.);
#1088=EDGE_CURVE('',#896,#899,#396,.F.);
#1089=EDGE_CURVE('',#900,#893,#397,.F.);
#1090=EDGE_CURVE('',#899,#900,#398,.T.);
#1091=EDGE_CURVE('',#901,#902,#399,.F.);
#1092=EDGE_CURVE('',#903,#901,#400,.T.);
#1093=EDGE_CURVE('',#892,#903,#401,.F.);
#1094=EDGE_CURVE('',#902,#892,#402,.T.);
#1095=EDGE_CURVE('',#904,#905,#403,.F.);
#1096=EDGE_CURVE('',#904,#891,#404,.T.);
#1097=EDGE_CURVE('',#906,#891,#405,.F.);
#1098=EDGE_CURVE('',#905,#906,#406,.T.);
#1099=EDGE_CURVE('',#902,#904,#407,.T.);
#1100=EDGE_CURVE('',#895,#880,#408,.T.);
#1101=EDGE_CURVE('',#902,#896,#409,.T.);
#1102=EDGE_CURVE('',#907,#904,#410,.T.);
#1103=EDGE_CURVE('',#907,#908,#411,.T.);
#1104=EDGE_CURVE('',#909,#908,#412,.T.);
#1105=EDGE_CURVE('',#910,#909,#413,.T.);
#1106=EDGE_CURVE('',#911,#910,#414,.T.);
#1107=EDGE_CURVE('',#912,#911,#415,.T.);
#1108=EDGE_CURVE('',#883,#912,#416,.T.);
#1109=EDGE_CURVE('',#913,#907,#417,.F.);
#1110=EDGE_CURVE('',#914,#913,#418,.T.);
#1111=EDGE_CURVE('',#890,#914,#419,.F.);
#1112=EDGE_CURVE('',#907,#890,#420,.T.);
#1113=EDGE_CURVE('',#908,#915,#421,.F.);
#1114=EDGE_CURVE('',#908,#889,#422,.T.);
#1115=EDGE_CURVE('',#916,#889,#423,.F.);
#1116=EDGE_CURVE('',#915,#916,#424,.T.);
#1117=EDGE_CURVE('',#914,#906,#425,.T.);
#1118=EDGE_CURVE('',#905,#913,#426,.T.);
#1119=EDGE_CURVE('',#903,#900,#427,.T.);
#1120=EDGE_CURVE('',#899,#901,#428,.T.);
#1121=EDGE_CURVE('',#898,#877,#429,.T.);
#1122=EDGE_CURVE('',#879,#897,#430,.T.);
#1123=EDGE_CURVE('',#912,#917,#431,.T.);
#1124=EDGE_CURVE('',#918,#912,#432,.T.);
#1125=EDGE_CURVE('',#917,#918,#433,.T.);
#1126=EDGE_CURVE('',#919,#920,#434,.T.);
#1127=EDGE_CURVE('',#911,#919,#435,.T.);
#1128=EDGE_CURVE('',#920,#911,#436,.T.);
#1129=EDGE_CURVE('',#919,#918,#437,.T.);
#1130=EDGE_CURVE('',#921,#922,#438,.T.);
#1131=EDGE_CURVE('',#923,#921,#439,.T.);
#1132=EDGE_CURVE('',#922,#923,#440,.T.);
#1133=EDGE_CURVE('',#924,#925,#441,.T.);
#1134=EDGE_CURVE('',#910,#924,#442,.T.);
#1135=EDGE_CURVE('',#925,#910,#443,.T.);
#1136=EDGE_CURVE('',#924,#920,#444,.T.);
#1137=EDGE_CURVE('',#926,#927,#445,.T.);
#1138=EDGE_CURVE('',#928,#926,#446,.T.);
#1139=EDGE_CURVE('',#927,#928,#447,.T.);
#1140=EDGE_CURVE('',#923,#928,#448,.T.);
#1141=EDGE_CURVE('',#926,#922,#449,.T.);
#1142=EDGE_CURVE('',#929,#930,#450,.T.);
#1143=EDGE_CURVE('',#931,#929,#451,.T.);
#1144=EDGE_CURVE('',#930,#931,#452,.T.);
#1145=EDGE_CURVE('',#909,#932,#453,.T.);
#1146=EDGE_CURVE('',#933,#909,#454,.T.);
#1147=EDGE_CURVE('',#932,#933,#455,.T.);
#1148=EDGE_CURVE('',#915,#933,#456,.T.);
#1149=EDGE_CURVE('',#934,#926,#457,.T.);
#1150=EDGE_CURVE('',#927,#935,#458,.T.);
#1151=EDGE_CURVE('',#935,#934,#459,.T.);
#1152=EDGE_CURVE('',#936,#937,#460,.T.);
#1153=EDGE_CURVE('',#938,#936,#461,.T.);
#1154=EDGE_CURVE('',#937,#938,#462,.T.);
#1155=EDGE_CURVE('',#928,#938,#463,.T.);
#1156=EDGE_CURVE('',#936,#927,#464,.T.);
#1157=EDGE_CURVE('',#938,#931,#465,.T.);
#1158=EDGE_CURVE('',#929,#937,#466,.T.);
#1159=EDGE_CURVE('',#939,#940,#467,.T.);
#1160=EDGE_CURVE('',#941,#939,#468,.T.);
#1161=EDGE_CURVE('',#940,#941,#469,.T.);
#1162=EDGE_CURVE('',#942,#941,#470,.T.);
#1163=EDGE_CURVE('',#939,#943,#471,.T.);
#1164=EDGE_CURVE('',#943,#942,#472,.T.);
#1165=EDGE_CURVE('',#944,#945,#473,.T.);
#1166=EDGE_CURVE('',#885,#944,#474,.T.);
#1167=EDGE_CURVE('',#945,#885,#475,.T.);
#1168=EDGE_CURVE('',#946,#936,#476,.T.);
#1169=EDGE_CURVE('',#937,#947,#477,.T.);
#1170=EDGE_CURVE('',#947,#946,#478,.T.);
#1171=EDGE_CURVE('',#948,#949,#479,.T.);
#1172=EDGE_CURVE('',#950,#948,#480,.T.);
#1173=EDGE_CURVE('',#949,#950,#481,.T.);
#1174=EDGE_CURVE('',#940,#950,#482,.T.);
#1175=EDGE_CURVE('',#948,#939,#483,.T.);
#1176=EDGE_CURVE('',#951,#952,#484,.T.);
#1177=EDGE_CURVE('',#953,#951,#485,.T.);
#1178=EDGE_CURVE('',#952,#953,#486,.T.);
#1179=EDGE_CURVE('',#954,#955,#487,.T.);
#1180=EDGE_CURVE('',#886,#954,#488,.T.);
#1181=EDGE_CURVE('',#955,#886,#489,.T.);
#1182=EDGE_CURVE('',#956,#948,#490,.T.);
#1183=EDGE_CURVE('',#949,#957,#491,.T.);
#1184=EDGE_CURVE('',#957,#956,#492,.T.);
#1185=EDGE_CURVE('',#958,#959,#493,.T.);
#1186=EDGE_CURVE('',#960,#958,#494,.T.);
#1187=EDGE_CURVE('',#959,#960,#495,.T.);
#1188=EDGE_CURVE('',#961,#962,#496,.T.);
#1189=EDGE_CURVE('',#887,#961,#497,.T.);
#1190=EDGE_CURVE('',#962,#887,#498,.T.);
#1191=EDGE_CURVE('',#963,#960,#499,.T.);
#1192=EDGE_CURVE('',#958,#964,#500,.T.);
#1193=EDGE_CURVE('',#964,#963,#501,.T.);
#1194=EDGE_CURVE('',#965,#966,#502,.T.);
#1195=EDGE_CURVE('',#888,#965,#503,.T.);
#1196=EDGE_CURVE('',#966,#888,#504,.T.);
#1197=EDGE_CURVE('',#965,#916,#505,.T.);
#1198=EDGE_CURVE('',#961,#966,#506,.T.);
#1199=EDGE_CURVE('',#964,#965,#507,.T.);
#1200=EDGE_CURVE('',#966,#963,#508,.T.);
#1201=EDGE_CURVE('',#954,#962,#509,.T.);
#1202=EDGE_CURVE('',#957,#961,#510,.T.);
#1203=EDGE_CURVE('',#962,#956,#511,.T.);
#1204=EDGE_CURVE('',#950,#959,#512,.T.);
#1205=EDGE_CURVE('',#960,#949,#513,.T.);
#1206=EDGE_CURVE('',#959,#953,#514,.T.);
#1207=EDGE_CURVE('',#951,#958,#515,.T.);
#1208=EDGE_CURVE('',#944,#955,#516,.T.);
#1209=EDGE_CURVE('',#947,#954,#517,.T.);
#1210=EDGE_CURVE('',#955,#946,#518,.T.);
#1211=EDGE_CURVE('',#953,#940,#519,.T.);
#1212=EDGE_CURVE('',#941,#952,#520,.T.);
#1213=EDGE_CURVE('',#967,#951,#521,.T.);
#1214=EDGE_CURVE('',#952,#968,#522,.T.);
#1215=EDGE_CURVE('',#968,#967,#523,.T.);
#1216=EDGE_CURVE('',#882,#945,#524,.T.);
#1217=EDGE_CURVE('',#935,#944,#525,.T.);
#1218=EDGE_CURVE('',#945,#934,#526,.T.);
#1219=EDGE_CURVE('',#968,#932,#527,.T.);
#1220=EDGE_CURVE('',#933,#967,#528,.T.);
#1221=EDGE_CURVE('',#932,#925,#529,.T.);
#1222=EDGE_CURVE('',#943,#924,#530,.T.);
#1223=EDGE_CURVE('',#925,#942,#531,.T.);
#1224=EDGE_CURVE('',#931,#923,#532,.T.);
#1225=EDGE_CURVE('',#921,#930,#533,.T.);
#1226=EDGE_CURVE('',#969,#929,#534,.T.);
#1227=EDGE_CURVE('',#930,#970,#535,.T.);
#1228=EDGE_CURVE('',#970,#969,#536,.T.);
#1229=EDGE_CURVE('',#971,#921,#537,.T.);
#1230=EDGE_CURVE('',#922,#972,#538,.T.);
#1231=EDGE_CURVE('',#972,#971,#539,.T.);
#1232=EDGE_CURVE('',#970,#919,#540,.T.);
#1233=EDGE_CURVE('',#920,#969,#541,.T.);
#1234=EDGE_CURVE('',#972,#917,#542,.T.);
#1235=EDGE_CURVE('',#918,#971,#543,.T.);
#1236=EDGE_CURVE('',#917,#884,#544,.T.);
#1237=EDGE_CURVE('',#942,#968,#545,.T.);
#1238=EDGE_CURVE('',#963,#957,#546,.T.);
#1239=EDGE_CURVE('',#946,#935,#547,.T.);
#1240=EDGE_CURVE('',#971,#970,#548,.T.);
#1241=EDGE_CURVE('',#973,#973,#817,.T.);
#1242=EDGE_CURVE('',#974,#974,#818,.T.);
#1243=EDGE_CURVE('',#975,#975,#819,.T.);
#1244=EDGE_CURVE('',#976,#976,#820,.T.);
#1245=EDGE_CURVE('',#973,#974,#549,.T.);
#1246=EDGE_CURVE('',#976,#975,#550,.T.);
#1247=ORIENTED_EDGE('',*,*,#977,.F.);
#1248=ORIENTED_EDGE('',*,*,#978,.F.);
#1249=ORIENTED_EDGE('',*,*,#979,.F.);
#1250=ORIENTED_EDGE('',*,*,#980,.T.);
#1251=ORIENTED_EDGE('',*,*,#981,.F.);
#1252=ORIENTED_EDGE('',*,*,#982,.F.);
#1253=ORIENTED_EDGE('',*,*,#983,.T.);
#1254=ORIENTED_EDGE('',*,*,#981,.T.);
#1255=ORIENTED_EDGE('',*,*,#984,.T.);
#1256=ORIENTED_EDGE('',*,*,#985,.T.);
#1257=ORIENTED_EDGE('',*,*,#986,.T.);
#1258=ORIENTED_EDGE('',*,*,#987,.F.);
#1259=ORIENTED_EDGE('',*,*,#982,.T.);
#1260=ORIENTED_EDGE('',*,*,#986,.F.);
#1261=ORIENTED_EDGE('',*,*,#988,.T.);
#1262=ORIENTED_EDGE('',*,*,#989,.F.);
#1263=ORIENTED_EDGE('',*,*,#988,.F.);
#1264=ORIENTED_EDGE('',*,*,#985,.F.);
#1265=ORIENTED_EDGE('',*,*,#990,.F.);
#1266=ORIENTED_EDGE('',*,*,#991,.T.);
#1267=ORIENTED_EDGE('',*,*,#992,.T.);
#1268=ORIENTED_EDGE('',*,*,#993,.T.);
#1269=ORIENTED_EDGE('',*,*,#977,.T.);
#1270=ORIENTED_EDGE('',*,*,#987,.T.);
#1271=ORIENTED_EDGE('',*,*,#989,.T.);
#1272=ORIENTED_EDGE('',*,*,#994,.T.);
#1273=ORIENTED_EDGE('',*,*,#983,.F.);
#1274=ORIENTED_EDGE('',*,*,#995,.T.);
#1275=ORIENTED_EDGE('',*,*,#993,.F.);
#1276=ORIENTED_EDGE('',*,*,#995,.F.);
#1277=ORIENTED_EDGE('',*,*,#996,.F.);
#1278=ORIENTED_EDGE('',*,*,#990,.T.);
#1279=ORIENTED_EDGE('',*,*,#984,.F.);
#1280=ORIENTED_EDGE('',*,*,#980,.F.);
#1281=ORIENTED_EDGE('',*,*,#997,.F.);
#1282=ORIENTED_EDGE('',*,*,#978,.T.);
#1283=ORIENTED_EDGE('',*,*,#994,.F.);
#1284=ORIENTED_EDGE('',*,*,#992,.F.);
#1285=ORIENTED_EDGE('',*,*,#996,.T.);
#1286=ORIENTED_EDGE('',*,*,#979,.T.);
#1287=ORIENTED_EDGE('',*,*,#997,.T.);
#1288=ORIENTED_EDGE('',*,*,#991,.F.);
#1289=ORIENTED_EDGE('',*,*,#998,.F.);
#1290=ORIENTED_EDGE('',*,*,#999,.F.);
#1291=ORIENTED_EDGE('',*,*,#1000,.F.);
#1292=ORIENTED_EDGE('',*,*,#1001,.T.);
#1293=ORIENTED_EDGE('',*,*,#1002,.F.);
#1294=ORIENTED_EDGE('',*,*,#1003,.F.);
#1295=ORIENTED_EDGE('',*,*,#1004,.T.);
#1296=ORIENTED_EDGE('',*,*,#1005,.T.);
#1297=ORIENTED_EDGE('',*,*,#1006,.T.);
#1298=ORIENTED_EDGE('',*,*,#1002,.T.);
#1299=ORIENTED_EDGE('',*,*,#1007,.T.);
#1300=ORIENTED_EDGE('',*,*,#1008,.F.);
#1301=ORIENTED_EDGE('',*,*,#1003,.T.);
#1302=ORIENTED_EDGE('',*,*,#1006,.F.);
#1303=ORIENTED_EDGE('',*,*,#1009,.T.);
#1304=ORIENTED_EDGE('',*,*,#1010,.F.);
#1305=ORIENTED_EDGE('',*,*,#1009,.F.);
#1306=ORIENTED_EDGE('',*,*,#1005,.F.);
#1307=ORIENTED_EDGE('',*,*,#1011,.F.);
#1308=ORIENTED_EDGE('',*,*,#1012,.T.);
#1309=ORIENTED_EDGE('',*,*,#1013,.T.);
#1310=ORIENTED_EDGE('',*,*,#1014,.T.);
#1311=ORIENTED_EDGE('',*,*,#998,.T.);
#1312=ORIENTED_EDGE('',*,*,#1008,.T.);
#1313=ORIENTED_EDGE('',*,*,#1010,.T.);
#1314=ORIENTED_EDGE('',*,*,#1015,.T.);
#1315=ORIENTED_EDGE('',*,*,#1004,.F.);
#1316=ORIENTED_EDGE('',*,*,#1016,.T.);
#1317=ORIENTED_EDGE('',*,*,#1014,.F.);
#1318=ORIENTED_EDGE('',*,*,#1016,.F.);
#1319=ORIENTED_EDGE('',*,*,#1017,.F.);
#1320=ORIENTED_EDGE('',*,*,#1011,.T.);
#1321=ORIENTED_EDGE('',*,*,#1007,.F.);
#1322=ORIENTED_EDGE('',*,*,#1001,.F.);
#1323=ORIENTED_EDGE('',*,*,#1018,.F.);
#1324=ORIENTED_EDGE('',*,*,#999,.T.);
#1325=ORIENTED_EDGE('',*,*,#1015,.F.);
#1326=ORIENTED_EDGE('',*,*,#1013,.F.);
#1327=ORIENTED_EDGE('',*,*,#1017,.T.);
#1328=ORIENTED_EDGE('',*,*,#1000,.T.);
#1329=ORIENTED_EDGE('',*,*,#1018,.T.);
#1330=ORIENTED_EDGE('',*,*,#1012,.F.);
#1331=ORIENTED_EDGE('',*,*,#1019,.F.);
#1332=ORIENTED_EDGE('',*,*,#1020,.T.);
#1333=ORIENTED_EDGE('',*,*,#1021,.F.);
#1334=ORIENTED_EDGE('',*,*,#1022,.F.);
#1335=ORIENTED_EDGE('',*,*,#1023,.F.);
#1336=ORIENTED_EDGE('',*,*,#1020,.F.);
#1337=ORIENTED_EDGE('',*,*,#1024,.T.);
#1338=ORIENTED_EDGE('',*,*,#1025,.T.);
#1339=ORIENTED_EDGE('',*,*,#1026,.F.);
#1340=ORIENTED_EDGE('',*,*,#1027,.F.);
#1341=ORIENTED_EDGE('',*,*,#1028,.T.);
#1342=ORIENTED_EDGE('',*,*,#1029,.T.);
#1343=ORIENTED_EDGE('',*,*,#1030,.T.);
#1344=ORIENTED_EDGE('',*,*,#1026,.T.);
#1345=ORIENTED_EDGE('',*,*,#1031,.T.);
#1346=ORIENTED_EDGE('',*,*,#1032,.F.);
#1347=ORIENTED_EDGE('',*,*,#1027,.T.);
#1348=ORIENTED_EDGE('',*,*,#1030,.F.);
#1349=ORIENTED_EDGE('',*,*,#1033,.T.);
#1350=ORIENTED_EDGE('',*,*,#1034,.F.);
#1351=ORIENTED_EDGE('',*,*,#1033,.F.);
#1352=ORIENTED_EDGE('',*,*,#1029,.F.);
#1353=ORIENTED_EDGE('',*,*,#1035,.F.);
#1354=ORIENTED_EDGE('',*,*,#1036,.T.);
#1355=ORIENTED_EDGE('',*,*,#1022,.T.);
#1356=ORIENTED_EDGE('',*,*,#1037,.T.);
#1357=ORIENTED_EDGE('',*,*,#1023,.T.);
#1358=ORIENTED_EDGE('',*,*,#1032,.T.);
#1359=ORIENTED_EDGE('',*,*,#1034,.T.);
#1360=ORIENTED_EDGE('',*,*,#1021,.T.);
#1361=ORIENTED_EDGE('',*,*,#1028,.F.);
#1362=ORIENTED_EDGE('',*,*,#1038,.T.);
#1363=ORIENTED_EDGE('',*,*,#1037,.F.);
#1364=ORIENTED_EDGE('',*,*,#1038,.F.);
#1365=ORIENTED_EDGE('',*,*,#1039,.F.);
#1366=ORIENTED_EDGE('',*,*,#1035,.T.);
#1367=ORIENTED_EDGE('',*,*,#1031,.F.);
#1368=ORIENTED_EDGE('',*,*,#1025,.F.);
#1369=ORIENTED_EDGE('',*,*,#1039,.T.);
#1370=ORIENTED_EDGE('',*,*,#1024,.F.);
#1371=ORIENTED_EDGE('',*,*,#1019,.T.);
#1372=ORIENTED_EDGE('',*,*,#1036,.F.);
#1373=ORIENTED_EDGE('',*,*,#1040,.F.);
#1374=ORIENTED_EDGE('',*,*,#1041,.F.);
#1375=ORIENTED_EDGE('',*,*,#1042,.F.);
#1376=ORIENTED_EDGE('',*,*,#1043,.T.);
#1377=ORIENTED_EDGE('',*,*,#1044,.F.);
#1378=ORIENTED_EDGE('',*,*,#1045,.F.);
#1379=ORIENTED_EDGE('',*,*,#1046,.T.);
#1380=ORIENTED_EDGE('',*,*,#1047,.T.);
#1381=ORIENTED_EDGE('',*,*,#1048,.T.);
#1382=ORIENTED_EDGE('',*,*,#1044,.T.);
#1383=ORIENTED_EDGE('',*,*,#1049,.T.);
#1384=ORIENTED_EDGE('',*,*,#1050,.F.);
#1385=ORIENTED_EDGE('',*,*,#1045,.T.);
#1386=ORIENTED_EDGE('',*,*,#1048,.F.);
#1387=ORIENTED_EDGE('',*,*,#1051,.T.);
#1388=ORIENTED_EDGE('',*,*,#1052,.F.);
#1389=ORIENTED_EDGE('',*,*,#1051,.F.);
#1390=ORIENTED_EDGE('',*,*,#1047,.F.);
#1391=ORIENTED_EDGE('',*,*,#1053,.F.);
#1392=ORIENTED_EDGE('',*,*,#1054,.T.);
#1393=ORIENTED_EDGE('',*,*,#1055,.T.);
#1394=ORIENTED_EDGE('',*,*,#1056,.T.);
#1395=ORIENTED_EDGE('',*,*,#1052,.T.);
#1396=ORIENTED_EDGE('',*,*,#1057,.T.);
#1397=ORIENTED_EDGE('',*,*,#1040,.T.);
#1398=ORIENTED_EDGE('',*,*,#1050,.T.);
#1399=ORIENTED_EDGE('',*,*,#1046,.F.);
#1400=ORIENTED_EDGE('',*,*,#1058,.T.);
#1401=ORIENTED_EDGE('',*,*,#1056,.F.);
#1402=ORIENTED_EDGE('',*,*,#1058,.F.);
#1403=ORIENTED_EDGE('',*,*,#1059,.F.);
#1404=ORIENTED_EDGE('',*,*,#1041,.T.);
#1405=ORIENTED_EDGE('',*,*,#1057,.F.);
#1406=ORIENTED_EDGE('',*,*,#1055,.F.);
#1407=ORIENTED_EDGE('',*,*,#1060,.F.);
#1408=ORIENTED_EDGE('',*,*,#1053,.T.);
#1409=ORIENTED_EDGE('',*,*,#1049,.F.);
#1410=ORIENTED_EDGE('',*,*,#1043,.F.);
#1411=ORIENTED_EDGE('',*,*,#1059,.T.);
#1412=ORIENTED_EDGE('',*,*,#1054,.F.);
#1413=ORIENTED_EDGE('',*,*,#1060,.T.);
#1414=ORIENTED_EDGE('',*,*,#1042,.T.);
#1415=ORIENTED_EDGE('',*,*,#1061,.F.);
#1416=ORIENTED_EDGE('',*,*,#1062,.F.);
#1417=ORIENTED_EDGE('',*,*,#1063,.F.);
#1418=ORIENTED_EDGE('',*,*,#1064,.T.);
#1419=ORIENTED_EDGE('',*,*,#1065,.F.);
#1420=ORIENTED_EDGE('',*,*,#1066,.F.);
#1421=ORIENTED_EDGE('',*,*,#1067,.F.);
#1422=ORIENTED_EDGE('',*,*,#1068,.F.);
#1423=ORIENTED_EDGE('',*,*,#1069,.F.);
#1424=ORIENTED_EDGE('',*,*,#1064,.F.);
#1425=ORIENTED_EDGE('',*,*,#1070,.F.);
#1426=ORIENTED_EDGE('',*,*,#1066,.T.);
#1427=ORIENTED_EDGE('',*,*,#1069,.T.);
#1428=ORIENTED_EDGE('',*,*,#1071,.F.);
#1429=ORIENTED_EDGE('',*,*,#1072,.F.);
#1430=ORIENTED_EDGE('',*,*,#1073,.F.);
#1431=ORIENTED_EDGE('',*,*,#1074,.F.);
#1432=ORIENTED_EDGE('',*,*,#1075,.F.);
#1433=ORIENTED_EDGE('',*,*,#1076,.T.);
#1434=ORIENTED_EDGE('',*,*,#1077,.F.);
#1435=ORIENTED_EDGE('',*,*,#1078,.T.);
#1436=ORIENTED_EDGE('',*,*,#1079,.F.);
#1437=ORIENTED_EDGE('',*,*,#1080,.T.);
#1438=ORIENTED_EDGE('',*,*,#1081,.F.);
#1439=ORIENTED_EDGE('',*,*,#1082,.F.);
#1440=ORIENTED_EDGE('',*,*,#1083,.T.);
#1441=ORIENTED_EDGE('',*,*,#1080,.F.);
#1442=ORIENTED_EDGE('',*,*,#1084,.T.);
#1443=ORIENTED_EDGE('',*,*,#1085,.F.);
#1444=ORIENTED_EDGE('',*,*,#1086,.F.);
#1445=ORIENTED_EDGE('',*,*,#1087,.F.);
#1446=ORIENTED_EDGE('',*,*,#1083,.F.);
#1447=ORIENTED_EDGE('',*,*,#1088,.F.);
#1448=ORIENTED_EDGE('',*,*,#1084,.F.);
#1449=ORIENTED_EDGE('',*,*,#1089,.F.);
#1450=ORIENTED_EDGE('',*,*,#1090,.F.);
#1451=ORIENTED_EDGE('',*,*,#1091,.F.);
#1452=ORIENTED_EDGE('',*,*,#1092,.F.);
#1453=ORIENTED_EDGE('',*,*,#1093,.F.);
#1454=ORIENTED_EDGE('',*,*,#1094,.F.);
#1455=ORIENTED_EDGE('',*,*,#1095,.F.);
#1456=ORIENTED_EDGE('',*,*,#1096,.T.);
#1457=ORIENTED_EDGE('',*,*,#1097,.F.);
#1458=ORIENTED_EDGE('',*,*,#1098,.F.);
#1459=ORIENTED_EDGE('',*,*,#1099,.F.);
#1460=ORIENTED_EDGE('',*,*,#1094,.T.);
#1461=ORIENTED_EDGE('',*,*,#1078,.F.);
#1462=ORIENTED_EDGE('',*,*,#1096,.F.);
#1463=ORIENTED_EDGE('',*,*,#1070,.T.);
#1464=ORIENTED_EDGE('',*,*,#1100,.F.);
#1465=ORIENTED_EDGE('',*,*,#1082,.T.);
#1466=ORIENTED_EDGE('',*,*,#1101,.F.);
#1467=ORIENTED_EDGE('',*,*,#1099,.T.);
#1468=ORIENTED_EDGE('',*,*,#1102,.F.);
#1469=ORIENTED_EDGE('',*,*,#1103,.T.);
#1470=ORIENTED_EDGE('',*,*,#1104,.F.);
#1471=ORIENTED_EDGE('',*,*,#1105,.F.);
#1472=ORIENTED_EDGE('',*,*,#1106,.F.);
#1473=ORIENTED_EDGE('',*,*,#1107,.F.);
#1474=ORIENTED_EDGE('',*,*,#1108,.F.);
#1475=ORIENTED_EDGE('',*,*,#1109,.F.);
#1476=ORIENTED_EDGE('',*,*,#1110,.F.);
#1477=ORIENTED_EDGE('',*,*,#1111,.F.);
#1478=ORIENTED_EDGE('',*,*,#1112,.F.);
#1479=ORIENTED_EDGE('',*,*,#1113,.F.);
#1480=ORIENTED_EDGE('',*,*,#1114,.T.);
#1481=ORIENTED_EDGE('',*,*,#1115,.F.);
#1482=ORIENTED_EDGE('',*,*,#1116,.F.);
#1483=ORIENTED_EDGE('',*,*,#1103,.F.);
#1484=ORIENTED_EDGE('',*,*,#1112,.T.);
#1485=ORIENTED_EDGE('',*,*,#1076,.F.);
#1486=ORIENTED_EDGE('',*,*,#1114,.F.);
#1487=ORIENTED_EDGE('',*,*,#1111,.T.);
#1488=ORIENTED_EDGE('',*,*,#1117,.T.);
#1489=ORIENTED_EDGE('',*,*,#1097,.T.);
#1490=ORIENTED_EDGE('',*,*,#1077,.T.);
#1491=ORIENTED_EDGE('',*,*,#1117,.F.);
#1492=ORIENTED_EDGE('',*,*,#1110,.T.);
#1493=ORIENTED_EDGE('',*,*,#1118,.F.);
#1494=ORIENTED_EDGE('',*,*,#1098,.T.);
#1495=ORIENTED_EDGE('',*,*,#1093,.T.);
#1496=ORIENTED_EDGE('',*,*,#1119,.T.);
#1497=ORIENTED_EDGE('',*,*,#1089,.T.);
#1498=ORIENTED_EDGE('',*,*,#1079,.T.);
#1499=ORIENTED_EDGE('',*,*,#1119,.F.);
#1500=ORIENTED_EDGE('',*,*,#1092,.T.);
#1501=ORIENTED_EDGE('',*,*,#1120,.F.);
#1502=ORIENTED_EDGE('',*,*,#1090,.T.);
#1503=ORIENTED_EDGE('',*,*,#1087,.T.);
#1504=ORIENTED_EDGE('',*,*,#1121,.T.);
#1505=ORIENTED_EDGE('',*,*,#1061,.T.);
#1506=ORIENTED_EDGE('',*,*,#1081,.T.);
#1507=ORIENTED_EDGE('',*,*,#1121,.F.);
#1508=ORIENTED_EDGE('',*,*,#1086,.T.);
#1509=ORIENTED_EDGE('',*,*,#1122,.F.);
#1510=ORIENTED_EDGE('',*,*,#1062,.T.);
#1511=ORIENTED_EDGE('',*,*,#1085,.T.);
#1512=ORIENTED_EDGE('',*,*,#1100,.T.);
#1513=ORIENTED_EDGE('',*,*,#1063,.T.);
#1514=ORIENTED_EDGE('',*,*,#1122,.T.);
#1515=ORIENTED_EDGE('',*,*,#1091,.T.);
#1516=ORIENTED_EDGE('',*,*,#1101,.T.);
#1517=ORIENTED_EDGE('',*,*,#1088,.T.);
#1518=ORIENTED_EDGE('',*,*,#1120,.T.);
#1519=ORIENTED_EDGE('',*,*,#1109,.T.);
#1520=ORIENTED_EDGE('',*,*,#1102,.T.);
#1521=ORIENTED_EDGE('',*,*,#1095,.T.);
#1522=ORIENTED_EDGE('',*,*,#1118,.T.);
#1523=ORIENTED_EDGE('',*,*,#1123,.F.);
#1524=ORIENTED_EDGE('',*,*,#1124,.F.);
#1525=ORIENTED_EDGE('',*,*,#1125,.F.);
#1526=ORIENTED_EDGE('',*,*,#1126,.F.);
#1527=ORIENTED_EDGE('',*,*,#1127,.F.);
#1528=ORIENTED_EDGE('',*,*,#1128,.F.);
#1529=ORIENTED_EDGE('',*,*,#1124,.T.);
#1530=ORIENTED_EDGE('',*,*,#1107,.T.);
#1531=ORIENTED_EDGE('',*,*,#1127,.T.);
#1532=ORIENTED_EDGE('',*,*,#1129,.T.);
#1533=ORIENTED_EDGE('',*,*,#1130,.F.);
#1534=ORIENTED_EDGE('',*,*,#1131,.F.);
#1535=ORIENTED_EDGE('',*,*,#1132,.F.);
#1536=ORIENTED_EDGE('',*,*,#1133,.F.);
#1537=ORIENTED_EDGE('',*,*,#1134,.F.);
#1538=ORIENTED_EDGE('',*,*,#1135,.F.);
#1539=ORIENTED_EDGE('',*,*,#1128,.T.);
#1540=ORIENTED_EDGE('',*,*,#1106,.T.);
#1541=ORIENTED_EDGE('',*,*,#1134,.T.);
#1542=ORIENTED_EDGE('',*,*,#1136,.T.);
#1543=ORIENTED_EDGE('',*,*,#1137,.F.);
#1544=ORIENTED_EDGE('',*,*,#1138,.F.);
#1545=ORIENTED_EDGE('',*,*,#1139,.F.);
#1546=ORIENTED_EDGE('',*,*,#1132,.T.);
#1547=ORIENTED_EDGE('',*,*,#1140,.T.);
#1548=ORIENTED_EDGE('',*,*,#1138,.T.);
#1549=ORIENTED_EDGE('',*,*,#1141,.T.);
#1550=ORIENTED_EDGE('',*,*,#1142,.F.);
#1551=ORIENTED_EDGE('',*,*,#1143,.F.);
#1552=ORIENTED_EDGE('',*,*,#1144,.F.);
#1553=ORIENTED_EDGE('',*,*,#1145,.F.);
#1554=ORIENTED_EDGE('',*,*,#1146,.F.);
#1555=ORIENTED_EDGE('',*,*,#1147,.F.);
#1556=ORIENTED_EDGE('',*,*,#1113,.T.);
#1557=ORIENTED_EDGE('',*,*,#1148,.T.);
#1558=ORIENTED_EDGE('',*,*,#1146,.T.);
#1559=ORIENTED_EDGE('',*,*,#1104,.T.);
#1560=ORIENTED_EDGE('',*,*,#1149,.T.);
#1561=ORIENTED_EDGE('',*,*,#1137,.T.);
#1562=ORIENTED_EDGE('',*,*,#1150,.T.);
#1563=ORIENTED_EDGE('',*,*,#1151,.T.);
#1564=ORIENTED_EDGE('',*,*,#1152,.F.);
#1565=ORIENTED_EDGE('',*,*,#1153,.F.);
#1566=ORIENTED_EDGE('',*,*,#1154,.F.);
#1567=ORIENTED_EDGE('',*,*,#1139,.T.);
#1568=ORIENTED_EDGE('',*,*,#1155,.T.);
#1569=ORIENTED_EDGE('',*,*,#1153,.T.);
#1570=ORIENTED_EDGE('',*,*,#1156,.T.);
#1571=ORIENTED_EDGE('',*,*,#1154,.T.);
#1572=ORIENTED_EDGE('',*,*,#1157,.T.);
#1573=ORIENTED_EDGE('',*,*,#1143,.T.);
#1574=ORIENTED_EDGE('',*,*,#1158,.T.);
#1575=ORIENTED_EDGE('',*,*,#1159,.F.);
#1576=ORIENTED_EDGE('',*,*,#1160,.F.);
#1577=ORIENTED_EDGE('',*,*,#1161,.F.);
#1578=ORIENTED_EDGE('',*,*,#1162,.T.);
#1579=ORIENTED_EDGE('',*,*,#1160,.T.);
#1580=ORIENTED_EDGE('',*,*,#1163,.T.);
#1581=ORIENTED_EDGE('',*,*,#1164,.T.);
#1582=ORIENTED_EDGE('',*,*,#1165,.F.);
#1583=ORIENTED_EDGE('',*,*,#1166,.F.);
#1584=ORIENTED_EDGE('',*,*,#1167,.F.);
#1585=ORIENTED_EDGE('',*,*,#1168,.T.);
#1586=ORIENTED_EDGE('',*,*,#1152,.T.);
#1587=ORIENTED_EDGE('',*,*,#1169,.T.);
#1588=ORIENTED_EDGE('',*,*,#1170,.T.);
#1589=ORIENTED_EDGE('',*,*,#1171,.F.);
#1590=ORIENTED_EDGE('',*,*,#1172,.F.);
#1591=ORIENTED_EDGE('',*,*,#1173,.F.);
#1592=ORIENTED_EDGE('',*,*,#1159,.T.);
#1593=ORIENTED_EDGE('',*,*,#1174,.T.);
#1594=ORIENTED_EDGE('',*,*,#1172,.T.);
#1595=ORIENTED_EDGE('',*,*,#1175,.T.);
#1596=ORIENTED_EDGE('',*,*,#1176,.F.);
#1597=ORIENTED_EDGE('',*,*,#1177,.F.);
#1598=ORIENTED_EDGE('',*,*,#1178,.F.);
#1599=ORIENTED_EDGE('',*,*,#1179,.F.);
#1600=ORIENTED_EDGE('',*,*,#1180,.F.);
#1601=ORIENTED_EDGE('',*,*,#1181,.F.);
#1602=ORIENTED_EDGE('',*,*,#1182,.T.);
#1603=ORIENTED_EDGE('',*,*,#1171,.T.);
#1604=ORIENTED_EDGE('',*,*,#1183,.T.);
#1605=ORIENTED_EDGE('',*,*,#1184,.T.);
#1606=ORIENTED_EDGE('',*,*,#1185,.F.);
#1607=ORIENTED_EDGE('',*,*,#1186,.F.);
#1608=ORIENTED_EDGE('',*,*,#1187,.F.);
#1609=ORIENTED_EDGE('',*,*,#1188,.F.);
#1610=ORIENTED_EDGE('',*,*,#1189,.F.);
#1611=ORIENTED_EDGE('',*,*,#1190,.F.);
#1612=ORIENTED_EDGE('',*,*,#1191,.T.);
#1613=ORIENTED_EDGE('',*,*,#1186,.T.);
#1614=ORIENTED_EDGE('',*,*,#1192,.T.);
#1615=ORIENTED_EDGE('',*,*,#1193,.T.);
#1616=ORIENTED_EDGE('',*,*,#1194,.F.);
#1617=ORIENTED_EDGE('',*,*,#1195,.F.);
#1618=ORIENTED_EDGE('',*,*,#1196,.F.);
#1619=ORIENTED_EDGE('',*,*,#1115,.T.);
#1620=ORIENTED_EDGE('',*,*,#1075,.T.);
#1621=ORIENTED_EDGE('',*,*,#1195,.T.);
#1622=ORIENTED_EDGE('',*,*,#1197,.T.);
#1623=ORIENTED_EDGE('',*,*,#1196,.T.);
#1624=ORIENTED_EDGE('',*,*,#1074,.T.);
#1625=ORIENTED_EDGE('',*,*,#1189,.T.);
#1626=ORIENTED_EDGE('',*,*,#1198,.T.);
#1627=ORIENTED_EDGE('',*,*,#1199,.T.);
#1628=ORIENTED_EDGE('',*,*,#1194,.T.);
#1629=ORIENTED_EDGE('',*,*,#1200,.T.);
#1630=ORIENTED_EDGE('',*,*,#1193,.F.);
#1631=ORIENTED_EDGE('',*,*,#1190,.T.);
#1632=ORIENTED_EDGE('',*,*,#1073,.T.);
#1633=ORIENTED_EDGE('',*,*,#1180,.T.);
#1634=ORIENTED_EDGE('',*,*,#1201,.T.);
#1635=ORIENTED_EDGE('',*,*,#1202,.T.);
#1636=ORIENTED_EDGE('',*,*,#1188,.T.);
#1637=ORIENTED_EDGE('',*,*,#1203,.T.);
#1638=ORIENTED_EDGE('',*,*,#1184,.F.);
#1639=ORIENTED_EDGE('',*,*,#1173,.T.);
#1640=ORIENTED_EDGE('',*,*,#1204,.T.);
#1641=ORIENTED_EDGE('',*,*,#1187,.T.);
#1642=ORIENTED_EDGE('',*,*,#1205,.T.);
#1643=ORIENTED_EDGE('',*,*,#1185,.T.);
#1644=ORIENTED_EDGE('',*,*,#1206,.T.);
#1645=ORIENTED_EDGE('',*,*,#1177,.T.);
#1646=ORIENTED_EDGE('',*,*,#1207,.T.);
#1647=ORIENTED_EDGE('',*,*,#1181,.T.);
#1648=ORIENTED_EDGE('',*,*,#1072,.T.);
#1649=ORIENTED_EDGE('',*,*,#1166,.T.);
#1650=ORIENTED_EDGE('',*,*,#1208,.T.);
#1651=ORIENTED_EDGE('',*,*,#1209,.T.);
#1652=ORIENTED_EDGE('',*,*,#1179,.T.);
#1653=ORIENTED_EDGE('',*,*,#1210,.T.);
#1654=ORIENTED_EDGE('',*,*,#1170,.F.);
#1655=ORIENTED_EDGE('',*,*,#1178,.T.);
#1656=ORIENTED_EDGE('',*,*,#1211,.T.);
#1657=ORIENTED_EDGE('',*,*,#1161,.T.);
#1658=ORIENTED_EDGE('',*,*,#1212,.T.);
#1659=ORIENTED_EDGE('',*,*,#1213,.T.);
#1660=ORIENTED_EDGE('',*,*,#1176,.T.);
#1661=ORIENTED_EDGE('',*,*,#1214,.T.);
#1662=ORIENTED_EDGE('',*,*,#1215,.T.);
#1663=ORIENTED_EDGE('',*,*,#1065,.T.);
#1664=ORIENTED_EDGE('',*,*,#1216,.T.);
#1665=ORIENTED_EDGE('',*,*,#1167,.T.);
#1666=ORIENTED_EDGE('',*,*,#1071,.T.);
#1667=ORIENTED_EDGE('',*,*,#1217,.T.);
#1668=ORIENTED_EDGE('',*,*,#1165,.T.);
#1669=ORIENTED_EDGE('',*,*,#1218,.T.);
#1670=ORIENTED_EDGE('',*,*,#1151,.F.);
#1671=ORIENTED_EDGE('',*,*,#1219,.T.);
#1672=ORIENTED_EDGE('',*,*,#1147,.T.);
#1673=ORIENTED_EDGE('',*,*,#1220,.T.);
#1674=ORIENTED_EDGE('',*,*,#1215,.F.);
#1675=ORIENTED_EDGE('',*,*,#1135,.T.);
#1676=ORIENTED_EDGE('',*,*,#1105,.T.);
#1677=ORIENTED_EDGE('',*,*,#1145,.T.);
#1678=ORIENTED_EDGE('',*,*,#1221,.T.);
#1679=ORIENTED_EDGE('',*,*,#1222,.T.);
#1680=ORIENTED_EDGE('',*,*,#1133,.T.);
#1681=ORIENTED_EDGE('',*,*,#1223,.T.);
#1682=ORIENTED_EDGE('',*,*,#1164,.F.);
#1683=ORIENTED_EDGE('',*,*,#1144,.T.);
#1684=ORIENTED_EDGE('',*,*,#1224,.T.);
#1685=ORIENTED_EDGE('',*,*,#1131,.T.);
#1686=ORIENTED_EDGE('',*,*,#1225,.T.);
#1687=ORIENTED_EDGE('',*,*,#1226,.T.);
#1688=ORIENTED_EDGE('',*,*,#1142,.T.);
#1689=ORIENTED_EDGE('',*,*,#1227,.T.);
#1690=ORIENTED_EDGE('',*,*,#1228,.T.);
#1691=ORIENTED_EDGE('',*,*,#1229,.T.);
#1692=ORIENTED_EDGE('',*,*,#1130,.T.);
#1693=ORIENTED_EDGE('',*,*,#1230,.T.);
#1694=ORIENTED_EDGE('',*,*,#1231,.T.);
#1695=ORIENTED_EDGE('',*,*,#1232,.T.);
#1696=ORIENTED_EDGE('',*,*,#1126,.T.);
#1697=ORIENTED_EDGE('',*,*,#1233,.T.);
#1698=ORIENTED_EDGE('',*,*,#1228,.F.);
#1699=ORIENTED_EDGE('',*,*,#1234,.T.);
#1700=ORIENTED_EDGE('',*,*,#1125,.T.);
#1701=ORIENTED_EDGE('',*,*,#1235,.T.);
#1702=ORIENTED_EDGE('',*,*,#1231,.F.);
#1703=ORIENTED_EDGE('',*,*,#1067,.T.);
#1704=ORIENTED_EDGE('',*,*,#1108,.T.);
#1705=ORIENTED_EDGE('',*,*,#1123,.T.);
#1706=ORIENTED_EDGE('',*,*,#1236,.T.);
#1707=ORIENTED_EDGE('',*,*,#1214,.F.);
#1708=ORIENTED_EDGE('',*,*,#1212,.F.);
#1709=ORIENTED_EDGE('',*,*,#1162,.F.);
#1710=ORIENTED_EDGE('',*,*,#1237,.T.);
#1711=ORIENTED_EDGE('',*,*,#1200,.F.);
#1712=ORIENTED_EDGE('',*,*,#1198,.F.);
#1713=ORIENTED_EDGE('',*,*,#1202,.F.);
#1714=ORIENTED_EDGE('',*,*,#1238,.F.);
#1715=ORIENTED_EDGE('',*,*,#1210,.F.);
#1716=ORIENTED_EDGE('',*,*,#1208,.F.);
#1717=ORIENTED_EDGE('',*,*,#1217,.F.);
#1718=ORIENTED_EDGE('',*,*,#1239,.F.);
#1719=ORIENTED_EDGE('',*,*,#1227,.F.);
#1720=ORIENTED_EDGE('',*,*,#1225,.F.);
#1721=ORIENTED_EDGE('',*,*,#1229,.F.);
#1722=ORIENTED_EDGE('',*,*,#1240,.T.);
#1723=ORIENTED_EDGE('',*,*,#1197,.F.);
#1724=ORIENTED_EDGE('',*,*,#1199,.F.);
#1725=ORIENTED_EDGE('',*,*,#1192,.F.);
#1726=ORIENTED_EDGE('',*,*,#1207,.F.);
#1727=ORIENTED_EDGE('',*,*,#1213,.F.);
#1728=ORIENTED_EDGE('',*,*,#1220,.F.);
#1729=ORIENTED_EDGE('',*,*,#1148,.F.);
#1730=ORIENTED_EDGE('',*,*,#1116,.T.);
#1731=ORIENTED_EDGE('',*,*,#1241,.T.);
#1732=ORIENTED_EDGE('',*,*,#1140,.F.);
#1733=ORIENTED_EDGE('',*,*,#1224,.F.);
#1734=ORIENTED_EDGE('',*,*,#1157,.F.);
#1735=ORIENTED_EDGE('',*,*,#1155,.F.);
#1736=ORIENTED_EDGE('',*,*,#1174,.F.);
#1737=ORIENTED_EDGE('',*,*,#1211,.F.);
#1738=ORIENTED_EDGE('',*,*,#1206,.F.);
#1739=ORIENTED_EDGE('',*,*,#1204,.F.);
#1740=ORIENTED_EDGE('',*,*,#1201,.F.);
#1741=ORIENTED_EDGE('',*,*,#1209,.F.);
#1742=ORIENTED_EDGE('',*,*,#1169,.F.);
#1743=ORIENTED_EDGE('',*,*,#1158,.F.);
#1744=ORIENTED_EDGE('',*,*,#1226,.F.);
#1745=ORIENTED_EDGE('',*,*,#1233,.F.);
#1746=ORIENTED_EDGE('',*,*,#1136,.F.);
#1747=ORIENTED_EDGE('',*,*,#1222,.F.);
#1748=ORIENTED_EDGE('',*,*,#1163,.F.);
#1749=ORIENTED_EDGE('',*,*,#1175,.F.);
#1750=ORIENTED_EDGE('',*,*,#1182,.F.);
#1751=ORIENTED_EDGE('',*,*,#1203,.F.);
#1752=ORIENTED_EDGE('',*,*,#1242,.T.);
#1753=ORIENTED_EDGE('',*,*,#1243,.T.);
#1754=ORIENTED_EDGE('',*,*,#1216,.F.);
#1755=ORIENTED_EDGE('',*,*,#1068,.T.);
#1756=ORIENTED_EDGE('',*,*,#1236,.F.);
#1757=ORIENTED_EDGE('',*,*,#1234,.F.);
#1758=ORIENTED_EDGE('',*,*,#1230,.F.);
#1759=ORIENTED_EDGE('',*,*,#1141,.F.);
#1760=ORIENTED_EDGE('',*,*,#1149,.F.);
#1761=ORIENTED_EDGE('',*,*,#1218,.F.);
#1762=ORIENTED_EDGE('',*,*,#1244,.T.);
#1763=ORIENTED_EDGE('',*,*,#1232,.F.);
#1764=ORIENTED_EDGE('',*,*,#1240,.F.);
#1765=ORIENTED_EDGE('',*,*,#1235,.F.);
#1766=ORIENTED_EDGE('',*,*,#1129,.F.);
#1767=ORIENTED_EDGE('',*,*,#1168,.F.);
#1768=ORIENTED_EDGE('',*,*,#1239,.T.);
#1769=ORIENTED_EDGE('',*,*,#1150,.F.);
#1770=ORIENTED_EDGE('',*,*,#1156,.F.);
#1771=ORIENTED_EDGE('',*,*,#1191,.F.);
#1772=ORIENTED_EDGE('',*,*,#1238,.T.);
#1773=ORIENTED_EDGE('',*,*,#1183,.F.);
#1774=ORIENTED_EDGE('',*,*,#1205,.F.);
#1775=ORIENTED_EDGE('',*,*,#1219,.F.);
#1776=ORIENTED_EDGE('',*,*,#1237,.F.);
#1777=ORIENTED_EDGE('',*,*,#1223,.F.);
#1778=ORIENTED_EDGE('',*,*,#1221,.F.);
#1779=ORIENTED_EDGE('',*,*,#1241,.F.);
#1780=ORIENTED_EDGE('',*,*,#1245,.T.);
#1781=ORIENTED_EDGE('',*,*,#1242,.F.);
#1782=ORIENTED_EDGE('',*,*,#1245,.F.);
#1783=ORIENTED_EDGE('',*,*,#1244,.F.);
#1784=ORIENTED_EDGE('',*,*,#1246,.T.);
#1785=ORIENTED_EDGE('',*,*,#1243,.F.);
#1786=ORIENTED_EDGE('',*,*,#1246,.F.);
#1787=PLANE('',#2039);
#1788=PLANE('',#2045);
#1789=PLANE('',#2046);
#1790=PLANE('',#2051);
#1791=PLANE('',#2052);
#1792=PLANE('',#2053);
#1793=PLANE('',#2054);
#1794=PLANE('',#2060);
#1795=PLANE('',#2061);
#1796=PLANE('',#2066);
#1797=PLANE('',#2067);
#1798=PLANE('',#2068);
#1799=PLANE('',#2069);
#1800=PLANE('',#2070);
#1801=PLANE('',#2076);
#1802=PLANE('',#2077);
#1803=PLANE('',#2082);
#1804=PLANE('',#2083);
#1805=PLANE('',#2084);
#1806=PLANE('',#2090);
#1807=PLANE('',#2091);
#1808=PLANE('',#2096);
#1809=PLANE('',#2097);
#1810=PLANE('',#2098);
#1811=PLANE('',#2099);
#1812=PLANE('',#2100);
#1813=PLANE('',#2101);
#1814=PLANE('',#2102);
#1815=PLANE('',#2103);
#1816=PLANE('',#2104);
#1817=PLANE('',#2105);
#1818=PLANE('',#2106);
#1819=PLANE('',#2107);
#1820=PLANE('',#2108);
#1821=PLANE('',#2109);
#1822=PLANE('',#2110);
#1823=PLANE('',#2111);
#1824=PLANE('',#2112);
#1825=PLANE('',#2113);
#1826=PLANE('',#2114);
#1827=PLANE('',#2115);
#1828=PLANE('',#2116);
#1829=PLANE('',#2117);
#1830=PLANE('',#2118);
#1831=PLANE('',#2119);
#1832=PLANE('',#2120);
#1833=PLANE('',#2121);
#1834=PLANE('',#2122);
#1835=PLANE('',#2123);
#1836=PLANE('',#2124);
#1837=PLANE('',#2125);
#1838=PLANE('',#2126);
#1839=PLANE('',#2127);
#1840=PLANE('',#2128);
#1841=PLANE('',#2129);
#1842=PLANE('',#2130);
#1843=PLANE('',#2131);
#1844=PLANE('',#2132);
#1845=PLANE('',#2133);
#1846=PLANE('',#2134);
#1847=PLANE('',#2135);
#1848=PLANE('',#2136);
#1849=PLANE('',#2137);
#1850=PLANE('',#2138);
#1851=PLANE('',#2139);
#1852=PLANE('',#2140);
#1853=PLANE('',#2141);
#1854=PLANE('',#2142);
#1855=PLANE('',#2143);
#1856=PLANE('',#2144);
#1857=PLANE('',#2145);
#1858=PLANE('',#2146);
#1859=PLANE('',#2147);
#1860=PLANE('',#2148);
#1861=PLANE('',#2149);
#1862=PLANE('',#2150);
#1863=PLANE('',#2151);
#1864=PLANE('',#2152);
#1865=PLANE('',#2153);
#1866=PLANE('',#2154);
#1867=PLANE('',#2155);
#1868=PLANE('',#2156);
#1869=PLANE('',#2157);
#1870=PLANE('',#2158);
#1871=PLANE('',#2159);
#1872=PLANE('',#2160);
#1873=PLANE('',#2161);
#1874=PLANE('',#2162);
#1875=PLANE('',#2163);
#1876=PLANE('',#2164);
#1877=PLANE('',#2165);
#1878=PLANE('',#2166);
#1879=PLANE('',#2167);
#1880=PLANE('',#2168);
#1881=PLANE('',#2169);
#1882=PLANE('',#2170);
#1883=PLANE('',#2171);
#1884=PLANE('',#2172);
#1885=PLANE('',#2173);
#1886=PLANE('',#2174);
#1887=PLANE('',#2175);
#1888=PLANE('',#2176);
#1889=PLANE('',#2178);
#1890=PLANE('',#2179);
#1891=PLANE('',#2180);
#1892=PLANE('',#2183);
#1893=PLANE('',#2185);
#1894=PLANE('',#2186);
#1895=PLANE('',#2187);
#1896=PLANE('',#2188);
#1897=ADVANCED_FACE('',(#49,#37),#1787,.T.);
#1898=ADVANCED_FACE('',(#50),#23,.T.);
#1899=ADVANCED_FACE('',(#51),#1788,.T.);
#1900=ADVANCED_FACE('',(#52,#38),#1789,.T.);
#1901=ADVANCED_FACE('',(#53),#24,.T.);
#1902=ADVANCED_FACE('',(#54),#25,.F.);
#1903=ADVANCED_FACE('',(#55),#1790,.T.);
#1904=ADVANCED_FACE('',(#56),#1791,.T.);
#1905=ADVANCED_FACE('',(#57),#1792,.T.);
#1906=ADVANCED_FACE('',(#58,#39),#1793,.T.);
#1907=ADVANCED_FACE('',(#59),#26,.T.);
#1908=ADVANCED_FACE('',(#60),#1794,.T.);
#1909=ADVANCED_FACE('',(#61,#40),#1795,.T.);
#1910=ADVANCED_FACE('',(#62),#27,.T.);
#1911=ADVANCED_FACE('',(#63),#28,.F.);
#1912=ADVANCED_FACE('',(#64),#1796,.T.);
#1913=ADVANCED_FACE('',(#65),#1797,.T.);
#1914=ADVANCED_FACE('',(#66),#1798,.T.);
#1915=ADVANCED_FACE('',(#67),#1799,.T.);
#1916=ADVANCED_FACE('',(#68,#41),#1800,.T.);
#1917=ADVANCED_FACE('',(#69),#29,.T.);
#1918=ADVANCED_FACE('',(#70),#1801,.T.);
#1919=ADVANCED_FACE('',(#71,#42),#1802,.T.);
#1920=ADVANCED_FACE('',(#72),#30,.T.);
#1921=ADVANCED_FACE('',(#73),#31,.F.);
#1922=ADVANCED_FACE('',(#74),#1803,.T.);
#1923=ADVANCED_FACE('',(#75),#1804,.T.);
#1924=ADVANCED_FACE('',(#76,#43),#1805,.T.);
#1925=ADVANCED_FACE('',(#77),#32,.T.);
#1926=ADVANCED_FACE('',(#78),#1806,.T.);
#1927=ADVANCED_FACE('',(#79,#44),#1807,.T.);
#1928=ADVANCED_FACE('',(#80),#33,.T.);
#1929=ADVANCED_FACE('',(#81),#34,.F.);
#1930=ADVANCED_FACE('',(#82),#1808,.T.);
#1931=ADVANCED_FACE('',(#83),#1809,.T.);
#1932=ADVANCED_FACE('',(#84),#1810,.T.);
#1933=ADVANCED_FACE('',(#85),#1811,.F.);
#1934=ADVANCED_FACE('',(#86),#1812,.F.);
#1935=ADVANCED_FACE('',(#87),#1813,.F.);
#1936=ADVANCED_FACE('',(#88),#1814,.T.);
#1937=ADVANCED_FACE('',(#89),#1815,.F.);
#1938=ADVANCED_FACE('',(#90),#1816,.F.);
#1939=ADVANCED_FACE('',(#91),#1817,.F.);
#1940=ADVANCED_FACE('',(#92),#1818,.F.);
#1941=ADVANCED_FACE('',(#93),#1819,.F.);
#1942=ADVANCED_FACE('',(#94),#1820,.F.);
#1943=ADVANCED_FACE('',(#95),#1821,.T.);
#1944=ADVANCED_FACE('',(#96),#1822,.F.);
#1945=ADVANCED_FACE('',(#97),#1823,.F.);
#1946=ADVANCED_FACE('',(#98),#1824,.F.);
#1947=ADVANCED_FACE('',(#99),#1825,.T.);
#1948=ADVANCED_FACE('',(#100),#1826,.T.);
#1949=ADVANCED_FACE('',(#101),#1827,.T.);
#1950=ADVANCED_FACE('',(#102),#1828,.T.);
#1951=ADVANCED_FACE('',(#103),#1829,.T.);
#1952=ADVANCED_FACE('',(#104),#1830,.T.);
#1953=ADVANCED_FACE('',(#105),#1831,.T.);
#1954=ADVANCED_FACE('',(#106),#1832,.T.);
#1955=ADVANCED_FACE('',(#107),#1833,.T.);
#1956=ADVANCED_FACE('',(#108),#1834,.T.);
#1957=ADVANCED_FACE('',(#109),#1835,.T.);
#1958=ADVANCED_FACE('',(#110),#1836,.T.);
#1959=ADVANCED_FACE('',(#111),#1837,.T.);
#1960=ADVANCED_FACE('',(#112),#1838,.T.);
#1961=ADVANCED_FACE('',(#113),#1839,.T.);
#1962=ADVANCED_FACE('',(#114),#1840,.T.);
#1963=ADVANCED_FACE('',(#115),#1841,.T.);
#1964=ADVANCED_FACE('',(#116),#1842,.T.);
#1965=ADVANCED_FACE('',(#117),#1843,.T.);
#1966=ADVANCED_FACE('',(#118),#1844,.T.);
#1967=ADVANCED_FACE('',(#119),#1845,.T.);
#1968=ADVANCED_FACE('',(#120),#1846,.T.);
#1969=ADVANCED_FACE('',(#121),#1847,.T.);
#1970=ADVANCED_FACE('',(#122),#1848,.T.);
#1971=ADVANCED_FACE('',(#123),#1849,.T.);
#1972=ADVANCED_FACE('',(#124),#1850,.T.);
#1973=ADVANCED_FACE('',(#125),#1851,.T.);
#1974=ADVANCED_FACE('',(#126),#1852,.T.);
#1975=ADVANCED_FACE('',(#127),#1853,.T.);
#1976=ADVANCED_FACE('',(#128),#1854,.T.);
#1977=ADVANCED_FACE('',(#129),#1855,.T.);
#1978=ADVANCED_FACE('',(#130),#1856,.T.);
#1979=ADVANCED_FACE('',(#131),#1857,.T.);
#1980=ADVANCED_FACE('',(#132),#1858,.T.);
#1981=ADVANCED_FACE('',(#133),#1859,.T.);
#1982=ADVANCED_FACE('',(#134),#1860,.T.);
#1983=ADVANCED_FACE('',(#135),#1861,.T.);
#1984=ADVANCED_FACE('',(#136),#1862,.T.);
#1985=ADVANCED_FACE('',(#137),#1863,.T.);
#1986=ADVANCED_FACE('',(#138),#1864,.T.);
#1987=ADVANCED_FACE('',(#139),#1865,.T.);
#1988=ADVANCED_FACE('',(#140),#1866,.T.);
#1989=ADVANCED_FACE('',(#141),#1867,.T.);
#1990=ADVANCED_FACE('',(#142),#1868,.T.);
#1991=ADVANCED_FACE('',(#143),#1869,.T.);
#1992=ADVANCED_FACE('',(#144),#1870,.T.);
#1993=ADVANCED_FACE('',(#145),#1871,.T.);
#1994=ADVANCED_FACE('',(#146),#1872,.T.);
#1995=ADVANCED_FACE('',(#147),#1873,.T.);
#1996=ADVANCED_FACE('',(#148),#1874,.T.);
#1997=ADVANCED_FACE('',(#149),#1875,.T.);
#1998=ADVANCED_FACE('',(#150),#1876,.T.);
#1999=ADVANCED_FACE('',(#151),#1877,.T.);
#2000=ADVANCED_FACE('',(#152),#1878,.T.);
#2001=ADVANCED_FACE('',(#153),#1879,.T.);
#2002=ADVANCED_FACE('',(#154),#1880,.T.);
#2003=ADVANCED_FACE('',(#155),#1881,.T.);
#2004=ADVANCED_FACE('',(#156),#1882,.T.);
#2005=ADVANCED_FACE('',(#157),#1883,.T.);
#2006=ADVANCED_FACE('',(#158),#1884,.F.);
#2007=ADVANCED_FACE('',(#159),#1885,.F.);
#2008=ADVANCED_FACE('',(#160),#1886,.F.);
#2009=ADVANCED_FACE('',(#161),#1887,.F.);
#2010=ADVANCED_FACE('',(#162,#45),#1888,.T.);
#2011=ADVANCED_FACE('',(#163),#1889,.T.);
#2012=ADVANCED_FACE('',(#164),#1890,.T.);
#2013=ADVANCED_FACE('',(#165,#46,#47),#1891,.T.);
#2014=ADVANCED_FACE('',(#166,#48),#1892,.T.);
#2015=ADVANCED_FACE('',(#167),#1893,.F.);
#2016=ADVANCED_FACE('',(#168),#1894,.F.);
#2017=ADVANCED_FACE('',(#169),#1895,.F.);
#2018=ADVANCED_FACE('',(#170),#1896,.F.);
#2019=ADVANCED_FACE('',(#171),#35,.F.);
#2020=ADVANCED_FACE('',(#172),#36,.F.);
#2021=CLOSED_SHELL('',(#1897,#1898,#1899,#1900,#1901,#1902,#1903,#1904,
#1905));
#2022=CLOSED_SHELL('',(#1906,#1907,#1908,#1909,#1910,#1911,#1912,#1913,
#1914));
#2023=CLOSED_SHELL('',(#1915,#1916,#1917,#1918,#1919,#1920,#1921,#1922,
#1923));
#2024=CLOSED_SHELL('',(#1924,#1925,#1926,#1927,#1928,#1929,#1930,#1931,
#1932));
#2025=CLOSED_SHELL('',(#1933,#1934,#1935,#1936,#1937,#1938,#1939,#1940,
#1941,#1942,#1943,#1944,#1945,#1946,#1947,#1948,#1949,#1950,#1951,#1952,
#1953,#1954,#1955,#1956,#1957,#1958,#1959,#1960,#1961,#1962,#1963,#1964,
#1965,#1966,#1967,#1968,#1969,#1970,#1971,#1972,#1973,#1974,#1975,#1976,
#1977,#1978,#1979,#1980,#1981,#1982,#1983,#1984,#1985,#1986,#1987,#1988,
#1989,#1990,#1991,#1992,#1993,#1994,#1995,#1996,#1997,#1998,#1999,#2000,
#2001,#2002,#2003,#2004,#2005,#2006,#2007,#2008,#2009,#2010,#2011,#2012,
#2013,#2014,#2015,#2016,#2017,#2018,#2019,#2020));
#2026=DERIVED_UNIT_ELEMENT(#2028,1.);
#2027=DERIVED_UNIT_ELEMENT(#3295,-3.);
#2028=(
MASS_UNIT()
NAMED_UNIT(*)
SI_UNIT(.KILO.,.GRAM.)
);
#2029=DERIVED_UNIT((#2026,#2027));
#2030=MEASURE_REPRESENTATION_ITEM('density measure',
POSITIVE_RATIO_MEASURE(7850.),#2029);
#2031=PROPERTY_DEFINITION_REPRESENTATION(#2036,#2033);
#2032=PROPERTY_DEFINITION_REPRESENTATION(#2037,#2034);
#2033=REPRESENTATION('material name',(#2035),#3292);
#2034=REPRESENTATION('density',(#2030),#3292);
#2035=DESCRIPTIVE_REPRESENTATION_ITEM('Ocel','Ocel');
#2036=PROPERTY_DEFINITION('material property','material name',#3302);
#2037=PROPERTY_DEFINITION('material property','density of part',#3302);
#2038=AXIS2_PLACEMENT_3D('',#2739,#2191,#2192);
#2039=AXIS2_PLACEMENT_3D('',#2740,#2193,#2194);
#2040=AXIS2_PLACEMENT_3D('',#2743,#2195,#2196);
#2041=AXIS2_PLACEMENT_3D('',#2751,#2200,#2201);
#2042=AXIS2_PLACEMENT_3D('',#2754,#2203,#2204);
#2043=AXIS2_PLACEMENT_3D('',#2755,#2205,#2206);
#2044=AXIS2_PLACEMENT_3D('',#2759,#2208,#2209);
#2045=AXIS2_PLACEMENT_3D('',#2761,#2211,#2212);
#2046=AXIS2_PLACEMENT_3D('',#2765,#2215,#2216);
#2047=AXIS2_PLACEMENT_3D('',#2767,#2217,#2218);
#2048=AXIS2_PLACEMENT_3D('',#2774,#2222,#2223);
#2049=AXIS2_PLACEMENT_3D('',#2775,#2224,#2225);
#2050=AXIS2_PLACEMENT_3D('',#2777,#2227,#2228);
#2051=AXIS2_PLACEMENT_3D('',#2779,#2230,#2231);
#2052=AXIS2_PLACEMENT_3D('',#2781,#2233,#2234);
#2053=AXIS2_PLACEMENT_3D('',#2783,#2236,#2237);
#2054=AXIS2_PLACEMENT_3D('',#2784,#2238,#2239);
#2055=AXIS2_PLACEMENT_3D('',#2787,#2240,#2241);
#2056=AXIS2_PLACEMENT_3D('',#2795,#2245,#2246);
#2057=AXIS2_PLACEMENT_3D('',#2798,#2248,#2249);
#2058=AXIS2_PLACEMENT_3D('',#2799,#2250,#2251);
#2059=AXIS2_PLACEMENT_3D('',#2802,#2252,#2253);
#2060=AXIS2_PLACEMENT_3D('',#2805,#2256,#2257);
#2061=AXIS2_PLACEMENT_3D('',#2809,#2260,#2261);
#2062=AXIS2_PLACEMENT_3D('',#2811,#2262,#2263);
#2063=AXIS2_PLACEMENT_3D('',#2818,#2267,#2268);
#2064=AXIS2_PLACEMENT_3D('',#2819,#2269,#2270);
#2065=AXIS2_PLACEMENT_3D('',#2821,#2272,#2273);
#2066=AXIS2_PLACEMENT_3D('',#2823,#2275,#2276);
#2067=AXIS2_PLACEMENT_3D('',#2825,#2278,#2279);
#2068=AXIS2_PLACEMENT_3D('',#2827,#2281,#2282);
#2069=AXIS2_PLACEMENT_3D('',#2828,#2283,#2284);
#2070=AXIS2_PLACEMENT_3D('',#2837,#2289,#2290);
#2071=AXIS2_PLACEMENT_3D('',#2839,#2291,#2292);
#2072=AXIS2_PLACEMENT_3D('',#2845,#2295,#2296);
#2073=AXIS2_PLACEMENT_3D('',#2848,#2298,#2299);
#2074=AXIS2_PLACEMENT_3D('',#2849,#2300,#2301);
#2075=AXIS2_PLACEMENT_3D('',#2852,#2302,#2303);
#2076=AXIS2_PLACEMENT_3D('',#2855,#2306,#2307);
#2077=AXIS2_PLACEMENT_3D('',#2859,#2310,#2311);
#2078=AXIS2_PLACEMENT_3D('',#2860,#2312,#2313);
#2079=AXIS2_PLACEMENT_3D('',#2865,#2316,#2317);
#2080=AXIS2_PLACEMENT_3D('',#2866,#2318,#2319);
#2081=AXIS2_PLACEMENT_3D('',#2867,#2320,#2321);
#2082=AXIS2_PLACEMENT_3D('',#2869,#2323,#2324);
#2083=AXIS2_PLACEMENT_3D('',#2871,#2326,#2327);
#2084=AXIS2_PLACEMENT_3D('',#2872,#2328,#2329);
#2085=AXIS2_PLACEMENT_3D('',#2875,#2330,#2331);
#2086=AXIS2_PLACEMENT_3D('',#2883,#2335,#2336);
#2087=AXIS2_PLACEMENT_3D('',#2886,#2338,#2339);
#2088=AXIS2_PLACEMENT_3D('',#2887,#2340,#2341);
#2089=AXIS2_PLACEMENT_3D('',#2890,#2342,#2343);
#2090=AXIS2_PLACEMENT_3D('',#2893,#2346,#2347);
#2091=AXIS2_PLACEMENT_3D('',#2897,#2350,#2351);
#2092=AXIS2_PLACEMENT_3D('',#2899,#2352,#2353);
#2093=AXIS2_PLACEMENT_3D('',#2906,#2357,#2358);
#2094=AXIS2_PLACEMENT_3D('',#2907,#2359,#2360);
#2095=AXIS2_PLACEMENT_3D('',#2909,#2362,#2363);
#2096=AXIS2_PLACEMENT_3D('',#2911,#2365,#2366);
#2097=AXIS2_PLACEMENT_3D('',#2913,#2368,#2369);
#2098=AXIS2_PLACEMENT_3D('',#2915,#2371,#2372);
#2099=AXIS2_PLACEMENT_3D('',#2916,#2373,#2374);
#2100=AXIS2_PLACEMENT_3D('',#2925,#2379,#2380);
#2101=AXIS2_PLACEMENT_3D('',#2934,#2385,#2386);
#2102=AXIS2_PLACEMENT_3D('',#2937,#2389,#2390);
#2103=AXIS2_PLACEMENT_3D('',#2959,#2402,#2403);
#2104=AXIS2_PLACEMENT_3D('',#2965,#2407,#2408);
#2105=AXIS2_PLACEMENT_3D('',#2971,#2412,#2413);
#2106=AXIS2_PLACEMENT_3D('',#2977,#2417,#2418);
#2107=AXIS2_PLACEMENT_3D('',#2985,#2423,#2424);
#2108=AXIS2_PLACEMENT_3D('',#2993,#2429,#2430);
#2109=AXIS2_PLACEMENT_3D('',#2995,#2432,#2433);
#2110=AXIS2_PLACEMENT_3D('',#3011,#2443,#2444);
#2111=AXIS2_PLACEMENT_3D('',#3018,#2449,#2450);
#2112=AXIS2_PLACEMENT_3D('',#3025,#2455,#2456);
#2113=AXIS2_PLACEMENT_3D('',#3026,#2457,#2458);
#2114=AXIS2_PLACEMENT_3D('',#3028,#2460,#2461);
#2115=AXIS2_PLACEMENT_3D('',#3030,#2463,#2464);
#2116=AXIS2_PLACEMENT_3D('',#3032,#2466,#2467);
#2117=AXIS2_PLACEMENT_3D('',#3034,#2469,#2470);
#2118=AXIS2_PLACEMENT_3D('',#3036,#2472,#2473);
#2119=AXIS2_PLACEMENT_3D('',#3038,#2475,#2476);
#2120=AXIS2_PLACEMENT_3D('',#3039,#2477,#2478);
#2121=AXIS2_PLACEMENT_3D('',#3040,#2479,#2480);
#2122=AXIS2_PLACEMENT_3D('',#3041,#2481,#2482);
#2123=AXIS2_PLACEMENT_3D('',#3047,#2486,#2487);
#2124=AXIS2_PLACEMENT_3D('',#3053,#2491,#2492);
#2125=AXIS2_PLACEMENT_3D('',#3055,#2494,#2495);
#2126=AXIS2_PLACEMENT_3D('',#3062,#2499,#2500);
#2127=AXIS2_PLACEMENT_3D('',#3068,#2504,#2505);
#2128=AXIS2_PLACEMENT_3D('',#3070,#2507,#2508);
#2129=AXIS2_PLACEMENT_3D('',#3077,#2512,#2513);
#2130=AXIS2_PLACEMENT_3D('',#3080,#2516,#2517);
#2131=AXIS2_PLACEMENT_3D('',#3087,#2521,#2522);
#2132=AXIS2_PLACEMENT_3D('',#3093,#2526,#2527);
#2133=AXIS2_PLACEMENT_3D('',#3095,#2529,#2530);
#2134=AXIS2_PLACEMENT_3D('',#3101,#2534,#2535);
#2135=AXIS2_PLACEMENT_3D('',#3108,#2539,#2540);
#2136=AXIS2_PLACEMENT_3D('',#3111,#2543,#2544);
#2137=AXIS2_PLACEMENT_3D('',#3114,#2547,#2548);
#2138=AXIS2_PLACEMENT_3D('',#3121,#2552,#2553);
#2139=AXIS2_PLACEMENT_3D('',#3127,#2557,#2558);
#2140=AXIS2_PLACEMENT_3D('',#3133,#2562,#2563);
#2141=AXIS2_PLACEMENT_3D('',#3139,#2567,#2568);
#2142=AXIS2_PLACEMENT_3D('',#3146,#2572,#2573);
#2143=AXIS2_PLACEMENT_3D('',#3149,#2576,#2577);
#2144=AXIS2_PLACEMENT_3D('',#3156,#2581,#2582);
#2145=AXIS2_PLACEMENT_3D('',#3162,#2586,#2587);
#2146=AXIS2_PLACEMENT_3D('',#3168,#2591,#2592);
#2147=AXIS2_PLACEMENT_3D('',#3175,#2596,#2597);
#2148=AXIS2_PLACEMENT_3D('',#3181,#2601,#2602);
#2149=AXIS2_PLACEMENT_3D('',#3187,#2606,#2607);
#2150=AXIS2_PLACEMENT_3D('',#3193,#2611,#2612);
#2151=AXIS2_PLACEMENT_3D('',#3195,#2614,#2615);
#2152=AXIS2_PLACEMENT_3D('',#3197,#2617,#2618);
#2153=AXIS2_PLACEMENT_3D('',#3200,#2621,#2622);
#2154=AXIS2_PLACEMENT_3D('',#3202,#2624,#2625);
#2155=AXIS2_PLACEMENT_3D('',#3205,#2628,#2629);
#2156=AXIS2_PLACEMENT_3D('',#3208,#2632,#2633);
#2157=AXIS2_PLACEMENT_3D('',#3211,#2636,#2637);
#2158=AXIS2_PLACEMENT_3D('',#3213,#2639,#2640);
#2159=AXIS2_PLACEMENT_3D('',#3216,#2643,#2644);
#2160=AXIS2_PLACEMENT_3D('',#3219,#2647,#2648);
#2161=AXIS2_PLACEMENT_3D('',#3225,#2652,#2653);
#2162=AXIS2_PLACEMENT_3D('',#3227,#2655,#2656);
#2163=AXIS2_PLACEMENT_3D('',#3230,#2659,#2660);
#2164=AXIS2_PLACEMENT_3D('',#3233,#2663,#2664);
#2165=AXIS2_PLACEMENT_3D('',#3235,#2666,#2667);
#2166=AXIS2_PLACEMENT_3D('',#3238,#2670,#2671);
#2167=AXIS2_PLACEMENT_3D('',#3241,#2674,#2675);
#2168=AXIS2_PLACEMENT_3D('',#3247,#2679,#2680);
#2169=AXIS2_PLACEMENT_3D('',#3253,#2684,#2685);
#2170=AXIS2_PLACEMENT_3D('',#3256,#2688,#2689);
#2171=AXIS2_PLACEMENT_3D('',#3259,#2692,#2693);
#2172=AXIS2_PLACEMENT_3D('',#3261,#2695,#2696);
#2173=AXIS2_PLACEMENT_3D('',#3263,#2698,#2699);
#2174=AXIS2_PLACEMENT_3D('',#3265,#2701,#2702);
#2175=AXIS2_PLACEMENT_3D('',#3267,#2704,#2705);
#2176=AXIS2_PLACEMENT_3D('',#3269,#2707,#2708);
#2177=AXIS2_PLACEMENT_3D('',#3271,#2709,#2710);
#2178=AXIS2_PLACEMENT_3D('',#3272,#2711,#2712);
#2179=AXIS2_PLACEMENT_3D('',#3273,#2713,#2714);
#2180=AXIS2_PLACEMENT_3D('',#3274,#2715,#2716);
#2181=AXIS2_PLACEMENT_3D('',#3276,#2717,#2718);
#2182=AXIS2_PLACEMENT_3D('',#3278,#2719,#2720);
#2183=AXIS2_PLACEMENT_3D('',#3279,#2721,#2722);
#2184=AXIS2_PLACEMENT_3D('',#3281,#2723,#2724);
#2185=AXIS2_PLACEMENT_3D('',#3282,#2725,#2726);
#2186=AXIS2_PLACEMENT_3D('',#3283,#2727,#2728);
#2187=AXIS2_PLACEMENT_3D('',#3284,#2729,#2730);
#2188=AXIS2_PLACEMENT_3D('',#3285,#2731,#2732);
#2189=AXIS2_PLACEMENT_3D('',#3286,#2733,#2734);
#2190=AXIS2_PLACEMENT_3D('',#3288,#2736,#2737);
#2191=DIRECTION('axis',(0.,0.,1.));
#2192=DIRECTION('refdir',(1.,0.,0.));
#2193=DIRECTION('center_axis',(0.,-1.,0.));
#2194=DIRECTION('ref_axis',(1.,0.,0.));
#2195=DIRECTION('center_axis',(0.,1.,0.));
#2196=DIRECTION('ref_axis',(-0.707106781186547,0.,0.707106781186548));
#2197=DIRECTION('',(0.,0.,1.));
#2198=DIRECTION('',(-1.,0.,0.));
#2199=DIRECTION('',(0.,0.,1.));
#2200=DIRECTION('center_axis',(0.,1.,0.));
#2201=DIRECTION('ref_axis',(0.707106781186547,0.,0.707106781186548));
#2202=DIRECTION('',(1.,0.,0.));
#2203=DIRECTION('center_axis',(0.,1.,0.));
#2204=DIRECTION('ref_axis',(0.,0.,-1.));
#2205=DIRECTION('center_axis',(0.,1.,0.));
#2206=DIRECTION('ref_axis',(0.707106781186547,0.,0.707106781186548));
#2207=DIRECTION('',(0.,1.,0.));
#2208=DIRECTION('center_axis',(0.,-1.,0.));
#2209=DIRECTION('ref_axis',(0.707106781186547,0.,0.707106781186548));
#2210=DIRECTION('',(0.,-1.,0.));
#2211=DIRECTION('center_axis',(0.,0.,1.));
#2212=DIRECTION('ref_axis',(1.,0.,0.));
#2213=DIRECTION('',(0.,1.,0.));
#2214=DIRECTION('',(-1.,0.,0.));
#2215=DIRECTION('center_axis',(0.,1.,0.));
#2216=DIRECTION('ref_axis',(-1.,0.,0.));
#2217=DIRECTION('center_axis',(0.,-1.,0.));
#2218=DIRECTION('ref_axis',(-0.707106781186547,0.,0.707106781186548));
#2219=DIRECTION('',(0.,0.,1.));
#2220=DIRECTION('',(-1.,0.,0.));
#2221=DIRECTION('',(0.,0.,1.));
#2222=DIRECTION('center_axis',(0.,-1.,0.));
#2223=DIRECTION('ref_axis',(0.,0.,-1.));
#2224=DIRECTION('center_axis',(0.,-1.,0.));
#2225=DIRECTION('ref_axis',(-0.707106781186547,0.,0.707106781186548));
#2226=DIRECTION('',(0.,-1.,0.));
#2227=DIRECTION('center_axis',(0.,1.,0.));
#2228=DIRECTION('ref_axis',(0.,0.,-1.));
#2229=DIRECTION('',(0.,1.,0.));
#2230=DIRECTION('center_axis',(1.,0.,0.));
#2231=DIRECTION('ref_axis',(0.,0.,-1.));
#2232=DIRECTION('',(0.,-1.,0.));
#2233=DIRECTION('center_axis',(-1.,0.,0.));
#2234=DIRECTION('ref_axis',(0.,0.,1.));
#2235=DIRECTION('',(0.,1.,0.));
#2236=DIRECTION('center_axis',(0.,0.,-1.));
#2237=DIRECTION('ref_axis',(0.,1.,0.));
#2238=DIRECTION('center_axis',(0.,-1.,0.));
#2239=DIRECTION('ref_axis',(1.,0.,0.));
#2240=DIRECTION('center_axis',(0.,1.,0.));
#2241=DIRECTION('ref_axis',(-0.707106781186547,0.,0.707106781186548));
#2242=DIRECTION('',(0.,0.,1.));
#2243=DIRECTION('',(-1.,0.,0.));
#2244=DIRECTION('',(0.,0.,1.));
#2245=DIRECTION('center_axis',(0.,1.,0.));
#2246=DIRECTION('ref_axis',(0.707106781186547,0.,0.707106781186548));
#2247=DIRECTION('',(1.,0.,0.));
#2248=DIRECTION('center_axis',(0.,1.,0.));
#2249=DIRECTION('ref_axis',(0.,0.,-1.));
#2250=DIRECTION('center_axis',(0.,1.,0.));
#2251=DIRECTION('ref_axis',(0.707106781186547,0.,0.707106781186548));
#2252=DIRECTION('center_axis',(0.,-1.,0.));
#2253=DIRECTION('ref_axis',(0.707106781186547,0.,0.707106781186548));
#2254=DIRECTION('',(0.,-1.,0.));
#2255=DIRECTION('',(0.,1.,0.));
#2256=DIRECTION('center_axis',(0.,0.,1.));
#2257=DIRECTION('ref_axis',(1.,0.,0.));
#2258=DIRECTION('',(0.,1.,0.));
#2259=DIRECTION('',(-1.,0.,0.));
#2260=DIRECTION('center_axis',(0.,1.,0.));
#2261=DIRECTION('ref_axis',(-1.,0.,0.));
#2262=DIRECTION('center_axis',(0.,-1.,0.));
#2263=DIRECTION('ref_axis',(-0.707106781186547,0.,0.707106781186548));
#2264=DIRECTION('',(0.,0.,1.));
#2265=DIRECTION('',(-1.,0.,0.));
#2266=DIRECTION('',(0.,0.,1.));
#2267=DIRECTION('center_axis',(0.,-1.,0.));
#2268=DIRECTION('ref_axis',(0.,0.,-1.));
#2269=DIRECTION('center_axis',(0.,-1.,0.));
#2270=DIRECTION('ref_axis',(-0.707106781186547,0.,0.707106781186548));
#2271=DIRECTION('',(0.,-1.,0.));
#2272=DIRECTION('center_axis',(0.,1.,0.));
#2273=DIRECTION('ref_axis',(0.,0.,-1.));
#2274=DIRECTION('',(0.,1.,0.));
#2275=DIRECTION('center_axis',(1.,0.,0.));
#2276=DIRECTION('ref_axis',(0.,0.,-1.));
#2277=DIRECTION('',(0.,-1.,0.));
#2278=DIRECTION('center_axis',(-1.,0.,0.));
#2279=DIRECTION('ref_axis',(0.,0.,1.));
#2280=DIRECTION('',(0.,1.,0.));
#2281=DIRECTION('center_axis',(0.,0.,-1.));
#2282=DIRECTION('ref_axis',(0.,1.,0.));
#2283=DIRECTION('center_axis',(-1.,0.,0.));
#2284=DIRECTION('ref_axis',(0.,0.,1.));
#2285=DIRECTION('',(0.,1.,0.));
#2286=DIRECTION('',(0.,0.,1.));
#2287=DIRECTION('',(0.,-1.,0.));
#2288=DIRECTION('',(0.,0.,1.));
#2289=DIRECTION('center_axis',(0.,-1.,0.));
#2290=DIRECTION('ref_axis',(1.,0.,0.));
#2291=DIRECTION('center_axis',(0.,1.,0.));
#2292=DIRECTION('ref_axis',(-0.707106781186547,0.,0.707106781186548));
#2293=DIRECTION('',(1.,0.,0.));
#2294=DIRECTION('',(0.,0.,1.));
#2295=DIRECTION('center_axis',(0.,1.,0.));
#2296=DIRECTION('ref_axis',(0.707106781186547,0.,0.707106781186548));
#2297=DIRECTION('',(1.,0.,0.));
#2298=DIRECTION('center_axis',(0.,1.,0.));
#2299=DIRECTION('ref_axis',(0.,0.,-1.));
#2300=DIRECTION('center_axis',(0.,1.,0.));
#2301=DIRECTION('ref_axis',(0.707106781186547,0.,0.707106781186548));
#2302=DIRECTION('center_axis',(0.,-1.,0.));
#2303=DIRECTION('ref_axis',(0.707106781186547,0.,0.707106781186548));
#2304=DIRECTION('',(0.,-1.,0.));
#2305=DIRECTION('',(0.,1.,0.));
#2306=DIRECTION('center_axis',(0.,0.,1.));
#2307=DIRECTION('ref_axis',(1.,0.,0.));
#2308=DIRECTION('',(0.,1.,0.));
#2309=DIRECTION('',(-1.,0.,0.));
#2310=DIRECTION('center_axis',(0.,1.,0.));
#2311=DIRECTION('ref_axis',(-1.,0.,0.));
#2312=DIRECTION('center_axis',(0.,-1.,0.));
#2313=DIRECTION('ref_axis',(-0.707106781186547,0.,0.707106781186548));
#2314=DIRECTION('',(0.,0.,1.));
#2315=DIRECTION('',(-1.,0.,0.));
#2316=DIRECTION('center_axis',(0.,-1.,0.));
#2317=DIRECTION('ref_axis',(0.,0.,-1.));
#2318=DIRECTION('center_axis',(0.,-1.,0.));
#2319=DIRECTION('ref_axis',(-0.707106781186547,0.,0.707106781186548));
#2320=DIRECTION('center_axis',(0.,1.,0.));
#2321=DIRECTION('ref_axis',(0.,0.,-1.));
#2322=DIRECTION('',(0.,1.,0.));
#2323=DIRECTION('center_axis',(1.,0.,0.));
#2324=DIRECTION('ref_axis',(0.,0.,-1.));
#2325=DIRECTION('',(0.,-1.,0.));
#2326=DIRECTION('center_axis',(0.,0.,-1.));
#2327=DIRECTION('ref_axis',(0.,1.,0.));
#2328=DIRECTION('center_axis',(0.,-1.,0.));
#2329=DIRECTION('ref_axis',(1.,0.,0.));
#2330=DIRECTION('center_axis',(0.,1.,0.));
#2331=DIRECTION('ref_axis',(-0.707106781186547,0.,0.707106781186548));
#2332=DIRECTION('',(0.,0.,1.));
#2333=DIRECTION('',(-1.,0.,0.));
#2334=DIRECTION('',(0.,0.,1.));
#2335=DIRECTION('center_axis',(0.,1.,0.));
#2336=DIRECTION('ref_axis',(0.707106781186547,0.,0.707106781186548));
#2337=DIRECTION('',(1.,0.,0.));
#2338=DIRECTION('center_axis',(0.,1.,0.));
#2339=DIRECTION('ref_axis',(0.,0.,-1.));
#2340=DIRECTION('center_axis',(0.,1.,0.));
#2341=DIRECTION('ref_axis',(0.707106781186547,0.,0.707106781186548));
#2342=DIRECTION('center_axis',(0.,-1.,0.));
#2343=DIRECTION('ref_axis',(0.707106781186547,0.,0.707106781186548));
#2344=DIRECTION('',(0.,-1.,0.));
#2345=DIRECTION('',(0.,1.,0.));
#2346=DIRECTION('center_axis',(0.,0.,1.));
#2347=DIRECTION('ref_axis',(1.,0.,0.));
#2348=DIRECTION('',(0.,1.,0.));
#2349=DIRECTION('',(-1.,0.,0.));
#2350=DIRECTION('center_axis',(0.,1.,0.));
#2351=DIRECTION('ref_axis',(-1.,0.,0.));
#2352=DIRECTION('center_axis',(0.,-1.,0.));
#2353=DIRECTION('ref_axis',(-0.707106781186547,0.,0.707106781186548));
#2354=DIRECTION('',(0.,0.,1.));
#2355=DIRECTION('',(-1.,0.,0.));
#2356=DIRECTION('',(0.,0.,1.));
#2357=DIRECTION('center_axis',(0.,-1.,0.));
#2358=DIRECTION('ref_axis',(0.,0.,-1.));
#2359=DIRECTION('center_axis',(0.,-1.,0.));
#2360=DIRECTION('ref_axis',(-0.707106781186547,0.,0.707106781186548));
#2361=DIRECTION('',(0.,-1.,0.));
#2362=DIRECTION('center_axis',(0.,1.,0.));
#2363=DIRECTION('ref_axis',(0.,0.,-1.));
#2364=DIRECTION('',(0.,1.,0.));
#2365=DIRECTION('center_axis',(-1.,0.,0.));
#2366=DIRECTION('ref_axis',(0.,0.,1.));
#2367=DIRECTION('',(0.,1.,0.));
#2368=DIRECTION('center_axis',(1.,0.,0.));
#2369=DIRECTION('ref_axis',(0.,0.,-1.));
#2370=DIRECTION('',(0.,-1.,0.));
#2371=DIRECTION('center_axis',(0.,0.,-1.));
#2372=DIRECTION('ref_axis',(0.,1.,0.));
#2373=DIRECTION('center_axis',(0.,-1.,0.));
#2374=DIRECTION('ref_axis',(0.,0.,-1.));
#2375=DIRECTION('',(0.707106781186548,0.,0.707106781186548));
#2376=DIRECTION('',(-1.,0.,0.));
#2377=DIRECTION('',(0.707106781186547,0.,-0.707106781186548));
#2378=DIRECTION('',(-1.,0.,0.));
#2379=DIRECTION('center_axis',(0.,1.,0.));
#2380=DIRECTION('ref_axis',(0.,0.,1.));
#2381=DIRECTION('',(-0.707106781186548,0.,-0.707106781186548));
#2382=DIRECTION('',(-1.,0.,0.));
#2383=DIRECTION('',(-0.707106781186547,0.,0.707106781186548));
#2384=DIRECTION('',(1.,0.,0.));
#2385=DIRECTION('center_axis',(0.,0.,-1.));
#2386=DIRECTION('ref_axis',(0.,1.,0.));
#2387=DIRECTION('',(0.,1.,0.));
#2388=DIRECTION('',(0.,-1.,0.));
#2389=DIRECTION('center_axis',(-1.,0.,0.));
#2390=DIRECTION('ref_axis',(0.,0.,1.));
#2391=DIRECTION('',(0.,-1.,0.));
#2392=DIRECTION('',(0.,0.,1.));
#2393=DIRECTION('',(0.,1.,0.));
#2394=DIRECTION('',(0.,0.,-1.));
#2395=DIRECTION('',(0.,-1.,0.));
#2396=DIRECTION('',(0.,1.,0.));
#2397=DIRECTION('',(0.,-1.,0.));
#2398=DIRECTION('',(0.,1.,0.));
#2399=DIRECTION('',(0.,-1.,0.));
#2400=DIRECTION('',(0.,1.,0.));
#2401=DIRECTION('',(0.,-1.,0.));
#2402=DIRECTION('center_axis',(0.,0.,-1.));
#2403=DIRECTION('ref_axis',(0.,1.,0.));
#2404=DIRECTION('',(0.,-1.,0.));
#2405=DIRECTION('',(-1.,0.,0.));
#2406=DIRECTION('',(1.,0.,0.));
#2407=DIRECTION('center_axis',(0.,1.,0.));
#2408=DIRECTION('ref_axis',(0.,0.,1.));
#2409=DIRECTION('',(-0.707106781186547,0.,0.707106781186548));
#2410=DIRECTION('',(1.,0.,0.));
#2411=DIRECTION('',(-0.707106781186548,0.,-0.707106781186548));
#2412=DIRECTION('center_axis',(0.,-1.,0.));
#2413=DIRECTION('ref_axis',(0.,0.,-1.));
#2414=DIRECTION('',(0.707106781186547,0.,-0.707106781186548));
#2415=DIRECTION('',(0.707106781186548,0.,0.707106781186548));
#2416=DIRECTION('',(-1.,0.,0.));
#2417=DIRECTION('center_axis',(0.,1.,0.));
#2418=DIRECTION('ref_axis',(0.,0.,1.));
#2419=DIRECTION('',(-0.707106781186547,0.,0.707106781186548));
#2420=DIRECTION('',(1.,0.,0.));
#2421=DIRECTION('',(-0.707106781186548,0.,-0.707106781186548));
#2422=DIRECTION('',(-1.,0.,0.));
#2423=DIRECTION('center_axis',(0.,-1.,0.));
#2424=DIRECTION('ref_axis',(0.,0.,-1.));
#2425=DIRECTION('',(0.707106781186547,0.,-0.707106781186548));
#2426=DIRECTION('',(-1.,0.,0.));
#2427=DIRECTION('',(0.707106781186548,0.,0.707106781186548));
#2428=DIRECTION('',(-1.,0.,0.));
#2429=DIRECTION('center_axis',(0.,0.,-1.));
#2430=DIRECTION('ref_axis',(0.,1.,0.));
#2431=DIRECTION('',(0.,-1.,0.));
#2432=DIRECTION('center_axis',(1.,0.,0.));
#2433=DIRECTION('ref_axis',(0.,0.,-1.));
#2434=DIRECTION('',(0.,1.,0.));
#2435=DIRECTION('',(0.,1.,0.));
#2436=DIRECTION('',(0.,1.,0.));
#2437=DIRECTION('',(0.,-1.,0.));
#2438=DIRECTION('',(0.,1.,0.));
#2439=DIRECTION('',(0.,0.,1.));
#2440=DIRECTION('',(0.,-1.,0.));
#2441=DIRECTION('',(0.,0.,-1.));
#2442=DIRECTION('',(0.,1.,0.));
#2443=DIRECTION('center_axis',(0.,1.,0.));
#2444=DIRECTION('ref_axis',(0.,0.,1.));
#2445=DIRECTION('',(-0.707106781186547,0.,0.707106781186548));
#2446=DIRECTION('',(1.,0.,0.));
#2447=DIRECTION('',(-0.707106781186548,0.,-0.707106781186548));
#2448=DIRECTION('',(-1.,0.,0.));
#2449=DIRECTION('center_axis',(0.,-1.,0.));
#2450=DIRECTION('ref_axis',(0.,0.,-1.));
#2451=DIRECTION('',(0.707106781186547,0.,-0.707106781186548));
#2452=DIRECTION('',(-1.,0.,0.));
#2453=DIRECTION('',(0.707106781186548,0.,0.707106781186548));
#2454=DIRECTION('',(-1.,0.,0.));
#2455=DIRECTION('center_axis',(0.,0.,-1.));
#2456=DIRECTION('ref_axis',(0.,1.,0.));
#2457=DIRECTION('center_axis',(-0.707106781186548,0.,0.707106781186548));
#2458=DIRECTION('ref_axis',(0.707106781186548,0.,0.707106781186548));
#2459=DIRECTION('',(0.,1.,0.));
#2460=DIRECTION('center_axis',(0.,0.,1.));
#2461=DIRECTION('ref_axis',(1.,0.,0.));
#2462=DIRECTION('',(0.,-1.,0.));
#2463=DIRECTION('center_axis',(-0.707106781186548,0.,0.707106781186548));
#2464=DIRECTION('ref_axis',(0.707106781186548,0.,0.707106781186548));
#2465=DIRECTION('',(0.,1.,0.));
#2466=DIRECTION('center_axis',(0.,0.,1.));
#2467=DIRECTION('ref_axis',(1.,0.,0.));
#2468=DIRECTION('',(0.,-1.,0.));
#2469=DIRECTION('center_axis',(-0.707106781186548,0.,0.707106781186548));
#2470=DIRECTION('ref_axis',(0.707106781186548,0.,0.707106781186548));
#2471=DIRECTION('',(0.,1.,0.));
#2472=DIRECTION('center_axis',(0.,0.,1.));
#2473=DIRECTION('ref_axis',(1.,0.,0.));
#2474=DIRECTION('',(0.,-1.,0.));
#2475=DIRECTION('center_axis',(0.707106781186548,0.,0.707106781186547));
#2476=DIRECTION('ref_axis',(0.707106781186547,0.,-0.707106781186548));
#2477=DIRECTION('center_axis',(0.707106781186548,0.,0.707106781186547));
#2478=DIRECTION('ref_axis',(0.707106781186547,0.,-0.707106781186548));
#2479=DIRECTION('center_axis',(0.707106781186548,0.,0.707106781186547));
#2480=DIRECTION('ref_axis',(0.707106781186547,0.,-0.707106781186548));
#2481=DIRECTION('center_axis',(0.577350269189626,0.577350269189625,0.577350269189626));
#2482=DIRECTION('ref_axis',(0.707106781186547,0.,-0.707106781186548));
#2483=DIRECTION('',(-0.707106781186547,0.,0.707106781186548));
#2484=DIRECTION('',(0.707106781186547,-0.707106781186548,-7.85046229341887E-16));
#2485=DIRECTION('',(0.,0.707106781186548,-0.707106781186547));
#2486=DIRECTION('center_axis',(0.577350269189626,0.577350269189626,-0.577350269189626));
#2487=DIRECTION('ref_axis',(-0.707106781186547,0.,-0.707106781186548));
#2488=DIRECTION('',(0.,-0.707106781186548,-0.707106781186547));
#2489=DIRECTION('',(-0.707106781186547,0.707106781186548,0.));
#2490=DIRECTION('',(0.707106781186547,0.,0.707106781186548));
#2491=DIRECTION('center_axis',(0.707106781186548,0.707106781186547,0.));
#2492=DIRECTION('ref_axis',(0.,0.,-1.));
#2493=DIRECTION('',(0.,0.,1.));
#2494=DIRECTION('center_axis',(0.577350269189626,0.577350269189627,0.577350269189625));
#2495=DIRECTION('ref_axis',(0.707106781186547,0.,-0.707106781186548));
#2496=DIRECTION('',(-0.707106781186547,0.,0.707106781186548));
#2497=DIRECTION('',(0.707106781186549,-0.707106781186546,-7.85046229341889E-16));
#2498=DIRECTION('',(0.,0.707106781186546,-0.707106781186549));
#2499=DIRECTION('center_axis',(0.577350269189626,-0.577350269189626,-0.577350269189626));
#2500=DIRECTION('ref_axis',(-0.707106781186547,0.,-0.707106781186548));
#2501=DIRECTION('',(0.,-0.707106781186548,0.707106781186547));
#2502=DIRECTION('',(-0.707106781186547,0.,-0.707106781186548));
#2503=DIRECTION('',(0.707106781186547,0.707106781186548,0.));
#2504=DIRECTION('center_axis',(0.707106781186548,0.,-0.707106781186547));
#2505=DIRECTION('ref_axis',(-0.707106781186547,0.,-0.707106781186548));
#2506=DIRECTION('',(0.,1.,0.));
#2507=DIRECTION('center_axis',(-0.577350269189625,0.577350269189627,0.577350269189625));
#2508=DIRECTION('ref_axis',(0.707106781186548,0.,0.707106781186548));
#2509=DIRECTION('',(-0.707106781186547,0.,-0.707106781186548));
#2510=DIRECTION('',(0.,-0.707106781186546,0.707106781186549));
#2511=DIRECTION('',(0.707106781186549,0.707106781186546,0.));
#2512=DIRECTION('center_axis',(0.,0.707106781186549,0.707106781186546));
#2513=DIRECTION('ref_axis',(1.,0.,0.));
#2514=DIRECTION('',(-1.,0.,0.));
#2515=DIRECTION('',(1.,0.,0.));
#2516=DIRECTION('center_axis',(0.577350269189625,0.577350269189627,-0.577350269189625));
#2517=DIRECTION('ref_axis',(-0.707106781186548,0.,-0.707106781186548));
#2518=DIRECTION('',(0.707106781186547,0.,0.707106781186548));
#2519=DIRECTION('',(0.,-0.707106781186546,-0.707106781186549));
#2520=DIRECTION('',(-0.707106781186549,0.707106781186546,0.));
#2521=DIRECTION('center_axis',(0.577350269189626,-0.577350269189625,0.577350269189626));
#2522=DIRECTION('ref_axis',(0.707106781186547,0.,-0.707106781186548));
#2523=DIRECTION('',(-0.707106781186547,-0.707106781186548,7.85046229341887E-16));
#2524=DIRECTION('',(0.707106781186547,0.,-0.707106781186548));
#2525=DIRECTION('',(0.,0.707106781186548,0.707106781186547));
#2526=DIRECTION('center_axis',(0.707106781186548,0.,0.707106781186547));
#2527=DIRECTION('ref_axis',(0.707106781186547,0.,-0.707106781186548));
#2528=DIRECTION('',(0.,-1.,0.));
#2529=DIRECTION('center_axis',(-0.707106781186548,0.,0.707106781186547));
#2530=DIRECTION('ref_axis',(0.707106781186547,0.,0.707106781186548));
#2531=DIRECTION('',(0.,1.,0.));
#2532=DIRECTION('',(0.,-1.,0.));
#2533=DIRECTION('',(0.577350269189626,-0.577350269189626,0.577350269189626));
#2534=DIRECTION('center_axis',(-0.577350269189625,0.577350269189627,-0.577350269189625));
#2535=DIRECTION('ref_axis',(-0.707106781186547,0.,0.707106781186547));
#2536=DIRECTION('',(0.707106781186547,0.,-0.707106781186548));
#2537=DIRECTION('',(-0.707106781186549,-0.707106781186546,7.85046229341889E-16));
#2538=DIRECTION('',(-7.85046229341889E-16,0.707106781186546,0.707106781186549));
#2539=DIRECTION('center_axis',(-0.707106781186546,0.707106781186549,0.));
#2540=DIRECTION('ref_axis',(0.,0.,1.));
#2541=DIRECTION('',(0.,0.,-1.));
#2542=DIRECTION('',(0.,0.,1.));
#2543=DIRECTION('center_axis',(0.,0.707106781186549,-0.707106781186546));
#2544=DIRECTION('ref_axis',(-1.,0.,0.));
#2545=DIRECTION('',(1.,0.,0.));
#2546=DIRECTION('',(-1.,0.,0.));
#2547=DIRECTION('center_axis',(0.577350269189626,-0.577350269189627,-0.577350269189625));
#2548=DIRECTION('ref_axis',(-0.707106781186547,0.,-0.707106781186548));
#2549=DIRECTION('',(0.,-0.707106781186546,0.707106781186549));
#2550=DIRECTION('',(-0.707106781186547,0.,-0.707106781186548));
#2551=DIRECTION('',(0.707106781186549,0.707106781186546,7.85046229341889E-16));
#2552=DIRECTION('center_axis',(0.707106781186548,0.,-0.707106781186547));
#2553=DIRECTION('ref_axis',(-0.707106781186547,0.,-0.707106781186548));
#2554=DIRECTION('',(0.,-1.,0.));
#2555=DIRECTION('',(0.,1.,0.));
#2556=DIRECTION('',(0.577350269189625,-0.577350269189626,0.577350269189626));
#2557=DIRECTION('center_axis',(-0.577350269189626,0.577350269189625,0.577350269189626));
#2558=DIRECTION('ref_axis',(0.707106781186548,0.,0.707106781186548));
#2559=DIRECTION('',(1.57009245868377E-15,-0.707106781186548,0.707106781186547));
#2560=DIRECTION('',(0.707106781186547,0.707106781186548,0.));
#2561=DIRECTION('',(-0.707106781186547,0.,-0.707106781186547));
#2562=DIRECTION('center_axis',(-0.707106781186548,0.,-0.707106781186547));
#2563=DIRECTION('ref_axis',(-0.707106781186547,0.,0.707106781186548));
#2564=DIRECTION('',(0.,1.,0.));
#2565=DIRECTION('',(0.,-1.,0.));
#2566=DIRECTION('',(-0.577350269189626,0.577350269189626,0.577350269189626));
#2567=DIRECTION('center_axis',(-0.577350269189625,-0.577350269189627,-0.577350269189625));
#2568=DIRECTION('ref_axis',(-0.707106781186548,0.,0.707106781186548));
#2569=DIRECTION('',(-0.707106781186547,0.,0.707106781186548));
#2570=DIRECTION('',(0.,0.707106781186546,-0.707106781186549));
#2571=DIRECTION('',(0.707106781186549,-0.707106781186546,0.));
#2572=DIRECTION('center_axis',(0.,-0.707106781186549,-0.707106781186546));
#2573=DIRECTION('ref_axis',(-1.,0.,0.));
#2574=DIRECTION('',(-1.,0.,0.));
#2575=DIRECTION('',(1.,0.,0.));
#2576=DIRECTION('center_axis',(0.577350269189625,-0.577350269189627,0.577350269189625));
#2577=DIRECTION('ref_axis',(0.707106781186548,0.,-0.707106781186548));
#2578=DIRECTION('',(0.707106781186547,0.,-0.707106781186548));
#2579=DIRECTION('',(0.,0.707106781186546,0.707106781186549));
#2580=DIRECTION('',(-0.707106781186549,-0.707106781186546,0.));
#2581=DIRECTION('center_axis',(-0.577350269189626,0.577350269189625,-0.577350269189626));
#2582=DIRECTION('ref_axis',(-0.707106781186548,0.,0.707106781186548));
#2583=DIRECTION('',(-1.57009245868377E-15,0.707106781186548,0.707106781186547));
#2584=DIRECTION('',(0.707106781186547,0.,-0.707106781186547));
#2585=DIRECTION('',(-0.707106781186547,-0.707106781186548,0.));
#2586=DIRECTION('center_axis',(-0.707106781186548,0.,-0.707106781186547));
#2587=DIRECTION('ref_axis',(-0.707106781186547,0.,0.707106781186548));
#2588=DIRECTION('',(0.,-1.,0.));
#2589=DIRECTION('',(0.,1.,0.));
#2590=DIRECTION('',(0.577350269189626,0.577350269189626,-0.577350269189626));
#2591=DIRECTION('center_axis',(-0.577350269189626,-0.577350269189627,0.577350269189625));
#2592=DIRECTION('ref_axis',(0.707106781186547,0.,0.707106781186548));
#2593=DIRECTION('',(0.,-0.707106781186546,-0.707106781186549));
#2594=DIRECTION('',(0.707106781186547,0.,0.707106781186548));
#2595=DIRECTION('',(-0.707106781186549,0.707106781186546,-7.85046229341889E-16));
#2596=DIRECTION('center_axis',(-0.577350269189626,-0.577350269189625,-0.577350269189626));
#2597=DIRECTION('ref_axis',(-0.707106781186548,0.,0.707106781186548));
#2598=DIRECTION('',(0.,0.707106781186548,-0.707106781186547));
#2599=DIRECTION('',(0.707106781186547,-0.707106781186548,0.));
#2600=DIRECTION('',(-0.707106781186547,0.,0.707106781186547));
#2601=DIRECTION('center_axis',(-0.707106781186548,0.,0.707106781186547));
#2602=DIRECTION('ref_axis',(0.707106781186547,0.,0.707106781186548));
#2603=DIRECTION('',(0.,-1.,0.));
#2604=DIRECTION('',(0.,1.,0.));
#2605=DIRECTION('',(-0.577350269189625,-0.577350269189626,-0.577350269189626));
#2606=DIRECTION('center_axis',(-0.577350269189626,-0.577350269189625,0.577350269189626));
#2607=DIRECTION('ref_axis',(0.707106781186548,0.,0.707106781186548));
#2608=DIRECTION('',(-7.85046229341887E-16,-0.707106781186548,-0.707106781186547));
#2609=DIRECTION('',(0.707106781186547,0.,0.707106781186547));
#2610=DIRECTION('',(-0.707106781186547,0.707106781186548,0.));
#2611=DIRECTION('center_axis',(-0.707106781186548,0.,0.707106781186548));
#2612=DIRECTION('ref_axis',(0.707106781186548,0.,0.707106781186548));
#2613=DIRECTION('',(0.,1.,0.));
#2614=DIRECTION('center_axis',(-0.707106781186548,-0.707106781186547,0.));
#2615=DIRECTION('ref_axis',(0.,0.,1.));
#2616=DIRECTION('',(0.,0.,1.));
#2617=DIRECTION('center_axis',(0.,-0.707106781186547,0.707106781186548));
#2618=DIRECTION('ref_axis',(1.,0.,0.));
#2619=DIRECTION('',(-1.,0.,0.));
#2620=DIRECTION('',(1.,0.,0.));
#2621=DIRECTION('center_axis',(-0.707106781186548,0.,-0.707106781186548));
#2622=DIRECTION('ref_axis',(-0.707106781186548,0.,0.707106781186548));
#2623=DIRECTION('',(0.,-1.,0.));
#2624=DIRECTION('center_axis',(0.,-0.707106781186547,-0.707106781186548));
#2625=DIRECTION('ref_axis',(-1.,0.,0.));
#2626=DIRECTION('',(-1.,0.,0.));
#2627=DIRECTION('',(1.,0.,0.));
#2628=DIRECTION('center_axis',(-0.707106781186546,-0.707106781186549,0.));
#2629=DIRECTION('ref_axis',(0.,0.,1.));
#2630=DIRECTION('',(0.,0.,1.));
#2631=DIRECTION('',(0.,0.,-1.));
#2632=DIRECTION('center_axis',(0.,-0.707106781186549,0.707106781186546));
#2633=DIRECTION('ref_axis',(1.,0.,0.));
#2634=DIRECTION('',(1.,0.,0.));
#2635=DIRECTION('',(-1.,0.,0.));
#2636=DIRECTION('center_axis',(-0.707106781186548,0.707106781186547,0.));
#2637=DIRECTION('ref_axis',(0.,0.,1.));
#2638=DIRECTION('',(0.,0.,-1.));
#2639=DIRECTION('center_axis',(0.,0.707106781186547,-0.707106781186548));
#2640=DIRECTION('ref_axis',(-1.,0.,0.));
#2641=DIRECTION('',(-1.,0.,0.));
#2642=DIRECTION('',(1.,0.,0.));
#2643=DIRECTION('center_axis',(0.707106781186546,-0.707106781186549,0.));
#2644=DIRECTION('ref_axis',(0.,0.,-1.));
#2645=DIRECTION('',(0.,0.,-1.));
#2646=DIRECTION('',(0.,0.,1.));
#2647=DIRECTION('center_axis',(0.707106781186548,0.,0.707106781186547));
#2648=DIRECTION('ref_axis',(0.707106781186547,0.,-0.707106781186548));
#2649=DIRECTION('',(0.,-1.,0.));
#2650=DIRECTION('',(0.,1.,0.));
#2651=DIRECTION('',(-0.577350269189625,0.577350269189626,0.577350269189626));
#2652=DIRECTION('center_axis',(-0.707106781186548,0.,0.707106781186548));
#2653=DIRECTION('ref_axis',(0.707106781186548,0.,0.707106781186548));
#2654=DIRECTION('',(0.,1.,0.));
#2655=DIRECTION('center_axis',(0.,0.707106781186547,0.707106781186548));
#2656=DIRECTION('ref_axis',(1.,0.,0.));
#2657=DIRECTION('',(-1.,0.,0.));
#2658=DIRECTION('',(1.,0.,0.));
#2659=DIRECTION('center_axis',(0.,-0.707106781186547,0.707106781186548));
#2660=DIRECTION('ref_axis',(1.,0.,0.));
#2661=DIRECTION('',(1.,0.,0.));
#2662=DIRECTION('',(-1.,0.,0.));
#2663=DIRECTION('center_axis',(0.707106781186548,-0.707106781186547,0.));
#2664=DIRECTION('ref_axis',(0.,0.,-1.));
#2665=DIRECTION('',(0.,0.,-1.));
#2666=DIRECTION('center_axis',(0.,-0.707106781186547,-0.707106781186548));
#2667=DIRECTION('ref_axis',(-1.,0.,0.));
#2668=DIRECTION('',(1.,0.,0.));
#2669=DIRECTION('',(-1.,0.,0.));
#2670=DIRECTION('center_axis',(0.707106781186546,0.707106781186549,0.));
#2671=DIRECTION('ref_axis',(0.,0.,-1.));
#2672=DIRECTION('',(0.,0.,1.));
#2673=DIRECTION('',(0.,0.,-1.));
#2674=DIRECTION('center_axis',(0.707106781186548,0.,-0.707106781186547));
#2675=DIRECTION('ref_axis',(-0.707106781186547,0.,-0.707106781186548));
#2676=DIRECTION('',(0.,1.,0.));
#2677=DIRECTION('',(0.,-1.,0.));
#2678=DIRECTION('',(-0.577350269189626,-0.577350269189626,-0.577350269189626));
#2679=DIRECTION('center_axis',(0.707106781186548,0.,0.707106781186547));
#2680=DIRECTION('ref_axis',(0.707106781186547,0.,-0.707106781186548));
#2681=DIRECTION('',(0.,1.,0.));
#2682=DIRECTION('',(0.,-1.,0.));
#2683=DIRECTION('',(0.577350269189625,0.577350269189626,-0.577350269189626));
#2684=DIRECTION('center_axis',(0.,0.707106781186547,-0.707106781186548));
#2685=DIRECTION('ref_axis',(-1.,0.,0.));
#2686=DIRECTION('',(1.,0.,0.));
#2687=DIRECTION('',(-1.,0.,0.));
#2688=DIRECTION('center_axis',(0.,0.707106781186547,0.707106781186548));
#2689=DIRECTION('ref_axis',(1.,0.,0.));
#2690=DIRECTION('',(1.,0.,0.));
#2691=DIRECTION('',(-1.,0.,0.));
#2692=DIRECTION('center_axis',(0.707106781186548,0.,0.707106781186547));
#2693=DIRECTION('ref_axis',(0.707106781186547,0.,-0.707106781186548));
#2694=DIRECTION('',(0.,-1.,0.));
#2695=DIRECTION('center_axis',(-1.,0.,0.));
#2696=DIRECTION('ref_axis',(0.,0.,1.));
#2697=DIRECTION('',(0.,0.,1.));
#2698=DIRECTION('center_axis',(0.,1.,0.));
#2699=DIRECTION('ref_axis',(0.,0.,1.));
#2700=DIRECTION('',(0.,0.,-1.));
#2701=DIRECTION('center_axis',(0.,-1.,0.));
#2702=DIRECTION('ref_axis',(0.,0.,-1.));
#2703=DIRECTION('',(0.,0.,1.));
#2704=DIRECTION('center_axis',(-1.,0.,0.));
#2705=DIRECTION('ref_axis',(0.,0.,-1.));
#2706=DIRECTION('',(0.,0.,-1.));
#2707=DIRECTION('center_axis',(0.,0.,1.));
#2708=DIRECTION('ref_axis',(1.,0.,0.));
#2709=DIRECTION('center_axis',(0.,0.,-1.));
#2710=DIRECTION('ref_axis',(1.,0.,0.));
#2711=DIRECTION('center_axis',(0.,1.,0.));
#2712=DIRECTION('ref_axis',(0.,0.,1.));
#2713=DIRECTION('center_axis',(0.,-1.,0.));
#2714=DIRECTION('ref_axis',(0.,0.,-1.));
#2715=DIRECTION('center_axis',(0.,0.,-1.));
#2716=DIRECTION('ref_axis',(-1.,0.,0.));
#2717=DIRECTION('center_axis',(0.,0.,1.));
#2718=DIRECTION('ref_axis',(1.,0.,0.));
#2719=DIRECTION('center_axis',(0.,0.,1.));
#2720=DIRECTION('ref_axis',(1.,0.,0.));
#2721=DIRECTION('center_axis',(0.,0.,1.));
#2722=DIRECTION('ref_axis',(1.,0.,0.));
#2723=DIRECTION('center_axis',(0.,0.,-1.));
#2724=DIRECTION('ref_axis',(1.,0.,0.));
#2725=DIRECTION('center_axis',(0.,-1.,0.));
#2726=DIRECTION('ref_axis',(0.,0.,-1.));
#2727=DIRECTION('center_axis',(1.,0.,0.));
#2728=DIRECTION('ref_axis',(0.,0.,1.));
#2729=DIRECTION('center_axis',(1.,0.,0.));
#2730=DIRECTION('ref_axis',(0.,0.,-1.));
#2731=DIRECTION('center_axis',(0.,1.,0.));
#2732=DIRECTION('ref_axis',(0.,0.,1.));
#2733=DIRECTION('center_axis',(0.,0.,-1.));
#2734=DIRECTION('ref_axis',(1.,0.,0.));
#2735=DIRECTION('',(0.,0.,-1.));
#2736=DIRECTION('center_axis',(0.,0.,-1.));
#2737=DIRECTION('ref_axis',(1.,0.,0.));
#2738=DIRECTION('',(0.,0.,-1.));
#2739=CARTESIAN_POINT('',(0.,0.,0.));
#2740=CARTESIAN_POINT('Origin',(-8.,-20.5,8.));
#2741=CARTESIAN_POINT('',(-8.,-20.5,16.));
#2742=CARTESIAN_POINT('',(-1.,-20.5,23.));
#2743=CARTESIAN_POINT('Origin',(-1.,-20.5,16.));
#2744=CARTESIAN_POINT('',(-8.,-20.5,7.));
#2745=CARTESIAN_POINT('',(-8.,-20.5,8.));
#2746=CARTESIAN_POINT('',(8.,-20.5,7.));
#2747=CARTESIAN_POINT('',(8.,-20.5,7.));
#2748=CARTESIAN_POINT('',(8.,-20.5,16.));
#2749=CARTESIAN_POINT('',(8.,-20.5,8.));
#2750=CARTESIAN_POINT('',(1.,-20.5,23.));
#2751=CARTESIAN_POINT('Origin',(1.,-20.5,16.));
#2752=CARTESIAN_POINT('',(8.,-20.5,23.));
#2753=CARTESIAN_POINT('',(3.36777869765522E-16,-20.5,21.75));
#2754=CARTESIAN_POINT('Origin',(0.,-20.5,19.));
#2755=CARTESIAN_POINT('Origin',(1.,-9.75,16.));
#2756=CARTESIAN_POINT('',(8.,-18.5,16.));
#2757=CARTESIAN_POINT('',(8.,-9.75,16.));
#2758=CARTESIAN_POINT('',(1.,-18.5,23.));
#2759=CARTESIAN_POINT('Origin',(1.,-18.5,16.));
#2760=CARTESIAN_POINT('',(1.,-9.75,23.));
#2761=CARTESIAN_POINT('Origin',(1.11022302462516E-15,-19.5,23.));
#2762=CARTESIAN_POINT('',(-1.,-18.5,23.));
#2763=CARTESIAN_POINT('',(-1.,-9.75,23.));
#2764=CARTESIAN_POINT('',(-8.,-18.5,23.));
#2765=CARTESIAN_POINT('Origin',(8.,-18.5,8.));
#2766=CARTESIAN_POINT('',(-8.,-18.5,16.));
#2767=CARTESIAN_POINT('Origin',(-1.,-18.5,16.));
#2768=CARTESIAN_POINT('',(8.,-18.5,7.));
#2769=CARTESIAN_POINT('',(8.,-18.5,8.));
#2770=CARTESIAN_POINT('',(-8.,-18.5,7.));
#2771=CARTESIAN_POINT('',(8.,-18.5,7.));
#2772=CARTESIAN_POINT('',(-8.,-18.5,8.));
#2773=CARTESIAN_POINT('',(-3.36777869765522E-16,-18.5,21.75));
#2774=CARTESIAN_POINT('Origin',(0.,-18.5,19.));
#2775=CARTESIAN_POINT('Origin',(-1.,-9.75,16.));
#2776=CARTESIAN_POINT('',(-8.,-9.75,16.));
#2777=CARTESIAN_POINT('Origin',(0.,14.975,19.));
#2778=CARTESIAN_POINT('',(3.36777869765522E-16,14.975,21.75));
#2779=CARTESIAN_POINT('Origin',(8.,0.,8.));
#2780=CARTESIAN_POINT('',(8.,-10.25,7.));
#2781=CARTESIAN_POINT('Origin',(-8.,0.,-8.));
#2782=CARTESIAN_POINT('',(-8.,-10.25,7.));
#2783=CARTESIAN_POINT('Origin',(8.,-20.5,7.));
#2784=CARTESIAN_POINT('Origin',(-8.,-13.,8.));
#2785=CARTESIAN_POINT('',(-8.,-13.,16.));
#2786=CARTESIAN_POINT('',(-1.,-13.,23.));
#2787=CARTESIAN_POINT('Origin',(-1.,-13.,16.));
#2788=CARTESIAN_POINT('',(-8.,-13.,7.));
#2789=CARTESIAN_POINT('',(-8.,-13.,8.));
#2790=CARTESIAN_POINT('',(8.,-13.,7.));
#2791=CARTESIAN_POINT('',(8.,-13.,7.));
#2792=CARTESIAN_POINT('',(8.,-13.,16.));
#2793=CARTESIAN_POINT('',(8.,-13.,8.));
#2794=CARTESIAN_POINT('',(1.,-13.,23.));
#2795=CARTESIAN_POINT('Origin',(1.,-13.,16.));
#2796=CARTESIAN_POINT('',(8.,-13.,23.));
#2797=CARTESIAN_POINT('',(3.36777869765522E-16,-13.,21.75));
#2798=CARTESIAN_POINT('Origin',(0.,-13.,19.));
#2799=CARTESIAN_POINT('Origin',(1.,-6.,16.));
#2800=CARTESIAN_POINT('',(8.,-11.,16.));
#2801=CARTESIAN_POINT('',(1.,-11.,23.));
#2802=CARTESIAN_POINT('Origin',(1.,-11.,16.));
#2803=CARTESIAN_POINT('',(1.,-6.,23.));
#2804=CARTESIAN_POINT('',(8.,-6.,16.));
#2805=CARTESIAN_POINT('Origin',(1.11022302462516E-15,-12.,23.));
#2806=CARTESIAN_POINT('',(-1.,-11.,23.));
#2807=CARTESIAN_POINT('',(-1.,-6.,23.));
#2808=CARTESIAN_POINT('',(-8.,-11.,23.));
#2809=CARTESIAN_POINT('Origin',(8.,-11.,8.));
#2810=CARTESIAN_POINT('',(-8.,-11.,16.));
#2811=CARTESIAN_POINT('Origin',(-1.,-11.,16.));
#2812=CARTESIAN_POINT('',(8.,-11.,7.));
#2813=CARTESIAN_POINT('',(8.,-11.,8.));
#2814=CARTESIAN_POINT('',(-8.,-11.,7.));
#2815=CARTESIAN_POINT('',(8.,-11.,7.));
#2816=CARTESIAN_POINT('',(-8.,-11.,8.));
#2817=CARTESIAN_POINT('',(-3.36777869765522E-16,-11.,21.75));
#2818=CARTESIAN_POINT('Origin',(0.,-11.,19.));
#2819=CARTESIAN_POINT('Origin',(-1.,-6.,16.));
#2820=CARTESIAN_POINT('',(-8.,-6.,16.));
#2821=CARTESIAN_POINT('Origin',(0.,14.975,19.));
#2822=CARTESIAN_POINT('',(3.36777869765522E-16,14.975,21.75));
#2823=CARTESIAN_POINT('Origin',(8.,0.,8.));
#2824=CARTESIAN_POINT('',(8.,-6.5,7.));
#2825=CARTESIAN_POINT('Origin',(-8.,0.,-8.));
#2826=CARTESIAN_POINT('',(-8.,-6.5,7.));
#2827=CARTESIAN_POINT('Origin',(8.,-13.,7.));
#2828=CARTESIAN_POINT('Origin',(-8.,0.,-8.));
#2829=CARTESIAN_POINT('',(-8.,11.,7.));
#2830=CARTESIAN_POINT('',(-8.,13.,7.));
#2831=CARTESIAN_POINT('',(-8.,5.5,7.));
#2832=CARTESIAN_POINT('',(-8.,11.,16.));
#2833=CARTESIAN_POINT('',(-8.,11.,8.));
#2834=CARTESIAN_POINT('',(-8.,13.,16.));
#2835=CARTESIAN_POINT('',(-8.,6.,16.));
#2836=CARTESIAN_POINT('',(-8.,13.,8.));
#2837=CARTESIAN_POINT('Origin',(-8.,11.,8.));
#2838=CARTESIAN_POINT('',(-1.,11.,23.));
#2839=CARTESIAN_POINT('Origin',(-1.,11.,16.));
#2840=CARTESIAN_POINT('',(8.,11.,7.));
#2841=CARTESIAN_POINT('',(8.,11.,7.));
#2842=CARTESIAN_POINT('',(8.,11.,16.));
#2843=CARTESIAN_POINT('',(8.,11.,8.));
#2844=CARTESIAN_POINT('',(1.,11.,23.));
#2845=CARTESIAN_POINT('Origin',(1.,11.,16.));
#2846=CARTESIAN_POINT('',(8.,11.,23.));
#2847=CARTESIAN_POINT('',(3.36777869765522E-16,11.,21.75));
#2848=CARTESIAN_POINT('Origin',(0.,11.,19.));
#2849=CARTESIAN_POINT('Origin',(1.,6.,16.));
#2850=CARTESIAN_POINT('',(8.,13.,16.));
#2851=CARTESIAN_POINT('',(1.,13.,23.));
#2852=CARTESIAN_POINT('Origin',(1.,13.,16.));
#2853=CARTESIAN_POINT('',(1.,6.,23.));
#2854=CARTESIAN_POINT('',(8.,6.,16.));
#2855=CARTESIAN_POINT('Origin',(1.11022302462516E-15,12.,23.));
#2856=CARTESIAN_POINT('',(-1.,13.,23.));
#2857=CARTESIAN_POINT('',(-1.,6.,23.));
#2858=CARTESIAN_POINT('',(-8.,13.,23.));
#2859=CARTESIAN_POINT('Origin',(8.,13.,8.));
#2860=CARTESIAN_POINT('Origin',(-1.,13.,16.));
#2861=CARTESIAN_POINT('',(8.,13.,7.));
#2862=CARTESIAN_POINT('',(8.,13.,8.));
#2863=CARTESIAN_POINT('',(8.,13.,7.));
#2864=CARTESIAN_POINT('',(-3.36777869765522E-16,13.,21.75));
#2865=CARTESIAN_POINT('Origin',(0.,13.,19.));
#2866=CARTESIAN_POINT('Origin',(-1.,6.,16.));
#2867=CARTESIAN_POINT('Origin',(0.,14.975,19.));
#2868=CARTESIAN_POINT('',(3.36777869765522E-16,14.975,21.75));
#2869=CARTESIAN_POINT('Origin',(8.,0.,8.));
#2870=CARTESIAN_POINT('',(8.,5.5,7.));
#2871=CARTESIAN_POINT('Origin',(8.,11.,7.));
#2872=CARTESIAN_POINT('Origin',(-8.,18.5,8.));
#2873=CARTESIAN_POINT('',(-8.,18.5,16.));
#2874=CARTESIAN_POINT('',(-1.,18.5,23.));
#2875=CARTESIAN_POINT('Origin',(-1.,18.5,16.));
#2876=CARTESIAN_POINT('',(-8.,18.5,7.));
#2877=CARTESIAN_POINT('',(-8.,18.5,8.));
#2878=CARTESIAN_POINT('',(8.,18.5,7.));
#2879=CARTESIAN_POINT('',(8.,18.5,7.));
#2880=CARTESIAN_POINT('',(8.,18.5,16.));
#2881=CARTESIAN_POINT('',(8.,18.5,8.));
#2882=CARTESIAN_POINT('',(1.,18.5,23.));
#2883=CARTESIAN_POINT('Origin',(1.,18.5,16.));
#2884=CARTESIAN_POINT('',(8.,18.5,23.));
#2885=CARTESIAN_POINT('',(3.36777869765522E-16,18.5,21.75));
#2886=CARTESIAN_POINT('Origin',(0.,18.5,19.));
#2887=CARTESIAN_POINT('Origin',(1.,9.75,16.));
#2888=CARTESIAN_POINT('',(8.,20.5,16.));
#2889=CARTESIAN_POINT('',(1.,20.5,23.));
#2890=CARTESIAN_POINT('Origin',(1.,20.5,16.));
#2891=CARTESIAN_POINT('',(1.,9.75,23.));
#2892=CARTESIAN_POINT('',(8.,9.75,16.));
#2893=CARTESIAN_POINT('Origin',(1.11022302462516E-15,19.5,23.));
#2894=CARTESIAN_POINT('',(-1.,20.5,23.));
#2895=CARTESIAN_POINT('',(-1.,9.75,23.));
#2896=CARTESIAN_POINT('',(-8.,20.5,23.));
#2897=CARTESIAN_POINT('Origin',(8.,20.5,8.));
#2898=CARTESIAN_POINT('',(-8.,20.5,16.));
#2899=CARTESIAN_POINT('Origin',(-1.,20.5,16.));
#2900=CARTESIAN_POINT('',(8.,20.5,7.));
#2901=CARTESIAN_POINT('',(8.,20.5,8.));
#2902=CARTESIAN_POINT('',(-8.,20.5,7.));
#2903=CARTESIAN_POINT('',(8.,20.5,7.));
#2904=CARTESIAN_POINT('',(-8.,20.5,8.));
#2905=CARTESIAN_POINT('',(-3.36777869765522E-16,20.5,21.75));
#2906=CARTESIAN_POINT('Origin',(0.,20.5,19.));
#2907=CARTESIAN_POINT('Origin',(-1.,9.75,16.));
#2908=CARTESIAN_POINT('',(-8.,9.75,16.));
#2909=CARTESIAN_POINT('Origin',(0.,14.975,19.));
#2910=CARTESIAN_POINT('',(3.36777869765522E-16,14.975,21.75));
#2911=CARTESIAN_POINT('Origin',(-8.,0.,-8.));
#2912=CARTESIAN_POINT('',(-8.,9.25,7.));
#2913=CARTESIAN_POINT('Origin',(8.,0.,8.));
#2914=CARTESIAN_POINT('',(8.,9.25,7.));
#2915=CARTESIAN_POINT('Origin',(8.,18.5,7.));
#2916=CARTESIAN_POINT('Origin',(8.,18.5,23.));
#2917=CARTESIAN_POINT('',(-7.,18.5,8.));
#2918=CARTESIAN_POINT('',(-8.,18.5,7.));
#2919=CARTESIAN_POINT('',(-7.5,18.5,7.5));
#2920=CARTESIAN_POINT('',(7.,18.5,8.));
#2921=CARTESIAN_POINT('',(-8.,18.5,8.));
#2922=CARTESIAN_POINT('',(8.,18.5,7.));
#2923=CARTESIAN_POINT('',(3.50000000000001,18.5,11.5));
#2924=CARTESIAN_POINT('',(8.,18.5,7.));
#2925=CARTESIAN_POINT('Origin',(8.,20.5,7.));
#2926=CARTESIAN_POINT('',(-8.,20.5,7.));
#2927=CARTESIAN_POINT('',(-7.,20.5,8.));
#2928=CARTESIAN_POINT('',(-3.5,20.5,11.5));
#2929=CARTESIAN_POINT('',(8.,20.5,7.));
#2930=CARTESIAN_POINT('',(8.,20.5,7.));
#2931=CARTESIAN_POINT('',(7.,20.5,8.));
#2932=CARTESIAN_POINT('',(7.5,20.5,7.5));
#2933=CARTESIAN_POINT('',(5.55111512312578E-16,20.5,8.));
#2934=CARTESIAN_POINT('Origin',(8.,18.5,7.));
#2935=CARTESIAN_POINT('',(-8.,9.25,7.));
#2936=CARTESIAN_POINT('',(8.,9.25,7.));
#2937=CARTESIAN_POINT('Origin',(-8.,0.,-8.));
#2938=CARTESIAN_POINT('',(-8.,39.,7.));
#2939=CARTESIAN_POINT('',(-8.,0.,7.));
#2940=CARTESIAN_POINT('',(-8.,39.,-7.));
#2941=CARTESIAN_POINT('',(-8.,39.,-4.));
#2942=CARTESIAN_POINT('',(-8.,-39.,-7.));
#2943=CARTESIAN_POINT('',(-8.,0.,-7.));
#2944=CARTESIAN_POINT('',(-8.,-39.,7.));
#2945=CARTESIAN_POINT('',(-8.,-39.,-4.));
#2946=CARTESIAN_POINT('',(-8.,-20.5,7.));
#2947=CARTESIAN_POINT('',(-8.,0.,7.));
#2948=CARTESIAN_POINT('',(-8.,-18.5,7.));
#2949=CARTESIAN_POINT('',(-8.,-10.25,7.));
#2950=CARTESIAN_POINT('',(-8.,-13.,7.));
#2951=CARTESIAN_POINT('',(-8.,0.,7.));
#2952=CARTESIAN_POINT('',(-8.,-11.,7.));
#2953=CARTESIAN_POINT('',(-8.,-6.5,7.));
#2954=CARTESIAN_POINT('',(-8.,11.,7.));
#2955=CARTESIAN_POINT('',(-8.,0.,7.));
#2956=CARTESIAN_POINT('',(-8.,13.,7.));
#2957=CARTESIAN_POINT('',(-8.,5.5,7.));
#2958=CARTESIAN_POINT('',(-8.,0.,7.));
#2959=CARTESIAN_POINT('Origin',(8.,11.,7.));
#2960=CARTESIAN_POINT('',(8.,13.,7.));
#2961=CARTESIAN_POINT('',(8.,11.,7.));
#2962=CARTESIAN_POINT('',(8.,5.5,7.));
#2963=CARTESIAN_POINT('',(8.,13.,7.));
#2964=CARTESIAN_POINT('',(8.,11.,7.));
#2965=CARTESIAN_POINT('Origin',(8.,13.,7.));
#2966=CARTESIAN_POINT('',(7.,13.,8.));
#2967=CARTESIAN_POINT('',(7.5,13.,7.5));
#2968=CARTESIAN_POINT('',(-7.,13.,8.));
#2969=CARTESIAN_POINT('',(5.55111512312578E-16,13.,8.));
#2970=CARTESIAN_POINT('',(-3.5,13.,11.5));
#2971=CARTESIAN_POINT('Origin',(8.,11.,23.));
#2972=CARTESIAN_POINT('',(7.,11.,8.));
#2973=CARTESIAN_POINT('',(3.50000000000001,11.,11.5));
#2974=CARTESIAN_POINT('',(-7.,11.,8.));
#2975=CARTESIAN_POINT('',(-7.5,11.,7.5));
#2976=CARTESIAN_POINT('',(-8.,11.,8.));
#2977=CARTESIAN_POINT('Origin',(8.,-11.,7.));
#2978=CARTESIAN_POINT('',(7.,-11.,8.));
#2979=CARTESIAN_POINT('',(8.,-11.,7.));
#2980=CARTESIAN_POINT('',(7.5,-11.,7.5));
#2981=CARTESIAN_POINT('',(-7.,-11.,8.));
#2982=CARTESIAN_POINT('',(5.55111512312578E-16,-11.,8.));
#2983=CARTESIAN_POINT('',(-3.5,-11.,11.5));
#2984=CARTESIAN_POINT('',(8.,-11.,7.));
#2985=CARTESIAN_POINT('Origin',(8.,-13.,23.));
#2986=CARTESIAN_POINT('',(8.,-13.,7.));
#2987=CARTESIAN_POINT('',(7.,-13.,8.));
#2988=CARTESIAN_POINT('',(3.50000000000001,-13.,11.5));
#2989=CARTESIAN_POINT('',(8.,-13.,7.));
#2990=CARTESIAN_POINT('',(-7.,-13.,8.));
#2991=CARTESIAN_POINT('',(-7.5,-13.,7.5));
#2992=CARTESIAN_POINT('',(-8.,-13.,8.));
#2993=CARTESIAN_POINT('Origin',(8.,-13.,7.));
#2994=CARTESIAN_POINT('',(8.,-6.5,7.));
#2995=CARTESIAN_POINT('Origin',(8.,0.,8.));
#2996=CARTESIAN_POINT('',(8.,0.,7.));
#2997=CARTESIAN_POINT('',(8.,0.,7.));
#2998=CARTESIAN_POINT('',(8.,-18.5,7.));
#2999=CARTESIAN_POINT('',(8.,0.,7.));
#3000=CARTESIAN_POINT('',(8.,-20.5,7.));
#3001=CARTESIAN_POINT('',(8.,-10.25,7.));
#3002=CARTESIAN_POINT('',(8.,-39.,7.));
#3003=CARTESIAN_POINT('',(8.,0.,7.));
#3004=CARTESIAN_POINT('',(8.,-39.,-7.));
#3005=CARTESIAN_POINT('',(8.,-39.,4.));
#3006=CARTESIAN_POINT('',(8.,39.,-7.));
#3007=CARTESIAN_POINT('',(8.,0.,-7.));
#3008=CARTESIAN_POINT('',(8.,39.,7.));
#3009=CARTESIAN_POINT('',(8.,39.,4.));
#3010=CARTESIAN_POINT('',(8.,0.,7.));
#3011=CARTESIAN_POINT('Origin',(8.,-18.5,7.));
#3012=CARTESIAN_POINT('',(7.,-18.5,8.));
#3013=CARTESIAN_POINT('',(7.5,-18.5,7.5));
#3014=CARTESIAN_POINT('',(-7.,-18.5,8.));
#3015=CARTESIAN_POINT('',(5.55111512312578E-16,-18.5,8.));
#3016=CARTESIAN_POINT('',(-3.5,-18.5,11.5));
#3017=CARTESIAN_POINT('',(8.,-18.5,7.));
#3018=CARTESIAN_POINT('Origin',(8.,-20.5,23.));
#3019=CARTESIAN_POINT('',(7.,-20.5,8.));
#3020=CARTESIAN_POINT('',(3.50000000000001,-20.5,11.5));
#3021=CARTESIAN_POINT('',(8.,-20.5,7.));
#3022=CARTESIAN_POINT('',(-7.,-20.5,8.));
#3023=CARTESIAN_POINT('',(-7.5,-20.5,7.5));
#3024=CARTESIAN_POINT('',(-8.,-20.5,8.));
#3025=CARTESIAN_POINT('Origin',(8.,-20.5,7.));
#3026=CARTESIAN_POINT('Origin',(-7.5,0.,7.5));
#3027=CARTESIAN_POINT('',(-7.,0.,8.));
#3028=CARTESIAN_POINT('Origin',(-8.,0.,8.));
#3029=CARTESIAN_POINT('',(7.,0.,8.));
#3030=CARTESIAN_POINT('Origin',(-7.5,0.,7.5));
#3031=CARTESIAN_POINT('',(-7.,0.,8.));
#3032=CARTESIAN_POINT('Origin',(-8.,0.,8.));
#3033=CARTESIAN_POINT('',(7.,0.,8.));
#3034=CARTESIAN_POINT('Origin',(-7.5,0.,7.5));
#3035=CARTESIAN_POINT('',(-7.,0.,8.));
#3036=CARTESIAN_POINT('Origin',(-8.,0.,8.));
#3037=CARTESIAN_POINT('',(7.,0.,8.));
#3038=CARTESIAN_POINT('Origin',(7.5,0.,7.5));
#3039=CARTESIAN_POINT('Origin',(7.5,0.,7.5));
#3040=CARTESIAN_POINT('Origin',(7.5,0.,7.5));
#3041=CARTESIAN_POINT('Origin',(7.,40.,7.));
#3042=CARTESIAN_POINT('',(7.,39.,8.));
#3043=CARTESIAN_POINT('',(8.,39.,7.));
#3044=CARTESIAN_POINT('',(7.,40.,7.));
#3045=CARTESIAN_POINT('',(7.,40.,7.));
#3046=CARTESIAN_POINT('',(7.,39.,8.));
#3047=CARTESIAN_POINT('Origin',(8.,39.,-7.));
#3048=CARTESIAN_POINT('',(7.,40.,-7.));
#3049=CARTESIAN_POINT('',(7.,39.,-8.));
#3050=CARTESIAN_POINT('',(7.,40.,-7.));
#3051=CARTESIAN_POINT('',(8.,39.,-7.));
#3052=CARTESIAN_POINT('',(7.,39.,-8.));
#3053=CARTESIAN_POINT('Origin',(7.5,39.5,4.));
#3054=CARTESIAN_POINT('',(7.,40.,4.));
#3055=CARTESIAN_POINT('Origin',(3.,44.,7.));
#3056=CARTESIAN_POINT('',(4.,43.,7.));
#3057=CARTESIAN_POINT('',(3.,43.,8.));
#3058=CARTESIAN_POINT('',(4.,43.,7.));
#3059=CARTESIAN_POINT('',(3.,44.,7.));
#3060=CARTESIAN_POINT('',(3.,44.,7.));
#3061=CARTESIAN_POINT('',(3.,43.,8.));
#3062=CARTESIAN_POINT('Origin',(8.,-39.,-7.));
#3063=CARTESIAN_POINT('',(7.,-39.,-8.));
#3064=CARTESIAN_POINT('',(7.,-40.,-7.));
#3065=CARTESIAN_POINT('',(7.,-39.,-8.));
#3066=CARTESIAN_POINT('',(8.,-39.,-7.));
#3067=CARTESIAN_POINT('',(7.,-40.,-7.));
#3068=CARTESIAN_POINT('Origin',(7.5,0.,-7.5));
#3069=CARTESIAN_POINT('',(7.,0.,-8.));
#3070=CARTESIAN_POINT('Origin',(-3.,44.,7.));
#3071=CARTESIAN_POINT('',(-3.,43.,8.));
#3072=CARTESIAN_POINT('',(-4.,43.,7.));
#3073=CARTESIAN_POINT('',(-3.,43.,8.));
#3074=CARTESIAN_POINT('',(-3.,44.,7.));
#3075=CARTESIAN_POINT('',(-3.,44.,7.));
#3076=CARTESIAN_POINT('',(-4.,43.,7.));
#3077=CARTESIAN_POINT('Origin',(-4.,43.5,7.5));
#3078=CARTESIAN_POINT('',(-4.,44.,7.));
#3079=CARTESIAN_POINT('',(-4.,43.,8.));
#3080=CARTESIAN_POINT('Origin',(3.,44.,-7.));
#3081=CARTESIAN_POINT('',(3.,43.,-8.));
#3082=CARTESIAN_POINT('',(4.,43.,-7.));
#3083=CARTESIAN_POINT('',(3.,43.,-8.));
#3084=CARTESIAN_POINT('',(3.,44.,-7.));
#3085=CARTESIAN_POINT('',(3.,44.,-7.));
#3086=CARTESIAN_POINT('',(4.,43.,-7.));
#3087=CARTESIAN_POINT('Origin',(7.,-39.,8.));
#3088=CARTESIAN_POINT('',(7.,-40.,7.));
#3089=CARTESIAN_POINT('',(8.,-39.,7.));
#3090=CARTESIAN_POINT('',(7.,-39.,8.));
#3091=CARTESIAN_POINT('',(7.,-39.,8.));
#3092=CARTESIAN_POINT('',(7.,-40.,7.));
#3093=CARTESIAN_POINT('Origin',(7.5,0.,7.5));
#3094=CARTESIAN_POINT('',(7.,0.,8.));
#3095=CARTESIAN_POINT('Origin',(-3.5,22.,7.5));
#3096=CARTESIAN_POINT('',(-3.,39.,8.));
#3097=CARTESIAN_POINT('',(-3.,22.,8.));
#3098=CARTESIAN_POINT('',(-4.,40.,7.));
#3099=CARTESIAN_POINT('',(-4.,22.,7.));
#3100=CARTESIAN_POINT('',(-4.,40.,7.));
#3101=CARTESIAN_POINT('Origin',(-3.,44.,-7.));
#3102=CARTESIAN_POINT('',(-4.,43.,-7.));
#3103=CARTESIAN_POINT('',(-3.,43.,-8.));
#3104=CARTESIAN_POINT('',(-4.,43.,-7.));
#3105=CARTESIAN_POINT('',(-3.,44.,-7.));
#3106=CARTESIAN_POINT('',(-3.,44.,-7.));
#3107=CARTESIAN_POINT('',(-3.,43.,-8.));
#3108=CARTESIAN_POINT('Origin',(-3.5,43.5,-4.));
#3109=CARTESIAN_POINT('',(-3.,44.,-4.));
#3110=CARTESIAN_POINT('',(-4.,43.,-4.));
#3111=CARTESIAN_POINT('Origin',(4.,43.5,-7.5));
#3112=CARTESIAN_POINT('',(4.,44.,-7.));
#3113=CARTESIAN_POINT('',(4.,43.,-8.));
#3114=CARTESIAN_POINT('Origin',(3.99999999999999,-43.,-7.));
#3115=CARTESIAN_POINT('',(2.99999999999999,-43.,-8.));
#3116=CARTESIAN_POINT('',(2.99999999999999,-44.,-7.));
#3117=CARTESIAN_POINT('',(2.99999999999999,-43.,-8.));
#3118=CARTESIAN_POINT('',(3.99999999999999,-43.,-7.));
#3119=CARTESIAN_POINT('',(3.99999999999999,-43.,-7.));
#3120=CARTESIAN_POINT('',(2.99999999999999,-44.,-7.));
#3121=CARTESIAN_POINT('Origin',(3.49999999999999,-22.,-7.5));
#3122=CARTESIAN_POINT('',(3.99999999999999,-40.,-7.));
#3123=CARTESIAN_POINT('',(3.99999999999999,-22.,-7.));
#3124=CARTESIAN_POINT('',(2.99999999999999,-39.,-8.));
#3125=CARTESIAN_POINT('',(2.99999999999999,-22.,-8.));
#3126=CARTESIAN_POINT('',(2.99999999999999,-39.,-8.));
#3127=CARTESIAN_POINT('Origin',(-8.,39.,7.));
#3128=CARTESIAN_POINT('',(-7.,40.,7.));
#3129=CARTESIAN_POINT('',(-7.,39.,8.));
#3130=CARTESIAN_POINT('',(-7.,40.,7.));
#3131=CARTESIAN_POINT('',(-8.,39.,7.));
#3132=CARTESIAN_POINT('',(-7.,39.,8.));
#3133=CARTESIAN_POINT('Origin',(-3.5,22.,-7.5));
#3134=CARTESIAN_POINT('',(-4.,40.,-7.));
#3135=CARTESIAN_POINT('',(-4.,22.,-7.));
#3136=CARTESIAN_POINT('',(-3.,39.,-8.));
#3137=CARTESIAN_POINT('',(-3.,22.,-8.));
#3138=CARTESIAN_POINT('',(-3.,39.,-8.));
#3139=CARTESIAN_POINT('Origin',(-3.,-44.,-7.));
#3140=CARTESIAN_POINT('',(-3.,-43.,-8.));
#3141=CARTESIAN_POINT('',(-4.,-43.,-7.));
#3142=CARTESIAN_POINT('',(-3.,-43.,-8.));
#3143=CARTESIAN_POINT('',(-3.,-44.,-7.));
#3144=CARTESIAN_POINT('',(-3.,-44.,-7.));
#3145=CARTESIAN_POINT('',(-4.,-43.,-7.));
#3146=CARTESIAN_POINT('Origin',(4.,-43.5,-7.5));
#3147=CARTESIAN_POINT('',(4.,-44.,-7.));
#3148=CARTESIAN_POINT('',(4.,-43.,-8.));
#3149=CARTESIAN_POINT('Origin',(2.99999999999999,-44.,7.));
#3150=CARTESIAN_POINT('',(2.99999999999999,-43.,8.));
#3151=CARTESIAN_POINT('',(3.99999999999999,-43.,7.));
#3152=CARTESIAN_POINT('',(3.,-43.,8.));
#3153=CARTESIAN_POINT('',(2.99999999999999,-44.,7.));
#3154=CARTESIAN_POINT('',(2.99999999999999,-44.,7.));
#3155=CARTESIAN_POINT('',(3.99999999999999,-43.,7.));
#3156=CARTESIAN_POINT('Origin',(-8.,39.,-7.));
#3157=CARTESIAN_POINT('',(-7.,39.,-8.));
#3158=CARTESIAN_POINT('',(-7.,40.,-7.));
#3159=CARTESIAN_POINT('',(-7.,39.,-8.));
#3160=CARTESIAN_POINT('',(-8.,39.,-7.));
#3161=CARTESIAN_POINT('',(-7.,40.,-7.));
#3162=CARTESIAN_POINT('Origin',(-3.5,-22.,-7.5));
#3163=CARTESIAN_POINT('',(-3.,-39.,-8.));
#3164=CARTESIAN_POINT('',(-3.,-22.,-8.));
#3165=CARTESIAN_POINT('',(-4.,-40.,-7.));
#3166=CARTESIAN_POINT('',(-4.,-22.,-7.));
#3167=CARTESIAN_POINT('',(-4.,-40.,-7.));
#3168=CARTESIAN_POINT('Origin',(-4.,-43.,7.));
#3169=CARTESIAN_POINT('',(-3.,-43.,8.));
#3170=CARTESIAN_POINT('',(-3.,-44.,7.));
#3171=CARTESIAN_POINT('',(-3.,-43.,8.));
#3172=CARTESIAN_POINT('',(-4.,-43.,7.));
#3173=CARTESIAN_POINT('',(-4.,-43.,7.));
#3174=CARTESIAN_POINT('',(-3.,-44.,7.));
#3175=CARTESIAN_POINT('Origin',(-8.,-39.,-7.));
#3176=CARTESIAN_POINT('',(-7.,-40.,-7.));
#3177=CARTESIAN_POINT('',(-7.,-39.,-8.));
#3178=CARTESIAN_POINT('',(-7.,-40.,-7.));
#3179=CARTESIAN_POINT('',(-8.,-39.,-7.));
#3180=CARTESIAN_POINT('',(-7.,-39.,-8.));
#3181=CARTESIAN_POINT('Origin',(-3.5,-22.,7.5));
#3182=CARTESIAN_POINT('',(-4.,-40.,7.));
#3183=CARTESIAN_POINT('',(-4.,-22.,7.));
#3184=CARTESIAN_POINT('',(-3.,-39.,8.));
#3185=CARTESIAN_POINT('',(-3.,-22.,8.));
#3186=CARTESIAN_POINT('',(-3.,-39.,8.));
#3187=CARTESIAN_POINT('Origin',(-8.,-39.,7.));
#3188=CARTESIAN_POINT('',(-7.,-39.,8.));
#3189=CARTESIAN_POINT('',(-7.,-40.,7.));
#3190=CARTESIAN_POINT('',(-7.,-39.,8.));
#3191=CARTESIAN_POINT('',(-8.,-39.,7.));
#3192=CARTESIAN_POINT('',(-7.,-40.,7.));
#3193=CARTESIAN_POINT('Origin',(-7.5,0.,7.5));
#3194=CARTESIAN_POINT('',(-7.,0.,8.));
#3195=CARTESIAN_POINT('Origin',(-7.5,-39.5,-4.));
#3196=CARTESIAN_POINT('',(-7.,-40.,-4.));
#3197=CARTESIAN_POINT('Origin',(-7.,-39.5,7.5));
#3198=CARTESIAN_POINT('',(-7.,-39.,8.));
#3199=CARTESIAN_POINT('',(-7.,-40.,7.));
#3200=CARTESIAN_POINT('Origin',(-7.5,0.,-7.5));
#3201=CARTESIAN_POINT('',(-7.,0.,-8.));
#3202=CARTESIAN_POINT('Origin',(1.,-39.5,-7.5));
#3203=CARTESIAN_POINT('',(1.,-40.,-7.));
#3204=CARTESIAN_POINT('',(1.,-39.,-8.));
#3205=CARTESIAN_POINT('Origin',(-3.5,-43.5,4.));
#3206=CARTESIAN_POINT('',(-3.,-44.,4.));
#3207=CARTESIAN_POINT('',(-4.,-43.,4.));
#3208=CARTESIAN_POINT('Origin',(-4.,-43.5,7.5));
#3209=CARTESIAN_POINT('',(-4.,-44.,7.));
#3210=CARTESIAN_POINT('',(-4.,-43.,8.));
#3211=CARTESIAN_POINT('Origin',(-7.5,39.5,-4.));
#3212=CARTESIAN_POINT('',(-7.,40.,-4.));
#3213=CARTESIAN_POINT('Origin',(1.,39.5,-7.5));
#3214=CARTESIAN_POINT('',(1.,39.,-8.));
#3215=CARTESIAN_POINT('',(1.,40.,-7.));
#3216=CARTESIAN_POINT('Origin',(3.49999999999999,-43.5,-4.));
#3217=CARTESIAN_POINT('',(2.99999999999999,-44.,-4.));
#3218=CARTESIAN_POINT('',(3.99999999999999,-43.,-4.));
#3219=CARTESIAN_POINT('Origin',(3.5,-22.,7.5));
#3220=CARTESIAN_POINT('',(3.,-39.,8.));
#3221=CARTESIAN_POINT('',(3.,-22.,8.));
#3222=CARTESIAN_POINT('',(3.99999999999999,-40.,7.));
#3223=CARTESIAN_POINT('',(3.99999999999999,-22.,7.));
#3224=CARTESIAN_POINT('',(3.99999999999999,-40.,7.));
#3225=CARTESIAN_POINT('Origin',(-7.5,0.,7.5));
#3226=CARTESIAN_POINT('',(-7.,0.,8.));
#3227=CARTESIAN_POINT('Origin',(-7.,39.5,7.5));
#3228=CARTESIAN_POINT('',(-7.,40.,7.));
#3229=CARTESIAN_POINT('',(-7.,39.,8.));
#3230=CARTESIAN_POINT('Origin',(-1.,-39.5,7.5));
#3231=CARTESIAN_POINT('',(-1.,-40.,7.));
#3232=CARTESIAN_POINT('',(-1.,-39.,8.));
#3233=CARTESIAN_POINT('Origin',(7.5,-39.5,4.));
#3234=CARTESIAN_POINT('',(7.,-40.,4.));
#3235=CARTESIAN_POINT('Origin',(7.,-39.5,-7.5));
#3236=CARTESIAN_POINT('',(7.,-39.,-8.));
#3237=CARTESIAN_POINT('',(7.,-40.,-7.));
#3238=CARTESIAN_POINT('Origin',(3.5,43.5,4.));
#3239=CARTESIAN_POINT('',(3.,44.,4.));
#3240=CARTESIAN_POINT('',(4.,43.,4.));
#3241=CARTESIAN_POINT('Origin',(3.5,22.,-7.5));
#3242=CARTESIAN_POINT('',(3.,39.,-8.));
#3243=CARTESIAN_POINT('',(3.,22.,-8.));
#3244=CARTESIAN_POINT('',(4.,40.,-7.));
#3245=CARTESIAN_POINT('',(4.,22.,-7.));
#3246=CARTESIAN_POINT('',(4.,40.,-7.));
#3247=CARTESIAN_POINT('Origin',(3.5,22.,7.5));
#3248=CARTESIAN_POINT('',(4.,40.,7.));
#3249=CARTESIAN_POINT('',(4.,22.,7.));
#3250=CARTESIAN_POINT('',(3.,39.,8.));
#3251=CARTESIAN_POINT('',(3.,22.,8.));
#3252=CARTESIAN_POINT('',(3.,39.,8.));
#3253=CARTESIAN_POINT('Origin',(7.,39.5,-7.5));
#3254=CARTESIAN_POINT('',(7.,40.,-7.));
#3255=CARTESIAN_POINT('',(7.,39.,-8.));
#3256=CARTESIAN_POINT('Origin',(-1.,39.5,7.5));
#3257=CARTESIAN_POINT('',(-1.,39.,8.));
#3258=CARTESIAN_POINT('',(-1.,40.,7.));
#3259=CARTESIAN_POINT('Origin',(7.5,0.,7.5));
#3260=CARTESIAN_POINT('',(7.,0.,8.));
#3261=CARTESIAN_POINT('Origin',(3.99999999999999,-44.,-8.));
#3262=CARTESIAN_POINT('',(3.99999999999999,-40.,8.));
#3263=CARTESIAN_POINT('Origin',(-6.,-40.,0.));
#3264=CARTESIAN_POINT('',(-4.,-40.,-8.));
#3265=CARTESIAN_POINT('Origin',(-6.,40.,0.));
#3266=CARTESIAN_POINT('',(-4.,40.,8.));
#3267=CARTESIAN_POINT('Origin',(4.,44.,8.));
#3268=CARTESIAN_POINT('',(4.,40.,-8.));
#3269=CARTESIAN_POINT('Origin',(-8.,0.,8.));
#3270=CARTESIAN_POINT('',(-3.38975,-28.,8.));
#3271=CARTESIAN_POINT('Origin',(0.,-28.,8.));
#3272=CARTESIAN_POINT('Origin',(0.,44.,0.));
#3273=CARTESIAN_POINT('Origin',(0.,-44.,0.));
#3274=CARTESIAN_POINT('Origin',(8.,0.,-8.));
#3275=CARTESIAN_POINT('',(-3.38975,-28.,-8.));
#3276=CARTESIAN_POINT('Origin',(0.,-28.,-8.));
#3277=CARTESIAN_POINT('',(-3.38975,28.,-8.));
#3278=CARTESIAN_POINT('Origin',(0.,28.,-8.));
#3279=CARTESIAN_POINT('Origin',(-8.,0.,8.));
#3280=CARTESIAN_POINT('',(-3.38975,28.,8.));
#3281=CARTESIAN_POINT('Origin',(0.,28.,8.));
#3282=CARTESIAN_POINT('Origin',(6.,40.,0.));
#3283=CARTESIAN_POINT('Origin',(-4.,44.,-8.));
#3284=CARTESIAN_POINT('Origin',(-4.,-44.,8.));
#3285=CARTESIAN_POINT('Origin',(6.,-40.,0.));
#3286=CARTESIAN_POINT('Origin',(0.,-28.,-3.));
#3287=CARTESIAN_POINT('',(-3.38975,-28.,-3.));
#3288=CARTESIAN_POINT('Origin',(0.,28.,-3.));
#3289=CARTESIAN_POINT('',(-3.38975,28.,-3.));
#3290=UNCERTAINTY_MEASURE_WITH_UNIT(LENGTH_MEASURE(0.01),#3294,
'DISTANCE_ACCURACY_VALUE',
'Maximum model space distance between geometric entities at asserted c
onnectivities');
#3291=UNCERTAINTY_MEASURE_WITH_UNIT(LENGTH_MEASURE(0.01),#3294,
'DISTANCE_ACCURACY_VALUE',
'Maximum model space distance between geometric entities at asserted c
onnectivities');
#3292=(
GEOMETRIC_REPRESENTATION_CONTEXT(3)
GLOBAL_UNCERTAINTY_ASSIGNED_CONTEXT((#3290))
GLOBAL_UNIT_ASSIGNED_CONTEXT((#3294,#3296,#3297))
REPRESENTATION_CONTEXT('','3D')
);
#3293=(
GEOMETRIC_REPRESENTATION_CONTEXT(3)
GLOBAL_UNCERTAINTY_ASSIGNED_CONTEXT((#3291))
GLOBAL_UNIT_ASSIGNED_CONTEXT((#3294,#3296,#3297))
REPRESENTATION_CONTEXT('','3D')
);
#3294=(
LENGTH_UNIT()
NAMED_UNIT(*)
SI_UNIT(.MILLI.,.METRE.)
);
#3295=(
LENGTH_UNIT()
NAMED_UNIT(*)
SI_UNIT($,.METRE.)
);
#3296=(
NAMED_UNIT(*)
PLANE_ANGLE_UNIT()
SI_UNIT($,.RADIAN.)
);
#3297=(
NAMED_UNIT(*)
SI_UNIT($,.STERADIAN.)
SOLID_ANGLE_UNIT()
);
#3298=SHAPE_DEFINITION_REPRESENTATION(#3299,#3300);
#3299=PRODUCT_DEFINITION_SHAPE('',$,#3302);
#3300=SHAPE_REPRESENTATION('',(#2038),#3292);
#3301=PRODUCT_DEFINITION_CONTEXT('part definition',#3306,'design');
#3302=PRODUCT_DEFINITION('2026-04-14-00-46-43-303','nap\X\EDn\X\E1k',#3303,
#3301);
#3303=PRODUCT_DEFINITION_FORMATION('',$,#3308);
#3304=PRODUCT_RELATED_PRODUCT_CATEGORY('nap\X\EDn\X\E1k','nap\X\EDn\X\E1
k',(#3308));
#3305=APPLICATION_PROTOCOL_DEFINITION('international standard',
'automotive_design',2009,#3306);
#3306=APPLICATION_CONTEXT(
'Core Data for Automotive Mechanical Design Process');
#3307=PRODUCT_CONTEXT('part definition',#3306,'mechanical');
#3308=PRODUCT('2026-04-14-00-46-43-303','nap\X\EDn\X\E1k',$,(#3307));
#3309=PRESENTATION_STYLE_ASSIGNMENT((#3310));
#3310=SURFACE_STYLE_USAGE(.BOTH.,#3311);
#3311=SURFACE_SIDE_STYLE('',(#3312));
#3312=SURFACE_STYLE_FILL_AREA(#3313);
#3313=FILL_AREA_STYLE('Ocel \X2\2013\X0\ sat\X\E9n',(#3314));
#3314=FILL_AREA_STYLE_COLOUR('Ocel \X2\2013\X0\ sat\X\E9n',#3315);
#3315=COLOUR_RGB('Ocel \X2\2013\X0\ sat\X\E9n',0.627450980392157,0.627450980392157,
0.627450980392157);
ENDSEC;
END-ISO-10303-21;
